ID,Language_ID,Headword,Part_Of_Speech,Irregular_Plural,Irregular_Possessed,Derivational_Root,Literal_Meaning,Pronunciation,Active_Middle_Form
1940_0c24a424-98e7-468a-8b80-c5f1a909beb0,kit,1940,,,,,,,
5_11e8152c-9f6f-4365-bda6-afbdc3e041e4,kit,5,num.,,,,,,
00_14ee198a-7c25-4478-9256-7210d3d54974,kit,00,num.,,,,,,
3_1b23dfa7-84ca-4437-86e4-93ac5323e3b7,kit,3,num.,,,,,,
300_1d56e697-a615-4ad5-b8b8-b3bfa468d948,kit,300,num.,,,,,,
12_333b3e3f-f034-405c-a022-4a6dd9ed7e45,kit,12,num.,,,,,,
8_3d9ff3e6-54e9-43b8-9246-601f1e98f2be,kit,8,num.,,,,,,
11_423420b5-3810-46c2-8d4e-73428b244da4,kit,1,num.,,,,,,
2_4a8edc6e-c3fb-49b4-be6d-1ca7bde522f5,kit,2,num.,,,,,,
11_569b6552-e688-4ef7-ad12-b9696403d556,kit,11,num.,,,,,,
102_847d554a-f782-4896-b325-dbfb9726f095,kit,10,num.,,,,,,
6_b2e4a382-9d91-48fa-a360-4452c129b986,kit,6,num.,,,,,,
9_bbfd0d40-17ad-4f3c-8538-425e6870ed1f,kit,9,num.,,,,,,
4_c7c02bb0-b075-4db7-854b-1ac6766dfa41,kit,4,num.,,,,,,
7_cc411913-9f26-448d-a550-e183df45d3b1,kit,7,num.,,,,,,
=0_fdfc38eb-8c13-45d3-b20b-4348ecda0453,kit,=0,,,,,,,
a_05f0906f-9c99-4785-8401-1f232d13937d,kit,a,coord.conn.,,,,,a,
a-1_0ed8cc27-3b35-4aa7-9dd6-ca216704023c,kit,a-,v.,,,,,a,
a-2_25d5721b-d991-4678-b5c1-a77f8c0f6439,kit,a-,v.,,,,,a,
=a_ac430936-e9a7-46e3-8121-f3c763eefebd,kit,=a,Discourse clitic,,,,,a,
aba_30fdf59f-7fff-4280-af5f-10e2899e636e,kit,aba,interj.,,,,,aba,
=aba_3490f33e-1a01-4d15-a0e4-f43d6f258819,kit,=aba,pro.enc.,,,,,aba,
abade_6fb9c414-a1b5-4bd5-a0c2-fdaeb5c434bf,kit,abade,mod.,,,,,abade,
=abaene_e1880879-06d5-45a7-a5aa-a954c8b9b60a,kit,=abaene,pro.enc.,,,,,abaene,
Abagigima_6b296dad-9545-4216-b4bf-298847209c60,kit,Abagigima,prop.n.,,,,,,
abal_257e0445-3fef-4f22-be17-d7aadda313b9,kit,abal,mod.,,,,,abal,
aball_0943af13-8400-42b2-a21f-2401d0bde5df,kit,aball,,,,,,abaɽ,
Abam_21050baa-f41d-4aab-9e04-3b133bbbbd24,kit,Abam,prop.n.,,,,,abam,
abe_bee489b7-d7df-484f-9698-84f260d40cc3,kit,abe,coord.conn.,,,,,,
Abeam_c62c7c3e-12ef-4ed5-8f14-d6ff0a2e70d2,kit,Abeam,prop.n.,,,,,abeam,
Abere_543c59f8-cb56-4513-ab1f-0ac20c3d51a8,kit,Abere,prop.n.,,,,,,
Aberegerem_4a9abf59-c8b2-440f-8f06-3cd5042a9800,kit,Aberegerem,prop.n.,,,,,abereɡerem,
Abigail_da106cc9-0b7e-4ba4-96ce-1ec0eccc1257,kit,Abigail,prop.n.,,,,,abeɡail,
=abira_26c4d60e-1ab1-481b-a0fc-d923c10f1972,kit,=abira,pro.enc.,,,,,abira,
abo_4a3ce592-bffd-498d-bbd8-f6c0f211657a,kit,abo,adv.,,,,,abo,
Abom_8d818128-0a88-4e08-97d4-34bed490ed71,kit,Abom,prop.n.,,,,,,
abor_8f7a8f30-878e-40b2-a693-2b0107b0f6b6,kit,abor,n.,,,,,abor,
about_c6c4b464-081a-4ae4-955a-cfb4acc85422,kit,about,,,,,,,
abwa_ae09f4a5-3aa1-4342-bbe9-b1891c0ba219,kit,abwa,interj.,,,,,,
ada_00da4f01-5c11-4130-9b5c-09b5e60fce98,kit,ada,man.dem.,,,,,ada,
adade_0be4ea21-1eac-4c77-aafd-2a4cd69ed4f7,kit,adade,adv.,,,,,adade,
adako_e0c51c71-9c37-4209-a524-c3a801d3f47f,kit,adako,adv.,,,,,adako,
adalla_8663c424-9554-40a6-8c68-8b36e56ef57d,kit,adalla,,,,,,adaɽa,
Adam_4d36dc48-b8bd-4e5f-be56-0712b324e7ea,kit,Adam,prop.n.,,,,,,
adame_aa536756-7a5d-4ed9-ac45-c0cdcde0b605,kit,adame,adv.,,,,,adame,
Adasha_c6317260-637a-4c80-918a-b81b93178db6,kit,Adasha,prop.n.,,,,,adasha,
adatt_3b8ac8f3-cbe5-4342-a6d0-effdea2a31b6,kit,adatt,,,,,,,
adawae_81061620-bbf9-499f-bb8f-d89c31d05afc,kit,adawae,adv.,,,,,adawaj,
adawalle_4418cf56-3419-496d-8a5a-9e210fc91b4f,kit,adawalle,adv.,,,,,adawaɽe,
adawatta_9b22834d-3cb2-44c8-b84c-fe74ae76ef68,kit,adawatta,sub.con.,,,,,adawaʈ͡ʂa,
adawede_b40d4500-e49c-474c-9c7e-af2dcb1199e9,kit,adawede,sub.con.,,,,,adawede,
ade_6ebbcdd0-f1e1-477b-b150-357f34426d68,kit,ade,adv.,,,,,ade,
Adi_9f18c6cb-7f87-4d91-864c-1a227f369503,kit,Adi,prop.n.,,,,,adi,
adingoll_6041aa37-d0f4-4ba8-a46e-d23c24507305,kit,adingoll,adv.,,,,,adiŋoɽ,
adräl_17973fae-dfa5-4198-af46-6f592bf87b15,kit,adräl,n.,,,,,adrəl,
Adu_613c49dd-aa26-4445-982d-2dda4f2b3ba7,kit,Adu,prop.n.,,,,,adu,
adult_442f1561-9746-4bd6-8919-7c6ea06894d1,kit,adult,,,,,,,
aduwi_d4bf51ca-ff8e-4c68-8622-ba4c96a821ac,kit,aduwi,n.,,,,,aduwi,
=ae2_3f56fac8-c619-48db-8294-340e637d7d63,kit,=ae,clt.,,,,,ae,
=ae1_92719211-3432-4764-92d0-fb023339e307,kit,=ae,clt.,,,,,ae,
=ae3_cfcb3101-45b5-482f-b3f7-069366decb5d,kit,=ae,nom.clt.,,,,,ae,
ae_ea29ae96-afc1-44b0-8fa2-08df04ab120f,kit,ae,interj.,,,,,ae,
aeb2_14f36ed9-9ce0-4562-bec7-737b8e7dea0e,kit,aeb,v.,,,,,aeb,
aeb1_84fb1efa-a81c-482b-a8a3-3d80fbb51659,kit,aeb,n.,,,,,aeb,
aebaeb_9b2a0d46-4c23-48c7-91b3-7952e29554fb,kit,aebaeb,n.,,,,,aebaeb,
=aebe_f89f62d1-4834-4b1d-8acd-1aba5cc6a634,kit,=aebe,nom.clt.,,,,,aebe,
aenen_a6485965-ba3f-41f7-84d7-9efff515ecd5,kit,aenen,cop.,,,,,ainen,
aeneya_e09dbbfa-38e9-43c3-beb9-c45ea04820dc,kit,aeneya,cop.,,,,,aineja,
aengap_4d47abd0-81f7-4fbd-ae1f-f0fc2a7dd752,kit,aengap,n.,,,,,aeŋap,
aetruaetru_2fa7a408-f976-4077-95f7-10243d201836,kit,aetruaetru,n.,,,,,aetruaetru,
=aeya_c98adb8f-1c4b-4f2a-aa15-ef76882f85b3,kit,=aeya,Verbal enclitic,,,,,,
aeya_f5711288-3266-4aa3-bd65-e1d877a36176,kit,aeya,,,,,,aija,
=aeyag_c3695aa9-545c-4047-a4e0-34a51060e40f,kit,=aeyag,,,,,,,
ag_d69b5908-3db2-40e4-8bfa-7d3574d186d9,kit,ag,n.,,,,,aɡ,
Agan_94cc3bd2-da37-4a31-98a4-0b6057890dd3,kit,Agan,prop.n.,,,,,,
Agäb_f7ff3820-d95a-4ab1-8bbd-1c2cd3de0103,kit,Agäb,prop.n.,,,,,'Agäb,
agde_1765729c-f354-4126-9cbc-ccd48f26f658,kit,agde,,,,,,,
agdea_cdd4fe1c-d936-4fb3-937b-b394c3494a66,kit,agdea,,,,,,,
ag duwem_ee8df96c-3c00-4ae7-8301-e2d1522c8253,kit,ag duwem,n.,,,,,aɡ duwem,
Agob_4fb1b4cd-d11e-4b65-9c82-9bfff19a1ea7,kit,Agob,prop.n.,,,,,aɡəb,
Agob loanword_014452fa-0c7b-405c-91ef-ac766374cdda,kit,Agob loanword,,,,,,,
ai1_115d5fcf-6f39-4591-a8f3-a0d794dbb326,kit,ai,mod.,,,,,ai,
ai2_1d2c94dc-9b79-417f-bcd2-f37b63f70718,kit,ai,interj.,,,,,ai,
aiai_77f61d75-09a5-43d9-b67c-4ffdd9b915d0,kit,aiai,adv.,,,,,,
aida_48f80731-07f1-4aa5-a020-19bef6657c71,kit,aida,,,,,,aida,
aidan_3e83cdcb-dbba-4f3a-be88-9e04c6062eb4,kit,aidan,interj.,,,,,aidan,
aii_7ec3cfd1-a3a4-4814-85e4-8d5b53818106,kit,aii,,,,,,aii,
Ailin_80bb43b8-072b-4d0f-942b-bc36618034f5,kit,Ailin,prop.n.,,,,,,
Ainduru_54caf4ff-7c13-4997-b33f-9d71ed936e89,kit,Ainduru,,,,,,,
ainen_069b155d-5bae-42c0-ac57-f7950cd83c4b,kit,ainen,cop.,,,,,ainen,
aineya_4bf7ade6-cfa9-4029-904a-1a0a26cd910c,kit,aineya,,,,,,,
ainin_2494b465-261f-4833-b871-9519978d4805,kit,ainin,,,,,,ainin,
Ainor_3e4aa4b1-b4f0-4837-bbfe-765dd1028cf6,kit,Ainor,prop.n.,,,,,ainor,
ai skul_83c0e560-a3d1-4b97-a38c-c99513a376f5,kit,ai skul,n.,,,,,ai skul,
aitar_97361412-4556-4dc8-9938-e63e27b7d97b,kit,aitar,n.,,,,,aitar,
Aituru_495a147d-89d3-42c4-a92c-a3647fc17284,kit,Aituru,prop.n.,,,,,aituru,
aiyai_1e454393-799a-40b3-a534-322561eb1e1e,kit,aiyai,,,,,,,
Aketa_1e2c68ca-6e37-4af3-b034-d847ea70c5bd,kit,Aketa,prop.n.,,,,,,
ako_5d52ae9f-743a-48e3-b2e0-90ce52f3172d,kit,ako,disc.prtcl.,,,,,ako,
=ako_8d62ca52-b548-4145-95ea-c1a44eca7295,kit,=ako,nom.clt.,,,,,,
Al_8bcc2ea2-a677-4fdd-889c-3ccefe7d37b8,kit,Al,prop.n.,,,,,al,
aläm_c2ce5fb3-7087-4ee0-8300-3002aa84d3ae,kit,aläm,cov.,,,,,aləm,
Aleks_82d3f4f8-9221-43f2-903f-d2657c344a46,kit,Aleks,,,,,,,
Alex_a611715d-e585-4e85-8869-04633e5eb6d0,kit,Alex,prop.n.,,,,,alɛks,
ali_83adaada-f11a-4d0e-ac3f-a5ce65177576,kit,ali,n.,,,,,ali,
Ali_d1738370-8e6a-4ae3-a4d5-962355ad6ff5,kit,Ali,prop.n.,,,,,ali,
Alofa_bae7e1b6-06b0-46f9-9148-1b56c875dea2,kit,Alofa,prop.n.,,,,,alofa,
Alopa_cf09650b-79e4-4ed6-8ded-5f893962d45a,kit,Alopa,prop.n.,,,,,,
Alpons_1b7147a1-920d-4c0b-a46d-d76bd1dd9e34,kit,Alpons,,,,,,,
Alphones_9126cfda-5a87-4469-8a9f-9309f134f45f,kit,Alphones,prop.n.,,,,,alfons,
alla_634208f5-b4ff-429e-bd6a-8e4d82fc5f15,kit,alla,adv.,,,,,aɽa,
=alla_a2cc13be-2b34-41b8-b5b6-faa55efa5156,kit,=alla,aux.,,,,,aɽa,
alla ingoll_4506ba28-389a-4b00-9cc5-9dde50636ead,kit,alla ingoll,,,,,,,
alla ingollang_2dc3b8b8-b77b-443d-974e-088a3e371943,kit,alla ingollang,adv.,,,,,aɽaiŋoɽaŋ,
allaingollang_bc1b6000-4a00-4ae1-9bc2-789c006a8ac7,kit,allaingollang,,,,,,,
Allambun_099c1963-29c8-45a2-bebf-d66b7eb0708f,kit,Allambun,prop.n.,,,,,aɽambun,
=allan_07e8585e-459f-4432-a6aa-1cb3a52687b5,kit,=allan,aux.,,,,,aɽan,
allap_f722d19c-37c3-4309-9119-2a013baf36d2,kit,allap,,,,,,aɽap,
alläp_c82f01c5-20eb-49f1-ac9f-6c3510fff061,kit,alläp,n.,,,,,aɽəp,
Alläpma_ed043068-0c6f-4b32-9a1e-68a1a6f0df93,kit,Alläpma,prop.n.,,,,,aɽəpma,
=alle2_797dabd1-cdfe-4789-9c9e-085b85c3ffd3,kit,=alle,aux.,,,,,aɽe,
=alle1_7d5345cd-1b7e-4042-857c-f1a796f88682,kit,=alle,nom.clt.,,,,,aɽe,
allingoll_a699097c-e2da-473b-ae83-d283ee09caf7,kit,allingoll,,,,,,aɽiŋoɽ,
allingollang_e301ca9e-9575-4b18-aac7-70122bfdecf9,kit,allingollang,,,,,,,
allka_e8766c3e-4a5f-4cc9-9583-807634c635e2,kit,allka,cov.,,,,,,
allko_3cd15c25-4d3d-48e7-b1c1-fc78086288bd,kit,allko,n.,,,,,aɽko,
allko kukut_2abc03a2-7112-40d7-a659-d2208ce7af59,kit,allko kukut,n.,,,,,aɽko kukut,
allko wallägnewallägnen_11e590e8-1ffa-4630-afe3-34f421def27d,kit,allko wallägnewallägnen,n.,,,,,aɽko waɽəɡnewaɽəɡnen,
=allo_3b3da2ed-04a7-4764-b1a9-7a09e4987b12,kit,=allo,aux.,,,,,aɽo,
am_969c4443-7fd9-4eb4-9dea-e69868afa883,kit,am,n.,,,,,am,
ama1_b4c76490-bd20-4d04-8b91-530a4c828179,kit,ama,int.pro.,,,,,ama,
ama2_d6698ca2-ced2-4c03-b275-a572776fbcc5,kit,ama,n.,,,,,,
ama bakmall_bfd8fcfb-4516-47b8-be2b-03bf6afed33d,kit,ama bakmall,int.pro.,,,,,,
Amadu_93cfe0da-34ac-4feb-a249-35a8cf2b15e7,kit,Amadu,prop.n.,,,,,amadu,
ama kämall_f8620508-6b57-400a-8f12-7c6a4bd60a32,kit,ama kämall,int.pro.,,,,,,
amakmall_a9aac786-f8d1-4c24-844e-caafc86ee6b9,kit,amakmall,,,,,,,
=amalla_32f5f925-b222-4b98-b798-d2f28e832afa,kit,=amalla,aux.,,,,,amaɽa,
amalle_a983ef04-7283-4c4d-85d0-ff54d71204f3,kit,amalle,int.pro.,,,,,amaɽe,
=amallo_68c62a52-9c59-4ef5-a24f-2bfb58b2ca79,kit,=amallo,aux.,,,,,amaɽo,
amamär_9e99620f-0d63-490c-9ed7-5335517931fd,kit,amamär,n.,,,,,amamər,
amamärang_b840359f-fb1c-4996-8579-8003a2ff1131,kit,amamärang,cov.,,,,,amaməraŋ,
Amanda_dbe732a1-1279-4326-820c-305f40bafa61,kit,Amanda,prop.n.,,,,,amanda,
amäramär_7f832a04-8bf1-4945-9273-8a501ef5797e,kit,amäramär,n.,,,,,aməramər,
amba_3df1b16c-716e-4558-b9ff-cff57bbf70ca,kit,amba,n.,,,,,amba,
ambag_c09cb485-f343-409b-a842-8530966149a7,kit,ambag,cov.,,,,,ambaɡ,
amene_327a50c2-e728-42e6-acec-a57372e89a45,kit,amene,int.pro.,,,,,amene,
Amerika_77db2f0e-d4d0-45f2-bcbd-53c76f860bf6,kit,Amerika,prop.n.,,,,,,
ami_95d47c16-cc73-4f9f-9584-810a12604686,kit,ami,int.pro.,,,,,ami,
amig_841f69ab-ec43-494a-b2fe-b41ebe2d6452,kit,amig,cop.,,,,,amiɡ,
amim_69a9351a-a357-4fbd-b356-e9ab668b55ce,kit,amim,int.pro.,,,,,,
amira_f2a796a0-ffa3-416a-b616-1a0bb8d66842,kit,amira,int.pro.,,,,,amira,
amiyeamiye_e821b941-0046-4d8d-88e2-2a5d8536c863,kit,amiyeamiye,adv.,,,,,amijeamije,
amlle_1046ec40-92d3-417d-8986-4b00e8823de1,kit,amlle,int.pro.,,,,,amɽe,
amne_d16d5d7e-922a-4ee2-9e65-59744dd31f69,kit,amne,loc.n.,,,,,amne,
Amne kona_66592088-d400-437c-b7de-3673034265ef,kit,Amne kona,prop.n.,,,,,amne kona,
amo_f34ba52c-f3ab-42c1-b4ed-b9e25dbd1c29,kit,amo,int.pro.,,,,,amo,
amom_cfa91f80-e374-403c-a160-2e5ab940ca50,kit,amom,int.pro.,,,,,amom,
Amrika_b9fd43f8-ead8-4f7a-9884-880a3f9b8a3f,kit,Amrika,prop.n.,,,,,amrika,
amteamte_3d5f76c1-1313-498f-a264-4d41d14a0bff,kit,amteamte,n.,,,,,amteamte,
amtet_d45b58f0-5b8a-4ac1-b7c6-aec01f8ddfa4,kit,amtet,n.,,,,,amtet,
amtetmeny_05972707-56f9-4d7b-8f30-7bbfee478fc1,kit,amtetmeny,adv.,,,,,amtetmeɲ,
Ana_d73c1af7-fbdd-401f-bff4-46e216e457e4,kit,Ana,prop.n.,,,,,ana,
anben_894c4ea7-eecb-4078-ae1b-ea9fea1e03f9,kit,anben,v.,,,,,anben,
and_d4cbdd82-7341-4e06-85d6-bf848643bdae,kit,and,,,,,,,
andred2_753ad335-1cce-449b-a8ba-8871d9aebc04,kit,andred,,,,,,,
andred1_dd9a3ceb-d0ac-4790-af00-97ae9a2b10e2,kit,andred,num.,,,,,,
andredd_7472f613-08c1-44e4-a413-95f987248ba0,kit,andredd,num.,,,,,andreɖ͡ʐ,
Andrew_608aa014-fd08-48d8-83df-bdd06ee735f3,kit,Andrew,prop.n.,,,,,ændru,
=ane_68aa8043-8db8-44bf-ac25-a5a85b005e40,kit,=ane,,,,,,,
ankom_a9ea5517-4482-4136-9b0d-8c026ca877e5,kit,ankom,n.,,,,,ankom,
Anna_512d95cf-7cc6-4021-8648-2f2bec93e8d1,kit,Anna,prop.n.,,,,,ana,
Ansel_d17fd63d-e8cf-41a8-8389-753566f84e8f,kit,Ansel,prop.n.,,,,,ansel,
ansi_726c4ef7-ab4a-48e7-93c2-9c13aec3a42c,kit,ansi,cov.,,,,,ansi,
Anton_53d448ba-6e24-4729-ba84-afa83e09d2ac,kit,Anton,prop.n.,,,,,anton,
anu_92f16478-1852-4e95-8b9c-1ca69b1fb798,kit,anu,v.,,,,,anu,
anzag_6954e28b-d2cd-42d3-b415-b39371060f9b,kit,anzag,,,,,,,
=ang_48e98d8e-921e-4ce3-a251-3362bc769dbb,kit,=ang,clt.,,,,,aŋ,
angäm_5c6855c4-d6ed-41ce-b4bc-f227ba40935f,kit,angäm,man.adv.,,,,,,
angde_8a05ee6f-beea-463d-b183-215144449887,kit,angde,adv.,,,,,aŋde,
=anggalla_3921cab3-c9a7-4364-99d3-1df028e7ba81,kit,=anggalla,aux.,,,,,,
=anggalle_1d5e7205-0dc9-427d-b34d-64ecfe02cf36,kit,=anggalle,aux.,,,,,aŋɡaɽe,
=anggallo_e71dfc3f-6031-45f7-b7e0-f87162737efb,kit,=anggallo,aux.,,,,,,
=anggan_472d123a-a33a-45c9-8ed8-6550faed7e9a,kit,=anggan,aux.,,,,,aŋɡan,
anggog_b63861d4-330a-407f-a114-109150abfa71,kit,anggog,n.,,,,,aŋɡoɡ,
anggwuanemeny_a7a2e2ad-7610-4a0b-b249-20c87dc5fd56,kit,anggwuanemeny,,,,,,aŋɡwuanemeɲ,
angkäpäll_4a848db1-84a0-4a87-ac50-60ad647312f8,kit,angkäpäll,n.,,,,,aŋkəpəɽ,
angkol_edfee42b-620b-4483-b963-58265a98d786,kit,angkol,,,,,,,
any2_753d4ce1-a2d0-4f42-8ada-5509a15ea2a3,kit,any,t.v.,,,,,aɲ,
any1_91482561-d651-401a-b587-be4c9200067c,kit,any,pro.,,,,,aɲ,
anyke_d803fbaa-d9ce-4555-a94e-4de02364b849,kit,anyke,n.,,,,,aɲke,
anykeanyke_fdff90a1-4232-48be-8e26-2df0507d74f3,kit,anykeanyke,n.,,,,,aɲkeaɲke,
anykegulgul_d1c3fb21-ecdc-4518-8a11-75a895f25200,kit,anykegulgul,cov.,,,,,aɲkeɡulɡul,
anyki_d29353c0-d51e-4670-a978-fe39ce12c401,kit,anyki,,,,,,aɲki,
ao_1d2c2c45-48ab-4362-987c-f4af4cdea2c8,kit,ao,interj.,,,,,ao,
aoao_b1451ff4-bd66-4828-840c-92e2310ca189,kit,aoao,cov.,,,,,aoao,
aoli_f4f19431-435d-4ae8-8e32-8babcf8b8485,kit,aoli,int.pro.,,,,,aoli,
aolidae_45ae59af-9fef-4bfb-b670-17f481ad5ddd,kit,aolidae,quant.,,,,,aolidaj,
ap_652986e0-32c8-407c-88f9-9c6261db3ac3,kit,ap,n.,,,,,ap,
Apang_cec81800-cc14-492b-a853-d1aecc7adfbb,kit,Apang,prop.n.,,,,,,
apapi_4dfe7fe1-6f9f-4732-9ec9-55a682eb2fd1,kit,apapi,n.,,,,,apapi,
apapi bärät_3351402e-23c3-495c-899c-3db90cccbab9,kit,apapi bärät,n.,,,,,,
apapun_9eaeb4bf-1a11-4f2f-834c-2f03e2f72536,kit,apapun,n.,,,,,apapun,
Apdo_fa6d502c-d535-4c8a-b552-1bea38659fbe,kit,Apdo,prop.n.,,,,,,
apgllu_8e7ba793-6044-4508-a76d-bd2202d8accd,kit,apgllu,n.,,,,,apɡɽu,
Apodo_947fb63b-fac1-4f43-b3f1-ec319149488d,kit,Apodo,prop.n.,,,,,,
apte_4ee3141d-5318-4ea7-98b2-c411a7251da6,kit,apte,quant.,,,,,apte,
apte gabän_76362f90-d31f-442a-8f20-b896b693fdad,kit,apte gabän,num.,,,,,apte ɡabən,
apte kllatolma_3affdd7c-74e8-42ad-b9dc-0e936e183f85,kit,apte kllatolma,num.,,,,,apte kɽatolma,
apte matta_b71b45eb-7967-4669-bb09-1618d5ad963f,kit,apte matta,num.,,,,,apte maʈ͡ʂa,
apte mända_ca641782-9cf9-4f19-afcb-ac05772135a9,kit,apte mända,num.,,,,,apte mənda,
apte mätkin_df90ab05-0a5d-4e61-8540-caf1f1a31aed,kit,apte mätkin,num.,,,,,apte mətkin,
apte ngam_d2a9ea71-f18f-4f51-b152-19670a5aa28f,kit,apte ngam,num.,,,,,apte ŋam,
apte tärangesa_94ca20d7-f2fa-4aed-9171-c3c9f07663df,kit,apte tärangesa,num.,,,,,apte təraŋesa,
apte tupi_66199416-cc7b-4829-93d2-22fba5edc64a,kit,apte tupi,num.,,,,,apte tupi,
apte ttang kum_24ea559c-d52d-4135-99ad-6c518c04e8b2,kit,apte ttang kum,num.,,,,,apte ʈ͡ʂaŋ kum,
arabuni_f96d4c80-3e7b-489b-992d-6c04c39c28ca,kit,arabuni,n.,,,,,arabuni,
Arägapetkae_83a53e9b-fcf8-40d3-afa0-c4ae33293a59,kit,Arägapetkae,prop.n.,,,,,arəɡapetkae,
arälle_a0173288-01b0-422a-a552-eb7a9158f965,kit,arälle,n.,,,,,arəɽe,
aräram_815fd197-bd22-465d-b5ae-808f2add512c,kit,aräram,cov.,,,,,arəram,
aräre_caee52ab-8099-4c8a-858f-cf14cbc9a011,kit,aräre,cov.,,,,,arəre,
are_c1006fbc-d94d-486d-89c4-a9402adf0b77,kit,are,,,,,,,
area_c34b0440-1de0-4e34-9da1-4ed1b0c4f050,kit,area,,,,,,,
ariga_66e58ab3-a938-4089-a3f5-bb13ef60a496,kit,ariga,n.,,,,,ariɡa,
arle_f6d98da2-e412-4f17-a20c-23e5477acfbb,kit,arle,n.,,,,,arle,
arlle_317e064b-6d59-4fa5-9829-9ee12ada22d5,kit,arlle,,,,,,arɽe,
Arua_9dd6aa78-4869-4581-8fc3-5995515dd93c,kit,Arua,prop.n.,,,,,arua,
arup_593137ea-d205-4bcf-a365-c8145eaa1640,kit,arup,n.,,,,,arup,
Arupi_3e370832-dba1-4a69-bdbb-c307faf58f59,kit,Arupi,prop.n.,,,,,arupi,
Aruwa_9492d562-2272-40bb-b394-1ee342341b64,kit,Aruwa,prop.n.,,,,,,
as_aa342cb8-6584-46b8-8810-1c37ea233407,kit,as,n.,,,,,as,
asa_811902f8-ea0f-437c-89d8-696d63776e8e,kit,asa,,,,,,,
asa bume_cd285f95-44fb-4a8f-b58f-e790e2fa4ec8,kit,asa bume,n.,,,,,asa bume,
ase_3d4fab5c-94e3-4869-83ef-5c71b15930d9,kit,ase,mod.,,,,,,
asiasi_54f51f1b-63a8-4c96-a57c-b160aaf8ed62,kit,asiasi,n.,,,,,asiasi,
Asika_f77cc433-efea-44d7-a746-cf5ef8c244b9,kit,Asika,prop.n.,,,,,,
asip_8f4787bb-26b4-4c1c-9ad0-6d1c30c37b8c,kit,asip,n.,,,,,asip,
aska_7b610762-1c73-4a47-949c-b64bd024d6e8,kit,aska,,,,,,,
atata kottllam_4a1b66de-3c5b-4189-8425-56ff96416406,kit,atata kottllam,n.,,,,,atata,
atka_ac79280e-5ccd-4890-8647-19429b7c268d,kit,atka,,,,,,atka,
atrepo_8fa17055-8586-4ff0-8c0f-a8bfa73f3bd0,kit,atrepo,n.,,,,,atrepo,
=att_ceaaf204-dd51-4afc-bcc5-77a9c99b40cc,kit,=att,nom.clt.,,,,,aʈ͡ʂ,
atta_0a188572-426b-43f3-9a6f-227e6cc33871,kit,atta,,,,,,,
au_62602edc-6a98-4426-b46c-3c5c110faeb1,kit,au,n.,,,,,au,
aulämän_08a497b8-5296-4fe0-9e59-3b871c27c8de,kit,aulämän,n.,,,,,auləmən,
auli_1ce9c610-07e0-4d9e-9228-f32a2f603c96,kit,auli,,,,,,auli,
auma_0de6d2b0-94d7-4adb-a46b-b30682c4c04f,kit,auma,n.,,,,,auma,
auma~_298001d5-9866-44f4-b007-c4291ee9fde8,kit,auma,,,,,,,
auri_4c1a9299-d490-46ed-92de-f6962c510936,kit,auri,n.,,,,,auri,
ause_ef4f6ed8-c9d1-4c5d-9a54-cf828bf9a10b,kit,ause,n.,,,,,ause,
auseause_b9ecd56b-6279-4516-a6d2-c4a897bf5438,kit,auseause,n.,,,,,,
Australia_36f5b2a3-2045-41cc-9a0f-5f2e651ff9e4,kit,Australia,prop.n.,,,,,,
auuma_613c2cae-2a75-4409-99a5-17c9cc76c6b3,kit,auuma,,,,,,,
Awaba_0364480f-d020-4e54-a570-b5bbd7d093b0,kit,Awaba,prop.n.,,,,,awaba,
Awayang_ea84d163-a049-447b-b810-4509f4793500,kit,Awayang,prop.n.,,,,,,
awäll_5a916f09-5713-42a0-a02f-85b5941cd287,kit,awäll,n.,,,,,awəɽ,
awe1_41d3eb4e-3110-48f4-9d07-2f6a50db0c62,kit,awe,n.,,,,,awe,
awe2_7dac56ef-7b93-42af-a9ae-fa14f60b3251,kit,awe,n.,,,,,awe,
Awi_6868ea3f-5559-45de-85b6-92303e066ca8,kit,Awi,prop.n.,,,,,awi,
awi_cf9d0ac1-1769-49f6-94bf-34d0d366a1a3,kit,awi,n.,,,,,awi,
awoll_414536e3-8151-42c3-a436-10d253802243,kit,awoll,,,,,,,
=aya_ae30b763-c727-4b5c-9060-abcdd03e2a9d,kit,=aya,,,,,,,
aya_e7210195-5737-4a22-a7c4-0ee8b9c91df0,kit,aya,int.pro.,,,,,aja,
Azaya_721aafa9-326e-41f1-82a6-bbd591090192,kit,Azaya,prop.n.,,,,,,
ä-1_ab2d26c7-47f6-48db-afad-e47f473a4567,kit,ä-,v.,,,,,ə,
ä-2_ba348e46-03cf-4d71-9f93-dfb55d9447dd,kit,ä-,i.v.,,,,,ə,
äk_d0a8230e-917e-4506-a3de-e236953b3ad7,kit,äk,v.,,,,,ək,
ändred_a71e1bf2-1c1d-4a24-9bf8-315d4bf671e2,kit,ändred,,,,,,,
b-_129ceb5e-6396-488c-ba50-31e665c3847d,kit,b-,v.,,,,,b,
ba_7a94d7ae-aa34-4262-9fab-ba54afd0f4ec,kit,ba,,,,,,ba,
bab_2a1a83a2-ecc4-463b-8c5d-54818e549c7c,kit,bab,n.,,,,,bab,
baba_13067bbb-2b28-44c5-a53f-d25b89b7b2b5,kit,baba,Kinship noun,,,,,baba,
babaem_55efce1a-64f7-4ac2-91bd-ef0fce5fa2fe,kit,babaem,n.,,,,,babaem,
Babaze_c322da30-1153-416a-9752-e38b442f4282,kit,Babaze,prop.n.,,,,,babaze,
babdu_1dc511c2-2a51-4782-a84a-c15253e80ea6,kit,babdu,n.,,,,,babdu,
Bablela_82268bb9-fc9f-438c-91d3-8ac6bdca6527,kit,Bablela,prop.n.,,,,,bablela,
bablle_d84e3e2b-fb53-489a-b1bc-500810c8483f,kit,bablle,pro.,,,,,babɽe,
Babra_4890605e-e0ad-44fe-a592-c0e743860568,kit,Babra,prop.n.,,,,,,
Babu_924c7b1b-1dab-49ac-bc4c-2babe615b269,kit,Babu,prop.n.,,,,,,
badar_a8bcf685-f308-41a7-8042-ce8c77a991a9,kit,badar,n.,,,,,badar,
bade_344cfb55-a3bb-41c1-83d9-9bbbf16163a9,kit,bade,pro.,,,,,bade,
Badu_e1b2cb38-b76e-41ba-a617-2695045c8152,kit,Badu,prop.n.,,,,,badu,
badd~_e4d9eb20-886a-484a-be7a-cff03fccfdf7,kit,badd,,,,,,,
baddbedd_11ff471a-2083-4311-9303-907dccd4fbda,kit,baddbedd,i.v.,,,,,baɖ͡ʐbeɖ͡ʐ,
baebol_c52fb772-b923-4d72-b7bf-6ba72cdc02ff,kit,baebol,n.,,,,,,
baet_c7062969-8a07-4957-9122-c4f92f5c1e85,kit,baet,n.,,,,,baet,
Baewa_17cc0386-6c43-49b7-8412-a4fabd104d20,kit,Baewa,prop.n.,,,,,baewa,
bagama_9a07fba2-8553-4aeb-aad6-39dc5e87f590,kit,bagama,n.,,,,,,
bagen_2e143346-2b60-4826-90dd-46d374798a72,kit,bagen,n.,,,,,baɡen,
Baiduwa_088fd4b8-6fc2-47b5-9b6e-2140fb665ac8,kit,Baiduwa,prop.n.,,,,,baiduwa,
Baim_862ec5f6-010f-4967-8cc0-1f00a596a3ca,kit,Baim,prop.n.,,,,,baim,
=bakmall_371fd8dc-097b-4560-9137-24cf8a62a16f,kit,=bakmall,nom.clt.,,,,,bakmaɽ,
bako_e33c75c3-db80-4fd8-b5c7-77e79361e3fa,kit,bako,pro.,,,,,,
Balimo_8023a37e-8119-4063-8d40-f7c0e16732b1,kit,Balimo,prop.n.,,,,,balimo,
ballängg_85442da2-d31f-4e5a-a007-4c0cc9bde63b,kit,ballängg,t.v.,,,,,baɽəŋɡ,
ballbell_7859cdef-32ca-4be2-829c-47af81622b3b,kit,ballbell,cov.,,,,,baɽbeɽ,
balldae_f20423cc-3c1f-4f08-8c2d-98bcfe22533a,kit,balldae,v.,,,,,baɽdaj,
ballɨngg_90f4fa7f-262b-47fb-b0aa-e5cda3a5b544,kit,ballɨngg,t.v.,,,,,baɽɪŋɡ,
ballma_22e370d0-83a2-4e88-8fa3-a00d588b3dfc,kit,ballma,n.,,,,,baɽma,
ballme_3bb2d1c2-dfa2-4f9d-bea4-6ea0227ce13c,kit,ballme,n.,,,,,baɽme,
ballo bällabällott_2f4e440f-a40e-47bd-ab65-f9f653ef1033,kit,ballo bällabällott,n.,,,,,baɽo bəɽabəɽoʈ͡ʂ,
bam_89afb692-4feb-48b5-a0c6-e3b8de9366cd,kit,bam,pro.,,,,,bam,
bam bam doros_af00b260-d81c-4cfa-a10f-83c517a84c1e,kit,bam bam doros,n.,,,,,bam bam doros,
bamearoro_8a81c9a9-854e-45df-aa28-9bca84b11009,kit,bamearoro,n.,,,,,bamearoro,
Bana_e61f04b9-b976-4071-9419-747604856119,kit,Bana,prop.n.,,,,,,
band_1e9a4f15-5461-4f58-80e8-fb3cdd96e593,kit,band,n.,,,,,band,
bandra_be18057e-9999-4b58-9dc1-78c129ee65d0,kit,bandra,n.,,,,,bandra,
banggo_d304cf48-7af5-4376-ac16-c7baa0f87009,kit,banggo,n.,,,,,,
banggu_325140cf-d303-47d4-9730-1f4373738fc4,kit,banggu,n.,,,,,baŋɡu,
baob_94a9c526-2bf7-44bc-b3d2-60a82d9317c5,kit,baob,n.,,,,,baob,
Baogab_56902536-439f-4cd0-ac02-e6f67a251ec7,kit,Baogab,prop.n.,,,,,baoɡab,
baottbaott_789caa8b-34d4-48fa-9f20-6cd4686ff925,kit,baottbaott,cov.,,,,,baoʈ͡ʂbaoʈ͡ʂ,
Barekam_79075da1-bdda-4daa-a3cb-1d22d510fbde,kit,Barekam,prop.n.,,,,,barekam,
bargae_33e24203-ea12-4aa5-91f4-c96502f5dbdc,kit,bargae,n.,,,,,,
Basido_8c203103-15be-4227-8b92-6d62467b8a96,kit,Basido,prop.n.,,,,,basido,
Basido kona_f6f854ed-b164-478a-b0de-cc0ff02b194b,kit,Basido kona,prop.n.,,,,,basido kona,
Bati_c383505e-6815-40fa-aa00-5cec49c30a46,kit,Bati,prop.n.,,,,,bati,
batri_4ac6a893-53ea-4e82-9601-b5731376e0f3,kit,batri,n.,,,,,batri,
batri käp_6e91cf60-231a-42df-992f-06046c0d0955,kit,batri käp,n.,,,,,,
batt1_2743dc80-b0e9-4a51-9a49-a9e6da3e756e,kit,batt,mod.,,,,,baʈ͡ʂ,
batt2_b3bbd4bd-b236-4276-99d1-331891e73087,kit,batt,n.,,,,,baʈ͡ʂ,
baur_fe465ac2-141c-4251-ad8d-6a453aa7d064,kit,baur,n.,,,,,baur,
bawa_f846d80a-cbb0-4354-9879-653bc320ce54,kit,bawa,n.,,,,,bawa,
bawa minyminy_85f1d1d8-8641-40e4-b4f8-632651168d33,kit,bawa minyminy,n.,,,,,bawa miɲmiɲ,
bawa pokallmäll_8f504fb1-b39a-44ef-8a79-447d3d8521b7,kit,bawa pokallmäll,n.,,,,,bawa pokaɽməɽ,
bawa sarasaram_73d8469c-4b2d-423d-baee-00c1c11b1f92,kit,bawa sarasaram,n.,,,,,bawa sarasaram,
bawur_e8fb5f79-9b09-4e18-ab40-2f99ba4c7c22,kit,bawur,n.,,,,,bawur,
bazere_49a7983a-917d-4c65-97e0-fd65a0c99747,kit,bazere,n.,,,,,bazere,
bäbälläd_6e135799-ebe1-48ea-ae6d-078eac3a0333,kit,bäbälläd,t.v.,,,,,bəbəɽəd,
bäblem_d992f975-3227-404c-acb6-e8d105d03263,kit,bäblem,i.v.,,,,,,
bäbnge_d3c9c9e7-27da-46e4-936b-e40a983ac928,kit,bäbnge,n.,,,,,bəbŋe,
bäbrem_7a90f160-2605-4494-831e-9ee8c5575cfa,kit,bäbrem,Ideophone,,,,,bəbrem,
bäd_00271cf7-e6ba-40c5-8f36-11f64aeff6dc,kit,bäd,n.,,,,,bəd,
bädab_129a8da7-fdbd-4fb0-a03f-cdf2bb6567d4,kit,bädab,i.v.,,,,,bədab,
bädab piro_7fe4c74f-d972-4025-9f18-2f0c7fb50839,kit,bädab piro,n.,,,,,bədab piro,
Bädämalloang_2254e47a-e759-4026-8c00-6f4b512738a4,kit,Bädämalloang,prop.n.,,,,,bədəmaɽoaŋ,
bädma_bb57e5e3-5757-47d0-996e-71f8be97b9f4,kit,bädma,n.,,,,,bədma,
bädma ibeny_214dc132-def3-4aec-87f5-ad416dbdcca0,kit,bädma ibeny,n.,,,,,bədma ibeɲ,
bädmaol_70031685-9d82-4a24-9afd-6464cf88e98d,kit,bädmaol,n.,,,,,,
bädde2_6d94c8ee-10e9-4a5f-9ff3-896165f67ec8,kit,bädde,n.,,,,,bəɖ͡ʐe,
bädde1_f90b9dd2-a3f3-4117-a319-f5127d10e15b,kit,bädde,n.,,,,,bəɖ͡ʐe,
bägallem_20035119-27d2-4ad4-85df-9d4d8efb58ec,kit,bägallem,n.,,,,,bəɡaɽem,
bägäbägäl_7f4c0a5e-3073-4fbf-9211-4c0e69710311,kit,bägäbägäl,n.,,,,,bəɡəbəɡəl,
bägäl_f0e873b2-c9ae-4640-8140-9092e93ee637,kit,bägäl,n.,,,,,bəɡəl,
bägälbägäl_9c5c919c-dfeb-483e-99cd-4237033b3a59,kit,bägälbägäl,n.,,,,,bəɡəlbəɡəl,
bägäl kuwem_3a42c405-2d75-47e1-a02d-62625ecfde24,kit,bägäl kuwem,n.,,,,,bəɡəl kuwem,
bägäl mäträt_fdc664b8-e4a1-43ed-bc85-a66217843802,kit,bägäl mäträt,n.,,,,,bəɡəl mətrət,
bägäl odar_f2a7b2c6-2aaf-42d5-98d4-d9c12ece7c54,kit,bägäl odar,n.,,,,,bəɡəl odar,
bägäl tangge_e31e86ec-008f-4986-881c-73b6f69fb6ac,kit,bägäl tangge,n.,,,,,bəɡəl taŋɡe,
bägäm_c05ac562-cf4d-4ed1-afa3-9cb1dc29ea45,kit,bägäm,n.,,,,,bəɡəm,
bägem_7c026332-9ea4-45f4-b5d6-2fee2b10f7a2,kit,bägem,n.,,,,,bəɡem,
Bäglle_714fa35b-1344-4c13-b913-ad5a60d32224,kit,Bäglle,prop.n.,,,,,,
bäkän_2d1202eb-a1de-40a7-81bc-abd1249bed77,kit,bäkän,n.,,,,,bəkən,
bälämbäl_3ba63b63-a9e2-429b-9c2b-f2b700be00e0,kit,bälämbäl,t.v.,,,,,bələmbəl,
bälwäd_2d4d136e-8ba0-4050-99f9-5096c9b3a876,kit,bälwäd,,,,,,bəlwəd,
bälwod_e8b23876-8784-4963-9fea-aeda821097ab,kit,bälwod,n.,,,,,bəlwod,
bäll_bbde5025-2772-4ebb-af28-89fa384f5cf5,kit,bäll,n.,,,,,bəɽ,
bälla~_0a51a08c-60d2-4e4a-b9bf-5478b63bfb59,kit,bälla,,,,,,,
bällabälle_7fff6b82-6d59-4a7d-bc88-91457b012ee8,kit,bällabälle,t.v.,,,,,bəɽabəɽe,
bällae_00ee0bb0-38d0-4e96-9978-542c251ba3cb,kit,bällae,mod.,,,,,bəɽaj,
bällam_c5f3ff41-f207-461e-b4b1-2f675eec3cc2,kit,bällam,quant.,,,,,bəɽam,
bällamb_0847781d-71b6-4719-85c8-77e95dd090de,kit,bällamb,t.v.,,,,,,
bällangg_54bbff35-f7c3-49e5-865d-cdc13a880bc4,kit,bällangg,t.v.,,,,,bombɽaɡ,
bälläg1_4924b500-c60d-4b39-89ed-8e36fdfa108b,kit,bälläg,n.,,,,,bəɽəɡ,
bälläg2_c30c4717-6647-4cdb-8e88-e6eee05cb3a0,kit,bälläg,n.,,,,,bəɽəɡ,
bällämbäll_cec4b03a-b829-4d91-9d11-5c20c04bb17f,kit,bällämbäll,n.,,,,,bəɽambəɽ,
bällämbällämmeny_8b2238b5-5710-4174-a1c1-6bffe298d4f6,kit,bällämbällämmeny,mod.,,,,,bəɽəmbəɽəmeɲ,
bällängg_19047aa2-5691-409f-a4b1-f1e74eb6bec1,kit,bällängg,i.v.,,,,,mbəɽə,
=bälle_e15f529e-f7bd-4747-a21e-cb3df4490107,kit,=bälle,pro.enc.,,,,,bəɽe,
bällgab_f92c631f-c665-4a05-9359-16325327be94,kit,bällgab,t.v.,,,,,bəɽɡab,
bällgae_4529fe66-e7e9-4f02-bcff-f88a76e5b9c8,kit,bällgae,i.v.,,,,,bəɽɡe,
bällkäp_66683dc2-b606-474d-8566-869ff878d9f7,kit,bällkäp,n.,,,,,bəɽkəp,
bäll kutt_7ebaae97-cd3e-452c-9e4c-9682849368a5,kit,bäll kutt,n.,,,,,bəɽ kuʈ͡ʂ,
bällma_2a510d83-1c71-4e7f-8d72-4f65ec10e4fb,kit,bällma,n.,,,,,bəɽma,
bällma käkan_507accc4-1c6e-434d-8a74-a91383faf0e8,kit,bällma käkan,n.,,,,,bəɽma kəkan,
bällma ontog_2d13dd6c-0a4c-40ab-916c-9515eaaeb45a,kit,bällma ontog,comp.v.,,,,,bəɽma ontoɡ,
bälltoe_6479074e-8087-48fe-8e67-aa9f61d4835d,kit,bälltoe,n.,,,,,bəɽtoe,
Bämäg_8382f716-14e5-4fa2-a474-4fdb37db8d15,kit,Bämäg,prop.n.,,,,,bəməɡ,
bämäng_6a40720c-b1ee-480f-976d-7fdfb281bec5,kit,bämäng,n.,,,,,bəməŋ,
bämblläd_77e365b9-e2e6-4341-95b5-214502327519,kit,bämblläd,t.v.,,,,,bəmbɽəd,
bänamb_b49693cc-b81e-4311-8fba-118ed3316012,kit,bänamb,t.v.,,,,,bənamb,
bänäm_4b0e4340-0519-4056-a6b8-7048a488bc45,kit,bänäm,n.,,,,,bənəm,
bänäne_0105d4b3-bc26-46e3-893f-e67a5248a9c7,kit,bänäne,,,,,,,
bänbän_f1077b23-cdaf-4ee7-849c-8608161e8640,kit,bänbän,n.,,,,,bənbən,
bändaeg_2e290838-92ac-450f-bfb2-596bbdb65b74,kit,bändaeg,t.v.,,,,,bəndaeɡ,
bändam_470bd4b3-35a9-4131-a234-903ae62d827f,kit,bändam,n.,,,,,bəndam,
=bäne_2f46898d-4ab2-42d1-832b-6d726533f65d,kit,=bäne,pro.enc.,,,,,bəne,
bäne_6b9db8d7-25a0-47a6-a857-122f615ced27,kit,bäne,pro.,,,,,bəne,
bänene_65853a56-2038-4546-bcf7-1a70e30d0d6c,kit,bänene,pro.,,,,,bənene,
bänezaga_26dd5305-b3d2-43d8-ae6c-3cf9184d97d6,kit,bänezaga,pro.,,,,,,
bänz2_8b31e652-debc-4615-984e-1c46763ab6da,kit,bänz,n.,,,,,bənz,
bänz1_eb8b08d5-eddc-4160-acce-a54aef8d981d,kit,bänz,n.,,,,,bənz,
bänzibänzi_0daa3eb5-9801-4b86-be59-61f400d3b1e9,kit,bänzibänzi,n.,,,,,bənzibənzi,
bäng_efcef9ab-fb36-4a78-9422-8471b575e23f,kit,bäng,n.,,,,,bəŋ,
bänga_e3d1b724-4b24-4b41-8fc6-b3ec758c452a,kit,bänga,sub.con.,,,,,bəŋa,
bäny~_7eb09212-fe7a-41bb-8110-04f8c6cd3630,kit,bäny,,,,,,,
bänybäny_e373344f-bdcf-4057-be6d-bbebf7550058,kit,bänybäny,t.v.,,,,,bəɲbəɲ,
bäräbäräl_a61568d0-a14d-4f17-9082-4caa80af3742,kit,bäräbäräl,n.,,,,,bərəbərəl,
bärät_a827ffe8-6f7b-4b94-9ca0-1a79b125f3f3,kit,bärät,n.,,,,,bərət,
bärke_b5be735a-c95f-4cad-82fd-21efed9ab979,kit,bärke,n.,,,,,bərke,
bärkebärke_e485be2c-b106-4d7c-9dd2-990e7d3751c8,kit,bärkebärke,n.,,,,,bərkebərke,
bät2_5c525592-9de8-4763-9665-0eb2492754e7,kit,bät,,,,,,,
bät1_7bcde4e3-6706-4eca-aa0a-b704b0aad94a,kit,bät,n.,,,,,bət,
bätäny_61f78191-8b12-42f0-9e39-1f88e15c610a,kit,bätäny,n.,,,,,bətəɲ,
bätbät_90ca16b2-7959-403e-b885-9cea79bf3791,kit,bätbät,,,,,,,
bätte_836ccafd-f4cf-40a4-bceb-03a954afa307,kit,bätte,n.,,,,,bəʈ͡ʂe,
bättekuibiag_0186da2e-65e9-4354-b446-1e32838806cb,kit,bättekuibiag,,,,,,,
be_11e0b907-0487-44b9-bef3-17777ae56828,kit,be,coord.conn.,,,,,be,
be~_2de1d872-deac-4f1f-a376-13254ca6028a,kit,be,,,,,,,
beatururang_24fe5be9-02a9-462e-8a6b-545b21070f18,kit,beatururang,n.,,,,,beatururaŋ,
beawa_b107468b-b84c-4389-aa73-97b6a6bb1aff,kit,beawa,,,,,,beawa,
beawaenen_ad026fbf-886e-4465-9163-57e0df81135f,kit,beawaenen,,,,,,,
bebe1_0f0dca88-5973-4120-a876-153834927dbd,kit,bebe,n.,,,,,bebe,
bebe2_2414ddf2-0df7-44c8-98d3-c92c370b0c94,kit,bebe,i.v.,,,,,bebe,
Bebelin_0cbe185e-363a-43b5-9e47-5ce624c86738,kit,Bebelin,prop.n.,,,,,,
bebi_522d44b1-404f-497b-a834-470bb8ebc119,kit,bebi,n.,,,,,bebi,
begere_52f1eb9f-e95f-4446-8e20-7741d9779201,kit,begere,n.,,,,,beɡere,
beibi_56b51087-3631-4e42-9257-ad17b9534798,kit,beibi,n.,,,,,,
bel_ed913e81-a3ec-47cb-b272-b9deb87b66f8,kit,bel,n.,,,,,,
bem_79dc5268-5921-4108-9e39-850c8ab2e8ba,kit,bem,n.,,,,,bem,
Ben_18060b63-ceee-470e-9186-04f573bf083b,kit,Ben,prop.n.,,,,,ben,
Benaeya_ce978f6a-25d7-4835-94b8-5712ae707c6e,kit,Benaeya,prop.n.,,,,,,
benanbenan_365eb3c7-b99e-4c49-bfd5-738a3427a320,kit,benanbenan,n.,,,,,benanbenan,
bendoe_1f136a27-259c-4d9c-ae26-e3ce90cebda4,kit,bendoe,t.v.,,,,,bendoe,
benmäll_aa86abb3-8bd9-4a88-865e-435d91f0631b,kit,benmäll,i.v.,,,,,benməɽ,
Bensi_415d551b-cc23-4e37-86d2-326f08796728,kit,Bensi,prop.n.,,,,,,
Benson_41f8f82b-ac5b-4f93-8485-3f6396ccd6c7,kit,Benson,prop.n.,,,,,benson,
Benta_3b05e37c-45c8-44ce-bfaf-34f3a956be5b,kit,Benta,prop.n.,,,,,benta,
bengae_8ed6b6a5-25de-400c-bce7-388e701b625f,kit,bengae,t.v.,,,,,beŋae,
Ber_e0e499fb-c2e7-4727-9129-2ae0f3a78284,kit,Ber,prop.n.,,,,,ber,
Beradi_abdc7c5b-7a36-4fc4-833a-e4d1f1e65e35,kit,Beradi,prop.n.,,,,,beradi,
beräberäl_c519424e-faba-440d-ae8a-414b88efcf9c,kit,beräberäl,cov.,,,,,berəberəl,
Bes_5542d1f4-8ec1-47b5-a9b3-c5236fccaf9f,kit,Bes,prop.n.,,,,,,
Bessie_13f71b1d-64e2-46af-8db3-3b8d5e2354b1,kit,Bessie,prop.n.,,,,,bessie,
Betliem_ad10c1d0-0e17-4325-9234-24a97d2a5565,kit,Betliem,prop.n.,,,,,betliem,
bette_72aabb0b-9242-47c0-979e-f7151ecf74f6,kit,bette,n.,,,,,beʈ͡ʂe,
Bewag_b850e41e-e846-40cf-9a44-90ee94bdc1ed,kit,Bewag,prop.n.,,,,,bewaɡ,
beya_577bf26e-dfc0-462e-aab8-7c077c803add,kit,beya,,,,,,beja,
beyako_7da37623-27c2-4576-9373-8043f57e8496,kit,beyako,pro.,,,,,,
beyambäg_1cda93f6-e26f-4a89-bc6b-5ee5236c5fd7,kit,beyambäg,t.v.,,,,,bejambəɡ,
beyat_35278c37-e34c-4d22-9d9d-20efda60c2e8,kit,beyat,n.,,,,,bejat,
beyawa_c0f613da-c679-48ac-965c-bcaf08b3edcc,kit,beyawa,pro.,,,,,bejawa,
beyawaebe_79449719-df61-4699-b50b-ad0e486081e3,kit,beyawaebe,pro.,,,,,,
beyawaeben_c25db798-9182-4d5d-9a6e-e72a5097b9f3,kit,beyawaeben,cop.,,,,,bejawaibɛn,
beyawaenen_b2340218-a1a7-4c8a-814c-5ab978e512a7,kit,beyawaenen,cop.,,,,,beawaenen,
beyawaeneya_4657c615-c888-437c-8632-8f0aec184ee4,kit,beyawaeneya,cop.,,,,,,
beyawainen_4c9ee3e7-f520-4548-a0c1-ea01efe18788,kit,beyawainen,,,,,,,
beyawainin_496e3a6c-f519-4320-bc8f-f0b9e6b66120,kit,beyawainin,,,,,,,
beyawan_51cae58d-1155-4b19-abbf-98718398efa3,kit,beyawan,cop.,,,,,,
beyawän_369a9007-a2b7-4d74-a8cd-76f6031c671e,kit,beyawän,,,,,,,
=bi_f95720be-d43d-4303-a49c-1173f9ddfca6,kit,=bi,pro.enc.,,,,,bi,
bib1_1f18e01f-f91d-4a91-a1e0-bbbafcecacff,kit,bib,cov.,,,,,bib,
bib2_e6ba1984-d118-4cce-9bcc-d20afd601a4c,kit,bib,n.,,,,,bib,
bibi_6b7a9ad6-f1b9-4efd-b83a-ff3fd242955d,kit,bibi,pro.,,,,,bibi,
Bibiae_70aaa35f-5b8b-4a0f-b547-246246d3cf45,kit,Bibiae,prop.n.,,,,,bibiae,
Bibiai_2e0e04c1-4e3d-45bc-8c89-67438ccd0b7e,kit,Bibiai,prop.n.,,,,,bibiai,
bibim_435e8b7d-9950-4376-9b78-3dc33829f86b,kit,bibim,pro.,,,,,bibim,
bibira_09455c0f-c4c1-47ea-85f6-e49864727937,kit,bibira,,,,,,,
bible_9db92dc0-490f-4d29-b128-89dab3605e91,kit,bible,n.,,,,,bible,
Bible_e696ba2d-37d5-4287-b1fa-e0bc9b706c72,kit,Bible,,,,,,,
bibol_1a7e7a97-ebc8-4672-a1ae-5db2a1853139,kit,bibol,n.,,,,,bibol,
biboz_a90ff17c-200e-47c0-b33a-bb82082e8e69,kit,biboz,n.,,,,,biboz,
bibra_a4d63159-91c8-4043-9ca4-a903aef9cbb8,kit,bibra,pro.,,,,,bibra,
Bidog_16c5a7f5-a959-4d82-8e10-012e1e3499df,kit,Bidog,prop.n.,,,,,bidoɡ,
big_35a071ae-e923-4182-89e9-9cd7a4decff0,kit,big,n.,,,,,biɡ,
Big_c0e1876a-b5d2-44dc-8fc9-03ec99dbf5f7,kit,Big,prop.n.,,,,,,
Bigag_3bdc57a2-cc97-409a-bcc5-c43e3698f14e,kit,Bigag,prop.n.,,,,,,
big budar_69378616-0ddb-4a55-95ce-211414f8b5b0,kit,big budar,n.,,,,,biɡ budar,
Bigia_172d6477-fd81-48c7-b74e-c52de22b3644,kit,Bigia,prop.n.,,,,,,
Bigiya_1b368d14-bf2d-4643-9ea0-b73b7b4fad57,kit,Bigiya,prop.n.,,,,,,
bigma_05f897a9-7fd8-49bb-91ec-83d826540280,kit,bigma,n.,,,,,biɡma,
Bigjay_357e7013-ffc7-4f40-83da-92fcb4368a14,kit,Bigjay,prop.n.,,,,,biɡd͡ʒe,
bikme_7c5288e6-31ba-40cb-8fdd-0f6f3bcade13,kit,bikme,n.,,,,,bikme,
bikme laelem_4f516f8b-c707-4a8a-9c3a-c0d85b3c8b93,kit,bikme laelem,n.,,,,,bikme laelem,
bikme pipllo_91e49673-25be-43be-afdf-6af2c3069e7f,kit,bikme pipllo,n.,,,,,bikme pipɽo,
bikme sanasana_4a165b59-7f67-4039-b429-104eade1236a,kit,bikme sanasana,n.,,,,,bikme sanasana,
bikme tutu_2eb2d649-b02b-43e7-ad2f-382b825033e9,kit,bikme tutu,n.,,,,,bikme tutu,
bikme yobeg_f5ed0507-2bb5-4a93-989e-1e18d79aacb4,kit,bikme yobeg,n.,,,,,bikme jobeɡ,
Biks_ee221f6f-6150-4e7f-97c9-770cdfd152b1,kit,Biks,prop.n.,,,,,,
Biku_dd49ddc3-d984-404c-9a16-1b42d0dc5761,kit,Biku,prop.n.,,,,,biku,
bikwem_1ea37129-f2a0-40c4-b124-352a3230eeea,kit,bikwem,n.,,,,,bikwem,
bile_321a10bd-8ebb-4511-8cbd-5db9a6fb19fb,kit,bile,n.,,,,,,
bilod_1ea4ca5f-2da7-4ae6-bc4c-be5cb7a65b8c,kit,bilod,n.,,,,,bilod,
=bim_697c456d-5863-446e-af6f-5d28df9ad06d,kit,=bim,pro.enc.,,,,,bim,
Bimadbn_7dfa1c11-0147-4aea-8929-4458887c4fe9,kit,Bimadbn,prop.n.,,,,,bimadbn,
bin_d01cd49d-6e2d-4088-9497-a9b65cc2f574,kit,bin,n.,,,,,bin,
bina_cba323cd-1db3-4c37-b035-3266abb8649e,kit,bina,pro.,,,,,bina,
binaene_77c473b5-7cc8-46a8-9366-4073907ce860,kit,binaene,pro.,,,,,binaene,
binang1_67a5ea30-18b1-4be4-9863-db3f14546634,kit,binang,n.,,,,,binaŋ,
binang2_b4522670-c842-4235-8a3d-aabeaf93efc4,kit,binang,mod.,,,,,,
binbäddbädd_892c8188-6cf1-4716-a5ff-3d7fe8736304,kit,binbäddbädd,adv.,,,,,binbəɖ͡ʐbəɖ͡ʐ,
Bine_9ee869d1-fde4-4f06-9fc9-b46d79faa7ed,kit,Bine,prop.n.,,,,,bine,
binzeg_f9139f03-c342-4350-90bb-499b47255169,kit,binzeg,t.v.,,,,,binzeɡ,
Binyomoll Källäm_a24505f4-5bda-40d1-85b7-6ee28972f19d,kit,Binyomoll Källäm,prop.n.,,,,,biɲomoɽ kəɽəm,
Bipi_4bc2de08-dd22-4686-a751-bb368c6425c5,kit,Bipi,prop.n.,,,,,,
bir_1383fbe7-7224-45cc-b169-1cb3917946ab,kit,bir,n.,,,,,bir,
Birigi_9e9c0866-48b6-4011-8b67-7c09b19d81b4,kit,Birigi,prop.n.,,,,,,
biro_c19383a2-1a16-4f9c-9a13-1e9ea869babd,kit,biro,n.,,,,,,
bisbis_949ef885-2317-4873-b9d1-967d2cf7ca7a,kit,bisbis,n.,,,,,bisbis,
bisel_ab5b08e1-8adc-42e3-8a92-fbd51c1fdd32,kit,bisel,n.,,,,,bisel,
Bisenmo_b18d63a8-eab1-43b8-be66-b1500e8d61c5,kit,Bisenmo,prop.n.,,,,,,
bisnis_00488cda-a948-4d8d-86f3-5857b142ac70,kit,bisnis,n.,,,,,,
Bisuaka_3bc7a327-acea-428d-8b17-b12465919972,kit,Bisuaka,prop.n.,,,,,bisuaka,
Biswaka_30791c12-2221-4412-8330-5f77c4666d2b,kit,Biswaka,prop.n.,,,,,,
bitän_38a5533e-e94f-456a-971d-ed7cd203d747,kit,bitän,n.,,,,,bitən,
Bitur_116c082d-25f7-4738-b822-035971128f3d,kit,Bitur,prop.n.,,,,,bitur,
bittang_15252de7-7117-412e-8c2e-5f95d2f5f853,kit,bittang,cov.,,,,,,
bittott_acbf1321-b7df-4fdc-8d0a-b89a4948db9a,kit,bittott,n.,,,,,biʈ͡ʂoʈ͡ʂ,
biwiz_82552245-b192-433f-99f5-aebdc0bb1d66,kit,biwiz,n.,,,,,biwiz,
biye_d6e390ad-12a6-4995-8c1c-91cf0a7c3595,kit,biye,n.,,,,,bije,
Biyewolatt_34051cb9-a09b-4bad-849c-808273ae5e70,kit,Biyewolatt,prop.n.,,,,,bijewolaʈ͡ʂ,
bɨd_470c8263-952e-4d78-8379-a67f653ba2ee,kit,bɨd,n.,,,,,bɪd,
bɨk_635cdb83-469e-4462-87f7-f3967054ebc2,kit,bɨk,n.,,,,,bɪk,
bɨt_e526b115-8c33-46cc-8952-acf114ce9932,kit,bɨt,mod.,,,,,bɪt,
bɨtbɨt_36b9e281-1314-44aa-a8e1-767aac3a928d,kit,bɨtbɨt,col.,,,,,bɪtbɪt,
bɨtbɨtbɨtbɨt_a790b9d9-0542-482f-b3ee-e146502df5a4,kit,bɨtbɨtbɨtbɨt,col.,,,,,bɪtbɪtbɪtbɪt,
blab_368f1cdf-4224-4fd1-a27c-4482f2eebde3,kit,blab,i.v.,,,,,blab,
blame_0f391bec-d897-4a05-9787-17c1a43169b9,kit,blame,,,,,,,
blengud_29d336ea-2751-4ad0-a8a9-69f6ebf1a87d,kit,blengud,n.,,,,,blɛŋɡud,
bllablla_1bf8117e-d8fc-44cf-8901-bed6ba7b07e1,kit,bllablla,n.,,,,,bɽabɽa,
bllablle_721b057e-0aa9-4307-ac8b-bd158e4d7614,kit,bllablle,,,,,,,
bllam_280c7119-d1fa-4e80-975e-93bb8166346c,kit,bllam,,,,,,,
blläg_230caeb2-4829-4019-811d-83c5bde8f421,kit,blläg,t.v.,,,,,bɽəɡ,
bllolla_b1d4fbe2-a703-4514-b141-4eb0662f8bcc,kit,bllolla,n.,,,,,bɽoɽa,
=bo_2da841fb-c3a7-4241-9da2-1ebe2fcf6601,kit,=bo,pro.enc.,,,,,bo,
bob1_1287e669-ff3b-4acc-81f4-f5defe8c7831,kit,bob,n.,,,,,bob,
bob2_f59b0fdc-e390-4e0f-848e-8443858e8ee0,kit,bob,n.,,,,,bob,
bobag_c145f3ba-0b34-478b-9e66-c485e6582e08,kit,bobag,n.,,,,,bobaɡ,
Bobe_e38c5218-e75a-4478-aebe-5f31f2901a68,kit,Bobe,prop.n.,,,,,,
bob lläkäm_82634fd3-d972-4ef2-8b51-b053e14ad6c1,kit,bob lläkäm,n.,,,,,bob ɽəkəm,
bobllem_2c2ce626-e925-4515-8a81-c0758ad03d01,kit,bobllem,i.v.,,,,,,
bobngätt_70995fd3-6387-4afb-83ee-14d953c4eefa,kit,bobngätt,n.,,,,,bobŋəʈ͡ʂ,
Bobngätt_d1bbcd39-0ca1-4fa3-9569-1f633ea922ae,kit,Bobngätt,prop.n.,,,,,bobŋəʈ͡ʂ,
Bobzag_a176b640-454e-42e6-ae57-8f24b4009303,kit,Bobzag,prop.n.,,,,,bobzaɡ,
Bobze_cc18b813-2243-46c6-b956-58b8e537b403,kit,Bobze,prop.n.,,,,,,
bod_9d7aef9b-0439-45b1-91e0-a2341fac2b83,kit,bod,n.,,,,,bod,
bode_ee2054fc-ec1b-4875-b962-bb3c1dc4227b,kit,bode,pro.,,,,,bode,
bodo_d227e840-d46b-4fe3-a2ac-01f6876c343c,kit,bodo,mod.,,,,,bodo,
bodobodo_0557ac67-ed25-47c2-b105-a6c5da4e6125,kit,bodobodo,mod.,,,,,,
bodobodom_1844187d-9afd-4d1c-83e7-b51acacd3109,kit,bodobodom,n.,,,,,bodobodom,
Bodog_bc190665-9f16-41ef-8971-fe4ca386cfe6,kit,Bodog,prop.n.,,,,,bodoɡ,
bod ttoe_25fe67b3-7179-4925-ae25-85370fb51bab,kit,bod ttoe,n.,,,,,,
boddo_1bbba492-5490-448b-8f38-6d199fb4ff64,kit,boddo,n.,,,,,boɖ͡ʐo,
boe_f96eb832-2f13-4b35-8c19-121cb8ecd6db,kit,boe,n.,,,,,boe,
boeb_71f1dc84-7158-42b8-ba37-78187a91dcec,kit,boeb,v.,,,,,boeb,
bog_ddb3d008-fd09-4f3a-9304-afd7bcd4dcc7,kit,bog,n.,,,,,boɡ,
boga_e227f278-b2d6-4cab-9e79-ca424e5cfda2,kit,boga,n.,,,,,boɡa,
boge_951dbe24-e5ab-4e5e-9887-fc25e6297961,kit,boge,n.,,,,,boɡe,
bogel_562fa1d5-db10-41c2-b581-9817f510fbb5,kit,bogel,n.,,,,,boɡel,
bogo_d0b18d36-098a-464c-95b3-6dc76526bbe3,kit,bogo,pro.,,,,,boɡo,
bogobogo_443e7d64-bde8-4435-a877-864bcccd05a0,kit,bogobogo,n.,,,,,boɡoboɡo,
Bok_43029374-90af-4ecf-9719-9c68ebc730b9,kit,Bok,prop.n.,,,,,bok,
boko1_2f9b29ad-f759-464b-9d97-64d532653926,kit,boko,n.,,,,,boko,
boko2_eaa43064-3772-442b-9f0c-037615d534f3,kit,boko,pro.,,,,,,
bol_9500ffa7-fe99-4aab-86a4-ccac79af093a,kit,bol,n.,,,,,bol,
bolod_e0b7bf6c-98c9-41d0-8aed-4ab1b8cc5de2,kit,bolod,n.,,,,,bolod,
bolwod_76a94b4d-04e6-4f4b-8bf7-f468f13344d7,kit,bolwod,n.,,,,,bolwod,
boll_2fb99912-c823-4f7a-b894-0f04f8fb763c,kit,boll,n.,,,,,,
bollboll_b91a557f-fc78-4280-9e29-16dcf62106f4,kit,bollboll,t.v.,,,,,boɽboɽ,
bollga_494ecaff-6284-42f2-8762-f3cf304da2af,kit,bollga,n.,,,,,boɽɡa,
Bollga_648f88ec-5d8f-4d62-ad1f-46f9120d87ae,kit,Bollga,prop.n.,,,,,,
Bolloll_80c6eabb-ca90-4f61-b1ad-897b88ba1cc2,kit,Bolloll,prop.n.,,,,,boɽoɽ,
=bom_5ca94a22-cb23-45b4-8997-2f431054ecd0,kit,=bom,pro.enc.,,,,,bom,
boma_a81fd77c-0761-4358-8a2b-ed1d91bdf984,kit,boma,n.,,,,,,
bomall_2590f84f-195f-426b-9ad9-4a424ed76b3d,kit,bomall,n.,,,,,bomaɽ,
bombllo_30c592d7-b700-45e8-bdc5-471538ca26c5,kit,bombllo,cov.,,,,,bombɽo,
bombom_ade3520b-67e0-416a-8958-65a54b5ea603,kit,bombom,n.,,,,,bombom,
bomo_647cbc16-4719-4c33-851a-8e4523074623,kit,bomo,n.,,,,,,
Bomso_fb8b23d0-2e3c-45db-ba90-903cb4eace2e,kit,Bomso,prop.n.,,,,,bomso,
Bonibi_d8d58f64-d7fc-430a-9a1b-e9a37d9413f1,kit,Bonibi,prop.n.,,,,,bonibi,
bonzro_7762dc9b-fd4d-45f3-9aa9-337162b5cded,kit,bonzro,n.,,,,,bonzro,
Bong_7300bdd9-ea80-43de-b9e8-931673d03976,kit,Bong,prop.n.,,,,,,
bongo_b54b3fde-4668-44d3-93fd-afdd337f3a46,kit,bongo,pro.,,,,,boŋo,
Bonybony_229bc226-de3f-4b7b-8daa-a91220fc8b7f,kit,Bonybony,prop.n.,,,,,boɲboɲ,
bonydre_5ebc9005-67ef-4b93-83c9-a20cddf09574,kit,bonydre,n.,,,,,boɲdre,
bor_207feecd-3270-4452-8538-82ba52f28b75,kit,bor,n.,,,,,,
borale_f7b46059-89c2-4599-abf5-8ec6607a42fe,kit,borale,n.,,,,,borale,
boralle_acd46d8b-621e-4b43-b8df-cf3b3c764db5,kit,boralle,,,,,,boraɽe,
bore_1eb5e7d9-3bfb-4e02-bbf6-a56dccbf7fed,kit,bore,n.,,,,,,
bormop_62e183b8-7b9c-4a66-917d-9422964ed98e,kit,bormop,n.,,,,,bormop,
boser_1e3a2569-457d-4276-be6d-4f9d8a137bad,kit,boser,n.,,,,,boser,
botol_f3a1dcc3-58e6-4757-8200-d7c743f0d4e2,kit,botol,,,,,,,
bott_9cdd03a4-3009-4fca-8bdd-4e7c526a0a87,kit,bott,n.,,,,,,
botta_33239347-a0e7-4f2f-8b5f-496c62235857,kit,botta,n.,,,,,boʈ͡ʂa,
bowe_25899b64-9508-4377-951e-dd89d5ceea97,kit,bowe,n.,,,,,bowe,
Boze_d7b0e57f-3cbb-46e3-98c9-56e11f4a1022,kit,Boze,prop.n.,,,,,boze,
Bozorob_c7a0a4c8-6748-454a-9544-5a181566674b,kit,Bozorob,prop.n.,,,,,bozorob,
Bozrob_af89e699-9db1-46d9-8b05-4a63a7a665a3,kit,Bozrob,,,,,,,
Breton_d855a0d6-6bc2-4dea-8a2e-b0605c4e737c,kit,Breton,prop.n.,,,,,brɛton,
buata_892631fd-48d7-45ac-b733-34bb8be4dd6c,kit,buata,n.,,,,,buata,
budar_a2a2f9d1-8161-4701-b917-698d96c563b0,kit,budar,n.,,,,,budar,
budombudom_f4476695-48e8-4634-a509-3a25fc9d8488,kit,budombudom,n.,,,,,budombudom,
buddo_1df55f99-802a-4875-830e-78f11c9af6aa,kit,buddo,n.,,,,,buɖ͡ʐo,
buddobuddo_a4599d9d-816c-43d1-9843-199d2aef63d3,kit,buddobuddo,mod.,,,,,buɖ͡ʐobuɖ͡ʐo,
buddobuddog_ce38bee9-74f0-4d16-bc16-21675c36d338,kit,buddobuddog,adv.,,,,,buɖ͡ʐobuɖ͡ʐoɡ,
buddog_1f88bf4a-d724-417f-b860-85e7c5cfbb6f,kit,buddog,mod.,,,,,buɖ͡ʐoɡ,
bugu_68531c1a-c1a1-4e64-b5fb-b12ac176eccb,kit,bugu,n.,,,,,buɡu,
Buib_c8aab942-9ca7-469c-a77c-dcd1b5815c68,kit,Buib,prop.n.,,,,,buib,
buidde_45461823-d4ee-4a8a-a7ff-6547b72b29ab,kit,buidde,n.,,,,,buiɖ͡ʐe,
Buiddobuiddog_d3415be0-1798-4e12-b0e3-2c16f87e1627,kit,Buiddobuiddog,prop.n.,,,,,buiɖ͡ʐobuiɖ͡ʐoɡ,
buindre_445ab028-a841-4fd9-a422-50877d561e0b,kit,buindre,n.,,,,,buindre,
buitu_4bd648e6-91dd-4d84-911e-303d8b332cc4,kit,buitu,n.,,,,,buitu,
buk_7f4544a7-d3c8-42b2-b6ea-af5a92b120ea,kit,buk,n.,,,,,buk,
bulwem_03f8643a-b07e-4a90-8aa2-c3be443cdf08,kit,bulwem,n.,,,,,bulwem,
bullalla_cec4b6e3-5e10-4acf-8b3f-986e03a13e0d,kit,bullalla,n.,,,,,,
bullull_428ac7df-92af-4e99-ad60-b1599cb62a48,kit,bullull,n.,,,,,buɽuɽ,
bumo_d12526e8-5d57-41aa-802b-343773b00cec,kit,bumo,n.,,,,,,
bumrel_bb2052a7-61b0-4cc8-8e87-57e73a8a1dac,kit,bumrel,n.,,,,,bumrel,
bun_1eda0c10-b07f-4704-a2d3-22e7fb50f12e,kit,bun,n.,,,,,bun,
bunbun_2f08b29a-ec53-4e7e-920d-05809a6c4cc0,kit,bunbun,n.,,,,,,
Bundae_a72d8d31-6f50-46b4-865b-32a9057c8eb6,kit,Bundae,prop.n.,,,,,bundae,
bun dänräp_7ab520cb-67e5-4d01-83b2-34194844a01a,kit,bun dänräp,n.,,,,,,
bunkälle bunkälle_2270e3ca-3e56-455b-a407-1db6cf1a7e79,kit,bunkälle bunkälle,n.,,,,,bunkəɽe bunkəɽe,
bun käp_fd00e5f8-1d81-4b23-ae5f-94503730a8dd,kit,bun käp,n.,,,,,,
bunkom_0f4f1578-4b4b-4378-ad04-22573c470ae2,kit,bunkom,n.,,,,,,
bun kom_b8ee0e8e-4fbe-498c-9b3a-5c1d8c55eb59,kit,bun kom,n.,,,,,bun kom,
bunkombunkom_3a678148-d95f-413b-a21d-abd8149d95d4,kit,bunkombunkom,n.,,,,,bunkombunkom,
bunkom tätäp_957f9e76-06dc-48cf-91b9-9e05e5462d3d,kit,bunkom tätäp,n.,,,,,bunkom tətəp,
bunkutt_6a4bc8d8-4f24-4a92-b6d6-8e95913d4c85,kit,bunkutt,n.,,,,,,
bun kutt_c3b8de81-8fca-49ec-9142-8b3abf8ab582,kit,bun kutt,n.,,,,,bun kuʈ͡ʂ,
bunkuttang_9be72657-9a58-4fef-aacc-0a466081eddf,kit,bunkuttang,n.,,,,,bunkuʈ͡ʂaŋ,
Bunkuttangmälla_0d544ed4-9b29-4790-a7ea-ccafea46a356,kit,Bunkuttangmälla,prop.n.,,,,,,
bun lla_263e1957-4230-4a74-a558-d12c44d44e75,kit,bun lla,n.,,,,,bun ɽa,
bunmat_18fe4668-80bd-4466-8cb6-bbd10124af10,kit,bunmat,n.,,,,,,
bun pallkamatt_58755df5-127b-4aec-8d09-d70db692c5b6,kit,bun pallkamatt,mod.,,,,,bun paɽkamaʈ͡ʂ,
buntok_6eed5e97-307e-434e-9b0d-ef2b41b3b05a,kit,buntok,cov.,,,,,,
bungg_60950616-1839-4591-90d6-e55fdabb1b5d,kit,bungg,t.v.,,,,,,
bur_f63206db-f201-4b5d-8324-aebe54b786b4,kit,bur,n.,,,,,bur,
burag_ce14c4bc-b992-4766-b04e-2d398a7cfe96,kit,burag,n.,,,,,buraɡ,
burara_9877c618-1e46-440e-aecc-bbd616763a35,kit,burara,n.,,,,,burara,
but_c542f70b-0d14-4a6c-bb98-271c501ebdab,kit,but,,,,,,,
buwo_9a43c4d6-1aef-4821-ae90-7f93608da211,kit,buwo,n.,,,,,buwo,
Buyubun_391aa883-2c23-4e6b-919f-ffc9926047d9,kit,Buyubun,prop.n.,,,,,bujubun,
buz_f76c8ccb-4ea0-4ed5-a2ac-e5bd26675791,kit,buz,n.,,,,,buz,
Buzi_e28d8fbf-9b11-4679-9d99-5fe07cae8a82,kit,Buzi,prop.n.,,,,,buzi,
d-_4d6171a1-8d7c-4e4c-9652-139f7447b79b,kit,d-,v.,,,,,d,
da1_499521ae-4dfc-44e1-a677-eb7841b1737f,kit,da,sub.con.,,,,,da,
da3_60cda54a-58f7-46f0-ac53-2afe8000fa61,kit,da,nom.dem.,,,,,,
da4_751e3b64-6242-43a8-b926-ef6b5a8f79d4,kit,da,nom.dem.,,,,,,
da~_7d14f26a-de7a-4e34-952f-f4a92b31e946,kit,da,,,,,,,
=da1_7d6f02eb-265a-4279-bad6-d397b8bcef0f,kit,=da,nom.clt.,,,,,da,
=da2_c6722fc2-181b-40fe-aaf0-6c4726cf4d4a,kit,=da,nom.clt.,,,,,da,
da2_fbce9799-6b41-416f-8b5b-8dc00ee5b5b5,kit,da,,,,,,da,
daballe_6222254e-5b6a-496e-a38d-14e50055feb5,kit,daballe,adv.dem.,,,,,,
dabän_3fa310b1-f10d-4f72-b330-3fbdb17a078d,kit,dabän,t.v.,,,,,dabən,
Dabe_aedfe8e3-ee24-4eb1-b461-94fd9edd2d25,kit,Dabe,prop.n.,,,,,dabe,
Dabi_db2d1497-82ab-4992-a4e9-711ab4bbffc0,kit,Dabi,prop.n.,,,,,dabi,
dabit_82c8d993-155f-4453-b20c-629e27267a68,kit,dabit,n.,,,,,,
dada_3247ca50-56b5-4926-9089-0bc54c3e621e,kit,dada,Kinship noun,,,,,dada,
dadaeya_fe28df71-b452-4c30-b2d3-f168364ee526,kit,dadaeya,cop.,,,,,dadaeja,
dadargu_1a548297-28d3-473f-af1f-550d464c7dfa,kit,dadargu,n.,,,,,dadarɡu,
dadäp_7267a6c9-2f82-4268-b368-922afc4d41a6,kit,dadäp,n.,,,,,dadəp,
dadär_bb4f9a6e-6e88-49f4-914e-75e097ec9c14,kit,dadär,n.,,,,,dadər,
dadäräb_3ecfe22d-0406-4c93-b057-12e30630ab5c,kit,dadäräb,t.v.,,,,,dadərəb,
dadäräd_c708875b-474d-4eab-91a8-9340775746fc,kit,dadäräd,i.v.,,,,,dadərəd,
dade3_0861fa9d-f510-4ef6-8f2e-5918a57b4bad,kit,dade,man.adv.,,,,,dade,
dade1_2605cc6e-eddc-488e-99ff-aa5a91945e75,kit,dade,n.,,,,,dade,
dade2_2ad396d7-8e11-4313-84ac-4ac79c9463bb,kit,dade,cop.,,,,,,
dadeg_c7a2beac-56ab-4580-850f-274e08e0aa70,kit,dadeg,cop.,,,,,dadeɡ,
dadegaeya_afec29e5-6fbf-4762-8740-f92363756c74,kit,dadegaeya,cop.,,,,,dadeɡaeja,
dadegaeyo_746759bd-c241-44ec-8e29-4f0780312a16,kit,dadegaeyo,cop.,,,,,dadeɡaejo,
dadegän_b75b60be-af30-46f5-b2d3-c1b6bcd5a1f9,kit,dadegän,,,,,,,
dadegeya_7691cf60-6523-423a-bd25-117c3a594d30,kit,dadegeya,,,,,,,
dadegeyo_cbe6a125-f819-408c-a97e-b46b7a822695,kit,dadegeyo,cop.,,,,,dadeɡejo,
dadegwaeya_93d7cae1-25c8-4688-a6f8-101bcecd22fc,kit,dadegwaeya,cop.,,,,,dadeɡwaeja,
dadegweya_839641ca-f3e1-4b26-bd5c-214f92c4588e,kit,dadegweya,,,,,,,
dadel_a577d51d-9c1a-4da6-a22e-177842a79b2b,kit,dadel,n.,,,,,dadel,
daden_5f40794a-72be-4728-8f17-714f99ecf3ec,kit,daden,cop.,,,,,daden,
dadewän_3668ca28-7c61-43ae-af3c-d255a0f3831e,kit,dadewän,,,,,,,
dadewon_4ee04875-6c35-4d94-a57a-df086c5212fd,kit,dadewon,,,,,,,
dadeya_cc5e2d6f-ecf5-40fe-a4fa-5764c4597a6c,kit,dadeya,,,,,,dadeja,
dadi1_8f348d0b-479e-4118-a76f-fc2731796607,kit,dadi,,,,,,,
Dadi_98f0e42e-2b83-431a-8fef-9c82fe146c3a,kit,Dadi,prop.n.,,,,,,
dadi2_aca0f263-80e3-4ff1-8eb3-3a57fb444761,kit,dadi,,,,,,,
dadiweya_55e167cf-85b4-450e-a5c5-9ace176031c0,kit,dadiweya,,,,,,dadiweja,
dadräb_bb5a751e-49c3-4e83-8042-5e2926de25ae,kit,dadräb,,,,,,,
=dae1_57e6b16d-e702-4fb7-8eb6-a050e883f1c0,kit,=dae,,,,,,,
=dae2_68c004b7-80a4-4b6f-a394-45d530f91a88,kit,=dae,nom.clt.,,,,,dae,
=daebe_4b15e6bb-402a-4858-a1c7-ce2e81d7a812,kit,=daebe,nom.clt.,,,,,,
daebeg_17292046-1007-4101-a6c1-b6850dfbc515,kit,daebeg,cop.,,,,,daebeɡ,
daebegaeya_08389835-2aa9-4b3c-9f4f-a042ff5fd1e8,kit,daebegaeya,cop.,,,,,daebeɡaeja,
daebegeyo_1ddd15a5-b94c-42f3-8014-abf2322d99a3,kit,daebegeyo,cop.,,,,,daebeɡejo,
daeben_8113b4fa-4d66-4035-b206-6afe3af86070,kit,daeben,cop.,,,,,daeben,
daebeya_7d93b729-2d69-42e3-bdc4-a641c80b48f8,kit,daebeya,cop.,,,,,daebeja,
daem_8c810850-39c8-42f7-89ec-76f08bf38a16,kit,daem,cov.,,,,,,
Daena_cd7f44c9-686c-4763-a555-ee49ea72be65,kit,Daena,prop.n.,,,,,,
daendae_8395434a-f2a4-43df-a1ec-6827eb78a56c,kit,daendae,n.,,,,,daendae,
daes_7a338d8c-2f4f-49e8-92d9-0d4ff42f436c,kit,daes,,,,,,,
daeya_2ff8a708-3515-4fd7-b10c-570fd5d08e23,kit,daeya,cop.,,,,,daeja,
daeyag_93e8c8a9-83e5-407f-8af1-a86d6f75714e,kit,daeyag,,,,,,,
Daeyagmälla_eb3ad823-a145-484d-beda-b69ade89c8fe,kit,Daeyagmälla,prop.n.,,,,,,
Daeyna_1007d123-d10b-4d75-9e3e-4724d28086de,kit,Daeyna,prop.n.,,,,,,
dag_364b9ed2-28fe-4426-8049-1d6c8f81901d,kit,dag,cop.,,,,,daɡ,
daga_fcba77b7-8cdc-4923-9ef3-f4e82a890cc9,kit,daga,n.,,,,,daɡa,
dagaeya_066c6a2a-50f1-4a73-9887-0db4ee14a046,kit,dagaeya,cop.,,,,,daɡaeja,
dagal_d75deeae-4957-41c5-944d-8d5090a7b6df,kit,dagal,t.v.,,,,,daɡal,
dagaya_b342c80a-9853-4a1b-a513-91bb3d582cc9,kit,dagaya,,,,,,daɡaja,
dageya_36368251-0521-444b-8c21-9e9cc06bbe4d,kit,dageya,,,,,,daɡeja,
dageyo_0660bcce-fde5-4925-87cf-5ce07229acb0,kit,dageyo,cop.,,,,,daɡejo,
dagwaeya_c406bf9d-7cfc-4289-9f27-0e30b320ba48,kit,dagwaeya,cop.,,,,,daɡwaeja,
dagwän_401d8212-af6e-46a4-9f3f-1514d1c0ca7f,kit,dagwän,,,,,,,
dagwe_8c1c6d4b-9b95-40d7-94fa-3637b17b75ba,kit,dagwe,,,,,,daɡwe,
dagweya_bbaa98f1-290d-423d-ab81-d0eb9cfc3656,kit,dagweya,,,,,,daɡweja,
Daiba_987cdb7d-4b96-435c-8a78-0c7bec59592e,kit,Daiba,prop.n.,,,,,daiba,
daindai_991260cd-1cdf-4f59-a374-4ce56bfd3b7a,kit,daindai,n.,,,,,daindai,
daindaim_1cf8b9cf-f198-4d35-8c71-3fb4d029e031,kit,daindaim,n.,,,,,,
dalab_13ac4e42-ae10-41ec-b214-fd45fa1d1e8d,kit,dalab,t.v.,,,,,'dalab,
dale_2ec2b015-6d4b-4864-b2ab-98a5259069d8,kit,dale,n.,,,,,dale,
dam_f639a5b9-a388-4650-b91e-807c2d183d16,kit,dam,adv.,,,,,dam,
damasäm_d147cc6c-561d-426f-ad68-f7e83f831d39,kit,damasäm,adv.dem.,,,,,,
damasema_a581f76a-59e7-4537-8463-4cb85215ff13,kit,damasema,,,,,,damasema,
damärärmae_dc72e739-136b-4346-982c-5202a49eae4a,kit,damärärmae,adv.,,,,,damərərmae,
damona_608cbd98-67ad-42cf-8f1d-0d072e1b7902,kit,damona,num.,,,,,damona,
damong2_036c9183-95ce-4b80-b469-bbad742b17f3,kit,damong,loc.n.,,,,,,
damong1_18174ed8-cf94-4f2e-b21d-db5aba81aec4,kit,damong,mod.,,,,,'damong,
dan_45c0b36e-d35d-4fb3-95d0-c9c4c28cc51b,kit,dan,cop.,,,,,dan,
dana_49d365bf-146e-4278-9b77-15de731f2228,kit,dana,cov.,,,,,dana,
danän_2e9cae07-b918-4485-aab4-094600f72656,kit,danän,,,,,,,
Daniel_525ad0fc-865d-4b2d-a7cd-b023baad94de,kit,Daniel,prop.n.,,,,,daniel,
Danipa_be6989db-c331-4dbb-8054-39e6e40941fe,kit,Danipa,prop.n.,,,,,danipa,
dang_6d4dbd65-d0a3-445b-acd6-18e6d6411cc3,kit,dang,n.,,,,,daŋ,
dangg_4e031ea2-1360-44c8-95e7-3f432b770cda,kit,dangg,i.v.,,,,,daŋɡ,
dangkam_354baccf-8f4f-4545-9111-cef82d7e984d,kit,dangkam,i.v.,,,,,daŋkam,
dangkälmang_5ce7b95a-54b8-4088-bf66-fb86dc109177,kit,dangkälmang,n.,,,,,daŋkəlmaŋ,
dangne_a9d901c0-6ea8-4a4c-b4c7-475d59e63dec,kit,dangne,n.,,,,,daŋne,
dangnebudar_2a01f9fc-4bfb-4147-b7a8-553139391632,kit,dangnebudar,n.,,,,,daŋnebudar,
dang toto_1320bd2f-1930-4d29-b6eb-515acbbfe4a1,kit,dang toto,n.,,,,,daŋ toto,
daolle_4b501bfd-eb56-41ce-8e2a-faaf692882ab,kit,daolle,adv.dem.,,,,,daoɽe,
daollemae_dc75207a-5ebb-4fe9-baea-a86f42a56e12,kit,daollemae,adv.,,,,,,
dape_30771371-5416-405c-baed-cf09a28cf7bb,kit,dape,n.,,,,,dape,
dara2_01d2bfda-39af-485a-bf6c-72e2b37a5970,kit,dara,n.,,,,,,
Dara_907465d6-a07e-4623-b1ba-708328b98c0a,kit,Dara,prop.n.,,,,,dara,
dara1_cf252dec-1dc1-45fd-8dbd-2233218ab9ee,kit,dara,n.,,,,,dara,
darab_7afe9d0d-02c9-43f8-a298-98bc570cd003,kit,darab,,,,,,darab,
daradara_c9deed63-d3e8-4045-b61b-e59216830d4f,kit,daradara,n.,,,,,daradara,
daram~_a5706b62-4300-407e-8b38-0f9a8554e311,kit,daram,,,,,,,
daram_f30216df-d746-4eae-9c10-c90ee39ffaf2,kit,daram,v.,,,,,,
daramdaram_aad6f976-6335-4b5b-859e-1d2e00bd0406,kit,daramdaram,adv.,,,,,daramdaram,
Dareda_d93380d9-019e-4e16-96cc-bcde48c96a70,kit,Dareda,prop.n.,,,,,dareda,
darkukiny_01290cbb-ab65-4624-89b9-44375414a34b,kit,darkukiny,n.,,,,,darkukiɲ,
darombe_34cbe86e-7ba1-4272-a8b5-804405d4365f,kit,darombe,n.,,,,,darombe,
Darren_7b2e8b39-5312-4cc2-84db-d9afb8511637,kit,Darren,prop.n.,,,,,darren,
Daru_c216177b-5d66-473f-87a7-0551ce3a5937,kit,Daru,prop.n.,,,,,,
date_6b0e1d2c-986f-49ca-a16f-7a60a1e69e15,kit,date,,,,,,,
daudau_80e4178a-a7db-40f6-aa61-5f028a24c2c0,kit,daudau,cov.,,,,,daudau,
dauma_88766997-f3c6-4c74-b415-f5a71402fe6d,kit,dauma,n.,,,,,dauma,
David_ad7896c5-e5fa-46df-9f7c-493da7ff1a12,kit,David,prop.n.,,,,,,
däba2_8c381ea6-4ec7-4969-b622-c4735c03aef3,kit,däba,nom.dem.,,,,,dəba,
däba3_c02cbf42-1d1a-4a73-8f5c-bdd1624240e0,kit,däba,t.v.,,,,,dəba,
däba1_ed10e0e1-d952-4861-9e92-389a067bfd9c,kit,däba,n.,,,,,dəba,
däbaballe_907d23f9-996e-41c2-a607-08a3b9728bbc,kit,däbaballe,adv.dem.,,,,,,
däbae_19e6c184-0613-48bc-8944-b5f307f811a4,kit,däbae,i.v.,,,,,dəbae,
däbaeya_8512ba39-f5b5-4849-975d-79c1069acde1,kit,däbaeya,cop.,,,,,dəbaeja,
däbag_a6b99dc5-4500-44ff-af20-f7b829cc0435,kit,däbag,cop.,,,,,,
däbagaeya_8c4799a7-51f8-45aa-8f13-f0d2d5e15a66,kit,däbagaeya,cop.,,,,,dəbaɡaeja,
däbageya_93e7b9e4-fdbb-48f7-8b94-167b919af0a3,kit,däbageya,,,,,,dəbaɡeja,
däbageyo_4bcdcede-e109-475c-970e-2ae1ddf081a8,kit,däbageyo,cop.,,,,,,
däbagwaeya_bf0ae222-1d0a-46a9-bb3a-9828275778af,kit,däbagwaeya,cop.,,,,,dəbaɡwaeja,
däbako_4da06a5d-b852-4ae2-aa83-b6a6a96732c0,kit,däbako,nom.dem.,,,,,,
däballe_3347121c-f730-4aee-af6e-96dfa26b3a55,kit,däballe,dem.,,,,,,
däbamasäm_e7e0a3aa-09da-462b-b6ea-d339c5ff94ee,kit,däbamasäm,adv.dem.,,,,,dəbamasem,
däbamasem_80fe671d-f867-4e07-8942-6dbc652d0d67,kit,däbamasem,,,,,,,
däbamattäm_7cb816bd-2145-4d52-b1da-2a29794b0f1e,kit,däbamattäm,,,,,,,
däbame_d25012d4-67fc-49ba-8609-85a43fb3b3a4,kit,däbame,,,,,,,
däban_38d6c66a-d691-42b3-a84e-d13b6715c572,kit,däban,cop.,,,,,,
däbaolle_051b50f1-f1f0-48aa-9a0d-e2fa477b8812,kit,däbaolle,adv.,,,,,dəbaoɽe,
däbaya_98ec2e9d-19be-4c57-a720-306ad3bc5c74,kit,däbaya,,,,,,dəbaja,
däbäll_66a76f61-ebde-4bbb-80f5-3905fd36a666,kit,däbäll,t.v.,,,,,dəbəɽ,
däbe2_7adb7857-21aa-4f14-9c14-2508526cf51c,kit,däbe,,,,,,dəbe,
däbe1_9c21de71-98d5-4283-a4ef-a00e75c7bd4a,kit,däbe,interj.,,,,,dəbe,
däbe3_b65e5430-546c-46fd-8e63-bd341a06da7f,kit,däbe,dem.,,,,,dəbe,
däbem_c47d76b9-8a6b-4d53-b2a0-a02e8c4c2174,kit,däbem,nom.dem.,,,,,,
däbemasem_1bcde8e3-9d9f-45e5-bd73-d9e1ce9d127a,kit,däbemasem,adv.,,,,,dəbemasem,
däben_b1b939f3-0848-4ce4-878f-05e4fe3d87aa,kit,däben,,,,,,,
däbeya_3980de06-2124-4d71-8e10-f739718dabf2,kit,däbeya,,,,,,dəbeja,
däbi_4f03de86-3083-4aef-ac99-26fe62a12213,kit,däbi,n.,,,,,dəbi,
däd_a2a208bd-3897-430b-afab-b878f3e1af8c,kit,däd,dem.,,,,,dəd,
dädäk_71221209-0d7d-4049-a5a9-9eee2a287e16,kit,dädäk,n.,,,,,dədək,
dädär2_2188d626-d732-406e-b812-1eda6afd3630,kit,dädär,n.,,,,,dədər,
dädär1_944210fe-71d0-4a86-9017-0a9e662fb70f,kit,dädär,n.,,,,,dədər,
dädäräb_47586684-80ed-4553-a3b1-fefc572f0cf8,kit,dädäräb,t.v.,,,,,dədərəb,
dädär käp_7203b8e9-90fe-47fe-a652-69766da0478d,kit,dädär käp,n.,,,,,,
dädik_ca01c343-63e3-4510-b714-407c52e6519e,kit,dädik,t.v.,,,,,dədik,
dädme_711b13b0-aad9-4efd-a460-b0a202b04631,kit,dädme,adv.dem.,,,,,dədme,
dädri_66916edd-4a58-4078-8758-cfafa812395f,kit,dädri,adv.dem.,,,,,dədri,
dädribattäm_097e1962-5218-4ea5-b0cd-edbda064d751,kit,dädribattäm,,,,,,,
däen_0e8f701b-26f5-48bc-a70d-2e852f919d55,kit,däen,n.,,,,,dəen,
däg_aa8676de-2dae-4e0c-ada7-211ed047fade,kit,däg,n.,,,,,dəɡ,
dägadäga_6585f80d-4d52-4398-a19a-6786124ed6cb,kit,dägadäga,adv.,,,,,dəɡadəɡa,
dägädägäl_a2234822-06c7-45a9-85c0-08579de612f8,kit,dägädägäl,,,,,,,
dägäldägäl_f7710ec9-75a9-4abd-a835-d6faaa9b5d21,kit,dägäldägäl,n.,,,,,dəɡəldəɡəl,
dägmar_43a4644e-5758-4d45-b1a0-b78ced73823e,kit,dägmar,n.,,,,,dəɡmar,
däkäna_67273c3f-28d0-4c74-972d-1042c6ed1657,kit,däkäna,,,,,,dəkəna,
däkna_f3fc7120-995e-4918-8e4e-ea9ba55cbc20,kit,däkna,n.,,,,,dəkna,
däl_e16d4748-0172-4825-9ea5-a9797033bb91,kit,däl,,,,,,,
däm_5567946a-c383-400d-bec8-09c3bab9ec9e,kit,däm,n.,,,,,dəm,
dämar_785e336c-6eb6-47e9-a917-ff53ba83b601,kit,dämar,n.,,,,,dəmar,
dämädämäll_17f24725-52ad-44e9-ae31-387674baedb1,kit,dämädämäll,mod.,,,,,dəmədəməɽ,
dämbaemeny_9fe608ec-4087-4351-af12-d157407208a1,kit,dämbaemeny,i.v.,,,,,dəmbaemeɲ,
dämbag_e9cc7282-4832-490a-a7da-3a222ebdc98c,kit,dämbag,n.,,,,,dəmbaɡ,
dämen_14dbd951-2d3e-4628-af16-d01c9aed2d09,kit,dämen,i.v.,,,,,dəmen,
dämenangg_b1d10d31-935c-4056-b45c-4f161d5fab06,kit,dämenangg,t.v.,,,,,dəmenaŋɡ,
däm ibenen_a09bbb3c-fa54-4dce-9d86-d9a302210a1f,kit,däm ibenen,n.,,,,,dəm ibenen,
dämoe_53d5085c-0c26-4f83-93fb-ac36a25da64a,kit,dämoe,d.v.,,,,,dəmoe,
dämoengg_55a0540c-249e-4c70-8878-d63d7b0c08d5,kit,dämoengg,t.v.,,,,,,
dänäk_d07cb38b-e44e-418f-a4bf-93d712ab7969,kit,dänäk,n.,,,,,dənək,
dändak_04344f23-7995-4daa-9221-5a5fb55bfb83,kit,dändak,n.,,,,,dəndak,
dändär1_07794911-25bd-4f06-926f-ddbbe9cf7c9b,kit,dändär,t.v.,,,,,dəndər,
dändär2_589c20fe-297c-4a02-a5af-3f82c49d6fe8,kit,dändär,t.v.,,,,,dəndər,
dändäratt_5d58ee2f-5459-4de3-a257-6f8a735bd553,kit,dändäratt,n.,,,,,dəndəraʈ͡ʂ,
dändäräm_112d3b43-2892-47ea-b611-f6f405035a94,kit,dändäräm,n.,,,,,dəndərəm,
dändäräm käp_94298ba4-29a7-4399-a4fd-7c842be9524c,kit,dändäräm käp,n.,,,,,dəndərəm kəp,
dändäräp_a3148065-e9b3-46c0-b1bd-f784128bf4de,kit,dändäräp,,,,,,dəndərəp,
dändärek_5630965c-cdda-49c2-8c5b-0b3d2d77b986,kit,dändärek,t.v.,,,,,,
dändrek_8e03f444-b7b0-480e-80ff-ac2f3483bfda,kit,dändrek,,,,,,,
dänräp_a86c2d57-b087-4831-878c-be72797e14cd,kit,dänräp,n.,,,,,dənrəp,
dängam_431fba17-2e56-4543-80e5-55428ac07d6e,kit,dängam,n.,,,,,dəŋam,
dänyäk_ab1f7169-361b-470d-b1bb-14220926d938,kit,dänyäk,n.,,,,,dəɲək,
där_126fe4b3-d7db-49cd-bb8a-e0f7cce76f37,kit,där,n.,,,,,dər,
däradära_f65f42c7-b4e9-4580-9bc5-fa0d3873a653,kit,däradära,t.v.,,,,,,
Därall_182a01dc-35fa-48b6-b0da-a3029f6d6769,kit,Därall,prop.n.,,,,,,
däräng_4bde1039-7136-483e-b4e0-43f6acd5f2b4,kit,däräng,n.,,,,,dərəŋ,
därängbun_2facdaa3-13b1-4bb3-a650-54c5fee8fc5d,kit,därängbun,n.,,,,,dərəŋbun,
därängg_abcc3989-026e-4f46-8df1-1a8451fed3a1,kit,därängg,t.v.,,,,,,
därängge_3421ca58-45fb-4d9e-aeb9-cc1b15b2b66e,kit,därängge,n.,,,,,dərəŋɡe,
Därängge_b1d51274-6d26-401c-8f93-70bd0de94a82,kit,Därängge,prop.n.,,,,,,
däränggedärängge_8db02a06-6e34-4a08-8903-9c457d6129ec,kit,däränggedärängge,n.,,,,,dərəŋɡedərəŋɡe,
därängkänan_687bc015-a98f-4746-9ea2-fd6cd522c22b,kit,därängkänan,n.,,,,,dərəŋkənan,
däräng olleolle_1719afe7-144d-458f-8a8a-6ad9831f262e,kit,däräng olleolle,n.,,,,,dərəŋ oɽeoɽe,
därba_e3273111-78f2-4100-841d-fe17a91d7850,kit,därba,n.,,,,,dərba,
därdärag_9d9040ba-62b7-4f2c-9779-d2f05543f06f,kit,därdärag,adv.,,,,,dərdəraɡ,
därmae_dbbfd49f-b8fa-4a6b-9618-511eaeae6d27,kit,därmae,i.v.,,,,,dərmae,
därmir2_2009e042-d478-4dc9-a5af-d67af3ca41e0,kit,därmir,n.,,,,,dərmir,
därmir1_95a5c058-bd4b-403f-8c6f-f85685c3b729,kit,därmir,n.,,,,,dərmir,
däroledärole_5f8eb209-a819-4cce-b8c4-abc8db3429d2,kit,däroledärole,mod.,,,,,,
därollog_4c7642f1-e632-4293-9b8e-70b00fb5486d,kit,därollog,n.,,,,,dəroɽoɡ,
därunggu_45599c02-dbe7-49d4-9309-701ef121d224,kit,därunggu,n.,,,,,dəruŋɡu,
de2_3ef93d1d-ae17-44dd-bd1d-55c8ca363d90,kit,de,,,,,,,
de1_51eba9ba-dacf-40d5-949f-e89102c79d8c,kit,de,dem.,,,,,de,
de3_7a1fbe23-1d2d-4e90-9473-e69c08bf82fe,kit,de,Connective,,,,,de,
=de_810e635a-6f1c-4247-a545-1ac351df5f39,kit,=de,nom.clt.,,,,,de,
deba_6a9fe711-5b7e-4b1f-9a2a-ce043c40c27e,kit,deba,,,,,,,
debag_8150a36a-118a-45f1-8527-4b85761a7c0f,kit,debag,,,,,,,
Deboa_00a16672-b864-4c6e-8d65-85fb97adf411,kit,Deboa,prop.n.,,,,,deboa,
ded_11b82717-3b53-4083-bd45-1be6383172dd,kit,ded,adv.dem.,,,,,,
dedam_29097441-1d44-42c4-aed7-7cd202965dbf,kit,dedam,adv.dem.,,,,,dedam,
dedi_4e38e6ae-275b-4a0d-9df0-fecc4647636d,kit,dedi,Kinship noun,,,,,,
dedme_71e67b64-30b9-4593-89a7-cbd02c06fd33,kit,dedme,adv.dem.,,,,,dedme,
dedo_49e977af-6cbf-4410-862e-1474dcd1d7c2,kit,dedo,dem.,,,,,,
dedre_9d9395af-73d2-469f-8171-c5f43c780f59,kit,dedre,i.v.,,,,,dedre,
Deibid_7c94cfff-3b1f-4a76-9acb-20c0cf637bbd,kit,Deibid,prop.n.,,,,,deibid,
dektta_1502de0f-0651-4451-bf64-8e54640d3065,kit,dektta,n.,,,,,,
del_41c7f180-3a1a-4345-b77a-1d99fc3a0e82,kit,del,n.,,,,,del,
Delema_487bfc99-21a1-4056-8e73-ec5a07363bbd,kit,Delema,prop.n.,,,,,,
dem1_92144ae9-bdf6-4cf9-99e9-78fcd8469613,kit,dem,n.,,,,,dem,
dem2_f635f919-e77a-441a-b3e4-5df797d6e071,kit,dem,nom.dem.,,,,,,
deng_1fce6027-9bb8-4a1c-9b93-8c5447f9c05f,kit,deng,n.,,,,,deŋ,
deodeo_2dfc2c3e-0a8f-4a6d-81f9-ace7cadacbbe,kit,deodeo,n.,,,,,deodeo,
derägmäll_938a14cb-8d17-441f-aa6f-8636f2d9ec3f,kit,derägmäll,t.v.,,,,,,
Derideri_356f9b5d-6fee-473a-9228-ab3f8f311f5b,kit,Derideri,prop.n.,,,,,derideri,
Dettall_435d70e7-aae2-4873-944f-cfac7d2e7df8,kit,Dettall,prop.n.,,,,,,
Dewara_197628b9-f0c8-4ec4-920f-c47cd62885d3,kit,Dewara,prop.n.,,,,,dewara,
deya_797a2122-d38d-49a8-a83d-a4021b19729c,kit,deya,,,,,,deja,
diaba_6ea07a67-3c76-4f27-9460-b406fe635bf6,kit,diaba,n.,,,,,diaba,
Diandra_e59adaaa-2352-4588-a32a-f98d1e07aacf,kit,Diandra,prop.n.,,,,,,
diba_156f4c45-ad9e-41a8-bff5-7c15bf00b85a,kit,diba,nom.dem.,,,,,diba,
dibaballe_0b2758e3-bb94-4d33-bff0-dfb183c7554a,kit,dibaballe,adv.dem.,,,,,dibabaɽe,
dibaballemae_12a01628-ea2e-4c86-b43c-7ec7c3850be6,kit,dibaballemae,nom.dem.,,,,,,
dibaeya_b5f82713-02d2-43c3-808d-6898ada14647,kit,dibaeya,cop.,,,,,,
dibag_da9d4628-782d-411b-b08a-70aeb5a981a3,kit,dibag,cop.,,,,,,
dibagaeya_37a2601d-b879-4998-885e-3e2727eff66e,kit,dibagaeya,cop.,,,,,,
dibagaeyo_4085738b-7deb-4ef6-aae2-488117588138,kit,dibagaeyo,cop.,,,,,,
dibageyo_48fb5bff-291c-421a-8e6d-e3a33cae5f93,kit,dibageyo,cop.,,,,,,
dibagwaeya_4bf2e6e1-6ab6-45a5-bdbc-6ce8570ee7de,kit,dibagwaeya,cop.,,,,,,
dibamasäm_9b942820-7d68-4610-b0ed-58082f86b75f,kit,dibamasäm,adv.dem.,,,,,,
dibamattäm_1dc9e08d-80a3-4894-880b-23111ba280a4,kit,dibamattäm,,,,,,,
dibame_e32d0a5d-eb42-422b-9795-40c1c7ee52ac,kit,dibame,nom.dem.,,,,,,
diban_786ba3d4-3b2e-4641-9552-feea4e903ccb,kit,diban,cop.,,,,,diban,
dibaolle_2e4be09b-8ac5-42d0-b69b-a7b094477ff3,kit,dibaolle,adv.dem.,,,,,,
dibawalle_652fadd1-5462-4118-9596-aaa13a6c55c5,kit,dibawalle,adv.dem.,,,,,,
dibaya_94e92a4b-9c3e-4954-8249-52aeb5a4624a,kit,dibaya,,,,,,dibaja,
dibem_403e529e-e24e-4e52-95bc-abe9f59407fa,kit,dibem,nom.dem.,,,,,,
dibeya_2ce8320d-15d2-4024-832c-47c4603aa442,kit,dibeya,,,,,,dibeja,
dibie_45f34529-d3c4-4843-a563-84c5926ee495,kit,dibie,n.,,,,,dibie,
Dibllag_b4a792a8-20c1-4d04-a26c-bc593cd1296b,kit,Dibllag,prop.n.,,,,,,
Dibllagmälla_13a2abbc-8103-4bbe-993d-30b861150cb4,kit,Dibllagmälla,prop.n.,,,,,,
Dibor_7bb150b5-0627-4f77-bf07-2c9522a719b7,kit,Dibor,prop.n.,,,,,dibor,
diboz_77dd2500-c2c8-4d94-a41d-7e846cca18c0,kit,diboz,n.,,,,,,
didiri_4d9a0825-4532-4db3-b7eb-8fb0e86b1997,kit,didiri,,,,,,,
didri_a2a839cf-8379-4a94-ae04-0c4fa924bfcc,kit,didri,adv.dem.,,,,,didri,
didribatt_ba291c50-8776-4727-bd26-4a8bf61bf8a5,kit,didribatt,adv.dem.,,,,,,
Didroe_94a93137-abdd-47c9-b945-053e387b8090,kit,Didroe,prop.n.,,,,,,
Dieb_9e0f1191-9697-4779-b299-19449ce7bf67,kit,Dieb,prop.n.,,,,,dieb,
Diendra_42d2e70f-2b8c-4501-b632-8e5a98959fe4,kit,Diendra,prop.n.,,,,,diendra,
Digabo Källäm_90d3a08c-ff14-43dd-ae97-2b1179d8e655,kit,Digabo Källäm,prop.n.,,,,,diɡabo kəɽəm,
digodigol_3311f8a3-af5e-4426-b282-456b5cdda0f9,kit,digodigol,n.,,,,,diɡodiɡol,
digol_74f0da22-c070-43a2-bc17-ac5160e49ba2,kit,digol,n.,,,,,diɡol,
Dikae_23f7865e-a25c-4f4d-9c91-1dd575ad6fd3,kit,Dikae,prop.n.,,,,,,
Dikai_5e4f53b6-d80b-4a00-a825-9a4303b953a5,kit,Dikai,prop.n.,,,,,dikai,
Dikiboe_81c6fa09-e909-43c7-a3ac-8be3279b71a7,kit,Dikiboe,prop.n.,,,,,,
Dikullowang_440c58f7-4872-4756-8359-52810f5307fc,kit,Dikullowang,prop.n.,,,,,dikuɽowaŋ,
Dikullwang_e161284a-fd00-4070-beaf-313535c45086,kit,Dikullwang,prop.n.,,,,,,
dikun_b1108f97-3bb5-427b-8df6-603057381beb,kit,dikun,n.,,,,,,
dimes_7f2f275f-9c86-4f56-819c-1dabddae8614,kit,dimes,n.,,,,,dimes,
Dimgi_e9c14091-4e5c-46e2-9f45-cb8239503168,kit,Dimgi,prop.n.,,,,,,
Dimiri_0cc2a930-1987-447e-b65c-b001d4209de9,kit,Dimiri,prop.n.,,,,,dimiri,
Dimisisi_986743ba-6434-4597-9e4e-78b10d9367cf,kit,Dimisisi,prop.n.,,,,,dimisisi,
Dimoe_03b5984d-7c62-4366-80b4-14338a42062e,kit,Dimoe,prop.n.,,,,,,
Dimoi_4627aebf-ecc5-45d4-94b5-b4204551a41d,kit,Dimoi,prop.n.,,,,,dimoi,
Dimsis_751e856b-4779-4bcd-8d2a-38a12d2fa609,kit,Dimsis,prop.n.,,,,,,
Dimsisi_1f343708-dcc3-4650-b913-ee0dff635775,kit,Dimsisi,prop.n.,,,,,,
Dimson_435fc958-66a6-4a42-b996-9a68d286434a,kit,Dimson,prop.n.,,,,,dimson,
dindu_856b6abb-46ad-46ce-8ac4-5c26b256068c,kit,dindu,i.v.,,,,,'dindu,
dini_4accba6c-c317-483b-b59d-7de9c5895b52,kit,dini,n.,,,,,dini,
dinidini_1f7df492-ac8a-403f-92a3-609fc05adc6a,kit,dinidini,n.,,,,,dinidini,
dinggel_9650ad16-b2b5-44b8-905b-9708c37f86e3,kit,dinggel,n.,,,,,'dinggel,
dinggi_6381432c-6d16-45a7-a171-73b641cffc52,kit,dinggi,n.,,,,,,
dinggoll_d09e369c-13fd-4269-974d-c30d40f3bb4b,kit,dinggoll,n.,,,,,,
Dipa_c9f6b904-8589-4009-bd2c-9c7c4a182e24,kit,Dipa,prop.n.,,,,,dipa,
dirindi1_ed61005a-5bb0-4675-9637-b0675de0453d,kit,dirindi,n.,,,,,dirindi,
dirindi2_f4cd2432-be15-423a-a426-8391fbe70564,kit,dirindi,n.,,,,,dirindi,
dirom_b7a5c7d5-df7a-4f23-9747-448f5e58f658,kit,dirom,n.,,,,,di'rom,
diromdirom_7bfd4cbf-111a-4bab-b64a-3f37950d2d57,kit,diromdirom,n.,,,,,diromdirom,
dirom gäz_d63e2527-bfd3-489e-a23d-1f9902e1df9b,kit,dirom gäz,comp.v.,,,,,,
dirom käp2_0033b816-1223-442b-8d31-f92d1b204fbf,kit,dirom käp,n.,,,,,,
dirom käp1_38a3b83c-829d-4a1b-81ce-2e457a34d661,kit,dirom käp,n.,,,,,dirom kəp,
dirom mas_4fe034b0-525f-44ea-a703-37a3fe30c269,kit,dirom mas,n.,,,,,,
dis_3829068b-51c6-4dfd-b701-9fe7bda945e8,kit,dis,,,,,,,
distrik_a64b2119-df88-484d-9951-1a4a2a36f22a,kit,distrik,n.,,,,,,
district_12afe5d6-8249-4061-8399-26290fd6e622,kit,district,,,,,,,
dit_b92bbbe2-d73a-45fe-aa16-32fb9eb392e7,kit,dit,n.,,,,,dit,
Diwa_c0415c0c-5151-4f9c-acd7-b5eff955bc59,kit,Diwa,prop.n.,,,,,diwa,
dɨbe_2477dc23-ffb6-4078-b6af-de0802390c67,kit,dɨbe,,,,,,dɪbe,
dɨbeya_c591369d-cb41-40c4-bf2e-aeb511c69fa1,kit,dɨbeya,,,,,,,
dɨdɨr_1ebfcd36-9105-4cf1-9c54-467592b64a38,kit,dɨdɨr,mod.,,,,,dɪdɪr,
dɨl_820599bc-1458-49f9-aa3b-56560dbde7c7,kit,dɨl,mod.,,,,,dɪl,
dɨp_01fd86ad-008c-4d51-affc-cd11be4a5840,kit,dɨp,n.,,,,,dɪp,
do1_27689f98-29ca-49eb-a641-414618070a34,kit,do,adv.dem.,,,,,do,
do2_45aaca40-7c1b-4b5a-9394-d5ef76f61603,kit,do,n.,,,,,do,
Dobola_21686036-cc27-49d0-9dd3-3ed0cd67b884,kit,Dobola,prop.n.,,,,,dobola,
dodo2_a87832c1-2890-44e1-8f14-a17a3fd334a1,kit,dodo,adv.dem.,,,,,,
dodo1_e5ef7a2f-dee8-4517-a9df-38900fd5cc78,kit,dodo,t.v.,,,,,dodo,
dodro1_dbf9e8ab-3ceb-4bbc-a3c6-8d813cc8e346,kit,dodro,i.v.,,,,,dodro,
dodro2_e0862cc1-dbaa-4045-8265-51d1dc90a8fe,kit,dodro,t.v.,,,,,dodro,
dogma_ea0e8f48-62ee-431d-8e56-0a60684ec75f,kit,dogma,n.,,,,,doɡma,
Dokoe_437612b2-4006-4a39-9374-80eb34a775a0,kit,Dokoe,prop.n.,,,,,,
Doli_3c81795e-e230-412d-98e2-c1b88adb8df7,kit,Doli,prop.n.,,,,,,
dom_2326ad01-ad4e-4301-b7fa-dfc83a123c43,kit,dom,cov.,,,,,,
domäll_9f3f07b9-2483-4896-a2a5-c1aca1917f42,kit,domäll,n.,,,,,doməɽ,
dombak_312db242-b269-4757-bc03-c37424132cb5,kit,dombak,,,,,,,
domoe_49b359c6-4a92-49fd-9486-bf4a68776fc8,kit,domoe,t.v.,,,,,domoe,
dompa_a513e5e9-4a33-44a4-81d4-0241a142da01,kit,dompa,n.,,,,,dompa,
dompadompa_97282ab6-fe06-41ba-b705-2b29b81b821b,kit,dompadompa,n.,,,,,dompadompa,
dompak_04c377c9-a01e-4eb0-b876-3482c2495686,kit,dompak,n.,,,,,dompak,
Donae_81ff7b6c-c8c8-4e30-9a43-4f175910d056,kit,Donae,prop.n.,,,,,donae,
Donai_6a4eae14-ada0-46a6-8c10-c42800ee54d5,kit,Donai,,,,,,donai,
Donsi_2d037b55-0bb4-4c41-897c-07db3c56645b,kit,Donsi,prop.n.,,,,,,
dongkal_5214ccd7-9faf-49e2-889a-3b23bbb81197,kit,dongkal,i.v.,,,,,doŋkal,
dongkäral_30a36f4f-1858-4ac9-8c85-162675b949b0,kit,dongkäral,n.,,,,,doŋkəral,
dongki_74297e7b-159b-441b-8c46-58a914351a9c,kit,dongki,n.,,,,,,
dor_1871a578-878a-4d3b-a26e-4e080a2ca490,kit,dor,n.,,,,,,
Dore_1707961d-8748-418e-874b-1ad6197c7ad5,kit,Dore,prop.n.,,,,,dore,
Dorin_30bbf8cf-2e81-4fb7-910d-5dce703f6579,kit,Dorin,prop.n.,,,,,dorin,
dorko_5907408e-3bc8-4c74-bc83-e1526d8af869,kit,dorko,mod.,,,,,dorko,
dorllog_56e1b3a4-c907-4646-9fcb-51e2de74091f,kit,dorllog,n.,,,,,dorɽoɡ,
doros_00c35877-5f57-4047-8634-89b712b6c993,kit,doros,n.,,,,,doros,
Doumori_c351bc17-a0e9-4ec2-99c7-541691c6b410,kit,Doumori,prop.n.,,,,,doumori,
dowa_218574de-ee14-48c3-841f-72fdebdeee51,kit,dowa,n.,,,,,dowa,
dowa~_2761171f-fbff-4f73-a647-f05f0dd56eb7,kit,dowa,,,,,,,
Dowabunang_7eb53dc2-cd0e-4a5a-8b54-53e85f1e8b0d,kit,Dowabunang,prop.n.,,,,,dowabunaŋ,
dowadowae_cf027483-b51c-407a-9df0-9337ca474b89,kit,dowadowae,adv.,,,,,,
dowae_de2d9efe-1d3a-48ad-b4b0-3558e9fdcf99,kit,dowae,loc.n.,,,,,dowae,
Dowan_a1bba964-7851-4cde-a771-5fe37906785b,kit,Dowan,prop.n.,,,,,dowan,
dowattäm_03da9884-bb9c-45b4-baec-d0dadab704e5,kit,dowattäm,mod.,,,,,,
doweae_66996352-c418-4dae-b328-439a3467f3ac,kit,doweae,adv.,,,,,doweae,
dradre1_4f2c54fe-53c2-4864-8980-c9481085106d,kit,dradre,n.,,,,,dradre,
dradre2_91672b6c-907e-4ba9-be00-78076f771b7b,kit,dradre,t.v.,,,,,,
droledrole_bec2253e-6634-4330-9034-dfd77ec28bf4,kit,droledrole,mod.,,,,,droledrole,
druwem_2a7e67a2-f817-4dce-b0b0-51402eba4676,kit,druwem,cov.,,,,,druwem,
du_17107d78-77d5-45c0-a03a-df53067b0d0a,kit,du,mod.,,,,,du,
du~_f19b2eda-7950-4b2e-b40d-e7da3decab92,kit,du,,,,,,,
duab_08ab07e6-fd04-4420-8cbf-7e878120ad23,kit,duab,t.v.,,,,,duab,
Duaba_47a33570-82cc-4743-9d0d-7d0d53d49b6b,kit,Duaba,prop.n.,,,,,duaba,
duar_11a4adda-f14c-4cb1-9392-45861ee46f44,kit,duar,,,,,,,
dubllodubllom_abc14bad-0ef3-4af6-9835-4963c4021540,kit,dubllodubllom,n.,,,,,dubɽodubɽom,
Duboläpläp_4ab4ec10-a3be-4ab8-93ab-b52dee839f6d,kit,Duboläpläp,,,,,,,
Dubolläplläp_11474a86-b733-4235-9934-75d998476b0e,kit,Dubolläplläp,prop.n.,,,,,duboɽəpɽəp,
Dubollopllop_048468f6-ca7d-412a-b584-d127137e3efc,kit,Dubollopllop,prop.n.,,,,,,
dudli_d6dff994-9e0f-40d5-bd2a-c31c69aec33a,kit,dudli,,,,,,,
duduli_607b56d7-ae41-4349-99ab-3dca37231cfc,kit,duduli,adv.,,,,,,
Dugal_dedfce45-5360-4ad3-a99f-d8b42e7bb7c2,kit,Dugal,prop.n.,,,,,duɡal,
Dugi_67cd55bb-4cc8-4d3b-9525-334ff38ff0a4,kit,Dugi,prop.n.,,,,,,
dugo_69994484-a628-4f21-9f22-b45ad2330e65,kit,dugo,n.,,,,,duɡo,
Duiya_2b9a7e2d-fd39-43f5-b0e7-360ff2db6ea6,kit,Duiya,prop.n.,,,,,duija,
Duks_6d97de25-2c01-47ee-8c61-ab54b6fbad8a,kit,Duks,prop.n.,,,,,,
Dukumiang_611c13fb-87c0-4187-a6b3-c1215817d8e9,kit,Dukumiang,prop.n.,,,,,dukumiaŋ,
du kyakya_ada395bb-d92d-414f-be2e-698aeaa5305d,kit,du kyakya,n.,,,,,du kjakja,
duli_53ec2bfc-a70a-4dc8-ae06-1652b11ea2cf,kit,duli,adv.dem.,,,,,duli,
duliballe_18739e07-e0f9-46f2-afe0-18b1a7234e43,kit,duliballe,adv.,,,,,dulibaɽe,
dulibane_eaab5278-d1b2-4675-bb22-6c39a02bbee7,kit,dulibane,,,,,,,
dulibatta_ef3c2ba0-5b31-488a-84d7-831025469966,kit,dulibatta,,,,,,,
dulibattäm_ddb7dad7-ff3f-44fd-8605-4fdd6f035427,kit,dulibattäm,adv.dem.,,,,,,
duliduli_94d31e5d-aba5-45ca-8dda-577c0ea76f4a,kit,duliduli,adv.,,,,,,
dum3_3a146a71-440e-45a2-a808-5c8e5e6d8d19,kit,dum,n.,,,,,dum,
dum1_46123c26-f8cb-4989-a48b-5dd04890f046,kit,dum,n.,,,,,dum,
Dum_c1148181-f5dc-4406-8a7f-8b8de5e056a3,kit,Dum,prop.n.,,,,,,
dum2_c63b9cbf-5fe5-4fc9-88fb-247a3b51fa1e,kit,dum,n.,,,,,dum,
dumbeg_e1d279cf-97ff-4c37-88da-11ffb2d66ae5,kit,dumbeg,t.v.,,,,,,
dumbi_b0148fd2-7c6a-4e40-9f1f-014006ffc683,kit,dumbi,n.,,,,,dumbi,
dumdum_7d3640a3-bbd0-4a80-ad5f-1cc88e87de09,kit,dumdum,t.v.,,,,,dumdum,
Dumoll_44b47cb3-19ae-4f75-85d8-6b83280f7da6,kit,Dumoll,prop.n.,,,,,dumoɽ,
Dum Tutu_543b1078-4153-475b-aa4b-e4c4f97253e1,kit,Dum Tutu,prop.n.,,,,,dum tutu,
dun_af6e43eb-9dfd-4a7a-adc3-32fc5d5b2734,kit,dun,Ideophone,,,,,dun,
dundu kllamen_7d9cc70a-43e0-40fa-9dcd-539b6a7e3c89,kit,dundu kllamen,n.,,,,,dundu kɽamen,
dune~_22e836f0-8391-4dc3-8514-c459ed4b60fe,kit,dune,,,,,,,
dune_954cf2ab-fd80-42a5-93c0-ba314a41309f,kit,dune,v.,,,,,,
duny_d6ed3c0d-593f-4a2c-93ae-bbb155de3e87,kit,duny,n.,,,,,duɲ,
dupi_baf4c3e7-5859-44c0-8aa7-b3489ab052b0,kit,dupi,n.,,,,,dupi,
dur_528e25cd-2d7c-4079-9113-dc76726d6a39,kit,dur,n.,,,,,dur,
durgu_9c794b0e-bad1-44ed-a59d-a30308f180d2,kit,durgu,n.,,,,,,
Duwaba_64c0e4f2-bf97-4421-b7f2-ece75e993e7c,kit,Duwaba,prop.n.,,,,,duwaba,
duwar_5cba2e55-2145-4e30-a50e-8e61e37c8cfc,kit,duwar,mod.,,,,,,
duwel_69a12686-a7c4-497f-9a36-fbc9654ace67,kit,duwel,n.,,,,,duwel,
duwel sära_910acc7e-3a7c-4044-8a25-af58582063f3,kit,duwel sära,n.,,,,,duwel səra,
duwem_61baa0d0-a018-4fa8-a20c-79f8b7cb0c0f,kit,duwem,cov.,,,,,duwem,
duwemduwem_66c5308d-bb52-4924-a8d8-99fb7bf22789,kit,duwemduwem,n.,,,,,duwemduwem,
duwie ku_80a0e25e-6892-4bb1-a51e-fd1709e055bc,kit,duwie ku,n.,,,,,duwie ku,
Duya_c875bfb0-1cc2-41e0-b81a-d3ca30c456c6,kit,Duya,,,,,,,
dda~_f1ac8b86-691f-492c-9b34-2f0e5f7b9d31,kit,dda,,,,,,,
ddadd_6c9e231d-f865-4271-b8af-acf70e58b7fb,kit,ddadd,n.,,,,,ɖ͡ʐaɖ͡ʐ,
ddaddällɨg_0e5736a5-cd51-49f9-8a25-5a1ab1586358,kit,ddaddällɨg,t.v.,,,,,ɖ͡ʐaɖ͡ʐəɽɪɡ,
ddaddell_481298a8-e0e8-40e6-b40f-88e8b9fd75c6,kit,ddaddell,t.v.,,,,,,
ddaddellɨg_b74a9101-8161-4b06-99e1-088011e0f4d0,kit,ddaddellɨg,,,,,,,
ddaddlläg_c401f95d-8a46-4db9-ba16-fa0993dda3ab,kit,ddaddlläg,,,,,,,
ddaddu_d0c2cfe1-ce07-4be9-9fe4-2457014fd86c,kit,ddaddu,t.v.,,,,,ɖ͡ʐaɖ͡ʐu,
ddaebän_f501c4be-11a4-40ea-832a-7721b27c8981,kit,ddaebän,t.v.,,,,,ɖ͡ʐaebən,
ddage_1a73c9c5-4180-47c1-8e64-b8d253b23e81,kit,ddage,n.,,,,,ɖ͡ʐaɡe,
ddage bun_34d965dc-1c73-498e-a7ed-ee4dcdeaf87f,kit,ddage bun,n.,,,,,ɖ͡ʐaɡe bun,
ddageddage_ed9de6cd-cb59-4d6e-9ebc-780545dfb12d,kit,ddageddage,n.,,,,,ɖ͡ʐaɡeɖ͡ʐaɡe,
ddage llätt_55b493b3-165b-491a-bbb6-5e08bce3f469,kit,ddage llätt,n.,,,,,ɖ͡ʐaɡe ɽəʈ͡ʂ,
ddallwe_ac33b03e-3a77-431c-9d3b-cd37ce42d877,kit,ddallwe,n.,,,,,ɖ͡ʐaɽwe,
ddamba_fb63a02b-92d1-4d74-9251-f399ef534545,kit,ddamba,n.,,,,,ɖ͡ʐamba,
ddamba mit_01db9830-9c22-4bdc-9cc9-797d4166d571,kit,ddamba mit,n.,,,,,ɖ͡ʐamba mit,
ddangoe_6e9befa7-9efb-4632-a63e-f5081aed340e,kit,ddangoe,t.v.,,,,,ɖ͡ʐaŋoe,
ddangol_970c5bbb-2849-4a67-b467-6dee8c915e70,kit,ddangol,n.,,,,,ɖ͡ʐaŋol,
ddapall_1e0d6c26-3efa-4ffc-b03e-f4c20d03e707,kit,ddapall,n.,,,,,'ddapall,
ddapall käkan_99351cea-7e0a-44cb-821e-4ff121030da0,kit,ddapall käkan,n.,,,,,ɖ͡ʐapaɽ kəkan,
ddapall källa_7b683c62-d2d4-4036-9e5f-ef8108629706,kit,ddapall källa,n.,,,,,,
ddapall ma_8642d24a-2305-42d2-8880-c535edee5aa9,kit,ddapall ma,n.,,,,,ɖ͡ʐapaɽ ma,
ddä~_68c212b5-d7b2-4402-a8f7-cac4f3b261f7,kit,ddä,,,,,,,
ddäb_983b811e-31d0-4709-ac41-73d151fe03d8,kit,ddäb,n.,,,,,ɖ͡ʐəb,
ddäddäbeabag_75967db1-5c75-4b83-930d-24acf9107934,kit,ddäddäbeabag,mod.,,,,,ɖ͡ʐəɖ͡ʐəbeabaɡ,
ddäddäg2_2450e4a5-f7fc-43d9-b809-557a251e10eb,kit,ddäddäg,t.v.,,,,,ɖ͡ʐəɖ͡ʐəɡ,
ddäddäg1_2dcd14fb-d6d6-49e1-a8b2-1e789dd343e7,kit,ddäddäg,n.,,,,,ɖ͡ʐəɖ͡ʐəɡ,
ddäddäg5_45541360-07ab-40b4-811b-42c6baf5e58a,kit,ddäddäg,t.v.,,,,,ɖ͡ʐəɖ͡ʐəɡ,
ddäddäg4_74794f4a-9270-4716-bcce-1838a0956d6b,kit,ddäddäg,t.v.,,,,,ɖ͡ʐəɖ͡ʐəɡ,
ddäddäg3_8a1e0688-8b60-47d6-b3d8-59e21337cb17,kit,ddäddäg,t.v.,,,,,ɖ͡ʐəɖ͡ʐəɡ,
ddäddäg ttoe_a10b3ca1-d657-483c-a235-398174ee640b,kit,ddäddäg ttoe,n.,,,,,,
ddäddäl_200dcd8e-2004-48bd-83b8-3c360c6d9b85,kit,ddäddäl,t.v.,,,,,,
ddäddäll_2504cfe4-7027-4aa3-b638-7ca6e160f109,kit,ddäddäll,n.,,,,,ɖ͡ʐəɖ͡ʐəɽ,
ddäg_a38d626c-3eed-4e7d-aab9-91886b3b7de3,kit,ddäg,n.,,,,,ɖ͡ʐəɡ,
ddägaddäge_c7d7fa6f-ad8c-4067-9d2c-d0a705bc35dc,kit,ddägaddäge,i.v.,,,,,,
ddägatt_d93fa638-ab03-438b-b173-c6a9a90cabb9,kit,ddägatt,,,,,,,
ddägattalle_4deb2c64-4e10-4b53-a957-c95c4d40444a,kit,ddägattalle,adv.,,,,,ɖ͡ʐəɡaʈ͡ʂaɽe,
ddägddäg_7f290630-6457-47c3-899b-da603cd0ac9e,kit,ddägddäg,adv.,,,,,,
ddäg kutt_5987184d-0505-4eaf-805b-22f1d985e4c1,kit,ddäg kutt,n.,,,,,,
ddägnan ma_50dd02ff-ec63-48c5-b8fe-61b7099ba9a7,kit,ddägnan ma,mod.,,,,,ɖ͡ʐəɡnan ma,
ddäkop_d7d2668b-e143-4655-b72f-1bc754f06b6e,kit,ddäkop,n.,,,,,ɖ͡ʐəkop,
ddäll2_a216e23b-d40f-492b-9aae-6793461555f0,kit,ddäll,i.v.,,,,,,
ddäll1_da264a38-57fc-4309-a9f1-641928e98195,kit,ddäll,n.,,,,,ɖ͡ʐəɽ,
ddälläb_0dcc8076-6aa3-4f8b-9969-d428451754fd,kit,ddälläb,i.v.,,,,,ɖ͡ʐəɽəb,
ddällbän_82cc84bc-9192-44c5-8ef7-efcd644992d1,kit,ddällbän,t.v.,,,,,,
ddällgoe_cd383aff-f2c6-4797-98a2-c7eee91a9e3f,kit,ddällgoe,t.v.,,,,,ɖ͡ʐəɽɡoe,
ddäll kom_9da5d58c-9cfd-4a79-a8b0-573ebc172263,kit,ddäll kom,n.,,,,,ɖ͡ʐəɽ kom,
ddäll kutt_5cb35f4f-316c-4702-921f-448bb4dd509e,kit,ddäll kutt,n.,,,,,ɖ͡ʐəɽ kuʈ͡ʂ,
ddällombog_35c5d8bf-3476-4d70-9013-1827b6a9a95a,kit,ddällombog,t.v.,,,,,ɖ͡ʐəɽomboɡ,
ddällpoyampoyam_6325ebc6-8581-465c-ae7d-1ea3f1953589,kit,ddällpoyampoyam,n.,,,,,ddällpo'yampo'yam,
ddäma_f414cc3d-1b28-4ba8-b1c7-ecdf8b4674f6,kit,ddäma,n.,,,,,ɖ͡ʐəma,
ddäma mu_ebf3b76f-8efa-43b1-8fa3-c5a697be9683,kit,ddäma mu,n.,,,,,ɖ͡ʐəma mu,
Ddämir_6fccafe6-96bf-4f9d-9cec-353815093b32,kit,Ddämir,prop.n.,,,,,,
ddämoemkäp kuibiag_0ea8dc7f-2ce7-4a98-bc30-f6638ea4d36b,kit,ddämoemkäp kuibiag,n.,,,,,ɖ͡ʐəmoemkəp kuibiaɡ,
ddän_e1081c96-e5cf-4f57-9d59-1ee330916de8,kit,ddän,t.v.,,,,,,
ddänddäl_feb1ba3d-dd54-4aee-aa06-32a086089177,kit,ddänddäl,i.v.,,,,,ɖ͡ʐənɖ͡ʐəl,
ddänddäm_5960039f-7d79-4aab-89dd-30d7fadaec1f,kit,ddänddäm,i.v.,,,,,ɖ͡ʐənɖ͡ʐəm,
ddänddängeny_c264d139-00df-4540-902b-ece1550d93f1,kit,ddänddängeny,adv.,,,,,ɖ͡ʐənɖ͡ʐəŋeɲ,
ddänmäll_feda15f9-26c4-44ff-8634-000fb5ef7790,kit,ddänmäll,t.v.,,,,,ɖ͡ʐənməɽ,
ddängall_86815cad-9c4e-49e0-9389-5595dc5e522e,kit,ddängall,n.,,,,,'ddängall,
ddänggab_857dcb0f-aea7-45e6-a6ba-ed850b0496c9,kit,ddänggab,t.v.,,,,,,
ddänggaddängge_2d34153d-2f01-4544-9e01-a66081e51415,kit,ddänggaddängge,t.v.,,,,,ddäng'gaddäng'ge,
ddel_495c0bd6-c04b-4141-a44e-cbe01add26e2,kit,ddel,t.v.,,,,,,
Ddele_50a03c70-235f-4356-9acf-8c27fdedac3a,kit,Ddele,prop.n.,,,,,,
Ddeleag_f00aadca-2890-42d3-b5ea-2c05f6f2e0cb,kit,Ddeleag,prop.n.,,,,,ɖ͡ʐeleaɡ,
Ddelema_6b532faa-1565-432b-8815-21a5bae83749,kit,Ddelema,prop.n.,,,,,ɖ͡ʐelema,
ddia_4496c84f-b023-40cd-8aef-ed5eb9f3f8bd,kit,ddia,n.,,,,,ɖ͡ʐia,
ddo~_8dc84335-0e36-4842-a553-fa94b7d3974e,kit,ddo,,,,,,,
ddob_feecb155-9825-4a30-9687-01df8f426db9,kit,ddob,quant.,,,,,ɖ͡ʐob,
ddobae_9e2bbc08-e07c-4bf3-9d61-a9ffe327574e,kit,ddobae,adv.,,,,,ɖ͡ʐobae,
ddobae~_aa401eac-5a55-4dea-9af2-65055cfa45c7,kit,ddobae,,,,,,,
ddobaeddobae_7195b83b-59a8-45d6-8d19-a72b3d005d4d,kit,ddobaeddobae,adv.,,,,,ɖ͡ʐobaeɖ͡ʐobae,
ddobag_52b7922d-0664-4a3f-907b-e545b9326b79,kit,ddobag,pro.,,,,,ɖ͡ʐobaɡ,
ddoddllem_1f4180d1-16dc-4b34-91a4-a4f779a3edf5,kit,ddoddllem,,,,,,,
ddoddollem_45c64e9a-18dd-43b0-8d5a-70b3a40f54d7,kit,ddoddollem,cov.,,,,,,
ddoga_9fd7737a-84c7-4d59-8bc4-b84b2a92d321,kit,ddoga,n.,,,,,ɖ͡ʐoɡa,
ddogllop_5473539a-b62e-4084-b7e7-cd1233673f3a,kit,ddogllop,,,,,,ɖ͡ʐoɡɽop,
ddogoll_89f285c3-d02c-4a5c-bc80-878b85c7dae6,kit,ddogoll,t.v.,,,,,ɖ͡ʐoɡoɽ,
ddogollop_48632e61-a52c-42e3-9b13-9b38acd4abbd,kit,ddogollop,n.,,,,,ɖ͡ʐoɡoɽop,
ddokddok2_0de5511b-8e7a-4654-b6eb-092437ced9ed,kit,ddokddok,mod.,,,,,'ddok'ddok,
ddokddok1_9ad79563-e9ca-484a-9d5b-73a8aa2f1178,kit,ddokddok,n.,,,,,'ddok'ddok,
ddokop_0640fd68-26af-43b4-9e12-38e2b6f15eef,kit,ddokop,n.,,,,,,
ddol_4a8eb7c3-c378-47c8-b472-d6a035d532b8,kit,ddol,n.,,,,,ɖ͡ʐol,
ddolag_6f9d055a-1d09-4cf6-9624-7a19082b8ce4,kit,ddolag,mod.,,,,,,
ddollombog_289d3bc8-ce7d-4d5d-a649-9cc28d6bc623,kit,ddollombog,t.v.,,,,,,
ddonddo_28198702-0409-4ca9-8624-ea9fa67ed6d8,kit,ddonddo,mod.,,,,,ɖ͡ʐonɖ͡ʐo,
ddone_35ce5d75-5b62-414d-ace9-b368972e18f9,kit,ddone,interj.,,,,,ɖ͡ʐone,
ddone ada_1137ac9d-ca87-47ef-9afe-d616767aad6d,kit,ddone ada,adv.,,,,,ɖ͡ʐone ada,
ddone amom_e9715d92-b748-442f-92a7-fe705ff800c4,kit,ddone amom,pro.,,,,,ɖ͡ʐone amom,
ddone any_a497b7d0-bf43-453d-b1f7-ca48e2952019,kit,ddone any,pro.,,,,,,
ddone aya_1648ce36-d470-4827-b9b1-d19ecf7ec290,kit,ddone aya,pro.,,,,,ɖ͡ʐone aja,
ddongddong_6007d6bd-ba7e-49e7-a47a-fe40970b8618,kit,ddongddong,n.,,,,,ɖ͡ʐoŋɖ͡ʐoŋ,
ddugwemddugwem_378804c1-4884-4e45-ba56-cf8032ab9ca0,kit,ddugwemddugwem,adv.,,,,,ɖ͡ʐuɡwemɖ͡ʐuɡwem,
ddumbi_027a3a56-ab86-437d-b672-7145f35278bd,kit,ddumbi,n.,,,,,'ddumbi,
ddungg_8062639c-5e21-4618-9918-ff590a5f699c,kit,ddungg,t.v.,,,,,ɖ͡ʐuŋɡ,
e1_283757a0-0b2c-44b7-b8ae-355b049c7cae,kit,e,interj.,,,,,e,
ẽː_3281c0c5-49c4-4b9a-8089-b7c039ebf342,kit,eː,,,,,,,
e2_4e2ec2dc-02c1-4f1b-a0bf-938d3ce18156,kit,e,rel.pro.,,,,,,
e3_6a98a30f-f15c-4a6b-91aa-5152d9597c7f,kit,e,coord.conn.,,,,,,
=e3_b8f59a14-f9b8-42c6-8290-4ffc40edd17e,kit,=e,,,,,,,
=e2_d3a477bb-92f5-4136-891f-a3fbec0a693a,kit,=e,Discourse clitic,,,,,e,
=e1_e33908e8-e241-4e57-aeed-5b4d30de5db3,kit,=e,nom.clt.,,,,,e,
ebagal_808704ee-1c71-47a5-b475-22a4ecf3491e,kit,ebagal,n.,,,,,ebaɡal,
ebdo_bed6fba1-d5f5-40c8-9736-c3c14d467200,kit,ebdo,n.,,,,,ebdo,
ebdo duwem_e0f58278-7153-43d8-ad28-d0a60021a631,kit,ebdo duwem,n.,,,,,,
Eda_b645f301-397f-46b0-b79c-d2b617c918a0,kit,Eda,,,,,,,
ede_91112a12-540b-40ac-90f3-08ceda08f3a8,kit,ede,sub.con.,,,,,ede,
Edeb_9cb46db6-cade-41ec-8ece-855435f1a9df,kit,Edeb,prop.n.,,,,,edeb,
edeya_4135b3d2-389d-41da-b705-3e8a3ca3b9fc,kit,edeya,Connective,,,,,,
Edna_067bc360-050f-465c-9d8b-647a2e5480d1,kit,Edna,prop.n.,,,,,edna,
Edward_3d8873ac-e7e7-43e9-8847-8afbcf663db7,kit,Edward,prop.n.,,,,,edward,
eddom_2699bbac-dc8e-42b8-8749-b2453d5cc3e4,kit,eddom,Temporal adverb,,,,,eɖ͡ʐom,
eddrugoe_222b6e9a-2aa1-493f-9ebe-aa2a4fc39851,kit,eddrugoe,t.v.,,,,,,
Egapo_9edb06a4-ba7e-49d4-a897-658ef09fa9f5,kit,Egapo,prop.n.,,,,,eɡapo,
ege_0369a5a3-58c6-4bfd-a44c-832cf5dec582,kit,ege,,,,,,eɡe,
ei_f752b433-704a-41d1-9bea-9d7708c2e342,kit,ei,interj.,,,,,,
eighty_eed3dfce-69cc-4795-90da-dc495e497ce9,kit,eighty,,,,,,,
eit_6733eee5-d648-468f-96f8-e7bb88c9efdc,kit,eit,num.,,,,,eit,
eiti_f85c2e4b-7d94-41f9-ad86-a0700d0e6122,kit,eiti,num.,,,,,,
eitin_e9b01b32-c2f2-4355-aad0-91a769e21416,kit,eitin,num.,,,,,,
eiz_17e4b0a6-cc09-4853-ae9c-3ba4c0c7211f,kit,eiz,n.,,,,,eiz,
eka~_8b6be495-bb87-4bf8-a9d3-2f4914e14329,kit,eka,,,,,,,
eka_d2bd91e9-89e9-49a6-bc01-73a0bb1733d1,kit,eka,n.,,,,,eka,
ekaeka_04fe03ff-3388-4333-a3c0-a20836d86b73,kit,ekaeka,cov.,,,,,,
ekaklle_019193a0-40ff-435b-9000-d8cc138540f1,kit,ekaklle,n.,,,,,ekakɽe,
ekaklle ulle_28009ebe-8b03-469a-82f8-d6246a1221e8,kit,ekaklle ulle,n.,,,,,,
ekakukiang_e6c15c49-7953-45f6-97b6-d7492c73ce58,kit,ekakukiang,n.,,,,,ekakukiaŋ,
eka kutt_c73cff04-c06b-447c-bef9-4248de2a4b7f,kit,eka kutt,n.,,,,,eka kuʈ͡ʂ,
eka laem_6e285f0a-dd97-4f43-9466-008e5c28f4c3,kit,eka laem,comp.v.,,,,,,
eka llɨtɨtang_f73f8058-be5d-4170-b975-291cab2b5827,kit,eka llɨtɨtang,n.,,,,,,
eka malam_d110e115-8cec-4e05-a442-a15cc5ae2fcc,kit,eka malam,comp.v.,,,,,eka malam,
ekamatär_acb909e2-d89a-4044-8c0e-04df5f1dff1f,kit,ekamatär,n.,,,,,ekamatər,
eka midd_fc8315ea-7c1b-4d89-bfec-b08d2cc9ce61,kit,eka midd,n.,,,,,,
eka mu_8b149802-84fc-4016-bfaa-bf559a317a77,kit,eka mu,n.,,,,,eka mu,
eka panypeny_b0252641-2bd7-4850-a3f4-a172880efe36,kit,eka panypeny,comp.v.,,,,,eka paɲpeɲ,
eka panypenyang_568b5175-b703-4dec-9c13-eae172351d81,kit,eka panypenyang,n.,,,,,eka paɲpeɲaŋ,
eka pänaenenang_83fcce8b-04d9-4a08-b12c-973bf556b37e,kit,eka pänaenenang,n.,,,,,eka pənaenenaŋ,
eka tameny_fadd0b43-3546-467f-be9a-4a54c309ac53,kit,eka tameny,comp.v.,,,,,eka tameɲ,
eka täp_97d59689-59d2-4f5f-841f-04e4f7d5d312,kit,eka täp,n.,,,,,eka təp,
ekateptep_b2496a8f-3a35-45b5-bb4e-28a81ec0308c,kit,ekateptep,n.,,,,,ekateptep,
eka ttängkɨg_41d0f16c-0adf-4ed7-9183-5bbe32cacd31,kit,eka ttängkɨg,comp.v.,,,,,eka ʈ͡ʂəŋkɪɡ,
eke_0a4802d8-42d2-4593-b5b2-b153c4e0081b,kit,eke,,,,,,,
eleben_34268a33-f2aa-4c5f-9a26-255151fd2ed4,kit,eleben,num.,,,,,,
elementary_5cd88873-896e-4ba0-b3da-5f023315527b,kit,elementary,,,,,,,
elementeri_6981a8a1-83c7-4261-abc0-db50919cba16,kit,elementeri,,,,,,,
elementeri skul_b33368f5-7dff-4ba1-9e89-0e64fb8659a5,kit,elementeri skul,,,,,,,
elementri skul_905809f9-20c3-4084-9575-7041ffcb15d6,kit,elementri skul,n.,,,,,elementri skul,
Elisa_5df497a7-956d-484f-afa0-1e5f00e1c64e,kit,Elisa,prop.n.,,,,,ɛlisa,
Elizabeth_2625fac2-7f96-436a-a3b0-7993ecbdd9d7,kit,Elizabeth,prop.n.,,,,,,
Elsie_e579673a-ec0a-4f28-9a99-9dbad90cd902,kit,Elsie,prop.n.,,,,,ɛlsi,
ellollo_9d306ca4-cdca-4da4-8583-240bf7f61c38,kit,ellollo,i.v.,,,,,eɽoɽo,
Em_0d569073-284c-4371-a7a5-8d939c1b5aca,kit,Em,n.,,,,,em,
em_b9ce243e-e2af-4507-8607-3e411d92ebd8,kit,em,int.pro.,,,,,em,
emaemae_8e4a0cdd-6e7a-4d2f-acc3-7a2d6caa4135,kit,emaemae,mod.,,,,,emaemae,
ematta_db132c94-3840-42d2-b8f6-0b7c03222636,kit,ematta,adv.,,,,,emaʈ͡ʂa,
Emi_8e2d9a38-77c3-42ca-831b-2756ebece2a9,kit,Emi,prop.n.,,,,,emi,
enaenae_6b222a4e-ea16-4c6f-8ea1-6c2331c34426,kit,enaenae,,,,,,,
enanae_83a10131-55d1-4563-9db5-e633d1dccdd1,kit,enanae,adv.,,,,,enanae,
enanaeenanae_2d172ce9-7609-4078-8a4e-33712ce8fcb2,kit,enanaeenanae,mod.,,,,,enanaeenanae,
enda_22898b10-5d73-4efe-8748-bd671fb7a7fe,kit,enda,int.pro.,,,,,enda,
endaeya_b59e3455-6c9d-4ba8-aa9c-952a29180443,kit,endaeya,cop.,,,,,,
endaeyag_895abcc5-8c80-4586-b9e9-0315c5db1586,kit,endaeyag,cop.,,,,,endaejaɡ,
endag_82159106-f812-4515-a959-d3e000886b4a,kit,endag,cop.,,,,,,
endagaeya_3d363bcf-9b16-4cfa-9b1d-36c9e9f9c262,kit,endagaeya,cop.,,,,,endaɡaeja,
endageya_673b9629-2297-46d4-98e8-cfa4a7e7d971,kit,endageya,,,,,,,
endan_84bbd8bc-45d5-4204-b55d-c63ce4e68d04,kit,endan,cop.,,,,,,
endaya_534cf4a9-c387-4884-9d19-66ee3ca7393d,kit,endaya,cop.,,,,,endaja,
Ende_696f852f-e18e-43fb-a336-a8cd695e497c,kit,Ende,prop.n.,,,,,ende,
ende_b9c47b6d-a03e-49e4-8677-0503d881a83a,kit,ende,int.pro.,,,,,ende,
endeya_3a6433b6-35df-4edd-9cfb-b343729a2753,kit,endeya,cop.,,,,,,
Endo_5c1efcef-67be-443e-ad11-8ca18d17888e,kit,Endo,prop.n.,,,,,,
enddäna_f8530e47-0719-4c44-9d22-6549a9d027bb,kit,enddäna,n.,,,,,enɖ͡ʐəna,
enddänaenddäna_48b4a3da-6a4d-4f2d-a0fc-32780273dda4,kit,enddänaenddäna,adv.,,,,,,
enddna_85b2fcd7-0919-4f21-8a39-3b61feff41bc,kit,enddna,,,,,,,
enma_72abfa50-87c8-4ee0-b77b-f48553a7a313,kit,enma,n.,,,,,enma,
Enza_202bf38d-402c-4600-8ae6-f1f387090068,kit,Enza,prop.n.,,,,,enza,
enzul_464cbeb4-7e1d-457e-8a9f-868920515c68,kit,enzul,n.,,,,,,
Englis_98ddac69-c7d0-48ce-9f7b-7f6347f40156,kit,Englis,,,,,,,
English_f5bdff39-87fe-497f-a865-f61213e1caa4,kit,English,,,,,,,
English loanword_2a5bb079-5db2-4380-8b19-a34437351657,kit,English loanword,Pro-form,,,,,,
era~_10529508-3c42-423a-a1c2-6070504ccaef,kit,era,,,,,,,
era_19694eb6-5683-48af-88ef-1fd83363ba56,kit,era,rel.pro.,,,,,era,
Erabal_0a7da783-5b3f-48f4-af9b-663bd6a4fa60,kit,Erabal,prop.n.,,,,,,
eraballe_27e70b2d-504a-4f6a-8950-b9c68fb28a3a,kit,eraballe,rel.pro.,,,,,,
eraeya_84366845-1c91-4174-aad5-88afc0374261,kit,eraeya,cop.,,,,,eraeja,
eraeyag_cdb28be6-6fa9-418f-97dd-5fa94e43234d,kit,eraeyag,cop.,,,,,,
erag_7b245bd5-4077-49d5-8d2e-e44d2178953e,kit,erag,cop.,,,,,,
eragaeya_1efa69d0-d7b1-4c4f-84c4-d96b17810ea1,kit,eragaeya,cop.,,,,,,
eragän_1de0e196-d3c5-4d41-bbd0-a5397d9e87e7,kit,eragän,,,,,,,
erageya_b0bc3e7f-75ae-4fa9-96e0-86f03f2717a1,kit,erageya,,,,,,,
eragwaeya_460efd1d-62a8-49ac-8a47-f60f882dcdc3,kit,eragwaeya,cop.,,,,,eraɡwaeja,
eragwe_65843825-4578-48dc-a775-a1ca083c194d,kit,eragwe,,,,,,,
eragweya_efe70505-3010-44bb-9409-f7bc71881a16,kit,eragweya,,,,,,,
=eralla_c98762ce-429a-4d85-8ab2-5e17caf5f828,kit,=eralla,aux.,,,,,eraɽa,
=eralle_f2cadb49-adff-49ff-9ec5-33518d94d0a1,kit,=eralle,aux.,,,,,eraɽe,
=erallo_6903a3f5-c73f-424d-93cc-96f99f29889c,kit,=erallo,aux.,,,,,eraɽo,
Eramang_e34a7cc9-52a1-4c19-9c59-b99b1d7fcb25,kit,Eramang,prop.n.,,,,,ɛramaŋ,
erame_6106e8e2-910d-4130-abf8-2285ed15d922,kit,erame,rel.pro.,,,,,erame,
eran_0ce00fd4-836d-489b-8f09-fee7a9f24555,kit,eran,cop.,,,,,,
=eran_a0f7f2d9-bde7-4bca-84dd-9db2fc40765b,kit,=eran,aux.,,,,,eran,
eranän_465c2fe1-b7e0-44df-a916-965717c4e68f,kit,eranän,,,,,,,
erang_3d223c9b-1b41-4540-b539-13405ff32e55,kit,erang,Kinship noun,,,,,eraŋ,
erany_bae9135a-4341-402c-8d3e-ec5d8473324f,kit,erany,n.,,,,,eraɲ,
eraya_91c8faf3-3659-4c90-9260-daafce1fe682,kit,eraya,cop.,,,,,eraja,
eräl_f623bf9c-0983-471c-b4cf-2e251ecbf9f0,kit,eräl,t.v.,,,,,,
erängazmäg_bf1e07f4-6d02-4ac0-a6aa-b27a53e98968,kit,erängazmäg,,,,,,,
erängg_54df2c53-7391-42a6-aaa3-b2cbe9b4317f,kit,erängg,t.v.,,,,,erəŋɡ,
erär_78b8acb4-fff5-42e0-b2d5-3fa9115f2471,kit,erär,t.v.,,,,,,
ere_04e5292a-68fa-4c03-8566-4fbc5ec18d45,kit,ere,rel.pro.,,,,,ere,
erem_f35ea826-0f5e-4cc6-a3b3-3967af5b5e33,kit,erem,rel.pro.,,,,,erem,
ereya_99bb771f-e67c-4215-acbe-1e15b28ee6b9,kit,ereya,,,,,,ereja,
Erga_29b41fad-2f8d-48e0-b400-b78fd1cbe07e,kit,Erga,prop.n.,,,,,ɛrɡa,
ergod_f473dbb7-ac9f-4494-8565-a61d3fc80cd9,kit,ergod,i.v.,,,,,erɡod,
ergodag_b76523f3-30a6-4b1c-8706-cdc44d1abe9f,kit,ergodag,n.,,,,,erɡodaɡ,
eria_3cfa93b3-ed60-4014-8ac5-088c464c7a5d,kit,eria,n.,,,,,,
Eric_16618d9f-c3e1-41f9-afcf-46f60e1ec8da,kit,Eric,prop.n.,,,,,ɛrik,
erkoll_e40a67f9-5ec8-437f-98e1-d0306a6d51b1,kit,erkoll,n.,,,,,,
Erme_d0c6da4a-4f4c-4a81-9f82-4e140c4c67be,kit,Erme,prop.n.,,,,,,
erngazäg_d88c3c40-c60d-4590-8280-421e1f4c448c,kit,erngazäg,,,,,,,
erngazeg_fe654fef-01d8-41ce-9310-b777e88130bc,kit,erngazeg,Kinship noun,,,,,erŋazeɡ,
erngazenda_28619df6-03c9-4cfd-a68e-9c6c5b353d58,kit,erngazenda,Kinship noun,,,,,erŋazenda,
erngazmäg_5a1dc795-027e-4d83-9b5e-77e8ff90b929,kit,erngazmäg,Kinship noun,,,,,erŋazməɡ,
ero_3497a877-1d16-476a-b8b3-f67e36ad43d2,kit,ero,rel.pro.,,,,,ero,
Erodias_cddca0e7-b17d-40dc-ade9-52e280599455,kit,Erodias,prop.n.,,,,,,
eroe_791c8721-2ea5-4586-97dd-c006fa78276b,kit,eroe,loc.n.,,,,,,
erongg_fc68c759-66e9-427b-be26-22cc97572f0c,kit,erongg,v.,,,,,eroŋɡ,
erowattäm_d8f5f858-a803-4e08-b8e7-e8aff27b29ed,kit,erowattäm,rel.pro.,,,,,erowaʈ͡ʂəm,
erowe_b496a16c-d86f-4cfd-bd9e-c0d06d61cf3e,kit,erowe,rel.pro.,,,,,,
es_4a91d6e7-29c7-4eef-9d5c-be797e621d69,kit,es,interj.,,,,,es,
esam_c73b3c8d-cad7-4a9a-a77e-345427eed875,kit,esam,n.,,,,,esam,
Ese_cea2e4c5-cefb-4b4f-9899-b3aa2374f7c2,kit,Ese,prop.n.,,,,,,
eso_177775d9-4d17-4fca-8d68-4f4003ae338e,kit,eso,interj.,,,,,eso,
Essie_6080535a-9cca-41ee-8210-128cbbfdda0e,kit,Essie,prop.n.,,,,,essie,
Esta_b8c20795-3eab-46b7-97ed-c905be3a1d75,kit,Esta,prop.n.,,,,,,
ewatta_7b5bfca4-a8da-4d78-adc6-cc4923fdd301,kit,ewatta,,,,,,,
ewede_53221e2c-811f-44f8-b888-9880991efea4,kit,ewede,rel.pro.,,,,,ewede,
ewembe_c65b263a-4dcc-46ee-b84b-607280b1f66f,kit,ewembe,n.,,,,,ewembe,
=eya_85869d7f-d7d8-4515-b858-c1ada10217bd,kit,=eya,,,,,,,
ezi_e9f14890-ba8e-4f8b-a639-12463efccfb6,kit,ezi,n.,,,,,ezi,
Ezra_8f5fb3cb-e082-45ac-b922-d2d47816ca48,kit,Ezra,prop.n.,,,,,ezra,
Evelyn_40786e9a-624b-4a0b-aa2f-bf602c20e082,kit,Evelyn,prop.n.,,,,,ɛvɛlɪn,
example_8c3fa0a3-7a0d-4ce8-bd9a-f0b33bd5b51c,kit,example,,,,,,,
faeb_17c9d365-3bbc-4528-8ae2-cb2ff85c6939,kit,faeb,,,,,,,
fama_c313538a-32d9-4a12-ac5b-3fda6274a4e3,kit,fama,,,,,,,
family_e1308bb5-e47f-4d32-b47c-91806bb55905,kit,family,,,,,,,
feel_23cf830c-4770-4a55-bdff-7d2f1b5d90f4,kit,feel,,,,,,,
Feliks_d755d5ab-ddf0-4e12-8b83-1db354d887b9,kit,Feliks,,,,,,,
Felix_afd6bc80-0422-46f0-9a8a-32aeeda23632,kit,Felix,prop.n.,,,,,feliks,
fellows_e8f1dcca-c59a-4f60-8197-0b118e448177,kit,fellows,,,,,,,
fellowship_ddc11777-f1a0-41f6-b71f-02e03825d353,kit,fellowship,,,,,,,
femli_99dcc04a-48a1-4822-b8bf-776342a5f6f7,kit,femli,n.,,,,,,
fifti_9b436601-cd12-4a11-ac4a-af929b9d03d6,kit,fifti,,,,,,,
fiftin_e3299608-72c0-464f-8cee-0197047ab3a4,kit,fiftin,,,,,,,
first_aae71fd2-9be0-435a-9eef-11dcfd98dd88,kit,first,,,,,,,
five_5b7320c9-5234-4ee6-b98c-e1050cbe5661,kit,five,num.,,,,,,
Flora_eaac0490-2783-40d8-99e5-1c8177e4432e,kit,Flora,prop.n.,,,,,flora,
fo_9c8784c5-b182-4a94-8471-9c240af87d04,kit,fo,num.,,,,,,
food_2764ab7e-8f9a-425b-a2e6-c7cb2801c0f0,kit,food,,,,,,,
forti_fa4572e6-ff53-4ec5-bbcf-85b7c5f27b18,kit,forti,,,,,,,
fortiz_40729d0a-0a09-4e91-a30c-be1374b95295,kit,fortiz,,,,,,,
forty_5d28db56-dc32-46f2-8909-6de15dbd8055,kit,forty,,,,,,,
foti_d77a226c-5cf1-4ca3-aaad-b8242517acfc,kit,foti,,,,,,,
four_3f1cd508-6ee0-4c6f-8acd-ab48179cda29,kit,four,,,,,,,
Frank_688be5b0-1caa-4748-82d2-e4935866c0d7,kit,Frank,prop.n.,,,,,freŋk,
Francis_552f5b52-16fe-4f51-8843-68a3d6ed269d,kit,Francis,prop.n.,,,,,fransɪs,
from_2cf0ea6f-7985-4647-b7f1-ae7795c587f1,kit,from,,,,,,,
=g_0d31324e-3049-4fd5-84b7-2823497a3d53,kit,=g,Verbal enclitic,,,,,,
g-_3da13ea5-bb00-4b8b-a3a5-ebe165d9e797,kit,g-,v.,,,,,ɡ,
g_747c4116-66a5-4a8c-ab69-e3e29f5e4fe3,kit,g,aux.,,,,,ɡ,
ga_d3f7d38b-fa34-453f-ac3f-801422d66b19,kit,ga,aux.,,,,,,
gaall_da10c9a2-688c-4a11-afb7-38b3d7aa5e81,kit,gaall,,,,,,,
Gabadi_850bbd37-a1a3-44d2-8f9a-5bccb34416b9,kit,Gabadi,prop.n.,,,,,,
gabana_d6a30758-a9bb-4914-b80f-8e08ec73e9eb,kit,gabana,n.,,,,,ɡabana,
gabän2_b86e5159-8eba-4d6d-a7d5-8393fe4762ea,kit,gabän,t.v.,,,,,ɡabən,
gabän1_ec7660b1-1cdd-479d-a58e-9b8128c6600e,kit,gabän,n.,,,,,ɡabən,
gablle_6a9d9f6d-a68d-4dfe-8266-6d7df49afb3b,kit,gablle,n.,,,,,ɡabɽe,
gabma_06be4464-f81f-43ae-b887-ec68a1766646,kit,gabma,n.,,,,,ɡabma,
gabma bägäl_90348357-0896-4e40-90a5-6febadb64d18,kit,gabma bägäl,n.,,,,,,
gabman_77b5aa9d-10d0-4cd5-8bbc-e020f2c6623c,kit,gabman,,,,,,,
gabmantt_87638535-2808-4dc4-a840-4ecb4184762c,kit,gabmantt,n.,,,,,ɡabmanʈ,
Gaem_ecdb99d8-eddb-4c91-991b-9bcc65429124,kit,Gaem,prop.n.,,,,,ɡaem,
gae nge_1092b8b3-8204-4441-b704-99e33bfc8728,kit,gae nge,n.,,,,,ɡae ŋe,
=gaeya_930f85e3-a592-4b24-9e67-fc724c24169d,kit,=gaeya,Verbal enclitic,,,,,,
=gaeyo_44a5842d-7120-4cc7-aabf-f5574de533ed,kit,=gaeyo,Verbal enclitic,,,,,,
gag_7a45516f-628e-46e3-889a-182602083d27,kit,gag,t.v.,,,,,,
gagagäll_1904ae00-68cb-46a7-bf8c-7723c9be0591,kit,gagagäll,adv.,,,,,,
gagägagäll_8522458c-cfe2-4556-ac09-838e71263d12,kit,gagägagäll,adv.,,,,,,
gagäll_272648d5-ba7a-4d07-9379-764c5e3eede1,kit,gagäll,mod.,,,,,ɡaɡəɽ,
gagälläd_c29cb7bd-a2d1-4f5a-9145-c6f5833b9aaf,kit,gagälläd,t.v.,,,,,ɡaɡəɽəd,
gagäll ine_c8d4d8ab-f5f8-4d19-85d4-dac4b3646728,kit,gagäll ine,n.,,,,,,
gageb_58e8bb6f-5c1a-48a6-be4b-5f1742faf911,kit,gageb,n.,,,,,,
gaguma_c872e84e-2ca7-445c-bc69-a6baac706b9b,kit,gaguma,n.,,,,,ɡaɡuma,
Gaima_ad55bf8c-9219-4f46-b390-bfb8fa4fdbee,kit,Gaima,prop.n.,,,,,ɡaima,
gaimbi_9c48da59-bc54-4dfe-a2a4-63e07fdef6d2,kit,gaimbi,n.,,,,,ɡaimbi,
gal_9149b7cd-d91f-4577-81cf-b836446001d3,kit,gal,n.,,,,,ɡal,
galbe_1f0b6f0e-96f7-4c8f-b442-077590c3d79c,kit,galbe,n.,,,,,ɡalbe,
galbi_d9869fb9-2c67-4f5d-a963-5b241ee7c5cb,kit,galbi,,,,,,,
galib_6da4b181-dba5-4f8b-b28f-856a1cb56539,kit,galib,n.,,,,,ɡalib,
Galibma_1cdd9d9c-2c14-4e67-9047-4cb54e2b54ac,kit,Galibma,prop.n.,,,,,ɡalibma,
galigali_df30a700-25a9-4a9b-a1d9-cfeda09cca32,kit,galigali,n.,,,,,ɡaliɡali,
Galo_ad3e12c2-a65a-468b-8bd1-f5bae322b095,kit,Galo,prop.n.,,,,,ɡalo,
Galwe_bba0f94c-b62a-46c6-862e-8b1c0d8323fa,kit,Galwe,prop.n.,,,,,ɡalwe,
gall_2f8f4611-85a8-49d8-bd18-359ecea68f80,kit,gall,n.,,,,,ɡaɽ,
gallab_57d23975-43bb-431b-b58d-67476cac932c,kit,gallab,t.v.,,,,,ɡaɽab,
gallgall_647872b9-6fe6-45e3-9033-b06f9406a029,kit,gallgall,n.,,,,,ɡaɽɡaɽ,
gallgell_d88ee71a-640b-43d2-b0ef-07edd525162c,kit,gallgell,i.v.,,,,,ɡaɽɡeɽ,
gall gullem_1580ab6e-0c72-4174-8cb4-0f9a5be09ef7,kit,gall gullem,n.,,,,,ɡaɽ ɡuɽem,
gall ngattongag_2288f977-1ff1-4134-a3c5-baff6b557214,kit,gall ngattongag,n.,,,,,ɡaɽ ŋaʈ͡ʂoŋaɡ,
gall onyang_345612b4-a0fc-40df-93e7-fa42f57d124c,kit,gall onyang,n.,,,,,,
gallwab_15d2cf6a-ae01-41d6-b969-ea88ef583b60,kit,gallwab,t.v.,,,,,ɡaɽwab,
Gamaewe_966b060b-21a8-4bfb-91d8-ae2cce069e71,kit,Gamaewe,prop.n.,,,,,ɡamaewe,
gambäg_1b580209-18e8-450f-9ef8-9bcc4544f4d0,kit,gambäg,i.v.,,,,,ɡambəɡ,
gambän_6eab883e-662a-402d-a5de-f54d793f5853,kit,gambän,i.v.,,,,,,
gambenängg_a8c38b85-f023-4468-a876-d5cbd2d19207,kit,gambenängg,t.v.,,,,,,
gameny_3f6232d8-7054-4abd-a269-be0e129e68be,kit,gameny,i.v.,,,,,ɡameɲ,
gamo1_549e4766-b878-418a-9d33-ccd490f5faa1,kit,gamo,n.,,,,,ɡamo,
gamo2_55fa96b2-7de0-4d1c-b364-51783f3cc7cb,kit,gamo,n.,,,,,,
gamu_5ed078d5-0898-41a4-80d5-cdad004b67bd,kit,gamu,n.,,,,,ɡamu,
=gan1_9c68a3b8-1995-413b-8cc2-14af7d822d6c,kit,=gan,,,,,,,
=gan2_ad67faf7-4df9-4ffc-9ae7-66c1dfc507d7,kit,=gan,Verbal enclitic,,,,,,
gan_f3ad65b8-62af-4c49-a079-54862dff4ed3,kit,gan,,,,,,,
gangan_f5490469-daf6-4707-b634-6553a4bf6206,kit,gangan,n.,,,,,'gangan,
gany_571386e6-2cce-46a1-973b-eb7c96eddf74,kit,gany,t.v.,,,,,ɡaɲ,
Gao_a3e98a2f-6c52-4f43-b069-57c0d3ff807c,kit,Gao,prop.n.,,,,,,
gaopi_83275afd-6e3d-4ba8-b366-c1bc588d14ac,kit,gaopi,n.,,,,,ɡaopi,
gaora_556aecf4-4cdd-4833-bf9f-18c28fce96f2,kit,gaora,n.,,,,,ɡaora,
gara_a9403f71-43e0-4143-98ea-690f69e45b1c,kit,gara,n.,,,,,ɡara,
Garai_a657994d-dff4-444b-929d-563b628df0bf,kit,Garai,,,,,,,
Garayi_b8edc8bf-c18f-48c3-b8b4-632084844146,kit,Garayi,prop.n.,,,,,ɡaraji,
Garaz_629a70bb-4782-4103-846f-21bd8357a4dd,kit,Garaz,prop.n.,,,,,ɡaraz,
gastol_d2049656-98c6-48ff-b720-508284db6f6b,kit,gastol,n.,,,,,,
gaugau_eecd184e-21ba-4e32-809e-89bc2a6f56b8,kit,gaugau,n.,,,,,ɡauɡau,
=gaya_2069941b-d882-46b6-9a0a-997cca7c1787,kit,=gaya,,,,,,,
gazen_e71216c3-b2d4-43c3-8af0-69e8ff3ee86c,kit,gazen,t.v.,,,,,ɡazen,
gazibra_0e272d50-fe61-414e-8691-6daf365434e4,kit,gazibra,n.,,,,,ɡazibra,
gajen_4e6a3dd7-cc12-42ba-888b-881ef16c8b99,kit,gajen,,,,,,ɡazen,
gäba_e01d5e6e-3dd1-4bdf-9f42-990ca943ce04,kit,gäba,n.,,,,,ɡəba,
gäbaeb_12a122da-8464-4b34-96de-77a86b2aff40,kit,gäbaeb,i.v.,,,,,,
Gäbag_8c967ce8-35a1-4043-bda7-f3df45b9dbfa,kit,Gäbag,prop.n.,,,,,,
gäbagäba_cfdf18a4-f91b-42e4-8640-2f5c5d9be773,kit,gäbagäba,mod.,,,,,ɡəbaɡəba,
gäbä~_39d27b84-83e6-4b52-97e3-9c1c6ca3a144,kit,gäbä,,,,,,,
gäbän_fcf3cc45-e2f2-4592-9b0f-638b8a19b38b,kit,gäbän,i.v.,,,,,ɡəbən,
gäbgäb_9b0a842b-0c83-4fcb-8280-9d3bc98b1f32,kit,gäbgäb,n.,,,,,ɡəbɡəb,
gäbmäll_12c7276c-a183-4e06-98f2-88afbec0b4e5,kit,gäbmäll,v.,,,,,ɡəbməɽ,
gäbmällgäbmäll_a3c56484-5f92-4759-b0ca-0eb9b3f7a835,kit,gäbmällgäbmäll,adv.,,,,,ɡəbməɽɡəbməɽ,
gäboll_cc7c50c6-3632-49d2-bd28-15fd0796e794,kit,gäboll,n.,,,,,ɡəboɽ,
gädagäde_7533cf43-aeb4-403e-a312-b4893b954072,kit,gädagäde,t.v.,,,,,ɡədaɡəde,
gädän_c4da59d4-91d3-49a9-800f-d5bb17582986,kit,gädän,i.v.,,,,,,
gädd~_94db2d8c-d5c5-4dee-897b-0abd3408d67d,kit,gädd,,,,,,,
gäddgädd_d39a967a-e5c4-45ab-81b3-9c0b55b50b1a,kit,gäddgädd,t.v.,,,,,ɡəɖ͡ʐɡəɖ͡ʐ,
gägabäll_53afb4bd-3e06-4c67-914c-86e01c9246a2,kit,gägabäll,i.v.,,,,,ɡəɡabəɽ,
gägäb ine_a6e43f7e-181d-41fe-8a6f-734aa64115c1,kit,gägäb ine,n.,,,,,,
gäglib_db9c1e48-c255-44cd-b1ea-d2b7c26598a6,kit,gäglib,t.v.,,,,,ɡəɡlib,
gäglläb_ef6ebe93-6fb3-4156-8f94-aa19445aceca,kit,gäglläb,t.v.,,,,,ɡəɡɽəb,
gäl_a2555834-cdd4-4f31-a199-9d9975d7aac1,kit,gäl,n.,,,,,ɡəl,
Gälabi_ec52ab3d-b518-418f-884f-5c3bcb4e49e1,kit,Gälabi,prop.n.,,,,,ɡəlabi,
gälas_badc9d3f-b117-4704-b8e7-f17e1e5de222,kit,gälas,n.,,,,,ɡəlas,
Gäläb_d72aa40d-c878-4894-9cda-322e59a6c90c,kit,Gäläb,prop.n.,,,,,ɡələb,
gälbän_602e800b-3474-485a-a70a-b06b86aadd7f,kit,gälbän,t.v.,,,,,ɡəlbən,
gäleb_ddf405e6-690e-4bc5-a241-047e4a336f54,kit,gäleb,n.,,,,,ɡəleb,
gälgäl_06ace02f-739f-4106-a288-06c8a5c05ec2,kit,gälgäl,,,,,,,
gällall_89d9ed28-3140-4d06-8c2f-98132a98c5b2,kit,gällall,n.,,,,,ɡəɽaɽ,
gällanggälla_f05d80a0-b400-477a-9350-24d77cd89ebd,kit,gällanggälla,,,,,,ɡəɽaŋɡəɽa,
gällatater_00721a84-0009-4f80-8c7a-9728f6c2a4f4,kit,gällatater,n.,,,,,ɡəɽatater,
gällbän_d85fe0dd-4b39-4a5c-9668-5e75862065c0,kit,gällbän,i.v.,,,,,ɡəɽbən,
gälle_7c519961-1a25-49c3-867a-11111dc2d85e,kit,gälle,n.,,,,,ɡəɽe,
gällgäll_cb8d586b-149b-455f-a8ab-f65b2aa413d7,kit,gällgäll,,,,,,,
gällnen_082d389e-6504-4b24-b76e-8e154baf5a2f,kit,gällnen,t.v.,,,,,,
gämäll_9d127bd5-cbc9-413c-85f3-419a19b06023,kit,gämäll,cov.,,,,,ɡəməɽ,
gämäll tänggag_1cf51bea-5bc0-42e8-abd3-372c9ac68452,kit,gämäll tänggag,comp.v.,,,,,,
gämbanengg_5327c131-53d8-4001-b535-67a271976fff,kit,gämbanengg,t.v.,,,,,,
gämoe_aca7a2ab-6ed1-4e6a-a52f-4adb6494030d,kit,gämoe,t.v.,,,,,ɡəmoe,
gän_3bd58b58-5d34-4c85-9686-f6064e73696d,kit,gän,n.,,,,,,
=gän_961be6ad-b556-40e9-83fe-3d86b7be7826,kit,=gän,,,,,,,
gänggälläm_b2e406de-319b-4352-8d0a-fc5e77846df3,kit,gänggälläm,t.v.,,,,,'gänggälläm,
gänggllam_e72f11b8-b0b2-4fe6-83fb-2d374642871b,kit,gänggllam,cov.,,,,,,
gängglläd_ed712e44-33bf-49e8-aadf-9db4a2a589dd,kit,gängglläd,t.v.,,,,,ɡəŋɡɽəd,
gängglläm_ba165229-3671-40d2-b5a4-45245350f19d,kit,gängglläm,,,,,,,
gänya_3aba7605-cbde-476b-951a-fa675d41016b,kit,gänya,adv.dem.,,,,,ɡəɲa,
gänyaballe_ae491433-4963-4317-b746-92d169429188,kit,gänyaballe,adv.dem.,,,,,,
gänyaeben_9e070ccf-9da2-4f7d-8602-8a4d19c3d0e6,kit,gänyaeben,cop.,,,,,,
gänyaeya_37763417-0d8f-4bcd-a319-9a63fc4d3b5d,kit,gänyaeya,cop.,,,,,ɡəɲaeja,
gänyag_4f3bdebf-a954-445b-bf15-fd194548b3ab,kit,gänyag,cop.,,,,,,
gänyagaeya_863624f5-3171-43d1-9a7b-b25d6c7587f6,kit,gänyagaeya,cop.,,,,,,
gänyagaya_357d6254-53af-40ce-b137-69c069beade5,kit,gänyagaya,,,,,,ɡəɲaɡaja,
gänyageya_4e19fba2-928f-4ef2-8882-482dca001980,kit,gänyageya,,,,,,ɡəɲaɡeja,
gänyageyo_a597c653-0b9e-4c39-bcb1-e4f7d3284a0d,kit,gänyageyo,cop.,,,,,ɡəɲaɡejo,
gänyagwaeya_3287b6b2-9093-4e4a-89fd-2aeac74ccd50,kit,gänyagwaeya,cop.,,,,,,
gänyagweya_080f4aa3-774f-46e8-8dae-7dcd9edb7d2c,kit,gänyagweya,,,,,,ɡəɲaɡweja,
gänyamasäm_3a968ef7-5475-4e16-95fd-a84e348a1ff8,kit,gänyamasäm,adv.dem.,,,,,,
gänyamasem_fcd7013b-38de-4cea-ba2b-f316028fdda3,kit,gänyamasem,,,,,,,
gänyamasen_88f990af-ee04-4918-a615-0f6d57a96755,kit,gänyamasen,,,,,,,
gänyame_c41b0475-8bb8-4e45-afd1-8353e8920f12,kit,gänyame,adv.dem.,,,,,ɡəɲame,
gänyan_415ea472-0aed-4dc0-89f7-a865955fdc61,kit,gänyan,cop.,,,,,ɡəɲan,
gänyanän_96b4c224-968a-46dc-a9e5-5fe29c091417,kit,gänyanän,,,,,,,
gänyaolle_00a83d9c-639f-42bd-9052-9a36d2e55ee0,kit,gänyaolle,adv.dem.,,,,,ɡəɲaoɽe,
gänyaollemae_8ab588f5-2d7e-499b-b7ed-22dbffbb241e,kit,gänyaollemae,adv.dem.,,,,,,
gänyawe_b137dd3c-7a8b-443b-9309-9775ae0f4450,kit,gänyawe,,,,,,,
gänyaweya_0c10c1c5-34d0-48ba-9570-78cf64b077a2,kit,gänyaweya,,,,,,,
gänyaya_d73cb7e3-a573-42e3-8852-714bdf5d7ee5,kit,gänyaya,,,,,,ɡəɲaja,
gänyäme_ddd70610-20f1-428b-9ce4-5706bb8c5d63,kit,gänyäme,,,,,,,
gänyerballe_1eb7619c-e7b5-49e2-ae1a-e8318763b318,kit,gänyerballe,,,,,,ɡəɲerbaɽe,
gänyeri_a1bae507-1736-475b-9c50-14cfd86e2820,kit,gänyeri,adv.dem.,,,,,,
gänyeriballe_22052eba-05fc-4800-a694-7971a659d0df,kit,gänyeriballe,adv.dem.,,,,,ɡəɲeribaɽe,
gänyerimae_c4ca2747-9067-4603-ae93-d0068db3c424,kit,gänyerimae,adv.dem.,,,,,,
gänyeya_4239259a-2eb3-40b8-b9fb-7fd7ee293a05,kit,gänyeya,,,,,,ɡəɲeja,
gänyme_1117825d-d29a-4460-b1a4-8fe5f19f6490,kit,gänyme,adv.dem.,,,,,ɡəɲme,
gänyo_1ffe61ed-8119-4a3e-b963-122cadca8171,kit,gänyo,,,,,,ɡəɲo,
gärep_a0ec14f4-9dd4-487f-825f-7fc56709e1ed,kit,gärep,n.,,,,,ɡərep,
gäz_d5695850-397e-4e2e-802c-67de01882905,kit,gäz,t.v.,,,,,ɡəz,
ge_8ac8e329-f506-4d04-82b1-42a4447fb998,kit,ge,nom.dem.,,,,,ɡe,
geagell_e2b118b1-7f62-4d87-a61c-874dcc8f1cf3,kit,geagell,n.,,,,,ɡeaɡeɽ,
geawe_4d44e2cf-6f05-491e-9567-30c8d5d4a495,kit,geawe,n.,,,,,ɡeawe,
geddäll_bdf2c89e-7980-48ee-8b87-93caffe43e22,kit,geddäll,,,,,,,
Geleli_6f409707-7557-4b23-a26c-e2a429f66504,kit,Geleli,prop.n.,,,,,,
gem_d739b567-ba5f-4e62-9628-25513bfb07b9,kit,gem,nom.dem.,,,,,,
gemae_b9034305-c28f-4f6a-863e-3c42eadc5a99,kit,gemae,nom.dem.,,,,,,
geme_584d3fe5-406f-4764-9dae-02b3bd1fed26,kit,geme,nom.dem.,,,,,,
Gene_399c08b8-acbf-4f5e-b7c3-c932b9cdaecc,kit,Gene,prop.n.,,,,,ɡene,
Geoff_712681d7-fa37-48d8-af72-6843445ea865,kit,Geoff,prop.n.,,,,,,
Georgina_02cbb168-48c5-471c-b234-5d0c4def609e,kit,Georgina,prop.n.,,,,,ɡeorɡina,
ger_1e7800f5-5cab-4884-a66e-8347049b7556,kit,ger,n.,,,,,ɡer,
Geser_b2194e14-9496-4b41-9f1a-ec444ade86c5,kit,Geser,prop.n.,,,,,ɡeser,
=geya_af105068-a4cf-4de4-9da2-08dfa5d81559,kit,=geya,,,,,,,
geyako_6d182f1e-c9ed-4911-aca5-08c64b3a7450,kit,geyako,nom.dem.,,,,,,
=geyo_b13489ef-36b5-433b-bf97-e07068e987bb,kit,=geyo,,,,,,,
gi_40c9f994-74b7-4a49-9063-6b7d60c38cb3,kit,gi,n.,,,,,ɡi,
Gibson_1b57e30e-9f9e-42e0-b837-2e8f2f04404b,kit,Gibson,prop.n.,,,,,ɡibson,
Gidra_929a1ea7-d24e-477a-9d13-8083fe7ae964,kit,Gidra,prop.n.,,,,,ɡidra,
gidre_edd098b4-9b7e-43da-a0a7-aab854a29006,kit,gidre,n.,,,,,,
Gidu_c3014c2f-8fb7-43a8-a1d0-1e28ddf5bd98,kit,Gidu,prop.n.,,,,,ɡidu,
giddoll_936c7769-c643-4825-ae88-8d16eff8bbb6,kit,giddoll,n.,,,,,ɡiɖ͡ʐoɽ,
giddollag_b06c78cd-2873-4851-88c9-91d7f8e532e6,kit,giddollag,mod.,,,,,ɡiɖ͡ʐoɽaɡ,
giddollmeny_38b83d32-01cd-4a32-9719-e638f51279df,kit,giddollmeny,mod.,,,,,,
giegier_a2f11d6e-616f-48b3-aedf-10a4e3f3fe69,kit,giegier,n.,,,,,ɡieɡier,
Gilbet_b125abdc-0e26-402d-a358-2614b3591857,kit,Gilbet,prop.n.,,,,,,
gilib_c4934ee6-8b12-4d3f-9c74-d0dd9c5e32b5,kit,gilib,n.,,,,,ɡilib,
Gimaga_0713857a-1832-4652-9360-67f51d46e1de,kit,Gimaga,prop.n.,,,,,,
Gina_e5544336-f2cf-472a-ae99-fcae9453580d,kit,Gina,prop.n.,,,,,ɡina,
Ginarang_823eb858-2d4e-4901-b0f1-021cb57020f8,kit,Ginarang,prop.n.,,,,,,
Gini_15bf21dc-c069-4949-825a-2ee0e13dbf05,kit,Gini,prop.n.,,,,,,
Ginia_abbbebde-0d41-413c-8cc5-abd839364b42,kit,Ginia,prop.n.,,,,,ɡinia,
Giniya_a080f64e-3a14-4784-b1ae-421d1f513254,kit,Giniya,prop.n.,,,,,ɡinija,
girag_cc651348-f759-448d-b727-a06bf830fb6f,kit,girag,n.,,,,,ɡiraɡ,
girag dirindi_4643544c-d33f-4a50-9b5e-c465794ef220,kit,girag dirindi,n.,,,,,,
giragirag_351d2e1e-e687-473a-893b-f3b5f9569260,kit,giragirag,n.,,,,,ɡiraɡiraɡ,
giri_56ef9998-cc27-404f-81f6-08d29337c9ee,kit,giri,n.,,,,,ɡiri,
giri busa_c31060f0-56cb-4495-9e6a-aaccdfc31c82,kit,giri busa,n.,,,,,,
giritai_624445cb-b0f0-4a8b-8b0e-e77b336ebda8,kit,giritai,n.,,,,,ɡiritai,
giriwak_c94d6db4-9b5d-494c-b412-51b7bd3b6a6f,kit,giriwak,n.,,,,,ɡiriwak,
giro_daa67504-df72-4fa9-84ad-efb32975cf8b,kit,giro,n.,,,,,ɡiro,
gita_85f1c856-4969-4c4e-9dd7-ba68bb4e5fe4,kit,gita,n.,,,,,,
giwi_7944a591-53e5-4b8d-baf1-85bfd976cf72,kit,giwi,n.,,,,,ɡiwi,
Giwo_d894b095-ccdd-42b0-930d-4945ec294372,kit,Giwo,prop.n.,,,,,ɡiwo,
=giyu_8d99fae0-e484-4578-b695-920ba1c7fa1c,kit,=giyu,,,,,,,
gɨg_05485649-a2c3-4ad0-b1b7-5a5049a6a898,kit,gɨg,t.v.,,,,,ɡɪɡ,
gɨlgɨl_21b5f59b-ef84-448e-a861-4c2e38dbab11,kit,gɨlgɨl,v.,,,,,,
gɨngg_7fb53f25-85d0-4b0d-a61c-c6f4dabae149,kit,gɨngg,t.v.,,,,,ɡɪŋɡ,
Gladis_e53096c9-1456-40ec-9fe7-15d22a2192fd,kit,Gladis,prop.n.,,,,,,
Glan_abc80fce-1709-4232-92bb-eb0df27a1b06,kit,Glan,prop.n.,,,,,,
glas_f5f2bc6e-9c4e-49f9-a847-5da9c66e8822,kit,glas,n.,,,,,,
gleb_8fd0046c-1ebf-49d4-8d87-5c741c445fbd,kit,gleb,t.v.,,,,,ɡleb,
Gledis_710da879-6886-41bb-a8bd-12697b3e47a5,kit,Gledis,,,,,,,
Glendis_7775e7f5-0546-4d4f-9fe0-e39eca385e22,kit,Glendis,prop.n.,,,,,,
Gloria_39efd441-6428-4b9c-b11f-c3dcf9e85dc1,kit,Gloria,prop.n.,,,,,,
gllae1_ef642982-e6ef-447b-9525-9f693aa87a81,kit,gllae,t.v.,,,,,ɡɽae,
gllae2_f8f65f36-6e5b-4f56-b9fc-f20ce16f9dd4,kit,gllae,i.v.,,,,,ɡɽae,
gllaengg_4d4d108f-935c-446f-96b5-3e7c78c16a8a,kit,gllaengg,,,,,,,
gllaglle_fdc721e8-cfe1-4363-9f08-e09b532e9bee,kit,gllaglle,t.v.,,,,,ɡɽaɡɽe,
gllangglla_d77873e3-ac4a-4f7d-b68c-8d084271d8d9,kit,gllangglla,i.v.,,,,,ɡɽaŋɡɽa,
glle_226a1821-149e-4015-801d-7d38288799b9,kit,glle,n.,,,,,ɡɽe,
gllo_378cc003-82f0-4259-9bda-cd895c91efd2,kit,gllo,t.v.,,,,,,
gllogllo_4ef9ff02-f7ec-4447-baf1-6313a945fae4,kit,gllogllo,n.,,,,,ɡɽoɡɽo,
Gllu_5eb49621-2dcd-44ea-9119-6d0f44326c0d,kit,Gllu,prop.n.,,,,,,
gllu_f17f1034-42d6-4cd1-9e8d-14808df9c51d,kit,gllu,Ideophone,,,,,ɡɽu,
go2_8e340838-7a61-4786-a733-7b7494a8f500,kit,go,,,,,,,
go~_9435f374-a60e-4731-ad43-c50755611630,kit,go,,,,,,,
go1_a586fd1e-f0f4-4838-8a3c-6338b79993eb,kit,go,n.,,,,,ɡo,
Goballwang_dfa2401d-6f61-40ae-919a-5e3e34a319f2,kit,Goballwang,prop.n.,,,,,,
god_727140c1-cedc-4861-b2f9-e89bdebab04f,kit,god,n.,,,,,ɡod,
Godd_3d4b0d90-1fba-49c5-9448-1aa6e6486a3c,kit,Godd,prop.n.,,,,,ɡoɖ͡ʐ,
goeg_d8d5ac7b-04e1-4a51-b3de-22161c3d2e78,kit,goeg,n.,,,,,ɡoeɡ,
Goeg wälläng_94bc8df7-db7c-4370-a2c6-b4dcd8714873,kit,Goeg wälläng,prop.n.,,,,,ɡoeɡ wəɽəŋ,
gogäle_753bd4f3-ca20-4233-883c-66760467f471,kit,gogäle,n.,,,,,ɡoɡəle,
Goge_21007f47-a29a-4849-983c-b9d4eb3d4939,kit,Goge,prop.n.,,,,,ɡoɡe,
Gogina_46064ad2-ec51-4267-bd09-d5fdde73e02c,kit,Gogina,,,,,,,
gogo2_0eef7e65-7af4-4f56-97c7-209aa5411c99,kit,gogo,n.,,,,,ɡoɡo,
Gogo_717ce6d4-5ae0-4ea6-bf73-d947ca1078d6,kit,Gogo,prop.n.,,,,,,
gogo1_ea40a3ff-e66e-46cb-af1b-bf9c0888f461,kit,gogo,t.v.,,,,,ɡoɡo,
Gogodala_2e85d655-b194-43c5-85c4-0557403888bc,kit,Gogodala,prop.n.,,,,,ɡoɡodala,
Gogodara_9ea87416-6b87-45cd-ac9c-e078a31db2ec,kit,Gogodara,prop.n.,,,,,,
gogodd_c4634488-8ad4-4332-b0db-69f3648a3275,kit,gogodd,n.,,,,,ɡoɡoɖ͡ʐ,
gogodd pänddäg_8ad1b2a0-e107-42ae-8be3-b5725946f3fb,kit,gogodd pänddäg,,,,,,ɡoɡoɖ͡ʐ pənɖ͡ʐəɡ,
gogo kottllam_733aea88-fb84-4958-8fe0-3b88538e542b,kit,gogo kottllam,n.,,,,,ɡoɡo koʈ͡ʂɽam,
gol_dd7a557b-1a93-4aa1-98ed-dd08c33cc67c,kit,gol,n.,,,,,ɡol,
golgol_404b00db-3f4d-40d2-b331-897242c03f71,kit,golgol,n.,,,,,ɡolɡol,
gollab_09502ff8-30f0-41bb-ad93-717a1cd13243,kit,gollab,i.v.,,,,,ɡoɽab,
gollaeb_22593164-5b24-4cae-9b56-eb9c4a834999,kit,gollaeb,quant.,,,,,ɡoɽaeb,
gollaembäg_ab106186-cad0-4929-8dd2-a56649b844fc,kit,gollaembäg,t.v.,,,,,ɡoɽaembəɡ,
gollob_79d8f66e-3405-46e5-a41c-9d507df45db5,kit,gollob,n.,,,,,ɡoɽob,
golloll_569fc64f-1805-4287-80d4-d6e254ec942c,kit,golloll,loc.n.,,,,,ɡoɽoɽ,
gollolla_850b24f3-fbbc-4115-a2fd-1565545d5451,kit,gollolla,n.,,,,,ɡoɽoɽa,
gomoe_deddeba9-1724-40ee-9dd0-28fdb66d0f65,kit,gomoe,t.v.,,,,,,
gonagone_0a3c8136-ed70-4c21-8ce2-fbc4769569ac,kit,gonagone,t.v.,,,,,ɡonaɡone,
gonangg_2a037d13-7b42-44e7-b0b7-1bde68b64132,kit,gonangg,t.v.,,,,,,
gone_ffdbffbe-40b2-4c23-aac3-fc2e81f604fe,kit,gone,v.,,,,,,
gonz_136b8c9e-6922-48f9-969e-0ed412fb0c1e,kit,gonz,n.,,,,,ɡonz,
gonzagonzar_3c2453c7-6792-46fe-91a8-28c4aa4098a3,kit,gonzagonzar,n.,,,,,ɡonzaɡonzar,
gonzagonzar budar_1e288085-ddb2-406d-8e3d-89653ae0fbf3,kit,gonzagonzar budar,n.,,,,,ɡonzaɡonzar budar,
Gonzer_83d5a0f1-0105-4377-a19c-adcbfda6453c,kit,Gonzer,prop.n.,,,,,,
gongg_4523bac3-78ed-463b-9a0c-fd3776d3473c,kit,gongg,i.v.,,,,,ɡoŋɡ,
gongglem_9462e5ca-b480-46bc-9080-dbb907b8a620,kit,gongglem,n.,,,,,ɡoŋɡlem,
gonggo_8dce9cb9-e93e-4657-a539-f920074995d9,kit,gonggo,n.,,,,,ɡoŋɡo,
gonya_11c9a30a-860d-4952-b34d-cd38b6f49d03,kit,gonya,,,,,,,
gonyeya_a8b7541f-47e5-4f48-909f-6d52d54e5ff6,kit,gonyeya,,,,,,,
gonyo_58280271-5264-46ff-be8a-29ce44e20dd0,kit,gonyo,,,,,,ɡoɲo,
gora_dc9466c6-ab95-4a0b-90cc-c0b15024ddb0,kit,gora,n.,,,,,ɡora,
goral_9d7ecc74-da43-4a93-98a3-b54afaaa45cc,kit,goral,n.,,,,,ɡoral,
goro_eb9c1c8c-7849-498b-b1dc-375fee72215d,kit,goro,mod.,,,,,,
goro wälläng_8931818d-0001-464e-bba2-2ceece1d5623,kit,goro wälläng,n.,,,,,,
got_93a847bc-0aff-45bb-be00-be5799f275f7,kit,got,,,,,,,
government_b92b6857-cf30-41eb-ae2b-0f017b68b30e,kit,government,,,,,,,
grade_e1c967b9-169a-4d4b-bb4b-1b2e8083bcb4,kit,grade,,,,,,,
grawa_a0dbcd97-e683-4f75-a9aa-e454669f1a28,kit,grawa,n.,,,,,ɡrawa,
Grace_518448ff-29b9-4b61-b0d2-ea0ecb3e8c92,kit,Grace,prop.n.,,,,,ɡres,
greasy_c4495602-b2b4-4844-b535-3897d4310222,kit,greasy,,,,,,,
greid_7d97ea83-1135-4f8c-a5e7-5545fe9a50c3,kit,greid,n.,,,,,,
Greis_299d6384-727b-4d62-9f95-c41611757726,kit,Greis,,,,,,,
group_aac9368d-1c67-4531-a542-3696f1c236bf,kit,group,,,,,,,
grup_06234457-2d8f-4074-a90c-f02f83b92df9,kit,grup,n.,,,,,,
gu~_b1367636-2fcd-46eb-9966-9e8ab6288296,kit,gu,,,,,,,
Guar_409ac7cf-6d05-4ef7-84da-957db95d31c6,kit,Guar,prop.n.,,,,,ɡuar,
Gubam_2243c5a0-6e32-464c-99ed-c85d359b9c0c,kit,Gubam,prop.n.,,,,,,
gubare_2f76e4fd-b2da-4eb2-b383-7fd96eb1e6bc,kit,gubare,n.,,,,,ɡubare,
guboll_da33f49a-b3d0-44ef-9fef-2712aa4215bb,kit,guboll,n.,,,,,ɡuboɽ,
gudae2_485447f3-b0f3-41d2-ae27-3b0bbc7e09d9,kit,gudae,quant.,,,,,ɡudae,
gudae1_afc5d0c4-8714-4a2a-83f2-41ee319338ec,kit,gudae,mod.,,,,,ɡudae,
gudne_16587c3b-bbd0-4529-b1c6-fb50cb1e04b5,kit,gudne,mod.,,,,,ɡudne,
guem_3026b19e-51a8-4641-b601-e701d37e10c0,kit,guem,n.,,,,,ɡuem,
gugall_57b81cee-7949-4482-b744-710263008a21,kit,gugall,n.,,,,,gu'gall,
gugi_41bffca4-54c6-4d28-932d-0b8739f5f63a,kit,gugi,i.v.,,,,,ɡuɡi,
gugu1_85435264-58b8-4af7-937b-769d365b628a,kit,gugu,n.,,,,,ɡuɡu,
gugu2_9bf6df2c-82eb-4147-962c-df0d464680e7,kit,gugu,n.,,,,,ɡuɡu,
Gugu_d56f5d91-ca06-4ff9-bf95-8a70cd719c19,kit,Gugu,prop.n.,,,,,,
Gugu Gel_eff5c977-1149-4544-b567-fc81a9847c25,kit,Gugu Gel,prop.n.,,,,,ɡuɡu ɡel,
Guim_0e4251be-abe9-4520-9a5d-f5f603ffebaf,kit,Guim,prop.n.,,,,,,
Guinea_591a940e-1893-4c40-ab66-b1db8c702193,kit,Guinea,,,,,,,
gul_82027046-c8ce-4ac5-ad45-5cbb771b5842,kit,gul,n.,,,,,ɡul,
gulag_8ca8aadf-4eb7-4763-b987-ed94196b771e,kit,gulag,cov.,,,,,ɡulaɡ,
guli_dae57dd3-1eb6-49d0-b70b-9d4cffd93202,kit,guli,n.,,,,,ɡuli,
gulin_22594071-35ff-460c-8666-982acadac379,kit,gulin,n.,,,,,,
gull_de7da6a9-3019-409e-9337-666b91dba69c,kit,gull,n.,,,,,ɡuɽ,
gulla_1632c145-bfac-473b-a979-3c7cad66e06c,kit,gulla,,,,,,,
gullabgullab_d9af0457-7462-4141-a993-5284a706c38b,kit,gullabgullab,mod.,,,,,,
gullba_a0a65be2-1093-45eb-aed9-299c82e6e6e9,kit,gullba,n.,,,,,ɡuɽba,
gullbe_0c2fbdc9-ab60-4196-9a36-6bc01106163f,kit,gullbe,Kinship noun,,,,,ɡuɽbe,
Gullbe Bikme Auma_a96d8ead-6c1d-4a27-bcb4-1cac8badf068,kit,Gullbe Bikme Auma,prop.n.,,,,,ɡuɽbe bikme auma,
Gullbe bo llädayatt_9b1535ac-2828-4552-806e-ba8cdbd39b7c,kit,Gullbe bo llädayatt,prop.n.,,,,,ɡuɽbe bo ɽədajaʈ͡ʂ,
Gullbe bo makollamatt_c58095b5-0935-4765-8332-428b25b3480f,kit,Gullbe bo makollamatt,prop.n.,,,,,ɡuɽbe bo makoɽamaʈ͡ʂ,
gullbe peyang_d9457878-b4a9-45a3-ad60-a1abe04e48e5,kit,gullbe peyang,mod.,,,,,ɡuɽbe pejaŋ,
gullbi_42d02bf8-e333-415c-abf2-f9ef158ebe2c,kit,gullbi,,,,,,,
gullbog_f6b40922-4c78-42b2-9c86-2dfa2cc97f81,kit,gullbog,mod.,,,,,ɡuɽboɡ,
gullem_1024e654-96cc-40dc-bbf0-631f474c19a7,kit,gullem,n.,,,,,ɡuɽem,
Gullem suwe_fe718627-5d37-45a9-8fb3-0d3f050a73c3,kit,Gullem suwe,prop.n.,,,,,ɡuɽem suwe,
gullem suwetar_e9b0d6cc-256f-4e17-ba7a-23a29104f76c,kit,gullem suwetar,n.,,,,,ɡuɽem suwetar,
gullme_85a86382-52de-462a-a80e-a7e8331e3e27,kit,gullme,n.,,,,,ɡuɽme,
gullme käpang_e3e70bf4-c595-4014-a8bb-53cdbe410b29,kit,gullme käpang,n.,,,,,ɡuɽme kəpaŋ,
gullun_d8c1bade-8147-4351-ac56-a25771b8d9b0,kit,gullun,mod.,,,,,,
gumae_f7fc3b80-c9da-4f52-902e-897536272782,kit,gumae,t.v.,,,,,,
gungg_b791180a-e3af-4edc-bcdc-19f316041919,kit,gungg,t.v.,,,,,ɡuŋɡ,
Gurel_fbf37198-e439-4ba7-ab79-4fa9443bf4a4,kit,Gurel,prop.n.,,,,,,
guwaba_8d57a917-3a45-4c5e-961d-71e99ce5f8de,kit,guwaba,n.,,,,,ɡuwaba,
guwo_13745ec1-870a-4629-9437-944336cc06ec,kit,guwo,n.,,,,,ɡuwo,
guzi_c00c7929-ec6b-4d47-85e7-0d6746d2fa8d,kit,guzi,n.,,,,,ɡuzi,
guziguzi_3e35d6e4-e20a-49b2-aa02-41e837fb94fc,kit,guziguzi,n.,,,,,ɡuziɡuzi,
=gwaeya_335b0800-2fe6-45fb-a18b-20b8675cbb80,kit,=gwaeya,Verbal enclitic,,,,,,
gwaga_2d3379ff-6dcf-47d4-b35c-6570e199b7f8,kit,gwaga,n.,,,,,ɡwaɡa,
gwaga käp_e24a492e-f8be-4b1a-ae4c-f6832dce2af9,kit,gwaga käp,n.,,,,,ɡwaɡa kəp,
gwara_619e0473-06ea-4770-9f0a-cc5c5a57e01f,kit,gwara,n.,,,,,ɡwara,
gwazi_23148a61-087b-44bc-90b3-0840d131ecc4,kit,gwazi,n.,,,,,ɡwazi,
gwälläd_f55912c3-4862-47b8-8415-42b9011aa5e8,kit,gwälläd,n.,,,,,ɡwəɽəd,
=gwän_5fcd31ca-1e2e-4a27-bda0-d88dfa27672d,kit,=gwän,,,,,,,
gwängäm_e7d1eb0f-fb57-450e-a542-f9f79b07ec4c,kit,gwängäm,n.,,,,,,
=gwe_2f408de6-0dd4-4023-8e82-c474674196b1,kit,=gwe,,,,,,,
gwell_10beb976-bee8-4d61-857d-410c86055772,kit,gwell,n.,,,,,ɡweɽ,
Gwen_2baed8ad-5ac0-4239-8cd9-864aba3f4441,kit,Gwen,prop.n.,,,,,,
=gweya_015732bf-c73b-4944-ac29-48e3b236c716,kit,=gweya,,,,,,,
i-2_46c70fb6-91e7-4e59-80bd-cae55e594783,kit,i-,v.,,,,,,
i-1_7557c988-d5e9-4381-b4f4-021dcaa44b39,kit,i-,v.,,,,,i,
i_8d49faff-a61e-4149-b68e-0445828f8b88,kit,i,t.v.,,,,,i,
ia_135ba990-999b-4208-adb2-9f680bf4df64,kit,ia,,,,,,,
i abal_01530243-2d8b-4ae1-a396-9ce2bb200027,kit,i abal,n.,,,,,i abal,
Iamega_9db9fa9e-e80d-4d34-81b2-d7dfff75a376,kit,Iamega,,,,,,,
Ib_7dcb4268-65c9-4c70-916e-d6919a746e82,kit,Ib,prop.n.,,,,,ib,
ib~_b758eaae-c17f-4b11-9b23-740765f7eb14,kit,ib,,,,,,,
iba_3aa0a64f-8a51-41e6-a2ef-c47cff9c89f1,kit,iba,pro.,,,,,iba,
ibae_60f5e9f0-1d66-4472-a6e8-51eeba9268e1,kit,ibae,t.v.,,,,,,
ibe_22fe4dca-ffe9-419b-8062-d526e5dfafa2,kit,ibe,n.,,,,,ibe,
ibeny_c25cabde-d56c-4133-a1fd-bef0daef2400,kit,ibeny,t.v.,,,,,ibeɲ,
Ibeti_25ae6951-828b-4476-9d80-d132e2873e59,kit,Ibeti,,,,,,,
Ibetty_22984dd8-04e5-474b-b7c8-66ffe3fecb92,kit,Ibetty,prop.n.,,,,,ibɛti,
ibi1_715ea20d-237b-452e-988b-8d9f9cdc5a0a,kit,ibi,pro.,,,,,ibi,
ibi2_880abb05-2115-4e05-ab92-35f110c0f082,kit,ibi,i.v.,,,,,ibi,
ibiatt_fecc07dd-f772-4774-bef0-cb22a24f0a73,kit,ibiatt,n.,,,,,ibiaʈ͡ʂ,
ibik_9e26435c-26c8-4d17-a666-57bd69c09e49,kit,ibik,n.,,,,,ibik,
Ibikang_8e643d1b-e085-45ed-b5da-080873003df3,kit,Ibikang,prop.n.,,,,,ibikaŋ,
ibim_eb62d3bb-cf8c-4418-ad6e-dc36fb98fd31,kit,ibim,pro.,,,,,ibim,
ibira_3c46ee80-22bf-4145-8a30-f0c476f8e6ee,kit,ibira,,,,,,,
ibra_88634969-7222-4908-a204-744d73a80a93,kit,ibra,pro.,,,,,ibra,
Ibru_8a9d0ee4-7207-482e-807e-dbd4f768521c,kit,Ibru,n.,,,,,ibru,
id_063835ab-62fa-418d-8d59-5eb27ededb44,kit,id,,,,,,,
idab_09883727-2bef-401b-8368-6c58af1238dd,kit,idab,t.v.,,,,,,
idaida_f67ecdba-f43c-4e8f-b80a-9d52c5312e54,kit,idaida,n.,,,,,idaida,
Idan_cba534fe-1709-4d70-b726-57cae1c2acae,kit,Idan,prop.n.,,,,,idan,
idän_d2e77656-8856-4cbb-8a9d-ef3aa4a43454,kit,idän,t.v.,,,,,idən,
ide_79793e76-b59d-40b9-809b-b91ec915b473,kit,ide,n.,,,,,ide,
Iden_871bb11e-2995-41ae-a202-ff7e71459b10,kit,Iden,prop.n.,,,,,,
Idi_20d0a726-fc66-40a9-be4e-40f0d1e7c0e8,kit,Idi,prop.n.,,,,,idi,
Idi loanword_2541e32d-422c-41e5-903d-76c06ad957f8,kit,Idi loanword,,,,,,,
idoidog_7cd8f277-f0cf-48fd-bf3f-7de8049d178b,kit,idoidog,n.,,,,,idoidoɡ,
Idugoe_9930d2ad-36a7-4e9b-9c3a-a96d85f1128e,kit,Idugoe,prop.n.,,,,,,
idd_c9011742-2c10-44ac-8716-859465f5d491,kit,idd,n.,,,,,iɖ͡ʐ,
iddi_4674c583-b277-4454-a03c-2315aa0a3541,kit,iddi,n.,,,,,,
idd ma_1fa094a0-d7e0-4327-8626-e3edebdd8bd7,kit,idd ma,n.,,,,,iɖ͡ʐ ma,
iddnge_1869f235-37b4-4e05-a3fe-492faf8b187c,kit,iddnge,n.,,,,,iɖ͡ʐŋe,
iddob_402e6773-5475-484c-bb21-750a13f945d5,kit,iddob,n.,,,,,iɖ͡ʐob,
iddob amänong_c6e5c7a9-3290-4a7d-a4b4-b0f7aae35f25,kit,iddob amänong,,,,,,iɖ͡ʐob amənoŋ,
iddob amnong_2f6addb4-05fd-4d54-8c33-7d1ee06c6ac1,kit,iddob amnong,n.,,,,,iɖ͡ʐob amnoŋ,
iddoiddob_edbfd84b-3a69-401c-8498-564606c840fe,kit,iddoiddob,n.,,,,,iɖ͡ʐoiɖ͡ʐob,
iddpo_773df8c5-53a5-453c-bd6b-a1b5056e066f,kit,iddpo,n.,,,,,iɖ͡ʐpo,
igi_182f88aa-b34a-4c70-bcc7-ae8842683773,kit,igi,loc.n.,,,,,iɡi,
igiigi_c813e95e-0fd6-409e-b328-c8a195c30291,kit,igiigi,loc.n.,,,,,,
igi pite_5c8ec3e8-248f-487a-917d-9b031ff0a8fb,kit,igi pite,n.,,,,,iɡi pite,
iid_8a346b2e-1d46-4c23-8539-fce022ae9240,kit,iid,,,,,,,
ik_4618af22-c309-47d0-a340-c52b8ba9154b,kit,ik,loc.n.,,,,,ik,
ikikib_e1c09b6b-db9d-4720-8dc9-a699cdfe7ad2,kit,ikikib,n.,,,,,ikikib,
ikllo_7284b305-c310-4b7a-8655-b7713c83a9de,kit,ikllo,n.,,,,,,
iklloikllowang_8183878a-fec1-40ff-91aa-e666c8ce1510,kit,iklloikllowang,col.,,,,,ikɽoikɽowaŋ,
ikoikop_27bccfa0-f95b-4607-9308-0655f45db40e,kit,ikoikop,v.,,,,,ikoikop,
ikoll_2ad1658b-60aa-4829-9633-55a75969f22e,kit,ikoll,n.,,,,,ikoɽ,
ikop_2164520a-8d96-497a-9ac1-4cf52d103260,kit,ikop,n.,,,,,ikop,
ikop ddäddäg_e5056258-7bb3-4c28-a9ab-82f01c224cd4,kit,ikop ddäddäg,comp.v.,,,,,,
ikop glas_deeabf03-4abc-4b61-a166-838e488028bb,kit,ikop glas,n.,,,,,ikop ɡlas,
ikopikop_235bcda0-279a-4d61-9416-17ad3b2ebc51,kit,ikopikop,cov.,,,,,ikopikop,
ikop käp_b8d326c3-d2a6-45e6-8fee-6bbf78d4772b,kit,ikop käp,n.,,,,,ikop kəp,
ikop kom_c0afdd5f-4cc5-4a43-b855-256556944e67,kit,ikop kom,n.,,,,,ikop kom,
ikop ku_4750d5d8-c378-41be-b64c-361f1e32f5fd,kit,ikop ku,n.,,,,,ikop ku,
ikop kutt nängazmeny_5b4f140d-9a72-4133-8398-9a48a602313b,kit,ikop kutt nängazmeny,Phrase,,,,,ikop kuʈ͡ʂ nəŋazmeɲ,
ikopmeny_aea379ed-8e47-4723-8c43-db6cd04db9c7,kit,ikopmeny,mod.,,,,,ikopmeɲ,
ikop sära_3715c6b0-7c21-4546-a8e7-9cf342eb2eaa,kit,ikop sära,n.,,,,,ikop səra,
ikop särem_93e10cd2-29a4-4ac9-abfa-9a1b96d31e2b,kit,ikop särem,n.,,,,,ikop sərem,
ikopse_ef6f8045-13eb-46d8-bfba-a8990e58e0e4,kit,ikopse,n.,,,,,ikopse,
ikopse ma_ed4bad44-b18a-4716-9e01-b1f63dd1c251,kit,ikopse ma,n.,,,,,,
ikopse ma ma_1df91e95-869d-435a-ab19-d164d9d2e6f8,kit,ikopse ma ma,,,,,,,
ikopsi_cb284459-1a47-410a-ba15-d8a12bf403cf,kit,ikopsi,,,,,,,
ikop songgorag_0204ff23-ccad-440c-b2bb-52dc2c455756,kit,ikop songgorag,mod.,,,,,ikop soŋɡoraɡ,
ikop su_184b57ed-e71f-4929-a2d6-3b495819eac9,kit,ikop su,cov.,,,,,ikop su,
ikop ttoe_45b533e4-36b7-4338-8a3e-6672ff238a4f,kit,ikop ttoe,n.,,,,,ikop ʈ͡ʂoe,
ikrol_d4657b89-8d27-42bd-a7da-824967ae3e45,kit,ikrol,n.,,,,,ikrol,
Ilaeza_fd49fa9e-18ac-4b8a-bf16-33b6a905759a,kit,Ilaeza,prop.n.,,,,,ilaeza,
ileben_d60602c3-9223-4a2e-9256-d049bdbd49b3,kit,ileben,,,,,,,
ili_8093f93a-3f52-4aa8-a6a1-ca823bc51132,kit,ili,rel.pro.,,,,,ili,
ilibattäm_d8c97804-df10-4fea-8c3a-c06f488fe888,kit,ilibattäm,pro.,,,,,,
imam_d0cac2f9-11f0-41df-b052-f84c65d2876f,kit,imam,i.v.,,,,,imam,
imamalle_2cda0f16-cccf-4925-9459-d41c0446107b,kit,imamalle,adv.,,,,,imamaɽe,
Imanuel_a54e79dc-536e-45ec-99f2-a613a32d8fc0,kit,Imanuel,prop.n.,,,,,imanuel,
imne_3771197d-0350-4c5d-a38a-f556215104bd,kit,imne,loc.n.,,,,,imne,
imne~_49cc36d6-cbf0-4b02-99bf-e0a4f5977052,kit,imne,,,,,,,
imnealle_85e9bbd2-1c66-40a6-af3a-a1d01cc44e03,kit,imnealle,postp.,,,,,imneaɽe,
imneimne_a1f4ebf2-9ff8-4cc1-a470-69759a26042c,kit,imneimne,adv.,,,,,imneimne,
imnong_13c2ad53-fc68-4c21-bc72-7cd1f37298da,kit,imnong,mod.,,,,,,
imomdae_78fca840-d0e7-4dfa-a552-b6ee3c125866,kit,imomdae,n.,,,,,imomdae,
imomdae ngasngesang_139c4e97-fe15-4da5-9157-5ef1557e5e0e,kit,imomdae ngasngesang,mod.,,,,,imomdaj ŋasŋesaŋ,
imomdae ttättlle_26595fb1-d1b5-4ea5-91a9-7748db241c20,kit,imomdae ttättlle,mod.,,,,,imomdae ʈ͡ʂəʈ͡ʂɽe,
imomdae ttoen_3c3d4a63-474c-4e20-8d52-0277a5df4768,kit,imomdae ttoen,n.,,,,,,
imomdae ttoenang_36d8bd68-680c-4fb2-a865-a62e6461f650,kit,imomdae ttoenang,n.,,,,,,
imonz_b2aa76ff-795f-4224-bce2-049e6a997d31,kit,imonz,t.v.,,,,,,
imonzimonz_1a644c8d-27d1-437d-a802-8d580c2bd234,kit,imonzimonz,n.,,,,,imonzimonz,
imullgoe_69ac73ec-6985-41f4-8e19-2807e943fcdd,kit,imullgoe,t.v.,,,,,,
in_bc7f4d47-7724-47c8-8457-47686621b0b8,kit,in,,,,,,,
Ina_39f7f0cb-add2-493f-a8b0-a7ac6c46c485,kit,Ina,prop.n.,,,,,ina,
inam_4db6a5a0-55d8-455b-8dca-f3ece6635df6,kit,inam,t.v.,,,,,inam,
Inapa_540fe6db-0b49-45ba-b2ca-d46061dd2f2f,kit,Inapa,prop.n.,,,,,inapa,
Inawa_52bca8ba-5128-49bc-b3dd-104035eaa6d2,kit,Inawa,prop.n.,,,,,inawa,
inbo_15d14493-f2b1-435b-8bd2-885ab63206e0,kit,inbo,Kinship noun,,,,,inbo,
inbunatt_163a8fdf-c1ab-419d-9538-e7d790ab9198,kit,inbunatt,n.,,,,,inbunaʈ͡ʂ,
independence_e495f170-7743-45c7-9092-62e93d6b0e2b,kit,independence,,,,,,,
Indonesia_cac2c2ad-db0a-49e0-8403-bc27e7d841c0,kit,Indonesia,prop.n.,,,,,indonesia,
indraindrang_6e2680fb-6f9c-43f5-8f41-b95f029b4a50,kit,indraindrang,adv.,,,,,,
indrang_7f7e6e5a-4e03-4d96-80be-6528ac726c61,kit,indrang,n.,,,,,indraŋ,
indre_dda58524-b1cf-47bf-841d-af73a6c85fe8,kit,indre,n.,,,,,indre,
indre gullem_9eca4a84-9d5c-4c96-9b7d-62ff9deefed6,kit,indre gullem,n.,,,,,indre,
indugoeg_9964c1d1-e348-4bec-9f11-bb54a8c28ca4,kit,indugoeg,t.v.,,,,,induɡoeɡ,
indurgoeg_d58aad7f-3c87-47ae-8ec0-5246c8479e56,kit,indurgoeg,t.v.,,,,,,
ine_dccfcca6-3755-47e1-8a45-ec5708f0de01,kit,ine,n.,,,,,ine,
ine bib_edba0cfa-721d-43f3-a5eb-cbd3e03e70a1,kit,ine bib,n.,,,,,ine bib,
ine källa_ae4b3689-2b4e-435b-b409-a94c4567daae,kit,ine källa,n.,,,,,ine kəɽa,
ine konkonang_a0eb5cc3-ee2a-46a5-a733-34366135b361,kit,ine konkonang,n.,,,,,,
ine kup_09dba9d6-6a16-42fe-95e8-f6392145ee14,kit,ine kup,n.,,,,,ine kup,
ine kutt_a2398a61-abfd-40f2-944e-4711fb4c168a,kit,ine kutt,n.,,,,,ine kuʈ͡ʂ,
ine ma_2767537e-dd9c-4fa9-82f9-20d21bb083bb,kit,ine ma,n.,,,,,ine ma,
ine mallmell_e072080f-5b38-441f-895f-5d34ca959049,kit,ine mallmell,n.,,,,,ine maɽmeɽ,
ine takmäll_4772cdc3-893a-44ef-aec5-db12c8e563c2,kit,ine takmäll,mod.,,,,,ine takməɽ,
inkäm_2e36f0ef-71f7-4df3-ba46-dbe8755a5313,kit,inkäm,n.,,,,,inkəm,
inkäm tän_b019c4ca-0886-43f2-b18a-ab3c34b44224,kit,inkäm tän,n.,,,,,,
inkäm tär_54afc868-1ee9-43f6-b4a2-eebbbaa71a5d,kit,inkäm tär,n.,,,,,inkəm tər,
inkätt_3c0ef379-2696-4936-89aa-0bb6b52e9a1f,kit,inkätt,n.,,,,,inkəʈ͡ʂ,
inmol_b3ca22fb-a838-44a9-af31-31364eb3adaf,kit,inmol,n.,,,,,inmol,
inmoll_c7d2b86b-98cc-40d2-bc3b-499bfc4ac0b6,kit,inmoll,t.v.,,,,,inmoɽ,
inngoeinngoe_d73395c9-a7cf-4213-a177-c5d1c5ca6c73,kit,inngoeinngoe,mod.,,,,,,
inpiak_7cb1260d-daa6-4b8c-a687-255ebde891c3,kit,inpiak,n.,,,,,inpiak,
Inpiakma_55a8c4e1-625d-4835-8aa1-1baf68e43a2e,kit,Inpiakma,prop.n.,,,,,inpiakma,
Inpir_327a1c4e-3141-48a6-bf6d-4a3f4c5c248a,kit,Inpir,prop.n.,,,,,,
intot_99437c40-e90d-48a6-a1f6-2c227564c48e,kit,intot,n.,,,,,intot,
intot kom_a350b994-632e-47f1-8b31-82d96a3f6664,kit,intot kom,n.,,,,,intot kom,
inttemängg_7bd6f9b1-4f13-4a0d-bd18-96b8cf5e9f83,kit,inttemängg,i.v.,,,,,inʈ͡ʂeməŋɡ,
inttemongg_3e9a4b0a-fe21-4fc7-98cc-41eeca06674d,kit,inttemongg,t.v.,,,,,,
inttoemängg_ddde3a24-458d-45d2-8451-e920b7bd4597,kit,inttoemängg,t.v.,,,,,,
inu_148c9164-2dc9-4edf-bcb3-4b836c75a655,kit,inu,i.v.,,,,,inu,
inuinu2_95bbf8cb-cf07-48b8-a085-9c2305f2cd4d,kit,inuinu,n.,,,,,inuinu,
inuinu1_f722f7c6-0057-4512-9636-2b29b65f494f,kit,inuinu,adv.,,,,,inuinu,
inu kuddäll_58ea6b51-4179-464e-a156-30ada4b45eae,kit,inu kuddäll,mod.,,,,,inu kuɖ͡ʐəɽ,
inungoe_bff100b6-ac8c-48eb-b883-adff42f0a64e,kit,inungoe,t.v.,,,,,inuŋoe,
ingellab_15824f95-8966-48cf-bf6b-6198da683d87,kit,ingellab,v.,,,,,iŋeɽab,
Ingglis_b9bfbb80-e4f1-46c6-b76a-1b8270aef621,kit,Ingglis,prop.n.,,,,,,
ingglis_f84197c8-f198-41b3-a024-dc0389d44642,kit,ingglis,,,,,,,
inggoe_614a2a4f-f79e-4c0a-bf38-a84465e99cd4,kit,inggoe,v.,,,,,iŋɡoe,
inggoemeny_d72768ac-c00d-492e-8a08-04305285778f,kit,inggoemeny,i.v.,,,,,iŋɡoemeɲ,
inggol_a9068c22-d95f-4694-8fe2-379411384270,kit,inggol,i.v.,,,,,iŋɡol,
ingguimeny_7e5c0f89-22a9-424d-b5ee-85b781b84994,kit,ingguimeny,,,,,,,
ingneningnen_7265156c-7959-4b32-9203-05466460a636,kit,ingneningnen,adv.,,,,,,
ingoll_25cefb3a-eb04-4df3-8940-8d754bcdbd03,kit,ingoll,n.,,,,,,
=ingoll_468708cf-7b98-415d-8db0-921f64cfbb01,kit,=ingoll,nom.clt.,,,,,iŋoɽ,
ingong_215a7367-4b58-4f78-b11f-7924c044cc06,kit,ingong,n.,,,,,iŋoŋ,
ioläm_e41d8aff-2d8e-42b6-9074-caca490f5d37,kit,ioläm,n.,,,,,ioləm,
ip_69984eb4-b42a-49ef-8126-2fc509c15c8e,kit,ip,n.,,,,,ip,
Ipott_c6414d0b-124e-4278-be75-573bee55d294,kit,Ipott,prop.n.,,,,,ipoʈ͡ʂ,
Iräm_7ef5bd92-b35d-47a0-a01b-f6088408fefb,kit,Iräm,prop.n.,,,,,irəm,
Iräm ine_a1a11c8c-0a9c-41d0-b915-a0241a0d9480,kit,Iräm ine,prop.n.,,,,,irəm ine,
Iräm tatuma_5d2b2e87-1528-4be6-bcda-ff06b7629863,kit,Iräm tatuma,prop.n.,,,,,irəm tatuma,
irängän_a7cdb2db-a24e-4741-b734-228d79f4f520,kit,irängän,i.v.,,,,,irəŋən,
iräpang_5d53d03f-333f-45c7-81ad-65e9c205f956,kit,iräpang,mod.,,,,,irəpaŋ,
irngän_e81bf305-9fb3-44c1-a5e4-3974a78d980b,kit,irngän,,,,,,,
irwe_ea236ca3-1025-49d3-9a37-3bf2b287b86e,kit,irwe,n.,,,,,irwe,
irwema_edeb46d3-bf4f-4314-a16b-cb605bc70e66,kit,irwema,n.,,,,,irwema,
Isago_19bfd466-6978-4787-80c5-2b0574a5c9f5,kit,Isago,prop.n.,,,,,isaɡo,
Isaiah_edd40729-ff13-48a7-a1d3-f802d8e3f69e,kit,Isaiah,,,,,,,
isipi_020219a4-9ad3-4815-80b4-5a3620c058d0,kit,isipi,,,,,,,
ist_40c19f77-fe7d-4943-bbfd-991dc30b4fea,kit,ist,n.,,,,,,
it_6092d7d8-1a8d-4811-8528-bd13ddc8651b,kit,it,,,,,,,
ita_a836d9bc-194f-4521-a333-79d50640fd80,kit,ita,n.,,,,,ita,
itaita_875f428b-2520-4eca-8c5a-d4e168b7b4a4,kit,itaita,n.,,,,,itaita,
itbonmäll_f5fccac4-4dba-44da-9f55-0e1938d8a3ce,kit,itbonmäll,n.,,,,,,
itrae_db830bd4-1b72-413b-b801-b387cbc20dd9,kit,itrae,i.v.,,,,,,
itrell_c13c8c43-89dc-49eb-afa4-ed1958da9b20,kit,itrell,n.,,,,,itreɽ,
itrellang_012a22d1-51b5-44ae-a7e9-9ebe3f9a634d,kit,itrellang,mod.,,,,,,
ittal_2b409784-07f3-46e3-9cb5-a071fd2a25c8,kit,ittal,,,,,,,
ittall_32085b26-15ce-4e40-a4f7-0f619a8aff58,kit,ittall,cov.,,,,,iʈ͡ʂaɽ,
ittitt_c3f3b534-3362-4c86-82d8-3218dd98078b,kit,ittitt,,,,,,,
ittɨtt_0cb9c524-72f3-4ca6-9c5f-e0d842b2fa90,kit,ittɨtt,t.v.,,,,,iʈ͡ʂɪʈ͡ʂ,
ittma_0787e187-88f3-40bf-837b-4ba8da9700aa,kit,ittma,n.,,,,,,
ittpo_f6c8d713-9b67-47a2-aecb-d5f16c5af8c0,kit,ittpo,,,,,,,
iwae_295b19fd-fa3d-41d4-a17e-1f076eadb226,kit,iwae,n.,,,,,iwae,
iya_7528da63-fe04-470c-b34c-6101de599d50,kit,iya,n.,,,,,ija,
iyeiyem_bc7df174-2ad7-458d-9fd9-ba04f1bf0c33,kit,iyeiyem,n.,,,,,ijeijem,
Izag_833338e0-270e-414b-8165-0901bae8d465,kit,Izag,n.,,,,,,
izig_19735867-bc0f-4513-875c-106a885a271a,kit,izig,Kinship noun,,,,,iziɡ,
izigag_2ef08bb3-41f8-4e7c-a121-ae2a03048393,kit,izigag,n.,,,,,iziɡaɡ,
iziz_0ba06c05-eb6a-4333-abbf-afcfece0661c,kit,iziz,n.,,,,,iziz,
izozallo_a3d81802-5a83-4a74-9578-8fda3f11f120,kit,izozallo,n.,,,,,izozaɽo,
Ivan_c8e0b150-180e-4fe1-968b-c14252ca5b6f,kit,Ivan,prop.n.,,,,,ivan,
~ɨt_9d67ba52-b2a6-4287-928b-939c8e9902c7,kit,ɨt,,,,,,,
ka1_c746107b-5ea2-4cdb-bf7c-0d4a6307d4c3,kit,ka,TAM particle,,,,,ka,
ka2_e1ab75bf-a2b3-421c-ac81-bb2816a64247,kit,ka,interj.,,,,,ka,
kab_1d7856ca-a4ad-45a6-bc2a-8b92a9ff35ae,kit,kab,n.,,,,,kab,
kabadu_20540943-cd91-4509-aec3-bd4cc08b8379,kit,kabadu,n.,,,,,kabadu,
kabag_61312878-40bc-4dab-bdd7-4085e604e493,kit,kabag,n.,,,,,kabaɡ,
kabär_3cc85450-7bba-48b8-ac20-5a0a7a16aeef,kit,kabär,n.,,,,,kabər,
kabkab_af47ef30-9b76-416b-9d38-fce730e358a4,kit,kabkab,n.,,,,,kabkab,
Kadawa_d8c8a137-a94b-4aae-b5d2-33ccf0e0002f,kit,Kadawa,prop.n.,,,,,kadawa,
kae_3daf6605-bcf3-45b4-ad7d-7bb28cf2abcd,kit,kae,n.,,,,,,
kaeg_863306a0-b56a-4124-8461-3545ab1f2aed,kit,kaeg,n.,,,,,kaeɡ,
kae ine_6c8093da-ad09-4d7b-9956-416896663f42,kit,kae ine,n.,,,,,,
kaekae_7371d25f-94df-4d12-8019-99aca2c45e47,kit,kaekae,n.,,,,,kaekae,
kaekep_e5dce1a4-aaea-4d82-bf9c-48a9f981bf57,kit,kaekep,t.v.,,,,,kaekep,
kaembre_152fe09b-824f-4afb-9210-04e8a97245c2,kit,kaembre,n.,,,,,kaembre,
kaemne_bb395a2a-9d5e-44ec-ac97-35ef262b747b,kit,kaemne,n.,,,,,kaemne,
kaen_1ff83d51-1863-4a39-b327-e21c3d5c037a,kit,kaen,cov.,,,,,kaen,
kaepse_aa674910-aa39-4929-b766-a93040586ec2,kit,kaepse,n.,,,,,kaepse,
Kagär_c33e525a-795a-465b-8ba1-4f511d05d08f,kit,Kagär,prop.n.,,,,,kaɡər,
Kago_2d4a843d-a6f4-4913-b975-52b85c0f35dd,kit,Kago,prop.n.,,,,,,
kak_a771e91f-9d05-4c3d-888a-db4c1801902c,kit,kak,Kinship noun,,,,,kak,
kakab_8cc2c357-5c16-4709-bca1-58c3393e3944,kit,kakab,n.,,,,,kakab,
kakak_90666d50-0f52-4973-9a2f-7dda9b7d8900,kit,kakak,n.,,,,,,
kakakän_3b6e121e-2986-4d7f-a18c-05082e562157,kit,kakakän,n.,,,,,kakakən,
kakal_7dfb446c-b38f-40c7-8612-b90692684594,kit,kakal,i.v.,,,,,kakal,
Kakaya_a31b7bb0-c418-4be1-b10c-3886f986b857,kit,Kakaya,prop.n.,,,,,,
kakayam_3266247b-ca4d-4619-ac6a-a5c58ed564fa,kit,kakayam,n.,,,,,kakajam,
Kakayam_4c87c5b7-009f-44a3-af00-53f0b62c65a5,kit,Kakayam,prop.n.,,,,,kakajam,
kakällät_e60bc805-2d56-452f-a417-7f1126f92073,kit,kakällät,t.v.,,,,,kakəɽət,
kakän~_4131f93c-ef2b-42a1-b5c6-aac93adcc5bf,kit,kakän,,,,,,,
kakänkakän_8e5433eb-86ce-4549-88f8-daae5acfe6c8,kit,kakänkakän,n.,,,,,kakənkakən,
kakep_cd3938b3-47bb-4ae2-8a68-f472021009e6,kit,kakep,n.,,,,,,
Kakeya_40621ed2-56ed-436b-9834-829540b642c3,kit,Kakeya,prop.n.,,,,,kakeja,
kakne_3bc62cf8-bc6c-40ce-93d7-bb4ff00b3f82,kit,kakne,mod.,,,,,,
kakoll_55588147-6eff-4656-a4d9-30eb30ad0a42,kit,kakoll,n.,,,,,kakoɽ,
kakoll kutt_7b79531c-17f4-4618-a48a-0ff00161c791,kit,kakoll kutt,n.,,,,,kakoɽ kuʈ͡ʂ,
Kakos_0c22942f-dbca-42e8-847c-d12440d47dd4,kit,Kakos,prop.n.,,,,,kakos,
kakud_f8d23978-180e-464e-b441-e437ad6524bc,kit,kakud,n.,,,,,kakud,
kala_219225a4-f4e7-466f-a48d-fbd9a44cd845,kit,kala,n.,,,,,,
Kalamato_46fbc2cc-be7d-4c75-b6b5-8b5c785f1eb9,kit,Kalamato,prop.n.,,,,,kalamato,
Kaldon_d0fc6fcf-59ea-4b79-86f9-e454c9bc7b3d,kit,Kaldon,prop.n.,,,,,kaldon,
kalemtoe_af388604-b650-4fc1-a1ac-81b69e10c8ed,kit,kalemtoe,n.,,,,,kalemtoe,
kalkmo_72751f4d-23f1-4c86-a5a9-bca7b9eb19f7,kit,kalkmo,n.,,,,,kalkmo,
kalmoe_923124d9-1a6a-4720-822a-35df39b49d12,kit,kalmoe,mod.,,,,,kalmoe,
kalmokalmoe_885e8970-0887-4783-b4f0-a5cdba2e76f8,kit,kalmokalmoe,mod.,,,,,kalmokalmoe,
kalokalo_76ef4133-2743-4d90-88fd-24525f81808c,kit,kalokalo,mod.,,,,,kalokalo,
kaltakaltamang_8b723d42-da1d-4c73-9c87-2efd51086a35,kit,kaltakaltamang,n.,,,,,kaltakaltamaŋ,
kalla_f3efdb8e-9769-43f9-92ab-cd41139e3f0e,kit,kalla,i.v.,,,,,,
kallag_05196284-ec6c-4a68-ba93-c6ddaec95817,kit,kallag,n.,,,,,,
kallakalla_a45739a1-85f4-4297-9f1f-516d9f278e85,kit,kallakalla,n.,,,,,,
kallamatt_3a2e6914-c2f9-46dc-a0a8-b5ef4fb369b9,kit,kallamatt,n.,,,,,kaɽamaʈ͡ʂ,
kallat_f3cd104b-b4e6-4ac8-92f8-84f4e11a342e,kit,kallat,,,,,,kaɽat,
kalläg_8e23173e-ebaf-464b-af6a-304cad2898af,kit,kalläg,n.,,,,,kaɽəɡ,
kalläntäg_dda638a7-c935-4c77-868a-ace5b7b7a4ed,kit,kalläntäg,t.v.,,,,,kaɽəntəɡ,
kallänggag_07c3667a-af33-4c91-bfb8-add4e899c61a,kit,kallänggag,n.,,,,,kaɽəŋɡaɡ,
kallekalle_34dfed6c-f6d5-46a9-abf4-c235e0bb92cf,kit,kallekalle,n.,,,,,kaɽekaɽe,
kallɨngg_8b04f140-d29f-4eca-a4bd-1afa29e6e672,kit,kallɨngg,t.v.,,,,,,
kallkäll_089391ae-dab3-4536-a0f9-d29555f4630e,kit,kallkäll,n.,,,,,kaɽkəɽ,
kallkäll gllaengg_0b4e9b78-a0da-4a43-96a1-1e89169b55e3,kit,kallkäll gllaengg,comp.v.,,,,,kaɽkəɽ ɡɽaeŋɡ,
kallkäll sod_43c29d38-4142-427c-8efb-7b4127cb4981,kit,kallkäll sod,n.,,,,,kaɽkəɽ sod,
kallkell_0a762df4-94fe-4227-a2cc-30880e4755ed,kit,kallkell,t.v.,,,,,kaɽkeɽ,
kallmo_51b51f68-a154-4f72-8073-e88b411d6363,kit,kallmo,n.,,,,,kaɽmo,
kalltam_38aba7bb-b44b-4897-9500-fa9b421e9572,kit,kalltam,t.v.,,,,,kaɽtam,
kam1_5aaa2cb8-f736-4723-94f9-1d538fd8c6d7,kit,kam,t.v.,,,,,kam,
kam2_6f03cb93-b64d-4d84-9cc0-be833aa7c2eb,kit,kam,t.v.,,,,,kam,
kamäkamät_1f687a53-93c9-467e-8584-74ce34bb40b7,kit,kamäkamät,n.,,,,,kaməkamət,
kamän_0260ced9-1dc7-499d-a6a5-e4d2de832087,kit,kamän,t.v.,,,,,kamən,
kambäg_338af55e-4eb2-4a73-a9eb-b340f4f99857,kit,kambäg,i.v.,,,,,kambəɡ,
kame1_76498ed1-24e2-4f9c-aadb-a4a02d6014f8,kit,kame,n.,,,,,kame,
kame2_8ce3d85c-6022-483c-9e6c-66b73a8e0995,kit,kame,Temporal adverb,,,,,kame,
kamebi_f23a6801-d910-49dc-9f6c-9cd482da3fa9,kit,kamebi,,,,,,,
kame eka_62c2b51a-e257-4ef0-9cd9-21bf364574c5,kit,kame eka,v.,,,,,kame eka,
kameka_83adb7fc-906d-441a-b399-4fe785a19f62,kit,kameka,v.,,,,,,
kamekame_16f8ad0e-b6a0-4b24-aa59-2d86f182438f,kit,kamekame,adv.,,,,,kamekame,
kamekong_2ecf5bad-d38a-4f20-86b9-11961392ab69,kit,kamekong,mod.,,,,,kamekoŋ,
kameny_dd0987a5-987a-497c-a6ec-f4901439c5b1,kit,kameny,n.,,,,,,
kame tameny ma skul_37947dd9-9b45-4e5a-9310-03dd5520d7ae,kit,kame tameny ma skul,,,,,,kame tameɲ ma skul,
kamibi_89aab254-6599-4d01-9bfd-0749734a2433,kit,kamibi,,,,,,,
kamo_882e0be5-29f8-4194-a0e7-0d56019ea7f1,kit,kamo,n.,,,,,kamo,
kampani_fea954b3-bf91-4e0d-9d14-a7ecf93f31ba,kit,kampani,n.,,,,,,
kampentri_9f8c3be0-2c7d-476e-be46-5e572f93babf,kit,kampentri,n.,,,,,,
kamuka_644781b3-062c-45c5-9f6f-e044e9c906fd,kit,kamuka,n.,,,,,kamuka,
kanas_7fd7ae1e-3c59-4716-a662-60171172d9d9,kit,kanas,n.,,,,,kanas,
kanas ma_7f26d386-d096-41ae-8669-87d088a270f8,kit,kanas ma,n.,,,,,kanas ma,
kandärmang1_0266aae6-8c87-4144-9a26-7ef162c3f679,kit,kandärmang,mod.,,,,,kandərmaŋ,
kandärmang2_cf9646f4-9f5c-4bcf-b33d-60b344f0f5bd,kit,kandärmang,n.,,,,,kandərmaŋ,
kandärmang eka_ba28a829-f31d-48cb-8474-aa3dead4280a,kit,kandärmang eka,n.,,,,,,
Kanengga_609a7fe3-3ad2-4a2e-b428-d0f716023970,kit,Kanengga,prop.n.,,,,,,
Kaninga_f9991b4c-cdb6-4318-a5cc-257ab33112d9,kit,Kaninga,,,,,,kaniŋa,
kanken_137eae4a-90f8-4f64-9e74-2608469363b8,kit,kanken,n.,,,,,kanken,
kannas_171d35b0-d7b0-40e1-9487-71b5862ce5f8,kit,kannas,n.,,,,,kannas,
kanoe_205e13b7-fd9e-49a7-8b8a-5fc292d73f4e,kit,kanoe,n.,,,,,kanoe,
kanong_533d8ca0-57a4-42c8-9c43-d6186c29229b,kit,kanong,,,,,,kanoŋ,
kansel_a688f26d-030c-4190-8084-0d304fe72ae0,kit,kansel,n.,,,,,,
kantärpie_ad8f519d-9cc0-4360-950b-8467c4354913,kit,kantärpie,n.,,,,,kantərpie,
kang_4853e390-37d1-4c56-b6ad-73487e93df97,kit,kang,n.,,,,,kaŋ,
Kange_5a2f2d42-05f1-429e-8a70-358d5da7c38e,kit,Kange,prop.n.,,,,,kaŋe,
Kangge_c2e04eb0-5be1-4d8f-bf6a-c60f1b09a06a,kit,Kangge,prop.n.,,,,,,
kangkäg_1bd7e9ad-d485-46b8-a916-e27b981d45f7,kit,kangkäg,t.v.,,,,,kaŋkəɡ,
kanyam_4378abad-ee43-4dfb-89c5-cab4c1953521,kit,kanyam,i.v.,,,,,kaɲam,
kanye_5e9af310-1cf2-4ef9-ae51-f5d85665c990,kit,kanye,,,,,,,
kanyekanye_4a40a5ae-8a85-4114-ba75-6dd8bdf2d1d2,kit,kanyekanye,cov.,,,,,kaɲekaɲe,
Kaoga_e7206617-538a-4559-a1a8-888a5e4c0394,kit,Kaoga,prop.n.,,,,,,
kaonggall_a6160bf6-400a-4eb6-93a7-6ee54709b443,kit,kaonggall,n.,,,,,kaoŋɡaɽ,
kap_f1d3e37d-5154-4613-9ece-166b1b3f49a6,kit,kap,n.,,,,,,
kapa_808baa4d-f4dc-4819-81b3-167b791c98cb,kit,kapa,n.,,,,,,
Kapal_5a5b90fb-2e02-43db-b0c2-feefd214ca18,kit,Kapal,prop.n.,,,,,kapal,
kapalla_66eaa9a2-1c5a-4cc8-940b-1fc3e62291fd,kit,kapalla,n.,,,,,kapaɽa,
kapang_da24745a-6cc8-4812-9e7f-b3107c34d34c,kit,kapang,n.,,,,,kapaŋ,
Kapangang bun_057f7a13-c6d4-4d43-9c27-32b73f89417a,kit,Kapangang bun,prop.n.,,,,,kapaŋaŋ bun,
kapang bile_7140ebcd-be40-4dcc-b8bf-e6cd5cb5fb02,kit,kapang bile,n.,,,,,kapaŋ bile,
kapang budar_3edd40e2-4713-4bad-9afa-669740d54a10,kit,kapang budar,n.,,,,,kapaŋ budar,
kapangmändär_cd95f4ca-8a89-42a5-9237-cb75ffa1c450,kit,kapangmändär,n.,,,,,kapaŋməndər,
Kaparnaom_b7c7c560-87a8-46ab-8ade-9ef94872374f,kit,Kaparnaom,prop.n.,,,,,kaparnaom,
kapän_6f0396b4-dd2b-4b51-856f-90aff6eec3d3,kit,kapän,n.,,,,,,
kapera_bb66a69d-5758-4311-8e6b-9d40c7a59ab2,kit,kapera,n.,,,,,kapera,
kapi~_69cad78b-9285-4a94-ac73-fd90f4d68046,kit,kapi,,,,,,,
kapi_93e5e025-f937-46b0-9f0f-86c937914ad1,kit,kapi,,,,,,,
kapkap_4323f073-7725-4719-bb1f-76ed006e0dbc,kit,kapkap,n.,,,,,kapkap,
kapräl_99c7197e-a0f0-4827-acbe-91577a7f0c8b,kit,kapräl,n.,,,,,kaprəl,
kaptte_58d2c642-2cce-4c48-9369-361dfd72f771,kit,kaptte,n.,,,,,kapʈ͡ʂe,
kaptte dodro ma_66a4c64c-fac7-4d24-833c-26102264c1a5,kit,kaptte dodro ma,n.,,,,,kapʈ͡ʂe dodro ma,
kaptte gällämnan_8c96ce00-95a2-4193-851c-d08a022d63d8,kit,kaptte gällämnan,n.,,,,,kapʈ͡ʂe ɡəɽəmnan,
kaptte ittal ma_6b1e3cad-1fb0-40e1-b731-c66857b628af,kit,kaptte ittal ma,n.,,,,,kapʈ͡ʂe iʈ͡ʂal ma,
kaptte tubutubu_eff228a0-d82b-4718-b12a-9822799a8895,kit,kaptte tubutubu,n.,,,,,kapʈ͡ʂe tubutubu,
kaptte tupi_39316828-11a1-464a-94b0-95d195420c4f,kit,kaptte tupi,n.,,,,,kapʈ͡ʂe tupi,
kapu_7cace02f-d25c-480b-a852-a67b2a59525a,kit,kapu,cov.,,,,,kapu,
karado_e3f10246-e2c7-4121-a382-8986c912330d,kit,karado,n.,,,,,karado,
Karama_898069c3-b9a7-4bd8-b8c5-bbb43261bf46,kit,Karama,prop.n.,,,,,karama,
karama_d09ba224-d6f9-4eb2-a4fb-f85913742970,kit,karama,n.,,,,,karama,
Karama Popo_47167f9f-0d3a-47ae-9778-def2db7bc348,kit,Karama Popo,prop.n.,,,,,,
Karamapopo_cd7f0319-042b-42da-ab43-9a26f987778f,kit,Karamapopo,prop.n.,,,,,karamapopo,
Karao_8e70789b-bffc-47db-8e2a-51a4ba25a9ee,kit,Karao,prop.n.,,,,,karao,
Karau_115e82a5-ebbf-4b81-8ee9-5c3d4bc197a8,kit,Karau,prop.n.,,,,,karau,
Karea_2af255ab-eaec-4f43-9b8e-f74fa809c99c,kit,Karea,prop.n.,,,,,karea,
Karen_1d221b21-b3ff-4850-a64d-a357cf91692f,kit,Karen,prop.n.,,,,,karen,
Kares_f4937cd6-762c-4992-9acf-b6de141b099d,kit,Kares,prop.n.,,,,,,
kargeam_decded14-9c59-45f0-a623-7e27e2dbb851,kit,kargeam,n.,,,,,karɡeam,
Karis_6d0cb40b-69df-4c89-a991-73fa8dd102c4,kit,Karis,prop.n.,,,,,karis,
karita_3d29e2b1-6a1a-4425-bf62-1e749459131e,kit,karita,n.,,,,,karita,
karpo_9da9db0c-819b-4297-b35f-9ad95706a686,kit,karpo,n.,,,,,,
Kas_09f5c559-fdb3-4d0e-a08b-1c5a5c801c19,kit,Kas,prop.n.,,,,,,
Kasakmai_df80a67d-7e97-430c-b6f5-ead58300baf9,kit,Kasakmai,prop.n.,,,,,kasakmai,
Kasimap_1e67fc4a-f020-4107-830c-c4dfde152ed2,kit,Kasimap,prop.n.,,,,,kasimap,
Kasir_7dbb4168-faf2-4c38-acca-63ba449e7156,kit,Kasir,prop.n.,,,,,,
Kaso_3c562203-0925-4b90-a594-1f591033375c,kit,Kaso,prop.n.,,,,,kaso,
kastom_3f379270-5a56-4bbe-96f7-d18ea2806e02,kit,kastom,n.,,,,,,
Katama_3991ab19-41a7-44e7-a6ac-ffe17f0065ad,kit,Katama,prop.n.,,,,,katama,
Kate_21896070-c8ba-4b67-a2bf-32000339c5ad,kit,Kate,prop.n.,,,,,kate,
katkatre_43514811-bd2d-4069-bb9e-3a237a8e9027,kit,katkatre,,,,,,katkatre,
katre~_a18c5d5c-dc21-419c-99fb-efad05c9d3f3,kit,katre,,,,,,,
katre_bfbb178c-d4ac-42cc-a182-d16d06ea896f,kit,katre,n.,,,,,katre,
katrekatre_0beca86e-6fa5-4184-b670-1ab5bcddd699,kit,katrekatre,n.,,,,,katrekatre,
katre ma_94111f3b-4443-44e8-9957-f126ddf695f0,kit,katre ma,n.,,,,,,
Katherine_7681ea84-58b9-4916-992e-a4c4d1c1293b,kit,Katherine,prop.n.,,,,,kaθrin,
katt1_0483f7d5-3ec1-414f-ac3c-e3c0efc2134a,kit,katt,n.,,,,,kaʈ͡ʂ,
katt2_e2ef9a48-85e5-438f-ad6b-21a712b515fb,kit,katt,n.,,,,,kaʈ͡ʂ,
kau_8410df1c-f6d2-45a6-8b11-fb1621c48871,kit,kau,n.,,,,,kau,
Kauga_a18b1cf9-8f24-4f64-aec9-2c67e833e355,kit,Kauga,prop.n.,,,,,kauɡa,
kausar gllall_e41e6b0a-f1fe-4095-a889-9955851aa942,kit,kausar gllall,n.,,,,,,
Kawa_2eef3ec9-bb78-4aa9-873c-25434bd56c35,kit,Kawa,prop.n.,,,,,,
kawa_4b618fe4-6b8d-4e96-9e3d-a37cb37722ff,kit,kawa,n.,,,,,kawa,
Kawam_6b1fdfe1-d2ed-496a-ba58-37fed90f2b54,kit,Kawam,prop.n.,,,,,kawam,
Kawiapo_0826be40-b5a3-4730-a1c5-b9ecd708e3e4,kit,Kawiapo,prop.n.,,,,,kawiapo,
Kawito_d8e2c8b3-2711-4b8b-86cc-f161cd7201ef,kit,Kawito,prop.n.,,,,,,
Kaya_d55a6101-861b-4a0d-b49e-fbbeed1f3632,kit,Kaya,prop.n.,,,,,kaja,
Kaysy_0f6f8c8e-e719-48ed-8032-f83854b869b7,kit,Kaysy,prop.n.,,,,,kesi,
käba_cd59c771-d339-44f6-9f69-d04ed114e8f4,kit,käba,n.,,,,,kəba,
käbab_cb1f7713-0862-469c-bc17-c7827795a97e,kit,käbab,t.v.,,,,,,
Käball_d4fed209-f013-40f3-9668-97ccbd56c179,kit,Käball,prop.n.,,,,,,
Käballag_ce7e9763-6f14-4fb7-972e-17298f17f503,kit,Käballag,prop.n.,,,,,kəbaɽaɡ,
käban_d3f7838a-41a0-40e8-a3a3-eef73e7bc6ae,kit,käban,n.,,,,,kəban,
käban käp_6d25d7e3-b110-4fc0-993d-1808425f9026,kit,käban käp,n.,,,,,kəban kəp,
käbädral_7e1c9fe3-b4a6-4f20-80cf-cfea69a0cf2f,kit,käbädral,n.,,,,,kəbədral,
käbäll_15c94f61-7541-40f9-baeb-b6cf851604d3,kit,käbäll,n.,,,,,kəbəɽ,
Käbäll_1a35c496-76db-410f-9f7e-983dd0d500a9,kit,Käbäll,prop.n.,,,,,,
kädab_6df978a8-94e3-4e94-b504-89b614136a8f,kit,kädab,t.v.,,,,,kədab,
kädakäde_266bc9fc-517c-4c6a-b75b-f1561c80ca52,kit,kädakäde,n.,,,,,,
kädbae_416c88ea-040f-4000-a4e6-c8fd52b8fca6,kit,kädbae,t.v.,,,,,,
käde_5e5da618-8481-42e4-8743-86335d80759e,kit,käde,adv.,,,,,,
kädebällag mälla_84d2b934-efd5-45c2-9f85-5b5af99ae47a,kit,kädebällag mälla,n.,,,,,kədebəɽaɡ məɽa,
kädgal_b2fe47b3-4860-4c4e-93f9-c094412810e3,kit,kädgal,n.,,,,,kədɡal,
kädkäd2_1ad57fc5-4c71-4ef9-959f-ad7aa8aed1d4,kit,kädkäd,t.v.,,,,,kədkəd,
kädkäd3_bc06ec6d-569c-4859-9b23-4eaa2e1010d3,kit,kädkäd,n.,,,,,kədkəd,
kädkäd1_d5a675e1-4749-4706-a3af-46b1804d6170,kit,kädkäd,mod.,,,,,kədkəd,
käg1_5f197d8a-8277-4760-9349-31e34fb27538,kit,käg,n.,,,,,kəɡ,
käg2_ef216529-1d86-4748-912b-360cee8d26e7,kit,käg,prop.n.,,,,,kəɡ,
käg bänbänang_436fd58a-2592-482c-a6c1-65101023727f,kit,käg bänbänang,n.,,,,,kəɡ bənbənaŋ,
käg botta_dfd03fd1-d33c-4e44-ba8c-6ca4e4c8a68b,kit,käg botta,n.,,,,,kəɡ boʈ͡ʂa,
käg drol_217a1780-4357-40d7-ba39-66f55a3597d5,kit,käg drol,n.,,,,,,
käg manas_c3524e80-57f6-41e6-a498-eef84fe2efe4,kit,käg manas,n.,,,,,kəɡ manas,
käg tater_32ecff1e-c399-48b2-99aa-777e97402800,kit,käg tater,n.,,,,,kəɡ tater,
käk_b3c43f3f-a813-429b-8ff5-aa2690ced350,kit,käk,n.,,,,,kək,
käkan_6e5841e5-0ed9-4d5c-a7d8-c0d8ba408e72,kit,käkan,n.,,,,,kəkan,
käkäm_1bf475ad-b761-45d8-b6d4-f09ff675b537,kit,käkäm,n.,,,,,kəkəm,
käkäp_6c000ba6-35f4-4c96-8861-a5e7c6daf97c,kit,käkäp,n.,,,,,kəkəp,
käkäpyo_0f7fe1b7-5bba-4fcd-918b-a0764cde700d,kit,käkäpyo,n.,,,,,kəkəpjo,
käkle_2b8dbb6a-41c9-4731-a5d3-1fa1d49fa591,kit,käkle,,,,,,,
käklläp_373168c4-36f3-4b29-b998-08aed10243ca,kit,käklläp,t.v.,,,,,kəkɽəp,
käkllätt_8d6db305-6975-46a5-89b7-f8563032e2c3,kit,käkllätt,t.v.,,,,,kəkɽəʈ͡ʂ,
käkoll_1073e0df-8e56-4be5-a21b-7c0bce853d8e,kit,käkoll,n.,,,,,kəkoɽ,
käkpäl1_69f94520-23e1-40fb-9533-dc9efb4d370d,kit,käkpäl,n.,,,,,kəkpəl,
käkpäl2_756ba13a-adc2-492c-8459-a9c2687aaabc,kit,käkpäl,n.,,,,,kəkpəl,
käla~_85960b6b-6a93-40de-a9b6-4130dac430a3,kit,käla,,,,,,,
kälae_d310e514-088d-4d7d-8a58-111b19589437,kit,kälae,mod.,,,,,kəlae,
kälaekälae_a6a4ebdc-a075-4c9e-8ad1-ddae9f19b879,kit,kälaekälae,,,,,,kəlaekəlae,
kälaepot_2008062a-1566-45e8-8c39-047097d6a34a,kit,kälaepot,n.,,,,,kəlaepot,
kälakälae_4c158653-08bb-4650-903a-e048159cfcfb,kit,kälakälae,adv.,,,,,,
kälakäle_da37d428-2efe-4edc-93ed-295eabd06a6b,kit,kälakäle,i.v.,,,,,kəlakəle,
kälas_70cc09b0-df6c-4595-9308-765a6af1bdfe,kit,kälas,,,,,,,
kälämpag_fb175c71-016b-43b3-ab05-791c72b3cd2d,kit,kälämpag,t.v.,,,,,kələmpaɡ,
kälängkäl_6efb55d9-df50-46d0-bb0b-067b31313552,kit,kälängkäl,i.v.,,,,,kələŋkəl,
kälbae_981b938d-55f4-48ec-a146-cadf281192af,kit,kälbae,t.v.,,,,,kəlbae,
käle~_f87de2fe-4ebf-4ce4-91bb-33e814c98175,kit,käle,,,,,,,
kälekäle_60be88b2-3439-4f92-8d3e-65482435afe4,kit,kälekäle,mod.,,,,,kəlekəle,
kälepalle_9b695a34-46d8-4fcd-a080-6a1141fc457e,kit,kälepalle,man.adv.,,,,,kəlepaɽe,
kälkäl_5c38f3ca-a0d6-463b-80da-e515a21149d5,kit,kälkäl,t.v.,,,,,kəlkəl,
kälngkäl_17ba698c-88f7-4419-9cd4-a1bfbed097f0,kit,kälngkäl,,,,,,,
Kälnyam_6301342d-58fc-4229-885f-6e616fb76496,kit,Kälnyam,prop.n.,,,,,,
kälpalle_0bc034a2-2f00-4aa0-bd17-7d023cf659ed,kit,kälpalle,,,,,,kəlpaɽe,
kälsäre_e3078e58-902f-4dc6-84fc-c0c50af9a7e4,kit,kälsäre,mod.,,,,,kəlsəre,
kälsre_1b0d315c-5a4a-4001-a4e2-6c3d2757f167,kit,kälsre,,,,,,,
kälsrong_780d1182-f149-497f-923e-70cd2f55e2a1,kit,kälsrong,mod.,,,,,kəlsroŋ,
käll_0f012fcc-53ba-4fe8-84ca-422a8063cb36,kit,käll,n.,,,,,kəɽ,
källa_d694fa23-6168-435d-8238-e3cc11f52216,kit,källa,n.,,,,,kəɽa,
källakällae_c5437e57-426c-4272-97e3-36cc22b6a916,kit,källakällae,mod.,,,,,kəɽakəɽae,
källakällawang_85fa6e2b-1ca2-455b-a9fa-20a346729019,kit,källakällawang,,,,,,,
källakälle_c8299718-f2f3-49fa-aff5-40547d87f75b,kit,källakälle,t.v.,,,,,kəɽakəɽe,
källakällong_3e25d08b-c670-4be8-8bf4-7711c0dd26ab,kit,källakällong,adv.,,,,,kəɽakoɽoŋ,
källama kup_335c4aa1-c3b0-46aa-9e0b-3b02529b7a79,kit,källama kup,n.,,,,,kəɽama kup,
källa mit_0e5ee240-b61e-4993-a8a6-0160ee59688c,kit,källa mit,n.,,,,,kəɽa mit,
källamitang_87634122-5b46-4408-a0cd-cbba8e37896e,kit,källamitang,n.,,,,,kəɽamitaŋ,
källatolma_de5d06ab-fc39-4780-8739-cfb72fd64a6f,kit,källatolma,n.,,,,,kəɽatolma,
källayoyo_df2b5a72-1997-41b8-a24b-ae146918d7b1,kit,källayoyo,n.,,,,,kəɽajojo,
Källäk_18deaacc-04a2-4ce0-a924-2829c863b744,kit,Källäk,prop.n.,,,,,kəɽək,
källäll_312f0aef-dca6-4f59-bf78-3ced6055146c,kit,källäll,,,,,,,
källäm_d05b35ec-6f16-4015-a36a-b9a71927d0a8,kit,källäm,n.,,,,,kəɽəm,
källän_0cfce0df-c8e0-46fe-aec8-776ec041d8cb,kit,källän,n.,,,,,kəɽən,
källäng_1c0a1a7c-49b6-4748-9b16-ef4d41506bb8,kit,källäng,n.,,,,,kəɽəŋ,
Källängmäll_a4d41a36-1f13-4452-8d3e-f19f0e104c21,kit,Källängmäll,prop.n.,,,,,kəɽəŋməɽ,
Källid_86b778a4-8a37-43d6-ae7c-ffde8085dc10,kit,Källid,prop.n.,,,,,,
källkae_466e9106-2edc-4224-aab7-4a0ddf4625cb,kit,källkae,n.,,,,,,
källkäll_b71dc327-7064-457f-9b4f-e06f1493da15,kit,källkäll,,,,,,kəɽkəɽ,
källmakällme_8cf57c98-5773-4517-942d-8f1688263003,kit,källmakällme,i.v.,,,,,kəɽmakəɽme,
Källnyam_2742ad07-3578-4413-9fe4-aff71a654bd3,kit,Källnyam,prop.n.,,,,,,
källpalle_acc4a347-be8e-41d9-815a-26f8b29e7a44,kit,källpalle,,,,,,kəɽpaɽe,
Källtae_43b6f919-ecca-4b46-929d-92f97ae0097b,kit,Källtae,prop.n.,,,,,,
Källtai_a49d417b-7bbd-4dbd-951d-bae3b3029302,kit,Källtai,prop.n.,,,,,,
källttakälltte_7e747b0e-8012-4218-b790-9c01d99f8e66,kit,källttakälltte,t.v.,,,,,kəɽʈ͡ʂakəɽʈ͡ʂe,
käm1_454e29ec-fd9b-4950-9961-1c1b29e1d622,kit,käm,n.,,,,,kəm,
käm3_4a35dd1c-4736-4c7c-a305-8840cc65c0e4,kit,käm,n.,,,,,kəm,
Käm_8e74c2c2-abb5-4922-a826-09a66a4a8a7c,kit,Käm,prop.n.,,,,,,
käm2_e718f4d0-1aeb-4160-9855-4928afc0c317,kit,käm,loc.n.,,,,,kəm,
käma_06e911fa-5bae-4e34-a13f-10e4f416d84e,kit,käma,man.adv.,,,,,kəma,
kämag_6ea494ac-2ae4-4c90-a890-356fdd5e2d70,kit,kämag,mod.,,,,,kəmaɡ,
kämagma_0ed29fb1-57ed-459c-91e7-72aa20438728,kit,kämagma,n.,,,,,kəmaɡma,
kämag ma_10d39366-f7b3-4cdc-85a6-82a3340b9f3c,kit,kämag ma,,,,,,,
kämag wel_ac27766b-0c19-4f06-98d2-65a4dff41cc3,kit,kämag wel,n.,,,,,kəmaɡ wel,
kämakäme_4b9926af-5300-4170-8218-2c373d775b3b,kit,kämakäme,t.v.,,,,,kəm,
=kämall_c59d38da-f983-44dd-9003-49e16a3b9347,kit,=kämall,nom.clt.,,,,,,
käman_dd9af0fe-a62a-41df-a8f6-c6ff404f3245,kit,käman,n.,,,,,kəman,
kämang_003afdb7-a726-4b8e-823b-2a49a805e0c0,kit,kämang,mod.,,,,,kəmaŋ,
kämany_bfe25be9-745e-41ba-b372-18dc73f16122,kit,kämany,n.,,,,,kəmaɲ,
=kämäll_ecb272df-294a-407f-99b2-cb1aea8bb5fc,kit,=kämäll,,,,,,,
kämätt_6146554c-0c1f-4d4e-9ab6-fbb7ae775fed,kit,kämätt,n.,,,,,kəməʈ͡ʂ,
kämbäg_3918136d-c2a2-476a-94f0-b545ab13616d,kit,kämbäg,i.v.,,,,,kəmbəɡ,
käme näkäp me ddäganen_3503f297-1c28-4ade-9803-e67c93593179,kit,käme näkäp me ddäganen,t.v.,,,,,kəme nəkəp me ɖ͡ʐəɡanen,
kämgag_e1e20e12-df04-4465-acfa-a1881aac4ebd,kit,kämgag,n.,,,,,kəmɡaɡ,
kämgall_53bac395-b4b7-48a7-b068-3b62c2ea9721,kit,kämgall,n.,,,,,kəmɡaɽ,
kämlla_05336f9b-a09d-4843-b223-992e72693d2c,kit,kämlla,n.,,,,,kəmɽa,
kämo_87f6c597-9782-45aa-ae1c-2b280d075e01,kit,kämo,n.,,,,,kəmo,
kämoe_26432c6f-6db8-4210-813a-1a83975b0919,kit,kämoe,n.,,,,,,
kämongg_d7636d53-5b65-4e1a-8a1c-ba0341ef349e,kit,kämongg,t.v.,,,,,,
kämser käpang_9b217844-fd42-4af5-8c4f-239f440209f5,kit,kämser käpang,n.,,,,,kəmser kəpaŋ,
kämsir_3bb9634f-c857-4b0b-9841-b1080cfc8504,kit,kämsir,n.,,,,,kəmsir,
kämsir budar_9eba12dd-13d8-4332-a9ce-fdceda424c34,kit,kämsir budar,n.,,,,,kəmsir budar,
kämtupi_7c58a78a-e8d9-4d6d-acd1-c0f8014026c2,kit,kämtupi,n.,,,,,kəmtupi,
kän2_81339178-5a86-4ccf-bad8-2ebcc5c73e83,kit,kän,t.v.,,,,,kən,
kän1_db40de36-3f3a-451e-a9b0-b8d8caf25516,kit,kän,n.,,,,,kən,
känaebag_564abf31-faa9-4fa0-b267-64ce52c266fa,kit,känaebag,,,,,,kənaebaɡ,
känakone_d4226eea-3163-4688-b919-600dd2b9adb6,kit,känakone,,,,,,,
känameny_9e23736c-bd85-446a-8937-20f4f5512064,kit,känameny,t.v.,,,,,,
känazbag_b8779c77-017c-4424-a677-147b497dad0a,kit,känazbag,Temporal adverb,,,,,kənazbaɡ,
känär_28b2c320-096d-4053-a051-2636c98eecbf,kit,känär,n.,,,,,kənər,
käntrokäntrom nane_0f7ed762-93ee-48a8-9965-1943e57c8159,kit,käntrokäntrom nane,Ideophone,,,,,kəntrokəntrom nane,
känttatt_b33d1f40-cebc-4596-97a7-8e273233d1b9,kit,känttatt,n.,,,,,kənʈ͡ʂaʈ͡ʂ,
känz_09837746-34af-48c7-b9d2-41fc49f52c07,kit,känz,i.v.,,,,,kənz,
kängkäl_0d2e1355-def0-4143-a748-ba9463ccc7c7,kit,kängkäl,t.v.,,,,,kəŋkəl,
kängkäm_87e48143-af9f-4945-a72f-6d87d5ad49c9,kit,kängkäm,t.v.,,,,,kəŋkəm,
känyam_d57cf484-f250-43fe-b791-68d5d45baebb,kit,känyam,,,,,,,
känyäkänyär_26402884-32db-4529-9ef2-52869a98b030,kit,känyäkänyär,,,,,,,
känyär_bdd5c698-cb3d-4dd6-84b2-8c3c22f2595a,kit,känyär,mod.,,,,,kəɲər,
känyär eka_3391e901-572f-4ad9-9dae-bea1b03b7eda,kit,känyär eka,n.,,,,,kəɲər eka,
känyärkänyär1_2706dda8-fdca-4a4a-acb0-830183809d7d,kit,känyärkänyär,adv.,,,,,kəɲərkəɲər,
känyärkänyär2_6fe74ae9-3eec-4ae4-89c9-9999f0b7bd7a,kit,känyärkänyär,cov.,,,,,kəɲərkəɲər,
känyärtto_d550e324-62f5-4b94-977e-29350c27be99,kit,känyärtto,mod.,,,,,kəɲərʈ͡ʂo,
känyär ttoen_71ee8443-6b87-41f6-b481-55c3a72ebb2c,kit,känyär ttoen,n.,,,,,kəɲər ʈ͡ʂoen,
känyer_9737505b-319e-445a-8036-40024d500fa1,kit,känyer,n.,,,,,kəɲer,
känyertto_b6d15620-04a6-4d5a-b353-0705c9760873,kit,känyertto,,,,,,,
Känykäny_0f54951e-5ce5-4fc0-8f78-d3141fa51272,kit,Känykäny,,,,,,,
käp1_6083cd94-6eae-4eab-b6ee-256e1a4c50bc,kit,käp,n.,,,,,,
käp2_a6e90483-d584-47a9-b2f0-26377983f850,kit,käp,,,,,,,
käpang_6616151f-f318-4528-868a-3794617e00f6,kit,käpang,mod.,,,,,,
käpäkäpät_8857d346-1271-4920-99c2-78677dae214b,kit,käpäkäpät,adv.,,,,,kəpəkəpət,
käpät_c3a2c5c9-e8df-4e16-a2a5-f2abacdabf53,kit,käpät,n.,,,,,kəpət,
käpätang_3a4e9b0d-7168-4182-995d-ca92765c6d1c,kit,käpätang,mod.,,,,,,
käpe sen_858e218a-9f58-4ff4-bbad-5a9abc372417,kit,käpe sen,v.,,,,,kəpe sen,
käpkumett_15a10433-1eb5-4041-aeb0-16fd5098b0d0,kit,käpkumett,n.,,,,,kəpkumeʈ͡ʂ,
käpom_14e86728-9938-4b40-9fc6-3f795ceb8714,kit,käpom,n.,,,,,kəpom,
käpre_60ff4d21-2e57-4f21-aff8-dbe9ae06d4a3,kit,käpre,n.,,,,,,
käptakäptae_04978a4a-1029-4a41-a07a-cc3c05eace62,kit,käptakäptae,,,,,,,
käptang_e0fec060-d21c-4f8b-a088-588b707c35ee,kit,käptang,,,,,,,
kärakäralmeny_457c104d-098f-4cc5-841a-f33717bdaa8a,kit,kärakäralmeny,mod.,,,,,kərakəralmeɲ,
kär pipiem_8f5de72d-835c-46b4-95fe-5cf96d1c1200,kit,kär pipiem,n.,,,,,kər pipiem,
käsre_568dc9bb-f5d5-49f7-b6c2-12625542bac8,kit,käsre,adv.,,,,,kəsre,
kästom_04d451a4-fcae-4757-898d-30924f63b613,kit,kästom,,,,,,,
kätam_b0f09e1c-0ee2-41f4-8941-06e5129693cc,kit,kätam,i.v.,,,,,kətam,
kätang_50488ef1-9d39-43de-872c-dafe9de83703,kit,kätang,mod.,,,,,kətaŋ,
kätäräl_3608c808-b82f-45c2-8860-d456f1479227,kit,kätäräl,n.,,,,,kətərəl,
käträkäträl_dd47c003-fcf0-4f06-9c5e-7d311d25a537,kit,käträkäträl,mod.,,,,,,
käträl_cf1bc520-a127-48cf-8789-9b55d02429c6,kit,käträl,,,,,,,
kätt_8a56a06e-81aa-4605-8b2e-e33ac85d182c,kit,kätt,n.,,,,,kəʈ͡ʂ,
kättapun_9da1fe62-3b09-4c37-9ecc-5749da7cc1e8,kit,kättapun,n.,,,,,kəʈ͡ʂapun,
kättekätte_bf91226f-545e-4708-be2c-9e778df514cd,kit,kättekätte,n.,,,,,kəʈ͡ʂekəʈ͡ʂe,
kätt ine_9391ebcf-cc3f-466b-a9b2-958269fcef7d,kit,kätt ine,col.,,,,,kəʈ͡ʂ ine,
kättkätt1_0c01983a-a2b7-4f62-a2c3-1efdbd64a845,kit,kättkätt,n.,,,,,kəʈ͡ʂkəʈ͡ʂ,
kättkätt2_72c65485-1d2d-4f91-90a8-b78e88cf66c5,kit,kättkätt,t.v.,,,,,kəʈ͡ʂkəʈ͡ʂ,
kättlla_a301e5d2-9f5e-4158-ad21-2dad3a7a81c0,kit,kättlla,n.,,,,,kəʈ͡ʂɽa,
Kättpälläk bällämang_db5e8e51-dd7c-4755-a607-9e729f9fc1ff,kit,Kättpälläk bällämang,prop.n.,,,,,kəʈ͡ʂpəɽək bəɽəmaŋ,
kätt tongoe_908b2ad9-8667-4499-bb79-b9224705b83d,kit,kätt tongoe,n.,,,,,kəʈ͡ʂ toŋoe,
käza_0c3800d0-f06c-4eff-914f-a63a79cb2122,kit,käza,n.,,,,,kəza,
käza allko_3e07ed74-388c-4321-95d0-25847c81adc1,kit,käza allko,n.,,,,,kəza aɽko,
käza bädma_88519c49-ddd8-4ad0-b80a-6c8da403d456,kit,käza bädma,n.,,,,,kəza bədma,
käzabun_dcf04861-8ce8-4825-8302-1bdcf156b02a,kit,käzabun,n.,,,,,,
käza burala_07fe847a-7c5f-4169-b7b0-ef779b29e4d3,kit,käza burala,n.,,,,,kəza burala,
käza da nägagan_d1e13531-218a-4d74-9bd8-f082e6565a12,kit,käza da nägagan,Phrase,,,,,kəza da nəɡaɡan,
Käza kup ine ma_b9688507-dfb9-4694-8679-b47157f8f9f4,kit,Käza kup ine ma,prop.n.,,,,,kəza kup ine ma,
käzapig_a1d09aa1-db3c-4c7a-aa91-a2274f35903c,kit,käzapig,n.,,,,,kəzapiɡ,
käza wirwir1_31f0f7e2-88e0-430f-ac06-f4d581686364,kit,käza wirwir,n.,,,,,kəza wirwir,
käza wirwir2_f39839c3-d6b9-4ddc-953e-5af0874d3560,kit,käza wirwir,cov.,,,,,kəza wirwir,
ke_32a59d60-3a02-4d7c-ac24-12a201d549d8,kit,ke,Question particle,,,,,,
keam_8ccdaa6a-deb0-40c2-8ecd-1845887c8566,kit,keam,Ideophone,,,,,keam,
Keisi_7b05c52e-848a-4405-93de-91fa4f0f991f,kit,Keisi,prop.n.,,,,,,
Keit_e25f2a36-3c93-4874-98ae-f87d56c1001e,kit,Keit,prop.n.,,,,,,
Keith_d92470f5-84b6-4de8-9e17-7d0041e8518b,kit,Keith,prop.n.,,,,,kiθ,
kek_e3554f44-1aae-46e4-97c6-a4ab7555fb15,kit,kek,n.,,,,,kek,
Keke_0830178c-2f4d-46c7-935b-532ace7e90e2,kit,Keke,prop.n.,,,,,keke,
Keks_d36eb673-8491-4394-98f2-efc564f331c9,kit,Keks,prop.n.,,,,,keks,
kemibi_0fde6b0a-1599-4490-b020-0aa1229a3041,kit,kemibi,quant.,,,,,kemibi,
kemol_50e7622d-813a-4e77-8d1c-ac7b6ce83baf,kit,kemol,n.,,,,,,
kemp_63b6093e-506e-492e-b71a-26259a1c8219,kit,kemp,n.,,,,,,
Kemu_d2c56093-4a9e-4294-b468-992637c4ca1c,kit,Kemu,prop.n.,,,,,,
Kename_45ebec59-5647-4df5-aacb-de708211bc12,kit,Kename,prop.n.,,,,,kename,
Keni_4c368615-078a-4a6d-ab91-7e4fa1b21e6a,kit,Keni,,,,,,,
Kenny_69198ece-cf32-4b8f-966d-826bd0343885,kit,Kenny,prop.n.,,,,,keni,
kep_5d4de066-791d-4344-9866-6cbb52e3b716,kit,kep,n.,,,,,kep,
kep kutt_2409fcd3-af25-4b89-9ea9-9d5ac4ca1d14,kit,kep kutt,n.,,,,,kep kuʈ͡ʂ,
keräma pudd_1585d484-2462-4d8e-b5ed-eb28047d44bd,kit,keräma pudd,n.,,,,,kerəma puɖ͡ʐ,
kerema_ec82d081-76f8-4980-98ce-653c3cace3f8,kit,kerema,n.,,,,,kerema,
Keren_62754e21-72bc-42ae-af7c-ab3da49a2602,kit,Keren,prop.n.,,,,,,
Kergowa_36bf280a-c661-4e2b-847d-14776ca1a71e,kit,Kergowa,prop.n.,,,,,kerɡowa,
Keriso_5636aa00-2e2f-4465-ac7f-49698ce0271a,kit,Keriso,prop.n.,,,,,keriso,
Kesa_9706ccb1-4a97-43f3-8e8f-8083a29858ba,kit,Kesa,prop.n.,,,,,,
Kesama_22b08bd4-9648-4ef4-a1bf-1d797135551b,kit,Kesama,prop.n.,,,,,kesama,
keta_4de7f998-a996-4760-9bb3-401634d497e6,kit,keta,n.,,,,,keta,
Keti_378099ba-ed05-49af-85fc-47553302d166,kit,Keti,prop.n.,,,,,keti,
ketmar_6f9f0211-a98c-4d38-96cd-d74d33b5eedf,kit,ketmar,n.,,,,,ketmar,
ketol_b9f5b306-c88e-47d8-b782-b29863313744,kit,ketol,n.,,,,,,
Ketrin_a471642a-0139-489a-afe7-e009286ec43d,kit,Ketrin,prop.n.,,,,,,
ketrop_8e009a65-1463-4bb7-885e-c93cd5052072,kit,ketrop,n.,,,,,ketrop,
Kewameyato_82a28a8e-ba52-4876-a6f4-a471b5947917,kit,Kewameyato,prop.n.,,,,,kewamejato,
keyadaola_0ab06b9c-c52f-46d1-816a-6944b77a35f2,kit,keyadaola,n.,,,,,kejadaola,
Kevelyn_de74aec8-50a0-48b7-875c-4f4e56aafe0d,kit,Kevelyn,prop.n.,,,,,kɛvɛlɪn,
Kiata_2d1d63e8-02e5-42d9-bc4e-ecf16137f831,kit,Kiata,prop.n.,,,,,kiata,
Kibobma_31fd65f2-00af-4c8a-bef4-e1ff4b6e1609,kit,Kibobma,prop.n.,,,,,kibobma,
Kibul_309230de-d88d-43ec-b48c-ab2ebabfe6f0,kit,Kibul,prop.n.,,,,,,
Kibuli_7bd464af-c8c5-41c1-8574-8529e66e8033,kit,Kibuli,prop.n.,,,,,kibuli,
Kidarga_bce024ca-1ae1-45a0-bf59-1e75c2cc4451,kit,Kidarga,prop.n.,,,,,kidarɡa,
kidwe_c836505d-3444-4391-9b38-7b938e12ee7c,kit,kidwe,n.,,,,,kidwe,
kikiem_f5423ef4-4089-46c8-8708-0a8ff49ff7d9,kit,kikiem,n.,,,,,kikiem,
kiklem_a3c99fd3-23c6-49fd-84ff-e8f5b152d70f,kit,kiklem,n.,,,,,kiklem,
Kikori_98fbb745-507c-4d4e-8c22-d1a57f1d75f3,kit,Kikori,prop.n.,,,,,kikori,
Kila_0e426eb6-e9f6-464a-854c-65d81616c5c5,kit,Kila,prop.n.,,,,,kila,
kili_14d0a5db-0066-4d36-b60e-3998edc82016,kit,kili,n.,,,,,kili,
kiliang_e1c79127-123e-47d5-a80f-4b66d06e9b57,kit,kiliang,mod.,,,,,kiliaŋ,
kilikili_a2478355-cb74-42eb-8396-a831f6e218fa,kit,kilikili,cov.,,,,,kilikili,
kilikiliang_c5520a53-3d5f-4c26-bb32-61aaefab23b5,kit,kilikiliang,adv.,,,,,kilikiliaŋ,
kilimeny_c2ae9705-b6c8-4c73-9648-949fa9135aec,kit,kilimeny,mod.,,,,,kilimeɲ,
kina_1a686d84-befb-4178-8aaa-1c0631a9907b,kit,kina,n.,,,,,,
kinekineang_582e5088-216d-4c01-ac4f-2b0528603545,kit,kinekineang,mod.,,,,,kinekineaŋ,
Kini_95f6f7b5-6f93-4f93-b261-239df26d8bee,kit,Kini,prop.n.,,,,,kini,
Kinkin_2f4d7c13-bf8a-4012-927f-a07740e960c2,kit,Kinkin,prop.n.,,,,,kinkin,
kinpop_6900a195-d30c-41b1-affb-5a96a806fa70,kit,kinpop,n.,,,,,kinpop,
Kingsli_85ce777d-bada-45ce-a807-c7aaabb319bc,kit,Kingsli,prop.n.,,,,,,
Kinykiny_dc70aaba-2c33-4677-9d31-48e3a664a035,kit,Kinykiny,prop.n.,,,,,,
Kiongga_5702a9e9-a0f9-4c97-b2bf-96eb8c999bc5,kit,Kiongga,prop.n.,,,,,,
kip_fd4017d0-50a0-44d3-876f-58abf17201a1,kit,kip,n.,,,,,kip,
Kiplin_6893a1b4-889f-4ec1-8ea6-b39880fc5e01,kit,Kiplin,prop.n.,,,,,,
Kipling_ee4e0501-b802-4b4a-b379-9d6a4c116341,kit,Kipling,prop.n.,,,,,kipliŋ,
kip papa_efe6ca17-650d-4884-9e10-5c79ac8f5b51,kit,kip papa,n.,,,,,kip papa,
kire_ef1a6a56-c414-4c04-8a84-6847be336222,kit,kire,mod.,,,,,kire,
kirekire_9b70b451-953c-4d72-8db8-d82b81c6faa3,kit,kirekire,col.,,,,,kirekire,
kisin_2372b1cf-4f68-4198-b583-b7dd74d7c413,kit,kisin,n.,,,,,,
Kit_6a1906b7-4e56-47ea-a3a0-d77197d4a45f,kit,Kit,,,,,,,
kitapatt_083300e8-9495-483e-9fcf-d39aec690a9e,kit,kitapatt,n.,,,,,kitapaʈ͡ʂ,
kitar_c587663c-7b61-4fed-bb36-6ed7f2dc414e,kit,kitar,n.,,,,,,
kito_4444a285-0bfe-4105-83ff-c2e199981520,kit,kito,n.,,,,,kito,
Kiwae_55f3b152-beb6-49bc-a649-61ade4f194a6,kit,Kiwae,prop.n.,,,,,,
Kiwai_5f5261af-7889-49b7-811a-61bface838da,kit,Kiwai,prop.n.,,,,,kiwai,
kiwale wel_19528586-8761-47f0-b384-33044477453e,kit,kiwale wel,n.,,,,,kiwale wel,
kiyaddadda_77440a5a-c979-46a8-942a-6b543f72264b,kit,kiyaddadda,n.,,,,,kijaɖ͡ʐaɖ͡ʐa,
kɨk_e750e8a6-97a3-4138-adb9-c872008ad178,kit,kɨk,v.,,,,,kɪk,
kɨllakɨlle_5233851f-94bf-48da-950d-0655ec3cfb6c,kit,kɨllakɨlle,t.v.,,,,,kɪɽakɪɽe,
kɨllɨll_507eae73-df83-4240-a6ae-261455cad9be,kit,kɨllɨll,n.,,,,,kɪɽɪɽ,
kɨllɨm_f01330b1-e08c-4313-a1d9-9436704031d7,kit,kɨllɨm,n.,,,,,kɪɽɪm,
kɨllkɨll_63d460ae-aaa6-4850-83ab-69135883d849,kit,kɨllkɨll,t.v.,,,,,kɪɽkɪɽ,
kla~_d781806d-1cd4-47e2-b42b-fb21aca3b79c,kit,kla,,,,,,,
klak1_672ca826-126d-4ad9-8352-d4d680a142a6,kit,klak,n.,,,,,klak,
klak2_9cc53bd1-9352-465c-b1ba-16d18dd522f9,kit,klak,n.,,,,,klak,
klaklae_3bfe30a4-c8cb-48ff-8bfb-4b43d96fcd86,kit,klaklae,,,,,,klaklae,
klas_8660f0ce-79da-47c8-8e20-c453efae98dc,kit,klas,n.,,,,,klas,
klasrum_6edcbdb0-9f23-421b-9911-642a960b4bed,kit,klasrum,n.,,,,,,
kläkle_e3a286da-850f-4069-a7a9-a67fd17eb70b,kit,kläkle,,,,,,kləkle,
kle~_32e7185e-de2f-49a8-aa88-a9679400c349,kit,kle,,,,,,,
klekle_f95c0c55-ac9a-4cf3-a8cf-d1fce11f7a67,kit,klekle,,,,,,,
klloklloe_991a9e41-990a-4e54-8b2e-78f525a1e77a,kit,klloklloe,t.v.,,,,,,
kllomokllomoll_33940b0d-2f37-43c3-8fc9-f12d494e5087,kit,kllomokllomoll,adv.,,,,,kɽomokɽomoɽ,
kllum_9dba428f-7484-4394-a792-967bd6e2dc60,kit,kllum,,,,,,kɽum,
ko1_87400749-c78a-4c50-8e1d-66efb75cafd2,kit,ko,,,,,,,
ko2_97dafe34-5673-4408-ac73-469ea41b69b5,kit,ko,TAM particle,,,,,,
ko~_fdf8f0ae-7c39-4525-b740-e6f30777fd1f,kit,ko,,,,,,,
Kobam_e6cd6985-6c18-4593-9f42-18c15aeb6f45,kit,Kobam,prop.n.,,,,,kobam,
kobädd_4764ac14-5154-4c90-8d28-798ea6f952d4,kit,kobädd,n.,,,,,kobəɖ͡ʐ,
Kobddag_9c02f97a-ff02-40f3-a758-52ee8ce58f8d,kit,Kobddag,prop.n.,,,,,,
kobe_3c9484a6-eb00-4e81-85cc-60ee7d5e1e56,kit,kobe,n.,,,,,kobe,
Kobe_81e38ac6-3af4-4242-ab5e-7ca12e57b155,kit,Kobe,prop.n.,,,,,,
kobeam_6b6a393c-b3f3-4bc9-927a-fc0e7431ab33,kit,kobeam,Kinship noun,,,,,kobeam,
Kobemitang_017b0716-d4a5-42fc-9c5f-38f2def2640d,kit,Kobemitang,prop.n.,,,,,kobemitaŋ,
kobeyam_5e6f845d-5a81-43b2-a2ef-642ebe5a6687,kit,kobeyam,,,,,,,
Koboddag_5ead4273-f5b3-4887-90d1-d0fcc7f172fa,kit,Koboddag,prop.n.,,,,,koboɖ͡ʐaɡ,
kodor_af650851-1b0b-4d59-b490-bdc47f3664a1,kit,kodor,n.,,,,,kodor,
kodowa_8c0cb716-1eb5-4b13-8d38-d5307d2fdecd,kit,kodowa,n.,,,,,kodowa,
Koe_df3e089e-be82-4e87-bc1a-af97c06e11d5,kit,Koe,prop.n.,,,,,koe,
Koebänang_43948c2f-c8da-4dff-a6fd-dba9a4cca006,kit,Koebänang,prop.n.,,,,,koebənaŋ,
Koebnang_5c34fd4f-5974-49c9-a284-81c08e3ca8d4,kit,Koebnang,prop.n.,,,,,,
koeme_0c3f59e1-742e-413e-9d71-f8684ad5cc28,kit,koeme,n.,,,,,koeme,
koemekoeme_9da8aa40-daeb-4037-a6ce-04d026fec885,kit,koemekoeme,n.,,,,,koemekoeme,
koen_279209ee-e85b-4d3e-8d7d-4cc0ee11c351,kit,koen,i.v.,,,,,koen,
koenbäll_0becb0c5-d40a-452f-af95-1dbac87e5a54,kit,koenbäll,n.,,,,,koenbəɽ,
Koenbäll kutt_e1a943e3-39d1-46e4-8425-b3f80777045e,kit,Koenbäll kutt,prop.n.,,,,,koenbəɽ kuʈ͡ʂ,
koenmäll_3109f7f3-13ab-4116-ab0b-c697db5a650b,kit,koenmäll,t.v.,,,,,koenməɽ,
koepang_30fe26e4-01ca-4386-9be9-e3cc6e0c0ea6,kit,koepang,mod.,,,,,koepaŋ,
koinmäll_cd8bc23c-d485-48f3-8ba6-50aed6245030,kit,koinmäll,,,,,,koinməɽ,
kok2_63d6602a-8be7-421d-b9d8-44fecb73f648,kit,kok,n.,,,,,kok,
kok1_7b1cc721-1583-4947-877c-3d32eb6de0f5,kit,kok,Kinship noun,,,,,kok,
kok3_b418d452-bb6e-464c-bdba-10eb8878f2ad,kit,kok,n.,,,,,kok,
kokall_968be190-a9b8-4a60-87db-9a4d7eb4dc15,kit,kokall,n.,,,,,kokaɽ,
kokallkokall_a58ab65a-7d5f-4773-b003-6f4d083fd064,kit,kokallkokall,n.,,,,,kokaɽkokaɽ,
kokallma_b57b45b8-5c3f-455e-81ad-6633f1c99d51,kit,kokallma,n.,,,,,kokaɽma,
kok a nganzig_1bb282f6-7da5-4b9b-b938-fdb14915a2f7,kit,kok a nganzig,Phrase,,,,,kok a ŋanziɡ,
kok apte_d3f56b28-4543-49c3-9b41-5a9109e33b8f,kit,kok apte,n.,,,,,kok apte,
kokäl_7fd9605f-d4ad-4a59-a02f-32efaee561c9,kit,kokäl,n.,,,,,kokəl,
Koke_1f193565-6249-44d6-968f-acdc45b6fc2f,kit,Koke,prop.n.,,,,,,
kokeya moleg_caaa54ce-fde9-45a6-bb56-f8b08c358131,kit,kokeya moleg,n.,,,,,,
kok indrang_65f291f5-aa74-44e8-a0ba-23ca12af5100,kit,kok indrang,n.,,,,,,
kok kätt pälläk_c6e7b978-b1fd-44ff-a657-ed051ba97f4b,kit,kok kätt pälläk,n.,,,,,,
kok kuddäll_3344d14b-1061-418c-a66c-a9a50358f9cc,kit,kok kuddäll,n.,,,,,kok kuɖ͡ʐəɽ,
kokllo_3741bccb-3320-4415-a089-78b627da1d41,kit,kokllo,t.v.,,,,,kokɽo,
Kokma_b768af4e-595f-48de-a0b8-7fa385175fde,kit,Kokma,prop.n.,,,,,,
kokmer_9fe4a7a2-a213-494a-ab02-5f8a1d7dc4a6,kit,kokmer,n.,,,,,,
kokne_25d9207f-6e9c-4a17-af4a-ba88f5cbbb37,kit,kokne,n.,,,,,kokne,
kokngal_5abfbc31-8c51-4c1a-855b-4bc3198747fa,kit,kokngal,n.,,,,,kokŋal,
koko2_40fd1a73-1afe-4e45-95fa-d11749928556,kit,koko,n.,,,,,,
koko1_bff40a07-fe96-496a-be48-e01b9c5086a6,kit,koko,t.v.,,,,,,
kokoang_58f1919c-ce41-4136-8b03-bbdeebf8d74c,kit,kokoang,,,,,,,
kokok_71f30edb-40e0-4a6b-80e2-56c5b110b448,kit,kokok,Kinship noun,,,,,kokok,
kokol_2fb8937c-8827-4503-afde-e05221b3dc7f,kit,kokol,n.,,,,,kokol,
kokop_cd30b000-41c7-47b2-b54b-c5c09ac5cd69,kit,kokop,t.v.,,,,,kokop,
kokopasi_a1843169-25bc-4674-85ae-390c3d1ce56a,kit,kokopasi,n.,,,,,kokopasi,
kokowang_e2620b4f-b4b7-4a19-9564-5411aeac5f3c,kit,kokowang,mod.,,,,,kokowaŋ,
kok patar_7a260be0-a02f-4443-8d2f-2ef09a9dea14,kit,kok patar,n.,,,,,kok patar,
kok pälläk_e0a206e7-1688-48e5-95da-e75726e6a24a,kit,kok pälläk,n.,,,,,kok pəɽək,
kokpe_2f064471-eb83-40ba-b89d-40ba257a6b83,kit,kokpe,n.,,,,,kokpe,
kok pllayang_b56cc99f-00a4-4e04-a528-eb0913f35058,kit,kok pllayang,n.,,,,,kok pɽajaŋ,
kok sisor_57c061d0-281c-4da5-b4d9-ab04bcea7fd2,kit,kok sisor,n.,,,,,kok sisor,
kokta_823424fa-8ad2-4ad8-9257-65969df864ce,kit,kokta,n.,,,,,kokta,
koktakokta_a9acc5b7-e1ea-4794-9319-d3582fed58a4,kit,koktakokta,n.,,,,,koktakokta,
kok tärangg_f5d36aa6-c88e-4a5e-a413-9e04fa0596e7,kit,kok tärangg,n.,,,,,,
kok to_0bf6b9ec-250d-42e2-b325-129ae328f465,kit,kok to,n.,,,,,kok to,
kokto_34a71160-ec04-4e74-a276-c41f75df7fa7,kit,kokto,t.v.,,,,,kokto,
kol_a685d9b4-9276-4e82-89da-37ec4731a379,kit,kol,n.,,,,,kol,
kolem_6821d520-dab4-4139-91db-349486e16a4a,kit,kolem,n.,,,,,kolem,
koles_37b9b7df-ed7b-46e6-9197-c931a7e7ed79,kit,koles,,,,,,,
Kolmet_2df57afd-604c-4bc0-9956-100e9ceeaac7,kit,Kolmet,prop.n.,,,,,kolmet,
Koloam_2b5eeb82-1e9e-4586-91f4-ce707a4e3723,kit,Koloam,prop.n.,,,,,koloam,
kolos_19a1439f-2c3c-4575-9a24-8b18ac58a307,kit,kolos,n.,,,,,,
Kols_6f70d92b-8389-46cc-9aff-2c1610d7d963,kit,Kols,prop.n.,,,,,kols,
kolwa_66bad444-46ee-4c6a-9d21-c4748cb0beff,kit,kolwa,n.,,,,,kolwa,
koll_4edfbe87-61d9-4af8-8fac-09b5fb60872f,kit,koll,loc.n.,,,,,koɽ,
kollam_f2061fee-f523-4c79-909b-7ecb9a851a53,kit,kollam,t.v.,,,,,koɽam,
kollba_cdbd95c3-0bd5-4eab-a1ea-c325d051fa7d,kit,kollba,n.,,,,,koɽba,
kollba täkäll_f3a3a91c-134d-4ab1-80a1-1a016a871797,kit,kollba täkäll,n.,,,,,koɽba təkəɽ,
kolldab_cc55c252-076c-4435-bfb2-bea2695b5908,kit,kolldab,v.,,,,,,
kolldän_1e0140fb-3255-4636-90a8-bd73bb429b0c,kit,kolldän,t.v.,,,,,koɽdən,
kollko_09546e17-24d8-4554-833a-3f429a1dd5af,kit,kollko,n.,,,,,koɽko,
kollkokollko_43b17f91-c3fe-4f41-bd3c-7efb54f71cb9,kit,kollkokollko,n.,,,,,koɽkokoɽko,
kollkollatt_ffc973ef-e0a2-4bbb-8aae-aeef8f4e881c,kit,kollkollatt,,,,,,,
kollmäll_c2139a8d-a8c2-4efe-b96d-e6532e9b8b28,kit,kollmäll,t.v.,,,,,koɽməɽ,
kollmällang_c488279f-c433-4f9d-add2-109f3801aa28,kit,kollmällang,n.,,,,,koɽməɽaŋ,
kollmoll_9a1555cd-89b0-442c-ac0e-77ceddc75ad7,kit,kollmoll,,,,,,,
kollmos ttam_939b0a2e-98a8-4a47-9334-c2bb988e4d2b,kit,kollmos ttam,n.,,,,,koɽmos ʈ͡ʂam,
kolloekolloe_47374fb3-13be-4e05-8c75-bd5176c4af62,kit,kolloekolloe,,,,,,,
kollokolloe_ef4d414f-e9e8-421e-8810-eae4432c498b,kit,kollokolloe,,,,,,,
kollong_cdff8c0f-395e-4e27-8b49-6bf333c47a9e,kit,kollong,n.,,,,,koɽoŋ,
Kollwam_27a31b37-2f27-4b5b-919f-63681724d63f,kit,Kollwam,prop.n.,,,,,,
kollwany_de8de5a9-7af7-4dbe-9da2-1d5e59061ff0,kit,kollwany,t.v.,,,,,koɽwaɲ,
kom_38461696-db0c-4b9a-ac0d-676d1c1660e3,kit,kom,n.,,,,,kom,
komälle_1d09fcb1-21c7-4955-8862-33f8e4a7f3be,kit,komälle,n.,,,,,koməɽe,
Kombosie_fdafbf6d-400d-4dd1-9c26-111b124e5c61,kit,Kombosie,prop.n.,,,,,kombosie,
komene_e7e7963a-7941-4391-bdd9-60b47bac27bf,kit,komene,n.,,,,,komene,
komengg_29e43b06-7423-4a9c-9af0-3f8b9853b329,kit,komengg,i.v.,,,,,,
komett_1a81225d-ab94-41cb-a037-5cc7dfb266be,kit,komett,n.,,,,,komeʈ͡ʂ,
kominiti_ad742d1c-0078-4408-8caf-64677ce5f690,kit,kominiti,n.,,,,,,
komiti_a6875448-620c-4677-bf3c-f0b2e87ca8f0,kit,komiti,n.,,,,,,
komlla_2fbd5410-bf5b-4fee-9a72-f5e892938849,kit,komlla,num.,,,,,komɽa,
komllaebe_5754cf33-c43b-45ac-b6cc-51f6557fd4d6,kit,komllaebe,num.,,,,,komɽaebe,
komllaebekomllaebe_6021d40d-4a99-485b-93df-a3bfd69ed510,kit,komllaebekomllaebe,num.,,,,,,
komllaebme_5bb67f1c-0560-410e-a716-8b2faa212eba,kit,komllaebme,,,,,,,
komllakomlla_6673586e-1ffa-4569-beca-dabeff67bc6d,kit,komllakomlla,quant.,,,,,komɽakomɽa,
komlla komlla_f25ae995-3c7e-40b7-9a0f-2afeb3dd63cf,kit,komlla komlla,num.,,,,,komɽa komɽa,
komlla komlla ttongo dduma_0f2afb77-6431-4ef4-9303-ac77d6265b7f,kit,komlla komlla ttongo dduma,num.,,,,,komɽa komɽa ʈ͡ʂoŋo ɖ͡ʐuma,
komlla putt_40052ea6-673e-4c9c-a162-d8b16d9b98ee,kit,komlla putt,num.,,,,,komɽa puʈ͡ʂ,
komlla ttuim mängallmeny_d729e342-56aa-4c14-9419-6e917d52a607,kit,komlla ttuim mängallmeny,,,,,,komɽa ʈ͡ʂuim məŋaɽmeɲ,
komlla we_5898a87e-cfb6-4194-b9d6-331721da1d4c,kit,komlla we,Ordinal numeral,,,,,komɽa we,
komlla yangete_fdeff421-c80b-4268-b8a4-ce5885f5d405,kit,komlla yangete,num.,,,,,komɽa jaŋete,
komllazegatt_e191e568-0084-4844-b321-f55f62ede95a,kit,komllazegatt,n.,,,,,,
komlle_0b30f99c-2ef3-40cb-a4a9-ea721eeb9ecb,kit,komlle,n.,,,,,komɽe,
komo2_81249275-4b5d-476b-ae55-3bbd5ebb2a49,kit,komo,n.,,,,,komo,
komo1_c3d5c91b-21ce-4caf-9a9b-a2cfcc43d372,kit,komo,n.,,,,,komo,
komo mogmog_5b432f58-4cb0-4f01-b8fb-6849f6a4c6cd,kit,komo mogmog,n.,,,,,komo moɡmoɡ,
komongg_e17ea158-21e2-4856-b684-805fce501fbf,kit,komongg,d.v.,,,,,,
komony_89bbb36a-5b4c-4e8e-b817-d3ab9fe778e3,kit,komony,n.,,,,,,
komo takle_ccfa9ec2-01d2-4bad-8e5b-764cca18a446,kit,komo takle,n.,,,,,komo takle,
komotupi_21cdd5a3-f34d-4283-afa2-7783c4f96089,kit,komotupi,n.,,,,,komotupi,
komotupi molle molle_acfe30a6-dd83-4f1f-9807-fed421b8190c,kit,komotupi molle molle,n.,,,,,komotupi moɽe moɽe,
komuniti_1715355b-8400-4320-ac31-2460079b4c51,kit,komuniti,,,,,,,
kona_36f90eaf-3a03-48d1-974d-69a442270923,kit,kona,n.,,,,,,
konakone_68f1821e-0eee-4739-ae5e-8f8df907bfe9,kit,konakone,t.v.,,,,,konakone,
Kondobäll_7404a9f7-c114-4cbe-bd97-56ac0975eb25,kit,Kondobäll,,,,,,,
Kondobol_e10ec536-4a3c-495a-82b4-28b7b6a98bc1,kit,Kondobol,prop.n.,,,,,kondobol,
Kondoboll_9d913e6b-1fdf-460e-af99-d75bcec0c6ef,kit,Kondoboll,prop.n.,,,,,,
Kondobu_b69c780d-acda-4074-9ef5-fa5ba5d8a9b0,kit,Kondobu,prop.n.,,,,,kondobu,
konkon_e0ab8876-5c94-40de-8c49-db5e24f2f142,kit,konkon,mod.,,,,,konkon,
konskak_3af89e38-59fa-4356-8626-13911d68ab36,kit,konskak,n.,,,,,konskak,
konzar_184f517f-3691-4afa-b51d-0fb53e960845,kit,konzar,n.,,,,,konzar,
kongkottom_2dd03a16-47cd-40f3-ade1-b43c19e25190,kit,kongkottom,t.v.,,,,,koŋkoʈ͡ʂom,
konykony_5775cb8c-e845-4f93-9cf6-7b38f2e9a6d5,kit,konykony,n.,,,,,koɲkoɲ,
konymad_e36d0cd0-2c5d-44f9-bfc2-55b8c3a87fd5,kit,konymad,n.,,,,,koɲmad,
kopae därängmeny_32f7d1fd-efa3-4003-b4d9-ccd6df19750a,kit,kopae därängmeny,n.,,,,,kopae dərəŋmeɲ,
kopek_955cd3a1-b274-4c0f-9541-f34309e1363d,kit,kopek,n.,,,,,kopek,
kopllalle_66b78d29-335b-4fcc-8581-9e1bdd178406,kit,kopllalle,n.,,,,,kopɽaɽe,
koplle_f941938f-7fb3-499c-bc84-29c735adb880,kit,koplle,n.,,,,,kopɽe,
koplle täkmäl täkmäl_bc39c7c1-58e7-437f-bbc3-b4eb3e1d7343,kit,koplle täkmäl täkmäl,n.,,,,,kopɽe təkməl təkməl,
Koreya_22b3eb0a-2906-4851-9725-187617355bbb,kit,Koreya,prop.n.,,,,,koreja,
kormas_2e1d3a12-d0b8-462e-97f1-a1837a5a0a75,kit,kormas,n.,,,,,kormas,
korolläm_f83b590e-cd1f-4f66-be4a-a04e9a6ee95a,kit,korolläm,n.,,,,,koroɽəm,
kos_428411c2-f5ec-4dbb-8f7b-98662c4c6c9b,kit,kos,n.,,,,,,
kosrom_6d872b07-162a-4657-8c3a-b38e219ad8ae,kit,kosrom,n.,,,,,kosrom,
kot2_0119b31a-8c7e-478a-b01e-607edf128e5a,kit,kot,,,,,,,
kot1_4e61b1f9-0d12-4808-9675-075ba4b3e69b,kit,kot,n.,,,,,kot,
kotang_c5942bb2-d5e7-4979-a628-e37ae9c8f58e,kit,kotang,mod.,,,,,kotaŋ,
kote_e5e6d039-e3e2-489a-a007-5b074897cba1,kit,kote,n.,,,,,kote,
kote kutt_2544d7fc-e082-41f5-a783-6a0f208cf478,kit,kote kutt,n.,,,,,kote kuʈ͡ʂ,
kote ttäkam_ae0d003b-6b63-4be8-8338-d7ff4c48e7d1,kit,kote ttäkam,comp.v.,,,,,,
kotkot_d15e88f9-a215-4c45-8887-76290591efdc,kit,kotkot,mod.,,,,,kotkot,
kotmeny_91a8ed66-baa5-4698-a1ef-27cc981e773e,kit,kotmeny,mod.,,,,,kotmeɲ,
kotol_a18bad95-13bf-48b7-9f16-70678c7ff6c0,kit,kotol,n.,,,,,kotol,
kotom_d4da0b1a-1c68-4228-ad68-17920217a9a4,kit,kotom,n.,,,,,kotom,
kott_8e479271-860b-4987-af9b-cea0b456e9bf,kit,kott,n.,,,,,koʈ͡ʂ,
kottllam_cff27354-65d0-4ad7-a7e6-9101b0719373,kit,kottllam,n.,,,,,koʈ͡ʂɽam,
kottma_14f4d036-fe5b-45d9-961f-5ebc08b3fab3,kit,kottma,n.,,,,,koʈ͡ʂma,
kowa_645efee4-bd1a-4b5e-a373-8af3c1da28c8,kit,kowa,n.,,,,,,
kowatt_e44249be-9aff-40df-8690-73057ca6a032,kit,kowatt,,,,,,,
kowatt ikopang_ce9dc01f-16a4-4ff0-8745-5c5f704ec07f,kit,kowatt ikopang,n.,,,,,kowaʈ͡ʂ ikopaŋ,
Kral_ee5a6ddd-df9d-487e-b2ef-65c4c98bd0f7,kit,Kral,prop.n.,,,,,kral,
krismas_807fb00b-7114-420f-913d-57a7ece9593c,kit,krismas,n.,,,,,krismas,
kristen_b718fda3-6d1e-432d-86c9-bc241012cb2e,kit,kristen,mod.,,,,,,
kristin_015c771b-b998-447a-9744-109b86380bb6,kit,kristin,,,,,,,
Kristina_70fc178f-922d-47b7-bddc-0dbfc28d5d3f,kit,Kristina,prop.n.,,,,,,
KT_382d907e-631f-47fb-ac5b-08768e91c3a3,kit,KT,,,,,,kt,
ku1_0e07e08b-c546-47d9-8dce-fece94e044ce,kit,ku,loc.n.,,,,,ku,
ku2_28907b08-a649-4d08-bc59-72ca2e2eb3da,kit,ku,i.v.,,,,,ku,
kuang_81584031-d864-48d8-8259-d63526c74991,kit,kuang,n.,,,,,kuaŋ,
kub_02a2f170-3512-4ae6-bf39-c012c36bc091,kit,kub,n.,,,,,kub,
kubäll_18379af1-3797-47ff-8ee6-30722a86d4b9,kit,kubäll,,,,,,kubəɽ,
kube_e77aebbb-ad3b-49eb-9b71-dee5dd749324,kit,kube,n.,,,,,kube,
kubllu_0e38767e-b129-4fa0-9087-c21cc5263ee7,kit,kubllu,n.,,,,,kubɽu,
kubull_a6b5b13b-97fd-4030-a196-2155476bd956,kit,kubull,n.,,,,,kubuɽ,
kud_add50477-c694-4b54-ac84-d64660b4d08e,kit,kud,n.,,,,,kud,
kudäd_d5545ec9-6412-4cd1-9feb-77389159d327,kit,kudäd,mod.,,,,,kudəd,
kudädäri_8d7b0ffc-9956-4ffd-9b88-4ef075d7c55b,kit,kudädäri,n.,,,,,kudədəri,
kud dämadämar_2f5b1f94-ade7-4e9a-9354-00449f43ea28,kit,kud dämadämar,n.,,,,,,
kudu_3732b21d-887d-4b16-a990-56f2886f9d08,kit,kudu,n.,,,,,,
Kudurwe_4b4bd34e-4fcc-488e-b26f-6ed203169792,kit,Kudurwe,prop.n.,,,,,kudurwe,
kuddäb_6d779816-46b8-436c-90b5-8be4d360f14a,kit,kuddäb,n.,,,,,kuɖ͡ʐəb,
kuddäkuddäll_fc0294d9-3207-4067-b320-0788f881aee6,kit,kuddäkuddäll,mod.,,,,,kuɖ͡ʐəkuɖ͡ʐəɽ,
kuddäll_1d643e5b-21ab-49a0-8729-5b9c961e7383,kit,kuddäll,n.,,,,,kuɖ͡ʐəɽ,
kuddällkuddäll_1b5230b2-2b1d-4ab2-aff8-0bafaa107c5c,kit,kuddällkuddäll,adv.,,,,,,
Kuddäll Opap_93fadecf-aaa3-444d-87cf-52b789afac5a,kit,Kuddäll Opap,prop.n.,,,,,,
kuddäll ttam_d6e980a1-93be-4d8e-9aae-2e00ff3a9c27,kit,kuddäll ttam,adv.,,,,,,
kuddɨll_f141f058-14e0-4164-bf88-5f5646f92ffd,kit,kuddɨll,,,,,,,
kuddukuddäll_da5fbc59-6714-4f42-b827-54aaadf3301c,kit,kuddukuddäll,,,,,,kuɖ͡ʐukuɖ͡ʐəɽ,
kuddukuddull_27d417c6-986c-493d-8539-91ca674028c0,kit,kuddukuddull,,,,,,,
Kui_2a1ed25b-19f8-4c0f-976e-cc57f6c9fa4b,kit,Kui,prop.n.,,,,,,
kui_9640bae6-ebb2-4991-b016-f477ed84cfd8,kit,kui,n.,,,,,kui,
kuib_d941a245-edda-44d5-a3c5-f7a1d3a62da3,kit,kuib,n.,,,,,kuib,
kuibiag_6dc4ba3b-781e-4043-973b-e5a2aa85663a,kit,kuibiag,n.,,,,,kuibiaɡ,
kuimang_cf1061e5-c878-499b-9c60-1d946270da62,kit,kuimang,cov.,,,,,,
Kuiwang_ad77b11f-9aa2-4841-aeb9-ca8d388de963,kit,Kuiwang,prop.n.,,,,,kuiwaŋ,
kuki_9f5a68bd-53a7-473b-aeb0-f6d2eceb4290,kit,kuki,mod.,,,,,kuki,
kuki eka_be68267a-4351-4d01-a7dd-c985ba9d9992,kit,kuki eka,n.,,,,,,
kukiny_69067023-85cc-4820-9025-91b9e9775234,kit,kukiny,n.,,,,,kukiɲ,
kukoll_3800f293-be62-4592-990d-8163363ed2b0,kit,kukoll,mod.,,,,,kukoɽ,
kukollkukoll_92aad2aa-0ef0-4a2f-bb7a-8f4cd5dfdc5d,kit,kukollkukoll,col.,,,,,kukoɽkukoɽ,
kukpi_970b8354-9ec1-4eea-816e-f71594cf1be6,kit,kukpi,n.,,,,,kukpi,
Kukpikukpi_a1498723-cc1e-4a71-8a26-4848a448239f,kit,Kukpikukpi,prop.n.,,,,,kukpikukpi,
kukrub_70091c8e-d97c-4995-92dd-e943e91f41bd,kit,kukrub,n.,,,,,kukrub,
Kuks_30191df0-7a8b-4fea-a191-6829a05d7288,kit,Kuks,prop.n.,,,,,,
kuku_a20073e9-6d31-42bc-829c-10ef6bcf9d98,kit,kuku,n.,,,,,,
Kukua_55d0db2b-3939-436f-a4dc-f8daa299c5d9,kit,Kukua,prop.n.,,,,,kukua,
kukull_24e348b5-57af-4eae-838d-e4400a60a66d,kit,kukull,n.,,,,,kukuɽ,
Kukumi_6fce44ac-dc8f-42c0-a93b-f8d930cfd68f,kit,Kukumi,prop.n.,,,,,,
kul_a222675f-e6fa-4654-8e72-cea69b8f014b,kit,kul,cov.,,,,,kul,
kulläb_f22a5f99-a898-4010-80d4-01f39da6b1a5,kit,kulläb,n.,,,,,kuɽəb,
Kulläntti_ab1e4197-d112-4c1f-96b9-65f72aa47599,kit,Kulläntti,prop.n.,,,,,,
Kullintti_35614f0f-9b06-4d98-8919-bdb84dccf405,kit,Kullintti,prop.n.,,,,,,
kullkull_a530f6b6-7dca-493f-b580-ead5f45b4d91,kit,kullkull,n.,,,,,kuɽkuɽ,
kullkullatt_18c68a6f-712b-42dc-b0f8-3bc90f724113,kit,kullkullatt,mod.,,,,,kuɽkuɽaʈ͡ʂ,
Kullme_719eda7e-dde2-4ea1-a188-1b7cb0ee7d15,kit,Kullme,prop.n.,,,,,kuɽme,
Kullopang_068c4b40-91d8-454f-bfb2-3ec752538fed,kit,Kullopang,prop.n.,,,,,kuɽopaŋ,
kullum_ac99a5cc-dc85-4a70-874a-64a231c7c9c2,kit,kullum,n.,,,,,kuɽum,
Kullwam_133d3566-3f1e-4fc9-b686-c81a22929941,kit,Kullwam,prop.n.,,,,,,
kum_5deee804-25bd-4f78-88be-9be941125d4c,kit,kum,n.,,,,,kum,
kumattkumatt_86903296-3ebb-4697-aa59-09ba00963cbc,kit,kumattkumatt,adv.,,,,,,
kumddäga_2e38782f-f035-406a-9176-cc49ce83c263,kit,kumddäga,,,,,,kumɖ͡ʐəɡa,
kumi_b02f362f-98a9-4023-b0d5-7f22a6234013,kit,kumi,n.,,,,,kumi,
kumie_5ca007e1-2174-4867-8bd3-5aa813e560f2,kit,kumie,n.,,,,,kumie,
kumi kakälläp_d011913b-0122-4725-a084-44a1e9d85ea0,kit,kumi kakälläp,n.,,,,,kumi kakəɽəp,
kumi spun_c96150ea-6514-4102-b8db-7872895db343,kit,kumi spun,comp.v.,,,,,kumi spun,
kumiye_d14b6fa3-4656-4bdf-a834-305f438f2bf0,kit,kumiye,n.,,,,,,
kumiye käp_049595bb-9574-4d12-9a93-8f395086f1cb,kit,kumiye käp,n.,,,,,kumije kəp,
kumpit_b3553b4d-8c06-4248-9b66-e1bb728ec352,kit,kumpit,n.,,,,,kumpit,
kumuddäga_2eb26cff-6a2e-4db7-a764-690e6f7f89bd,kit,kumuddäga,num.,,,,,kumuɖ͡ʐəɡa,
kumuddägaebe_0e61052f-03e3-4b68-8ef2-85986bca3200,kit,kumuddägaebe,num.,,,,,,
kumuddägakumuddäga_300ca913-2ddd-4408-9728-e1a3abfa212e,kit,kumuddägakumuddäga,num.,,,,,,
kumuddäga we_f44d7124-d7cd-4190-b9b3-53addac25c37,kit,kumuddäga we,Ordinal numeral,,,,,kumuɖ͡ʐəɡa we,
Kumull_e827428e-4fe7-4c0e-971b-3d7a6003be8e,kit,Kumull,prop.n.,,,,,,
kumye_3a041400-811c-40f7-a519-ebf76f4ef9fb,kit,kumye,,,,,,,
Kuna_9263fb0b-0be4-4292-b67a-c872332ba8c0,kit,Kuna,prop.n.,,,,,,
kunen_6785fae3-2800-4ccd-b22c-06d3cf94e85b,kit,kunen,i.v.,,,,,,
kunob_0304a803-4634-4e54-9484-a4eaad7df85c,kit,kunob,n.,,,,,kunob,
kunu_c0b62f44-ef3e-4421-b3c6-aa346764ae62,kit,kunu,n.,,,,,kunu,
kunun_e6dd0789-8e21-42ad-8877-0c783a97ed20,kit,kunun,n.,,,,,kunun,
kunur_fa31d1eb-fcfe-49a9-b575-bed5a4101b61,kit,kunur,n.,,,,,kunur,
kunur käp_673becc9-3e6b-4bae-bc98-98fa13329121,kit,kunur käp,n.,,,,,,
kunuwälläb_7f90c9eb-2cf7-4a85-97a6-52f8910d0917,kit,kunuwälläb,n.,,,,,kunuwəɽəb,
kungge2_2df2ffc9-fd0d-4c4c-8ac8-f9e6742c840a,kit,kungge,n.,,,,,kuŋɡe,
kungge1_aa24c294-fcfa-4aed-acaa-40cb0932f872,kit,kungge,n.,,,,,kuŋɡe,
kunglle_098abcd1-2704-4c61-8c02-8c537b4dea18,kit,kunglle,Ideophone,,,,,,
Kunyemäll_22e58510-7cf6-4052-bb2d-9359055b91fa,kit,Kunyemäll,prop.n.,,,,,kuɲeməɽ,
kup_7fc910b6-1f04-43dc-a0df-2d905fa89cfa,kit,kup,n.,,,,,kup,
kup~_ad7442ed-d615-4204-a32f-c840ca197ab8,kit,kup,,,,,,,
kupi käp_b5ad900a-468a-4d83-b007-a3e6b873ac7f,kit,kupi käp,n.,,,,,kupi kəp,
kupkup_427a86ec-f099-4f3c-b715-5b87fcc38897,kit,kupkup,n.,,,,,,
kupoll_b52b1cde-cf9a-4be6-bb3d-277e81b945c9,kit,kupoll,n.,,,,,kupoɽ,
kupull_26aafad0-3c40-4d17-a63a-caf965c98957,kit,kupull,n.,,,,,kupuɽ,
Kur_afec24c5-15be-48ac-9cee-c0acef374701,kit,Kur,prop.n.,,,,,kur,
kuram_c824c9ff-c4a5-40d0-bd03-d012a4f8e416,kit,kuram,n.,,,,,kuram,
kurikuri_96ffc983-9b8d-4f18-8d09-96cd31460044,kit,kurikuri,n.,,,,,kurikuri,
Kurinti_be98cdda-1c7b-40cf-9ec9-8d85ca51aa2f,kit,Kurinti,prop.n.,,,,,kurinti,
Kurintti_1ce88a5d-c071-4a27-a4fd-c70cf66bf287,kit,Kurintti,prop.n.,,,,,,
kurkur_9ed4a001-3745-40fc-a79e-aa6bcce2d2c1,kit,kurkur,n.,,,,,kurkur,
kurmirang_afb82f95-d94e-4dc5-9526-7099b23b1876,kit,kurmirang,n.,,,,,kurmiraŋ,
Kurunti_08b86244-aab6-4ef7-bfd9-18bb1d2608f7,kit,Kurunti,prop.n.,,,,,,
Kurupel_3f7e620c-90e7-4921-b229-4ece96403cb1,kit,Kurupel,prop.n.,,,,,kurupel,
kus_506dbfda-db0b-490e-bee1-6ad9d17aeb2e,kit,kus,n.,,,,,kus,
kusi_3c984ba5-668c-408a-a92c-aa3895521c2f,kit,kusi,postp.,,,,,,
kut_f774d857-b62b-4ff7-a412-1b31426b72dc,kit,kut,n.,,,,,kut,
kutae_8cc3bed4-dd71-42ba-b39d-db84c6a6a7f8,kit,kutae,n.,,,,,kutae,
kutkut_9cbec6eb-4539-4439-af48-f5899eb78e75,kit,kutkut,n.,,,,,,
Kutpi Käp_5c448557-7825-4382-8ad5-0b5635085b07,kit,Kutpi Käp,prop.n.,,,,,kutpi kəp,
kutt_c797f2fa-c017-4953-8968-7df6d2d85379,kit,kutt,n.,,,,,kuʈ͡ʂ,
kuttakuttang_c597ddd8-35c5-4fc2-b9a4-cce130b21341,kit,kuttakuttang,mod.,,,,,kuʈ͡ʂakuʈ͡ʂaŋ,
kutt gugu_d4c8dbc3-834a-420a-b044-a0b73b11336f,kit,kutt gugu,n.,,,,,kuʈ͡ʂ ɡuɡu,
kutt llo_5c5e87c5-65bf-4398-8bdf-7a99a498f256,kit,kutt llo,n.,,,,,kuʈ͡ʂ ɽo,
kutt tataem_6accb1e1-01bd-4d47-9198-e300df4e8712,kit,kutt tataem,comp.v.,,,,,,
kuu_0e6dabbc-6d18-4148-930e-9c4d86f93011,kit,kuu,,,,,,,
kuyu_96b06673-a9ad-4493-a4b6-6f7894cad9b2,kit,kuyu,n.,,,,,kuju,
Kuyu_b901494a-d9aa-414a-a540-d32ecffd1236,kit,Kuyu,prop.n.,,,,,kuju,
kwa_233bc4b5-3ad7-448d-a849-d990cbae3237,kit,kwa,Ideophone,,,,,kwa,
kwae_8cf37ee8-0b2a-49e0-b783-0052e1142e25,kit,kwae,n.,,,,,kwae,
kwaena kutt_eceeb1dd-37f7-44b4-9a16-53a50b9290a6,kit,kwaena kutt,n.,,,,,kwaena kuʈ͡ʂ,
kwakall_f4a731a2-6bab-495c-891a-b453514b6660,kit,kwakall,n.,,,,,kwakaɽ,
kwakasru_ca08755b-572f-4c5d-b6ae-01f54e9fe84c,kit,kwakasru,n.,,,,,kwakasru,
Kwakmae_bac9c4c0-f7a0-4ed1-9a24-bdb123516a71,kit,Kwakmae,prop.n.,,,,,kwakmae,
Kwalde_d48fd50d-6bf4-4600-9438-6c63762248a7,kit,Kwalde,prop.n.,,,,,kwalde,
Kwale_4d528d02-d43b-48ee-a695-805fcf252dfa,kit,Kwale,prop.n.,,,,,kwale,
kwallang_44198a3e-8ae7-40b7-970b-5ac3f3d2fb33,kit,kwallang,n.,,,,,kwaɽaŋ,
Kwallangkäbäll_b2fa59eb-7739-4dfd-945a-a3c043f4c571,kit,Kwallangkäbäll,prop.n.,,,,,kwaɽaŋkəbəɽ,
kwantta_f20f7596-b512-42e9-89f7-f3ac1d42423a,kit,kwantta,n.,,,,,kwanʈ͡ʂa,
Kwangka_2b7fc208-b9c4-4e01-86e0-a24401bf0efb,kit,Kwangka,,,,,,,
kwangka_cd20e5fd-c4ad-49c1-8fa2-047096a1c63f,kit,kwangka,n.,,,,,kwaŋka,
kwangka lläkäm_bbee3a35-5c80-4c04-b404-f3598da77567,kit,kwangka lläkäm,n.,,,,,kwaŋka ɽəkəm,
Kwangkangatt_a89278a7-3e0d-4c6e-b22b-c9e15d4254d8,kit,Kwangkangatt,prop.n.,,,,,,
Kwara_4979a285-be25-4f7c-9754-44befab328ec,kit,Kwara,prop.n.,,,,,kwara,
kwarakwara_3a00ea03-6fd7-4562-a420-2a4a0332151d,kit,kwarakwara,n.,,,,,kwarakwara,
kwaratang_d7c951b5-4ab5-4baa-9b69-90960174ecf2,kit,kwaratang,mod.,,,,,kwarataŋ,
kwas_bd9b2207-1b48-4ffd-a441-15fcb01b18c4,kit,kwas,n.,,,,,kwas,
kwata_7032ce1e-2c3e-4518-aa63-06c6233b8f19,kit,kwata,n.,,,,,kwata,
kwatt_d0f0d7b4-4d65-488f-90b8-acc8e6a969f9,kit,kwatt,n.,,,,,,
kwäp_9d3133bd-9cd5-45a8-a63e-7d7c816ba593,kit,kwäp,,,,,,,
kwätäs_200b9412-c54f-45b3-b346-b8733fc2c150,kit,kwätäs,n.,,,,,kwətəs,
Kwe_43478d87-3f04-4bca-9792-67c6ae9f2ff8,kit,Kwe,prop.n.,,,,,kwe,
kwib_35e4f630-c306-47bf-84f0-90afdbe8c7a4,kit,kwib,n.,,,,,,
Kwinton_07af4a70-6d0f-497a-a274-9b724f7325bd,kit,Kwinton,,,,,,,
labalaba_b177ae7f-28f8-4a66-9ec7-27375cb53212,kit,labalaba,n.,,,,,,
labelabet_f1df61c9-9fee-4186-9178-1c0819a1d37f,kit,labelabet,n.,,,,,labelabet,
laem_1c7f05bf-0ff3-4643-934d-cbd047691672,kit,laem,t.v.,,,,,laem,
laem~_cea54916-9b32-46a3-871b-f8b3c17151b6,kit,laem,,,,,,,
laen_5568292c-f807-4d83-ad18-0783deac8c7f,kit,laen,n.,,,,,,
Lama_3d14bddc-db71-446c-ac64-206c534e68bb,kit,Lama,prop.n.,,,,,lama,
Lamlam_46ad1426-ed75-45f9-bf80-a6ca186effba,kit,Lamlam,prop.n.,,,,,lamlam,
land_d0ab0550-5e0c-4ebf-bba5-7e8cd551e305,kit,land,,,,,,,
language_4237434b-d3d2-462e-b893-77ed94fb24f2,kit,language,n.,,,,,,
last_6e205e07-bfc6-40d6-999a-4eede41cff29,kit,last,,,,,,,
Lauren_5ff5ebc0-dc33-485f-abde-34acee191c15,kit,Lauren,prop.n.,,,,,lauren,
läläm_3d5ad1f5-fbd5-41d9-9211-b0fabc427f21,kit,läläm,n.,,,,,lələm,
läpon_72fef689-27d7-4cf3-b967-155f651dfeeb,kit,läpon,i.v.,,,,,ləpon,
Lei_7f9ec634-e50c-4722-9173-5dba09715527,kit,Lei,prop.n.,,,,,,
Lek Märi_04903a81-24b7-4f32-abad-274625fabf3e,kit,Lek Märi,prop.n.,,,,,,
lel_be9269c8-5d88-4d33-a76c-48f1615a6473,kit,lel,n.,,,,,lel,
lelang_43d77318-d192-498b-9d3d-7418a243b34a,kit,lelang,mod.,,,,,lelaŋ,
lelmeny_22ce4f0f-ec65-422b-a8d9-a13b5e265ed9,kit,lelmeny,mod.,,,,,,
lepade_5d8dddf3-74a6-4df0-9954-83e278daf6e2,kit,lepade,n.,,,,,lepade,
lepresi_ba2027f6-7377-45e0-9933-e92a9bfb698b,kit,lepresi,n.,,,,,,
lesna_ed099834-4325-4634-93d1-9b0c57d7d777,kit,lesna,n.,,,,,lesna,
Letai_cf6697f0-c8bd-43a8-ab17-647c561e092d,kit,Letai,prop.n.,,,,,letai,
Lewada_306a1427-0090-4377-bb20-025f89ec7b46,kit,Lewada,prop.n.,,,,,lewada,
lid_3960c48a-1f9e-4328-831c-b18e152562ff,kit,lid,n.,,,,,,
lida_ab07a7d6-5289-4d98-a25e-0112dc3ea0cf,kit,lida,n.,,,,,,
Lidiya_0621d9e1-36c6-46d4-9b82-f6390058ce0c,kit,Lidiya,prop.n.,,,,,,
liglig_46a60fbf-2380-4172-adec-10a352614e7d,kit,liglig,i.v.,,,,,liɡliɡ,
liglig suang_2c0214d7-1e42-4dff-a8aa-21573b911e28,kit,liglig suang,mod.,,,,,liɡliɡ suaŋ,
liglig ttoen_64fed19c-aaa0-4db1-987b-b26ae248817b,kit,liglig ttoen,n.,,,,,liɡliɡ ʈ͡ʂoen,
Lili_3e61f00c-09bc-4dcd-827b-478f7f973796,kit,Lili,prop.n.,,,,,,
Lilian_9bdfffdf-820f-460e-bbb8-bc67a30e5238,kit,Lilian,prop.n.,,,,,lilian,
Lily_de05ecc3-6a57-4f6a-b285-d41cd0e15d7c,kit,Lily,prop.n.,,,,,lili,
Limoll_9820384e-3e08-4f40-bdba-2ed7d9bfc38b,kit,Limoll,prop.n.,,,,,limoɽ,
Limollang_57a3dbdf-91af-47f5-93ee-6ab0e47a93c9,kit,Limollang,n.,,,,,limoɽaŋ,
Linda_bc8f766f-d737-43f4-bfe2-7da1a60537cd,kit,Linda,prop.n.,,,,,linda,
Linette_0470aaa6-cd59-4aa4-8512-34cee3eedebd,kit,Linette,prop.n.,,,,,lineʈ͡ʂe,
linge_d6a5dd7e-71d7-4d3c-9b6d-652127b70df9,kit,linge,n.,,,,,liŋe,
linguistic_4be09af4-845c-497a-a763-a4f57df428db,kit,linguistic,,,,,,,
Liseng_8287b881-55fc-4b20-814c-d9ec6aff3500,kit,Liseng,prop.n.,,,,,,
lizom_5f28a538-eb05-4616-bcae-ac22762ae9ec,kit,lizom,n.,,,,,lizom,
lɨklɨk_5ed58d50-ee93-4e64-8376-e475c0900d77,kit,lɨklɨk,i.v.,,,,,,
lo_e986b8da-a500-42cb-a8b8-dbaf81a1584b,kit,lo,n.,,,,,,
Lois_c3f93b9f-19bc-42e0-89d5-daeb33e49eeb,kit,Lois,prop.n.,,,,,,
lok_464be5e4-bd04-4932-8e26-066287a40660,kit,lok,cov.,,,,,,
loli_2c4548b5-cd93-40a5-ba87-fbc885c04d48,kit,loli,n.,,,,,,
Lomae_4561cc55-e848-4c3d-b262-b0047b4b1a7a,kit,Lomae,prop.n.,,,,,lomae,
lomenyang_b3ed6f90-839a-46bc-bced-fa7c18a14332,kit,lomenyang,n.,,,,,lomeɲaŋ,
Loni_be26b2d3-d779-469c-b733-266f3b4e7c5c,kit,Loni,prop.n.,,,,,loni,
lonsis_80c7c5ac-5f6c-45fd-a9e9-9b857864790b,kit,lonsis,n.,,,,,lonsis,
longgo_d9904b12-dac6-4095-bb56-cb3dd75cbd3e,kit,longgo,n.,,,,,loŋɡo,
Lovelyn_e4681c52-f184-43fe-b53e-36e55a958735,kit,Lovelyn,prop.n.,,,,,ləvlɪn,
Ludwina_a6431827-8bdf-472c-a3d5-55d9516775e6,kit,Ludwina,prop.n.,,,,,ludwina,
lugoe_4bcfcdbe-06de-4d23-b4f9-b3b2c89d4820,kit,lugoe,t.v.,,,,,,
Luke_d043846a-cbb8-421b-85fa-7d0d8877813d,kit,Luke,prop.n.,,,,,,
lulu_59d6d223-9754-476e-84b7-4c79dacb0c5c,kit,lulu,t.v.,,,,,lulu,
Lulu_b62b7e4c-a196-4e9c-be05-679d7d60e1dd,kit,Lulu,prop.n.,,,,,lulu,
lus_727ef601-d861-4709-a5dc-37302ee2c93e,kit,lus,cov.,,,,,lus,
Lydia_17cadd8c-c317-4a3e-9e69-de16a7f78e0f,kit,Lydia,prop.n.,,,,,lidia,
Lynet_46916e1a-4438-4d97-8265-47e4a038009b,kit,Lynet,,,,,,,
Lyneth_bdce3396-a845-43d9-83ae-19b584a0ff1d,kit,Lyneth,prop.n.,,,,,linɛθ,
ll_97ad3a5a-2cfe-470f-a240-9242bf72e363,kit,ll,aux.,,,,,ɽ,
lla_be0300c8-8cf1-48db-8534-2e83c585efce,kit,lla,n.,,,,,ɽa,
lla bombllo_864bfed9-f65f-497b-bfa6-1ea2fe7457a3,kit,lla bombllo,n.,,,,,ɽa bombɽo,
llabun_bbc860b5-0b1a-42eb-9685-b342f442ef1a,kit,llabun,n.,,,,,ɽabun,
lla diben_6419fcb3-567d-4107-abce-9bc0929ab699,kit,lla diben,n.,,,,,ɽa diben,
lla gugu_1e496dbf-7409-4e09-bee7-54bd32f49ad8,kit,lla gugu,n.,,,,,ɽa ɡuɡu,
lla gul_abdacca5-3d4b-4977-b29a-7054de689de7,kit,lla gul,n.,,,,,ɽa ɡul,
lla ikoikopang_a230f47c-9301-4141-95c7-de08c79861ef,kit,lla ikoikopang,n.,,,,,ɽa ikoikopaŋ,
llakällakätt_f65a685e-a987-467a-9335-f590a758750f,kit,llakällakätt,n.,,,,,ɽakəɽakəʈ͡ʂ,
llakek_38882bd4-99bc-44b8-9c0b-e4215c256048,kit,llakek,i.v.,,,,,ɽakek,
llakllek_90c33e26-d6c8-418a-bf54-75663d480fe8,kit,llakllek,t.v.,,,,,ɽakɽek,
llallem_4a54a64d-1954-4420-ad8d-c61caf9ea426,kit,llallem,t.v.,,,,,ɽaɽem,
lla llɨg_ca92f798-e095-40f9-bf93-1e70e47b022b,kit,lla llɨg,n.,,,,,ɽa ɽɪɡ,
llama2_140dc9a5-19bb-4816-99af-28a3846349f6,kit,llama,mod.,,,,,,
llama1_736f2d2d-02ad-4870-8cd1-94effb3f4de6,kit,llama,mod.,,,,,ɽama,
llamäg_bb0c9f3c-c698-43c4-84d2-ea76fef8c913,kit,llamäg,n.,,,,,ɽaməɡ,
llamda_b0a12327-a4fb-4e35-8632-9c6fc5960e4e,kit,llamda,n.,,,,,ɽamda,
llame_94f0a7b6-0325-46c5-8d56-65925aecd3bd,kit,llame,man.adv.,,,,,ɽame,
llan_8280023b-c5f9-4cd5-8f65-bdae0c5d0abc,kit,llan,n.,,,,,ɽan,
llanded_a6d9e40c-58ce-46b3-b560-6e37ca5b7511,kit,llanded,t.v.,,,,,ɽanded,
llandräg_eb92b113-cbca-41ec-bb92-423d09fad2b1,kit,llandräg,cov.,,,,,ɽandrəɡ,
llan gonggo_78c5fb8e-6e63-4b83-9ee6-e48a95107f32,kit,llan gonggo,comp.v.,,,,,ɽan ɡoŋɡo,
llan ik_ed6ce404-49a9-4d2e-a728-65b3fc42a331,kit,llan ik,n.,,,,,ɽan ik,
llan källa_eb1127bc-b021-4b2d-bdb9-ab3bb86831d7,kit,llan källa,n.,,,,,,
llan kollkoll_849c2b01-2455-4666-9567-0bc58dbe085c,kit,llan kollkoll,n.,,,,,ɽan koɽkoɽ,
llan kom_572a6f99-902a-4101-852d-28fb78a3da2c,kit,llan kom,n.,,,,,ɽan kom,
llan mit_6b2f49b5-6357-4bbc-a87b-389e3b88a6bb,kit,llan mit,n.,,,,,ɽan mit,
lla päpätt sämpallmeny alla_8d9b0afc-8919-4902-9558-bb2907d75206,kit,lla päpätt sämpallmeny alla,,,,,,ɽa pəpəʈ͡ʂ səmpaɽmeɲ aɽa,
llapu_21d6960e-ab99-4e95-ab20-85fad7994bcd,kit,llapu,n.,,,,,ɽapu,
llapuyurwe_589633a7-53a1-43c6-859a-7efedfce8ce2,kit,llapuyurwe,n.,,,,,ɽapujurwe,
llatat2_8ccec590-fb5f-47b8-8ce9-a13e003cfa16,kit,llatat,t.v.,,,,,ɽatat,
llatat1_b0bd6ba3-a6d5-4303-b767-a538a3a2fee6,kit,llatat,t.v.,,,,,ɽatat,
llatata_7fe4a179-3d09-4487-b284-fb13e0562b9a,kit,llatata,n.,,,,,,
llatet_7e19c605-2819-4f64-bb5a-c42d5cf7a699,kit,llatet,,,,,,,
lla up_cf6b1d64-cf63-4f51-b811-81ba16e0d47a,kit,lla up,n.,,,,,ɽa up,
lla winy_58ee7261-0a5f-4dbd-8f17-91756bce0f03,kit,lla winy,n.,,,,,ɽa wiɲ,
lläb_fb4ad3cf-5536-47b3-a025-ea55ac783d0a,kit,lläb,i.v.,,,,,ɽəb,
lläbe_6cd9cf6a-02e8-4d69-a736-9a55239c7267,kit,lläbe,n.,,,,,ɽəbe,
lläblläb_dcea5abc-262a-4a4b-bdd0-c11cf9259113,kit,lläblläb,t.v.,,,,,,
llädae_1851939e-d2dc-483b-9a9c-1fcb8f6af309,kit,llädae,t.v.,,,,,,
llädäd_f7f7e643-ae79-4596-8622-97dcd5bdf81a,kit,llädäd,t.v.,,,,,ɽədəd,
lläg_048723fb-a457-4614-bb3a-942a38b51d0f,kit,lläg,,,,,,ɽəɡ,
lläk~_1bac3c4f-91d3-46d7-9030-dcfe9242b32d,kit,lläk,,,,,,,
lläkäm_25409b5b-8874-44c1-ba9e-257409a12fdb,kit,lläkäm,n.,,,,,ɽəkəm,
lläklläk_5f75d477-72b6-4578-9c04-a208f0e5f406,kit,lläklläk,t.v.,,,,,,
llällam_1322f55a-0137-4af6-b384-62584705c875,kit,llällam,Ideophone,,,,,llä'llam,
llällamang_e8bef039-ae7e-4fb2-aebc-6ebd3a6e19e7,kit,llällamang,mod.,,,,,ɽəɽamaŋ,
llälläp_49ef7405-52cc-462b-9582-eef5f26ee074,kit,llälläp,n.,,,,,ɽəɽəp,
lläntäg_8b9b672c-3351-4e8c-a0d7-cacbb303349d,kit,lläntäg,t.v.,,,,,ɽəntəɡ,
lläng_d908afdd-d820-4904-b87d-6736ba521703,kit,lläng,mod.,,,,,ɽəŋ,
llängmeny_aee88732-5f97-4374-8fa4-e52ced819dd2,kit,llängmeny,mod.,,,,,ɽəŋmeɲ,
lläpän_a309b213-4b8b-4df2-9b3b-1f1916fd396f,kit,lläpän,t.v.,,,,,ɽəpən,
lläpät_2dd42ea4-2a31-4b24-bd79-eee7f3da9c0e,kit,lläpät,n.,,,,,ɽəpət,
llät_5e0a20d4-c409-40c9-b1ae-564b1b7796bc,kit,llät,,,,,,ɽət,
llätät1_4147cbf8-6d34-415b-b580-8acd73dd7bc8,kit,llätät,,,,,,ɽətət,
llätät2_682a865f-303f-489a-9696-dc3fa98489d0,kit,llätät,t.v.,,,,,ɽətət,
llätmäll_bdc35066-ac5d-4239-b44b-34b2a279152c,kit,llätmäll,t.v.,,,,,,
llätt_1db0d079-3445-4a07-a584-92cb6da0f8d7,kit,llätt,n.,,,,,ɽəʈ͡ʂ,
llättmeny_b9ab77c6-046c-426f-86f2-092c270b368e,kit,llättmeny,adv.,,,,,ɽəʈ͡ʂmeɲ,
llimba_b5dbf5bc-06ef-4404-9ee2-e07cb4070cd0,kit,llimba,n.,,,,,ɽimba,
Llimoll_45ef8607-ff3c-442f-803d-639be21fdebc,kit,Llimoll,,,,,,,
llɨg_d06aefe1-49b7-482e-b502-3063aba3e5d3,kit,llɨg,n.,,,,,ɽɪɡ,
llɨg dum_b5111bae-a6a1-4415-ae3f-dd056710e40a,kit,llɨg dum,n.,,,,,ɽɪɡ dum,
llɨg ikopang_f0ca6845-68ad-4e30-9f19-ed31e9d93ff1,kit,llɨg ikopang,n.,,,,,ɽɪɡ ikopaŋ,
llɨgllɨg_92538064-6cc9-4369-9d67-66d9caedd42a,kit,llɨgllɨg,n.,,,,,ɽɪɡɽɪɡ,
llɨg mapät_b51d440c-607f-4180-bee0-697d5de81ac8,kit,llɨg mapät,n.,,,,,ɽɪɡ mapət,
llɨgmeny_18abb51c-447c-4d2f-ab12-ada77635d87c,kit,llɨgmeny,mod.,,,,,ɽɪɡmeɲ,
llɨgmeny agallo_100cb8c9-1ab7-4d84-9d72-e821a420be0f,kit,llɨgmeny agallo,,,,,,ɽɪɡmeɲ aɡaɽo,
llɨgmeny e wätäba_3dbec344-aa18-4940-ada5-7c497b43b845,kit,llɨgmeny e wätäba,,,,,,ɽɪɡmeɲ e wətəba,
llɨkɨm_bb1cb036-5673-40eb-b307-b6ab488ab75e,kit,llɨkɨm,,,,,,,
llɨng_1203e88e-627a-4c9d-a2ba-5b2ab94cef83,kit,llɨng,mod.,,,,,,
llɨpɨt_2f16ee3a-64ec-4a7d-98ab-04cd11463feb,kit,llɨpɨt,,,,,,ɽɪpɪt,
llɨtɨn_d6efaa2b-d95a-4304-92f2-1a15763dffb7,kit,llɨtɨn,t.v.,,,,,,
llɨtɨt1_31cabfae-4da8-42e1-a6b8-f89d5169d892,kit,llɨtɨt,t.v.,,,,,ɽɪtɪt,
llɨtɨt2_f7c3e101-ccb8-4fef-b54d-8aa3c1b954e3,kit,llɨtɨt,t.v.,,,,,ɽɪtɪt,
llɨtt2_b9b88aaf-830f-4971-b184-c42c9bfb97ff,kit,llɨtt,,,,,,,
llɨtt1_f764290c-2fc0-4905-8fbf-c77bba6fae25,kit,llɨtt,i.v.,,,,,ɽɪʈ͡ʂ,
llo_5b16e2d0-bb82-4ddd-baeb-a69672dbb730,kit,llo,n.,,,,,ɽo,
llo batt_578517a0-8327-45f8-81da-157f28407403,kit,llo batt,n.,,,,,,
llo ddage_35a6347f-87d9-4fb8-b7b1-ecb2504fef71,kit,llo ddage,n.,,,,,ɽo ɖ͡ʐaɡe,
llokollokott2_18e8a487-a1d4-4012-be44-2abc10501744,kit,llokollokott,adv.,,,,,ɽokoɽokoʈ͡ʂ,
llokollokott1_beb40dcf-2a13-4003-9951-d67f5a6de32d,kit,llokollokott,mod.,,,,,ɽokoɽokoʈ͡ʂ,
llokott_f17b82f4-3e75-4c4c-adbe-1507c69c9e0f,kit,llokott,mod.,,,,,ɽokoʈ͡ʂ,
llollo_24e7f4ca-a9e5-4f7d-8651-3c37840dbcba,kit,llollo,v.,,,,,ɽoɽo,
llollom_9fe2a78c-f449-42a7-a6f2-9192ba68b0d4,kit,llollom,i.v.,,,,,ɽoɽom,
llo ngoeang_d45c3f14-981c-4577-bec8-fd1b7c31584e,kit,llo ngoeang,n.,,,,,ɽo ŋojaŋ,
llo patipati_5aabe64a-d0a5-433b-b608-f5955136a68a,kit,llo patipati,n.,,,,,ɽo patipati,
llo patt_b7a49c40-72f4-4833-8509-977b4656bd98,kit,llo patt,n.,,,,,ɽo paʈ͡ʂ,
llo pätt_d819f6f7-1ea3-4a00-a759-ba21ec6ae821,kit,llo pätt,n.,,,,,,
llo tubu_07df0fb0-1009-48b1-940f-5433817b68a8,kit,llo tubu,n.,,,,,,
llo ttam_83129331-4c4f-436e-bd5d-df861efbb625,kit,llo ttam,n.,,,,,ɽo ʈ͡ʂam,
llo ttoe_414cf23c-8060-4d62-9032-c9c1c3d0b199,kit,llo ttoe,n.,,,,,,
llowam_5e7396d9-d92d-42fe-a660-67ecdfbb6ed3,kit,llowam,n.,,,,,ɽowam,
llowamang_bc2d18d9-789b-4b4d-ab5e-c1f463f41750,kit,llowamang,mod.,,,,,,
llowawi_6b908bba-7a82-4ccb-9eee-53b6a3f2322b,kit,llowawi,n.,,,,,ɽowawi,
llullu_ed64e7c5-ba19-490b-9ffb-231db8d0830d,kit,llullu,v.,,,,,ɽuɽu,
llune_f114d8b0-59d9-4901-af49-e7d129774b8b,kit,llune,mod.,,,,,ɽune,
llupi_d2c5513d-6a41-4ac0-af4c-621c3388c6ba,kit,llupi,n.,,,,,,
llupi ttäganen ttägnen_7a7a794b-86bc-44ed-bc3d-104224dde018,kit,llupi ttäganen ttägnen,n.,,,,,ɽupi ʈ͡ʂəɡanen ʈ͡ʂəɡnen,
lluwam_293957d5-fcf8-40ba-b7c4-17618665114b,kit,lluwam,t.v.,,,,,ɽuwam,
ma_32347676-8382-499b-bad9-b14d959fdc33,kit,ma,n.,,,,,ma,
=ma_9c419fa3-05ac-4655-9426-503d22a1ebd3,kit,=ma,clt.,,,,,,
ma~_e5bf4251-0be4-4924-bc18-21404d5b6438,kit,ma,,,,,,,
maa_82f3c609-386a-41a2-b038-f11b7c2118e6,kit,maa,,,,,,,
maaduma_cb05be7c-8bc0-4189-a357-32e18719c147,kit,maaduma,,,,,,,
mab_08ec91e3-4baf-4db4-bd45-461d79171ad7,kit,mab,n.,,,,,mab,
Mabudawan_3f0f1adb-c76f-41bb-9762-0adad6a2070d,kit,Mabudawan,prop.n.,,,,,mabudawan,
mabun_36f0e762-4b8f-40c7-a67c-fe0b55a971dd,kit,mabun,n.,,,,,mabun,
madä_90e29607-4ee9-459a-88e3-0705af1c1e03,kit,madä,,,,,,madə,
madik_5940b10b-de60-4fe2-bbaf-8fa4e5b0b59d,kit,madik,n.,,,,,madik,
Madima_809af474-f213-4ba5-a122-2e62b49e8dfb,kit,Madima,prop.n.,,,,,madima,
Madlin_44157e9a-3918-4cbe-a503-27af08391cb6,kit,Madlin,prop.n.,,,,,,
madmed_2577ef2f-cbc6-4fdd-9ff9-0e8685f1cb99,kit,madmed,n.,,,,,madmed,
Mado_411ae241-9384-4539-b3e2-b601fa420c26,kit,Mado,prop.n.,,,,,mado,
madu ma_afb670cd-85ca-44c7-9e59-0d89f7b765e6,kit,madu ma,,,,,,,
maduma_b22f24da-092f-4317-849d-175f51158a71,kit,maduma,n.,,,,,maduma,
madumame maket_5ef967b0-0135-443c-ad22-0727e3ff493e,kit,madumame maket,n.,,,,,madumame maket,
Madura_3eb65397-a963-4df6-809c-303f3c984c33,kit,Madura,prop.n.,,,,,madura,
madura_54225bd5-7333-4fe2-ba84-5d4fcd83de5e,kit,madura,n.,,,,,madura,
=mae2_41c6eaa7-bcc7-4b57-9668-32ab63968968,kit,=mae,nom.clt.,,,,,mae,
=mae1_80e6ca51-80bf-4e82-998d-bfd639ee9645,kit,=mae,nom.clt.,,,,,mae,
mae_d59dae5f-4c88-45c7-87c4-ebbec08b0865,kit,mae,,,,,,,
maebo_5267de95-3459-4b3e-b319-058627e82407,kit,maebo,n.,,,,,maebo,
maemae_307568f8-3d93-405c-bda1-2a261dfaddf1,kit,maemae,n.,,,,,maemae,
maer_c9e67942-aaa7-4a40-8386-559391668356,kit,maer,n.,,,,,maer,
mag_448cb2b1-c701-4262-965b-d5fdfba13763,kit,mag,,,,,,,
Maggie_898cac6e-0cef-4c7a-ab5e-93a202a15375,kit,Maggie,prop.n.,,,,,maɡɡie,
mai_a8c0d7e4-b718-42f5-ba8f-f05654e0d63b,kit,mai,n.,,,,,ma'i,
maigag2_58d4104d-5c4c-4e40-a70d-7332d3d074fc,kit,maigag,n.,,,,,maiɡaɡ,
maigag1_a97d549c-605f-4e31-8e1b-f508bd51170f,kit,maigag,n.,,,,,maiɡaɡ,
maiwa_c021cde2-a1d8-49ab-a6e5-f0a13560d27e,kit,maiwa,n.,,,,,,
maiya_bd29b81b-e1e6-49f1-9601-d63200857b18,kit,maiya,n.,,,,,maija,
mak_367ac73f-1022-474a-98ce-e6dbb027e317,kit,mak,n.,,,,,mak,
Mak_b832327c-98fa-4438-bd13-becde6f7b000,kit,Mak,prop.n.,,,,,,
Makaka_ef74d8a1-926b-4846-af76-3020d24d4d4a,kit,Makaka,prop.n.,,,,,,
makäm_7989cf12-e631-4fb6-b868-c1a1da918007,kit,makäm,n.,,,,,makəm,
makäm katrekatre_218c80c4-654d-4cc2-9dc1-b77feb2a65f7,kit,makäm katrekatre,n.,,,,,makəm katrekatre,
makäp_ea761f67-4665-475d-acb3-7a4643f71340,kit,makäp,loc.n.,,,,,makəp,
maket_851c511f-d0e5-425d-9525-a98e58e8938b,kit,maket,n.,,,,,,
makett_4ce125d9-c94f-4b4c-98a4-3f50775da7c9,kit,makett,,,,,,,
Maki_bd342afd-436c-4306-bb43-538ce908fa8f,kit,Maki,prop.n.,,,,,maki,
ma kisin_22ad5cf5-bf8c-4acb-be2c-967566dc5bcb,kit,ma kisin,n.,,,,,ma kisin,
malam_582558a6-cb82-415e-ba55-2e55e2fbff49,kit,malam,t.v.,,,,,malam,
malmal_e267d4bb-7145-490b-b295-cd917b1bb6da,kit,malmal,t.v.,,,,,malmal,
malmel_915e289b-a480-4df6-9831-356ae6f1049f,kit,malmel,v.,,,,,malmel,
malonäbe_3ceba5bc-74d7-47a6-a946-5179c7177a12,kit,malonäbe,n.,,,,,malonəbe,
mall~_1906b1e2-d049-4112-bdf1-24bbb58b0bef,kit,mall,,,,,,,
malla_f6fb9093-92e4-414a-9b53-c6c509428b3a,kit,malla,Negation particle,,,,,maɽa,
mallakläk_51c62473-6c15-4d81-9064-1c3b8798ab03,kit,mallakläk,,,,,,maɽaklək,
mallam_90d85788-0e55-473d-9554-d3ab4b84653d,kit,mallam,,,,,,maɽam,
Malläm_ea52c5a0-ad81-4ee0-b2ba-ed2e50d9d4ba,kit,Malläm,prop.n.,,,,,maɽəm,
mallet_a9434113-fed4-4eac-b591-7105d2db7937,kit,mallet,n.,,,,,maɽet,
mallmell_4eb01891-7847-4cb3-92b5-e74794df4c49,kit,mallmell,,,,,,,
mam_f9f277d1-1b2f-4df4-9b36-065eea822f2d,kit,mam,n.,,,,,mam,
mama3_5212b256-38fd-4dad-ac0c-af3bbacf5b17,kit,mama,n.,,,,,mama,
mama1_6c53c783-4db9-405f-ba51-0ff90ea7ed2d,kit,mama,n.,,,,,mama,
mama2_df201d22-22e9-43bf-b7a2-05a2de05441b,kit,mama,Kinship noun,,,,,mama,
mamaemamae_8e9c1dce-5fe9-43aa-96ce-84372a41d422,kit,mamaemamae,mod.,,,,,mamaemamae,
mamal_62c9b1c8-4ac8-4a71-b2a1-96aac62b123d,kit,mamal,,,,,,,
mamall_d35729aa-ecad-44a3-882a-3dcc08cabeed,kit,mamall,adv.,,,,,mamaɽ,
mamalldae_02680a7b-1933-44cb-8cb9-568a67a3748c,kit,mamalldae,adv.,,,,,,
mamam_13f1b6d9-c069-4090-84a6-44ac4751863e,kit,mamam,col.,,,,,mamam,
mamamam_1f75d9ff-8438-49a6-be8b-9581f1e78528,kit,mamamam,col.,,,,,mamamam,
mamamamae_ffc590c6-896b-486d-baff-51793a5d5d27,kit,mamamamae,,,,,,mamamamae,
mamamamall_81c75729-a83e-46e3-8900-9795fc0a593e,kit,mamamamall,adv.,,,,,mamamamaɽ,
mamamemett_2bbb3213-3252-43c0-8cee-08dec06221c8,kit,mamamemett,mod.,,,,,mamamemeʈ͡ʂ,
mamälldae_ee52efca-ceab-425f-b878-34408f20f8f4,kit,mamälldae,adv.,,,,,,
mambag_bf758594-08da-4ab4-a06b-77030286bc20,kit,mambag,n.,,,,,mambaɡ,
Mame_6b989d36-7182-4616-a450-fb5f3b1b8c6d,kit,Mame,prop.n.,,,,,,
mame_88df088e-0028-4a13-87fd-21c4916cfbd6,kit,mame,i.v.,,,,,mame,
mameat_97e442c0-4c16-4269-b827-5d54a7281a75,kit,mameat,n.,,,,,mameat,
Mamen_eca4b4e3-3bf7-426d-a2e9-3b804755c7e3,kit,Mamen,prop.n.,,,,,mamen,
mami_aabab6bf-9c25-46ca-8a2c-986376e8e6ad,kit,mami,Kinship noun,,,,,mami,
mamkiel_4a419918-2e45-4f4d-aaa9-32f23e0c9848,kit,mamkiel,n.,,,,,mamkiel,
mamlla_3751dbf9-2a6d-4441-b026-c800e11b5099,kit,mamlla,n.,,,,,mamɽa,
mamoe_05aa9f64-2141-4f0f-9d35-8c88061b18dc,kit,mamoe,t.v.,,,,,mamoe,
mamon_a1088f82-22da-4940-aa29-28b9599f7be1,kit,mamon,t.v.,,,,,mamon,
mamos1_0fe6379a-212a-4efd-8497-104d91e1dfea,kit,mamos,n.,,,,,mamos,
mamos2_bd244a44-e006-42e3-a6ab-ba259d422517,kit,mamos,n.,,,,,mamos,
mamos bo bun_666b6c72-5d7a-4dd0-8bf2-b44f3edb5427,kit,mamos bo bun,n.,,,,,mamos bo bun,
mam titi popo_cc82e641-3a58-4b70-b18f-ffa25a7180cc,kit,mam titi popo,col.,,,,,mam titi popo,
Mana_1d210236-9196-403f-b7e9-736c1c26c0df,kit,Mana,prop.n.,,,,,mana,
Manaleato_88520c8c-d90b-4fba-a6be-df11cbd55797,kit,Manaleato,prop.n.,,,,,manaleato,
Manaliato_8b29d181-5d25-4fd3-8a78-ef76310cf603,kit,Manaliato,,,,,,,
Manang_4933625e-d2da-4907-a3b7-a99f9bf104ae,kit,Manang,prop.n.,,,,,,
mande gara_9600c4ad-46e9-4d03-82e5-a8f0042e0f65,kit,mande gara,n.,,,,,mande ɡara,
mandri_2362d2d2-e25c-4791-ad1c-24caff5e0075,kit,mandri,n.,,,,,mandri,
mandde_ea195a47-c66c-45a2-9cc0-edf541c6d238,kit,mandde,n.,,,,,manɖ͡ʐe,
Maneya_f33ebcaf-0188-4faf-af75-5eac799f2b71,kit,Maneya,prop.n.,,,,,maneja,
mani_a00fa794-85c5-4dc3-80d1-157e0be2386e,kit,mani,n.,,,,,mani,
manika_560d186d-4582-4f24-a96e-355a16916eae,kit,manika,n.,,,,,manika,
mani käp_a9668581-fda1-47e3-9bc3-b13974ebce1c,kit,mani käp,n.,,,,,,
mankäp_bcf33caf-f0be-4f9b-978d-9196e971a2b7,kit,mankäp,n.,,,,,mankəp,
mantär_abf8ead1-9b83-47cb-9401-ea0b36dc0a8f,kit,mantär,n.,,,,,mantər,
mang_04ad0397-7f16-4b10-8484-b8d83da3eb4c,kit,mang,Kinship noun,,,,,maŋ,
mang~_ebec6422-986d-4a62-8f23-afb80e369184,kit,mang,,,,,,,
Mang_fc568cd8-4a6e-4473-a36d-44a151711d26,kit,Mang,prop.n.,,,,,maŋ,
Mangel_86e5729b-bcc7-4951-a26e-6a14c9e95c84,kit,Mangel,prop.n.,,,,,,
Manggeya_d24019fe-17a0-4582-a115-71db423f98a7,kit,Manggeya,prop.n.,,,,,maŋɡeja,
manggo_41f49b78-f497-4f2f-ad4d-6a2a247f6a11,kit,manggo,n.,,,,,maŋɡo,
mangkimangki_2551654d-c4f4-474b-bf9d-6a82f34d7615,kit,mangkimangki,n.,,,,,maŋkimaŋki,
Mangkol_da0bab56-3520-42b8-a46e-378d9f7725a7,kit,Mangkol,prop.n.,,,,,maŋkol,
manglle_cfbc69f0-8485-4d77-87b5-17c0dcbdac97,kit,manglle,cov.,,,,,maŋɽe,
manglle kämang_6ecf2830-8b88-4d4e-a24d-65ee71dccc4e,kit,manglle kämang,mod.,,,,,maŋɽe kəmaŋ,
mangllemanglle_b58c42fd-2195-41a2-8465-691dd6553217,kit,mangllemanglle,mod.,,,,,maŋɽemaŋɽe,
mangllong_f67c277c-c798-4434-a036-d4f83b89e0ed,kit,mangllong,mod.,,,,,maŋɽoŋ,
mangmang_430e3d44-7270-40ef-98dc-6e274c2d58d3,kit,mangmang,Kinship noun,,,,,maŋmaŋ,
many_d997bcdd-fead-400e-87ee-daf191a66904,kit,many,,,,,,,
marat_e3e7df27-9080-4621-aa2d-6315eab391f4,kit,marat,n.,,,,,marat,
mare_8ac3daaa-20df-4529-879c-357e3f298cad,kit,mare,n.,,,,,mare,
Mareas_fd5b829d-b58c-4706-8fec-b9145c2adda2,kit,Mareas,prop.n.,,,,,,
Marega_3c679991-8de5-4d97-9e44-31cbbd3d8325,kit,Marega,prop.n.,,,,,mareɡa,
maret_80832776-6e31-4074-a2cb-2be2725e4bbb,kit,maret,n.,,,,,,
Mareyas_7834d7b4-318f-4818-89c4-5c7a6deee686,kit,Mareyas,prop.n.,,,,,,
Maria_83a709f1-7d18-488c-9312-35fc7a6a18b1,kit,Maria,prop.n.,,,,,maria,
Marian_f72352e7-da28-41f5-8e2a-3366643f2508,kit,Marian,prop.n.,,,,,,
Marias_324257b9-09ab-4e4d-a11c-c63a0a297b8f,kit,Marias,prop.n.,,,,,,
maribärät_4d1a63c1-7c30-42a4-a7e0-f9c2f84678ce,kit,maribärät,n.,,,,,maribərət,
Marion_0746b97e-0986-4246-9dd7-e837bd74e822,kit,Marion,prop.n.,,,,,marion,
Mark_3063a959-6515-477a-a062-61e4be60aa90,kit,Mark,,,,,,,
markae_68978828-2ef1-4695-a9d7-cda47e31cef0,kit,markae,n.,,,,,,
markae bägäl_238bba35-e11e-495a-b848-27b21455c9d9,kit,markae bägäl,n.,,,,,,
markaebärät_960799fc-8de5-4cc0-aeac-791bbf014362,kit,markaebärät,n.,,,,,markaebərət,
markae eka_aafbf425-46cf-4ee5-8b06-db2c4ed72bcc,kit,markae eka,prop.n.,,,,,,
market_fdf189e6-83ea-49a8-b196-f1d28e8e978d,kit,market,n.,,,,,market,
Martin_c8a877df-b366-4c80-a02f-dde08b4d6b66,kit,Martin,prop.n.,,,,,martin,
Martha_7312f8c6-5dcd-4633-8368-1cc440d02986,kit,Martha,prop.n.,,,,,marθa,
Mary_2c3e6e8d-0b6d-4f5a-bbdb-536d81c45323,kit,Mary,,,,,,,
Maryanne_9e6c1555-3551-4eb1-a6ec-9d0783d8ce6b,kit,Maryanne,prop.n.,,,,,,
mas_912c6fc0-99d9-4aed-87e4-1eba34cb342a,kit,mas,n.,,,,,mas,
Mas_b850fc3d-bdcc-44ac-9e11-65880fb53803,kit,Mas,prop.n.,,,,,,
masa~_8338c080-b478-4fcc-8e9f-37f5c0fa8a1c,kit,masa,,,,,,,
masaka_015c5adb-9c0f-42c4-945f-16bd3c073263,kit,masaka,n.,,,,,masaka,
Masam_7bb44454-35e1-4ff6-a7d8-d24e37d2df73,kit,Masam,prop.n.,,,,,,
masamasar_5827bdd1-2b19-497d-ac70-946c6a7a642c,kit,masamasar,Kinship noun,,,,,masamasar,
masar_a57ecdf8-4128-4162-b714-5902b8116247,kit,masar,Kinship noun,,,,,masar,
=masäm_b4aa422e-7fbe-4bcd-bc5b-71dc3bfb8414,kit,=masäm,,,,,,,
=masem_77d94b03-57e1-45d7-a1ae-578b384dc0a9,kit,=masem,,,,,,,
=masen_039270a4-aa22-4868-babd-e320b5759304,kit,=masen,,,,,,,
Masingara_efd0d3a1-741c-429e-be6e-07371f95afb2,kit,Masingara,prop.n.,,,,,masiŋara,
Masta_968acf67-52e6-4ee3-a2e4-b71c1d699c52,kit,Masta,prop.n.,,,,,,
Mata_829cc985-fba9-4420-a190-5dc2741b009f,kit,Mata,prop.n.,,,,,mata,
matamata_26215b01-7f56-41e9-9f6f-3a94918e65c9,kit,matamata,n.,,,,,matamata,
Mataru_a25acbc4-f105-47d7-838f-6a48e19c4ce1,kit,Mataru,prop.n.,,,,,,
Matär_7b0f94e1-69e3-44fc-b3e8-cff3883c3118,kit,Matär,prop.n.,,,,,,
Maten_829e8719-27dd-432d-ade0-935f47aadb43,kit,Maten,prop.n.,,,,,,
Matias_9f117125-7e20-4483-9050-ff1b4cdb82bd,kit,Matias,prop.n.,,,,,,
Maties_fc71fa12-c7da-4000-9117-4908efef43d6,kit,Maties,,,,,,,
Matilda_78697378-6154-42a7-be44-482dbec9cb64,kit,Matilda,prop.n.,,,,,,
matu_a61b8bf5-50a6-49c2-a39b-775320d6c5fe,kit,matu,n.,,,,,matu,
Mathias_c46d71ed-d13a-4578-82b6-4631594c208d,kit,Mathias,prop.n.,,,,,maθias,
Mathilda_ca66aeff-f37a-4026-b31a-4fe0d0c33f8a,kit,Mathilda,prop.n.,,,,,,
matta_cb6f0fbd-45ae-4ff7-884b-20beda45059d,kit,matta,n.,,,,,maʈ͡ʂa,
=mattäm_3f45a35a-b9f3-4a4f-ac57-46c909e06086,kit,=mattäm,nom.clt.,,,,,,
ma ttängäm_53e158c7-ba4d-48df-b485-740bb0ea475a,kit,ma ttängäm,n.,,,,,ma ʈ͡ʂəŋəm,
mattgal_bc271bf7-e006-4004-bb45-d304419b49d1,kit,mattgal,t.v.,,,,,maʈ͡ʂɡal,
mattmett2_190d6aeb-72e9-45a1-abfc-f23d4ab7d36e,kit,mattmett,n.,,,,,,
mattmett1_33c0b6ef-fa1f-41f3-b336-aeb2e1f07a7b,kit,mattmett,t.v.,,,,,,
Matthew_64ba1c58-e295-4d70-87aa-b7fe27221880,kit,Matthew,prop.n.,,,,,,
mawa_5d5aecd1-bf79-45af-9264-3cc845d4d521,kit,mawa,n.,,,,,,
maza_2a18d477-7ee9-4034-8356-2901caddfd6c,kit,maza,n.,,,,,,
Mavis_61f4ec25-63a2-4ee4-aa0d-75f2d3aaeff1,kit,Mavis,prop.n.,,,,,mavis,
Max_af4d810f-240a-4106-befe-0346bceeb8ef,kit,Max,prop.n.,,,,,maks,
mäda_fbdd102a-e450-4245-b33b-17708289bac6,kit,mäda,Kinship noun,,,,,məda,
mädameny_7ed092d4-c8a4-42d3-a734-c9a71c482adf,kit,mädameny,mod.,,,,,mədameɲ,
mädaolle_ea27c37f-d782-4979-b4e4-cdddd16d99f2,kit,mädaolle,,,,,,,
mädaulle_46bab722-c05d-4d43-b5b4-671a0503ec6b,kit,mädaulle,Kinship noun,,,,,mədauɽe,
mäde_69aad513-9b23-475b-88ae-eb9aa79a6378,kit,mäde,,,,,,məde,
mädi_b2096e78-8d3c-400c-9e86-747a7c3e1324,kit,mädi,,,,,,,
mäd kubull_dd36ed49-a6f3-4c08-ba10-e74b50a51101,kit,mäd kubull,n.,,,,,məd kubuɽ,
mäg_a42db914-e433-439f-b4cd-e8b5f2c7d450,kit,mäg,Kinship noun,,,,,məɡ,
mäga_0edeb98d-d475-4c26-902c-874aca52f5f8,kit,mäga,n.,,,,,məɡa,
Mägaem_2a55a6f3-6823-4bba-ad9b-471e5ec329d2,kit,Mägaem,prop.n.,,,,,,
Mägayam_5f454853-8735-498d-9c63-c46733c67f7f,kit,Mägayam,,,,,,,
mägäll_5f7655ee-7bc6-4167-8e05-1e826d07ca2c,kit,mägäll,n.,,,,,məɡəɽ,
mägällma_19cf0f52-0fb3-413b-b328-73fb5da75b65,kit,mägällma,n.,,,,,məɡəɽma,
mägda_45fe86a0-4c63-43bd-8a25-ce1badb379da,kit,mägda,n.,,,,,məɡda,
mägda koll_4743fc01-1109-4a53-987e-3235011838b9,kit,mägda koll,n.,,,,,məɡda koɽ,
mägmeny_bfa86460-ed70-487b-ad85-be0d5f2f9b42,kit,mägmeny,mod.,,,,,məɡmeɲ,
mäg ulle_592d6d8c-2460-4962-a508-418e126c838a,kit,mäg ulle,Kinship noun,,,,,məɡ uɽe,
mäk_082e36d4-c8da-44f9-9a25-b69aaf27dd2e,kit,mäk,n.,,,,,mək,
mäka_72a68d46-6307-4fd5-98a4-581d8aeac78f,kit,mäka,n.,,,,,məka,
mäkamäke_86aa930b-5c55-4776-83c6-0dccee53d176,kit,mäkamäke,t.v.,,,,,məkaməke,
mäkan_c5d50c36-918c-47ea-8375-6f917feb7d9a,kit,mäkan,n.,,,,,,
mäkat_87211305-332b-46bd-9048-8fbb8e9676f8,kit,mäkat,n.,,,,,məkat,
Mäkayam_cecedb44-886e-47df-90cd-cad8903540cc,kit,Mäkayam,prop.n.,,,,,məkajam,
mäkämäkäp_0b16bd67-0ba0-4b6c-b878-d83644de74a2,kit,mäkämäkäp,n.,,,,,məkəməkəp,
mäkäp_698e788b-e648-49ee-91c2-c24d93ec3c61,kit,mäkäp,n.,,,,,məkəp,
mäk lla_b3c49f82-c1f4-4c87-a593-404f227b9be9,kit,mäk lla,n.,,,,,mək ɽa,
mäk lla ami doko_7074646a-5060-41b6-9f36-4851680b55b3,kit,mäk lla ami doko,n.,,,,,mək ɽa ami doko,
mäk lla piar doko_270f7518-09f9-4045-872e-0cf7a37dc9ad,kit,mäk lla piar doko,n.,,,,,mək ɽa piar doko,
mälamäle_9c14c78f-e625-4cd4-aa22-f8849a504daf,kit,mälamäle,t.v.,,,,,məlaməle,
mälanzeg_dc0cbe8b-6c3e-4818-84af-01b456c5f49b,kit,mälanzeg,t.v.,,,,,,
mälmäl_ee9a0d60-5e48-411d-bb65-35333258efbf,kit,mälmäl,t.v.,,,,,məlməl,
mälla_7f9890a7-b462-4240-9a88-61578f255e0a,kit,mälla,n.,,,,,məɽa,
mälla~_c18577fd-290c-4888-869b-149c5d77a93c,kit,mälla,,,,,,,
mälla ause_d578e101-5b47-4284-9f9f-8a87db587ebf,kit,mälla ause,,,,,,,
mälla gämäll_9c67be15-161a-40c3-9039-715ab09f4380,kit,mälla gämäll,,,,,,məɽa ɡəməɽ,
mällakutang_137f5fcd-4212-43ce-951b-a699c35254b2,kit,mällakutang,n.,,,,,məɽakutaŋ,
mällam1_62818bfb-eea9-4a46-8279-d8583ac79003,kit,mällam,n.,,,,,məɽam,
mällam2_685ed1b7-5dc8-448f-8b21-6a084b61c443,kit,mällam,t.v.,,,,,məɽam,
mällamälla_aab3e755-18a2-412c-a671-83b44182a7bf,kit,mällamälla,t.v.,,,,,məɽaməɽa,
mällamälle_c72d4706-4f18-44bc-8fbe-23fe55e39707,kit,mällamälle,,,,,,,
mällamollang_c80334a5-1678-40a4-b593-286e07362fac,kit,mällamollang,,,,,,məɽamoɽaŋ,
mällause_2b1cf52f-c52d-4d47-987b-fc477d6bf8eb,kit,mällause,n.,,,,,məɽause,
mällawang_f6e53990-79c5-472d-a319-751cadbfaa97,kit,mällawang,mod.,,,,,məɽawaŋ,
mälla wareka_3a6c29ca-22ca-4c20-bf77-a7e1bdb3ce3a,kit,mälla wareka,,,,,,məɽa wareka,
mälla yae_d02242b2-ec13-4202-8cfa-085200e52d58,kit,mälla yae,Kinship noun,,,,,məɽa jae,
mälläll_4b5360fe-5254-4979-8a29-f101ea1a372e,kit,mälläll,n.,,,,,,
mälläng_07fac3ef-a770-42a2-8bd6-84be1ee48e28,kit,mälläng,n.,,,,,məɽəŋ,
mällänggäbe_03f96ab9-7640-45bb-90d3-404926fe8fdf,kit,mällänggäbe,n.,,,,,məɽəŋɡəbe,
mälläng ik_bd2cd60c-1e83-4e23-8a65-d00e9d3be695,kit,mälläng ik,n.,,,,,məɽəŋ ik,
mälläng kobllokobllom_4a263c7b-8c35-45c5-966c-f5b1da938cf2,kit,mälläng kobllokobllom,n.,,,,,məɽəŋ kobɽokobɽom,
mälläng kom_e9c7efa3-3b26-4e25-93cd-0767d36b3af1,kit,mälläng kom,n.,,,,,məɽəŋ kom,
mälläng obod_bb9c9ef0-b1f9-4b64-882e-d11e2524c410,kit,mälläng obod,n.,,,,,məɽəŋ obod,
mälläng seam_b1c59e98-161d-4496-bc46-eed8c09dd98c,kit,mälläng seam,comp.v.,,,,,məɽəŋ seam,
mälläng sobasoba_f8572ba9-160f-4e35-ab17-8fd348f5e9bb,kit,mälläng sobasoba,n.,,,,,məɽəŋ sobasoba,
mälläng wällong aga_72bbc731-d9e4-49d8-82a3-357abf433e1b,kit,mälläng wällong aga,n.,,,,,məɽəŋ wəɽoŋ aɡa,
mällät_fa25c663-f2f9-419b-b4b8-d94da2136f4c,kit,mällät,n.,,,,,məɽət,
mällätbudar_baeb1c15-70dc-4f61-8e2a-849daa9679e8,kit,mällätbudar,n.,,,,,məɽətbudar,
mällätgugu_04ffa2b5-3559-4014-88cd-d5916d29a5d6,kit,mällätgugu,n.,,,,,məɽətɡuɡu,
mällät käp1_121340e2-e7c1-454f-972f-636061a14bc9,kit,mällät käp,n.,,,,,məɽət kəp,
mällät käp2_1f3cab7b-ce8a-4fd6-87f7-e897408f914f,kit,mällät käp,n.,,,,,məɽət kəp,
mällɨng_498fdccb-c65e-4327-b77c-2213ee94db1f,kit,mällɨng,,,,,,,
mällka~_5bcaee13-1aa4-4951-b994-d3d62d1b4d96,kit,mällka,,,,,,,
mällkae_f3d80697-1a9c-4707-a3d0-bb96402f3623,kit,mällkae,i.v.,,,,,,
mällkakallamatt_cd4ef41b-02d4-477e-a421-544ff56241f8,kit,mällkakallamatt,n.,,,,,məɽkakaɽamaʈ͡ʂ,
mällkam_44a27483-07b9-4e5f-a8a8-b21a9727bf7e,kit,mällkam,i.v.,,,,,,
mällkamällkam_c0e5d707-8230-4f2b-9a19-adb4ea287f00,kit,mällkamällkam,adv.,,,,,məɽkaməɽkam,
mällong_5d39610d-c6b3-4bbf-b1fe-b38b9c4a14b8,kit,mällong,,,,,,məɽoŋ,
mällpa_c67ed749-61f7-426e-bb5d-252fdf83c07f,kit,mällpa,Kinship noun,,,,,məɽpa,
mällpe_e93cb2db-9326-4c68-914a-faf3b20e696f,kit,mällpe,n.,,,,,,
mämbär_8e7aabaf-87b8-4c0c-bf65-5c6bf1f03752,kit,mämbär,n.,,,,,məmbər,
mämrem_444513c2-db54-469c-8242-eedf02c5b6ed,kit,mämrem,cov.,,,,,məmrem,
män1_29338a94-a3b7-45b4-99ea-2371c050e872,kit,män,n.,,,,,mən,
män~_3527ca41-6c69-4df9-9511-56337f0656de,kit,män,,,,,,,
män2_5dfafe8d-20a6-4bde-a468-25cef24bb731,kit,män,i.v.,,,,,,
män3_a678b879-3c18-42fe-b892-e80a34efa9e9,kit,män,n.,,,,,,
mänang_3b7870a5-c775-4617-a033-5169454a8833,kit,mänang,Kinship noun,,,,,mənaŋ,
mänaulle_fb9b41e3-1fef-409d-a521-2a34175b1f8e,kit,mänaulle,Temporal adverb,,,,,mənauɽe,
mänänggmit_90ff079c-1a01-4acd-bd55-a05237646f2b,kit,mänänggmit,n.,,,,,mənəŋɡmit,
mänd~_90122d12-4455-4c39-bc05-2f6351ae07b9,kit,mänd,,,,,,,
mända_b620242b-99d7-4d8f-b796-f2fa81734eb8,kit,mända,n.,,,,,mənda,
mändmänd_d5be4d3b-5ab5-4eda-a383-34b0b5072088,kit,mändmänd,t.v.,,,,,məndmənd,
mänduar_defa0eea-31ec-45f1-94e9-02fa49c2045f,kit,mänduar,,,,,,,
män duwar_be8c66da-5518-470a-bde2-53b7a5d3d2c8,kit,män duwar,n.,,,,,,
mändd~_eea97460-4124-43fc-aaca-047c8e1a3304,kit,mändd,,,,,,,
mänddmändd_4666578b-e310-4da3-98c2-6b9df825c9f7,kit,mänddmändd,t.v.,,,,,mənɖ͡ʐmənɖ͡ʐ,
mänkot_3b1e0146-9ada-493f-88de-0d45a8ee2115,kit,mänkot,n.,,,,,,
mänmän_e3951bd4-fb4f-488e-80f7-ac294191c17d,kit,mänmän,n.,,,,,mənmən,
mänmän duwaduwar_daa50ae8-4444-4a07-9a79-042532cb48aa,kit,mänmän duwaduwar,n.,,,,,,
mänmänpitepite_f8841384-d656-4cb2-9dbb-234d57b6e1b3,kit,mänmänpitepite,n.,,,,,mənmənpitepite,
mängal_b8a045ed-1bf1-4dcf-93d2-ed5d5fd6c51f,kit,mängal,mod.,,,,,məŋal,
mängalmängal_28ee788f-db48-431c-bc5d-2fe67cd5c22a,kit,mängalmängal,mod.,,,,,məŋalməŋal,
mängall_8db1df05-507e-4032-a9b3-4b4c809fd2ca,kit,mängall,n.,,,,,məŋaɽ,
mängallang_4c80ec08-fee1-43ad-9856-6cba4f327d24,kit,mängallang,mod.,,,,,məŋaɽaŋ,
mängall eka_19bb7635-fdf0-4dfc-8307-404ef25ccf05,kit,mängall eka,n.,,,,,məŋaɽ eka,
mängallmeny_46f26ba4-55a8-4c4f-bbb0-01153c41c065,kit,mängallmeny,mod.,,,,,məŋaɽmeɲ,
mängamängal_afa69cb3-433a-42b7-a617-5e23f9e9c349,kit,mängamängal,,,,,,,
mängäll_8b1a7c61-dfc7-47b1-ac85-1caf58321c8c,kit,mängäll,n.,,,,,,
mänya~_2bd9c45b-05b1-4063-a00c-407c9444267a,kit,mänya,,,,,,,
mänyamänyan_c927fe6e-19d0-496c-9b4b-0d0a35ea039e,kit,mänyamänyan,,,,,,,
mänyan_e5012b37-4b3a-4bc7-a897-646295a559cb,kit,mänyan,Kinship noun,,,,,məɲan,
mänyanmänyan_be2dd2a6-8f00-4991-8d35-9534e24287f0,kit,mänyanmänyan,Kinship noun,,,,,məɲanməɲan,
mänyän_61cc310d-644c-430b-a2c2-815b9da991a6,kit,mänyän,n.,,,,,məɲən,
mänyi_05e85361-5d6c-442a-9585-b7ac14835f49,kit,mänyi,TAM particle,,,,,məɲi,
mänymäny_308a0c4f-c9d2-4ed6-bec6-aca3d1d28569,kit,mänymäny,v.,,,,,,
märal_18083237-6f54-4ffd-862b-aab65e08dbd4,kit,märal,cov.,,,,,məral,
märäl1_9e289fc6-62ce-406f-9e49-8e6331a69bf2,kit,märäl,n.,,,,,,
märäl2_f9ca2acd-db3a-4522-b27f-67583d9d0d5a,kit,märäl,n.,,,,,,
märäll_d88e97aa-17af-462e-ba3e-fca4a4065fb3,kit,märäll,n.,,,,,mərəɽ,
mäsdae_ba46176e-a51f-492f-9989-aa524c368368,kit,mäsdae,,,,,,məsdae,
mäsde_affd1cdd-1058-4441-8a3c-4a95b2f1c6b1,kit,mäsde,,,,,,,
mäse_8927c489-2b34-40b6-af4e-96fd60d0fe85,kit,mäse,TAM particle,,,,,məse,
mäsemäse_4f7cfb2f-a12a-4e52-81dd-3034a35be3c5,kit,mäsemäse,adv.,,,,,məseməse,
mäta_6f53f566-6d06-4c99-8b02-d1c69fb115e0,kit,mäta,n.,,,,,məta,
mäta mamlla_c3bacab7-59a6-42e2-92af-d6f70a1b02ee,kit,mäta mamlla,n.,,,,,məta mamɽa,
mätar_7c76919a-30b5-4cea-97d0-6a94aec98b7f,kit,mätar,,,,,,,
mätar onyang1_76a02115-e7bb-45fd-baf5-dfedecfe90f7,kit,mätar onyang,n.,,,,,mətar oɲaŋ,
mätar onyang2_80dee334-5198-4394-b6c8-c9d1acde8e00,kit,mätar onyang,n.,,,,,mətar oɲaŋ,
mätaru_51b66e7a-98ae-45d9-9790-deac573417d4,kit,mätaru,mod.,,,,,mətaru,
mätämätär_d46bdb5f-8d9e-4d20-9dc1-33e18a2fa036,kit,mätämätär,n.,,,,,mətəmətər,
Mätär_3b1d9691-a02b-47a9-b2f4-306cd6f0bb46,kit,Mätär,prop.n.,,,,,mətər,
mätemäte_4075aef3-c544-4d90-94ef-05523861c52c,kit,mätemäte,n.,,,,,məteməte,
mätka_17ee98e5-e2b6-447a-a3c3-3b941a61a0a9,kit,mätka,n.,,,,,mətka,
mätkakallamatt_c699606e-eefb-48fc-8f1a-61ce03a608a6,kit,mätkakallamatt,n.,,,,,mətkakaɽamaʈ͡ʂ,
mätkin_cba78e95-9a13-452d-bde4-369d31bf5f95,kit,mätkin,n.,,,,,mətkin,
mätta_9add2550-c84f-4284-a454-9a0353d8170b,kit,mätta,n.,,,,,mä'tta,
mättae_6cd553ae-e67a-41a1-9064-bd1d2318a636,kit,mättae,t.v.,,,,,,
mätta pirpir_0baa0735-2cb4-4d87-b3d7-26a9bf8def27,kit,mätta pirpir,n.,,,,,məʈ͡ʂa pirpir,
mätta pirpirik_039111e0-2cc3-42bf-8bc8-bde6f2981a75,kit,mätta pirpirik,,,,,,məʈ͡ʂa pirpirik,
mättmätt_5e0aa9ba-313d-4d86-af91-6757331c2abc,kit,mättmätt,i.v.,,,,,məʈ͡ʂməʈ͡ʂ,
mäzi_1fbbdbd1-b271-45a5-b038-499e6a91ec83,kit,mäzi,,,,,,,
me1_2c0fa389-e0e1-4848-8680-f2192973066b,kit,me,n.,,,,,me,
me2_52b07775-0244-4f7e-b023-ef5049b7f7d9,kit,me,,,,,,,
me3_afff97db-01cc-4b1d-9d9a-571592dcd8b8,kit,me,n.,,,,,,
=me_f6d0c49e-e807-4e41-974e-6e9877691b19,kit,=me,nom.clt.,,,,,me,
=meae_babe6691-082e-411c-943e-5b49865e0e44,kit,=meae,,,,,,=meae,
meda_412cb784-284e-4a10-82f3-f21762c1628c,kit,meda,,,,,,,
Medang_217825fc-951d-4944-bda0-323c3483c085,kit,Medang,prop.n.,,,,,,
medä_1cb29e72-79a7-43ba-8f05-d852e6a3d9e4,kit,medä,Kinship noun,,,,,medə,
medol_f187d5b6-7a1a-4d48-a26c-9236c3f81e4c,kit,medol,n.,,,,,,
=mee_5b07dc43-c25e-462e-8848-4a99e24f6691,kit,=mee,,,,,,,
Megam_58c2e596-7b69-4d5f-9c78-29ad6855b709,kit,Megam,prop.n.,,,,,meɡam,
Megi_f3383695-49be-418f-94cc-8ac00c71c85d,kit,Megi,prop.n.,,,,,meɡi,
mekae_0fa6d8aa-67e1-4d1e-87cb-363e2479646c,kit,mekae,n.,,,,,mekae,
mekewa_3790358e-7f0b-48bf-a7a0-7cb47bb8aa7c,kit,mekewa,n.,,,,,mekewa,
Meklin_92643525-2a1a-4f20-875b-69164157c8c7,kit,Meklin,prop.n.,,,,,,
Meks_74cdf7ff-9e8a-47c6-bb26-9c739913aa4f,kit,Meks,prop.n.,,,,,,
melem_ce2a3458-4caa-471a-979b-8c9cf584fb1c,kit,melem,n.,,,,,melem,
melemang_decdc887-472f-43f2-85bc-73f944bb1a9a,kit,melemang,mod.,,,,,melemaŋ,
melem duag_1d83ee1c-94e9-43ba-9633-4be4945c2c01,kit,melem duag,n.,,,,,melem duaɡ,
Meliye_41b5fd85-5016-43d8-b932-24dc26f709a8,kit,Meliye,prop.n.,,,,,melije,
Melvin_f4f61476-5a18-4bef-971c-d1415d23b6d3,kit,Melvin,prop.n.,,,,,melvin,
mem_729a1bcf-f9b1-402b-99f0-32d8822b29c3,kit,mem,,,,,,mem,
memba_e046e41c-3a7f-4d00-920b-369cb0f50992,kit,memba,n.,,,,,,
memram_3b6564c7-186e-4469-9919-c61a7700c0c3,kit,memram,n.,,,,,memram,
mena_976c704a-1ca1-4a47-8c8f-dfef3a280f25,kit,mena,t.v.,,,,,,
menae_e70e3cdb-2a2d-486b-b0cc-5e5bb73580e6,kit,menae,loc.n.,,,,,menae,
mend_ced07f6a-2b7a-4f2f-9217-bd0338205393,kit,mend,n.,,,,,mend,
menizment_aa3098dd-2738-4732-ae97-b92a65adaafc,kit,menizment,n.,,,,,,
menttäg_1e5940b2-b69d-44e9-957f-1e5228de6636,kit,menttäg,i.v.,,,,,menʈ͡ʂəɡ,
menttlog_0d69f059-a50f-4bfd-a70e-1f0359eb2ca1,kit,menttlog,t.v.,,,,,,
mengkmeny_b185231a-75e3-4695-a80d-505a7e5a1f11,kit,mengkmeny,mod.,,,,,,
=meny_0eb72496-509d-4a47-af85-02b035884e79,kit,=meny,nom.clt.,,,,,meɲ,
mer2_c3321911-44be-4457-af91-98e20b66ef22,kit,mer,n.,,,,,mer,
mer1_d8830504-f8be-47c2-ab0f-f36e42f0aab2,kit,mer,mod.,,,,,mer,
mer ag_47a5d136-8e92-4a94-9f50-ad0199087cba,kit,mer ag,Phrase,,,,,mer aɡ,
Meragag_1ecf6e12-97e3-4dae-940f-c1e273e4598c,kit,Meragag,prop.n.,,,,,,
Meramerall_efb5b2e3-2e0f-4115-a825-0eac194cdf74,kit,Meramerall,prop.n.,,,,,,
mer awi_5f8c1e99-d8d0-421f-ac8c-1be1a7cc7a0a,kit,mer awi,Phrase,,,,,mer awi,
meresen_17ba9ab8-3ad8-42cd-a607-8f5c90a9e03a,kit,meresen,,,,,,,
meresin_a34fbd06-cbe1-4e2c-83e6-53e98c3234ce,kit,meresin,n.,,,,,meresin,
Meri_09778cd8-6717-407d-9998-867cadc4f4df,kit,Meri,prop.n.,,,,,,
Merian_ee099c78-26d8-41ae-b084-d08e1ac3b702,kit,Merian,prop.n.,,,,,,
mer iddob_b11f778d-abdd-4f7c-b8b4-c4e829a25316,kit,mer iddob,Phrase,,,,,mer iɖ͡ʐob,
Merien_95fee31c-0dfa-4708-8c88-f322d6af9699,kit,Merien,prop.n.,,,,,,
mermer2_bdec68ca-d163-4c36-888d-fb093f09551e,kit,mermer,v.,,,,,mermer,
mermer1_f2e1d8b7-8b94-413e-bc8a-d24f372e5447,kit,mermer,adv.,,,,,mermer,
Meroka_a11c5721-43e1-41c3-be74-4d969df62b73,kit,Meroka,prop.n.,,,,,,
Merol_909f5788-076b-4b4f-91c3-a9ae3b8bb60e,kit,Merol,prop.n.,,,,,merol,
mer toto_b32c9495-ef37-410d-ad82-7c57a73810d5,kit,mer toto,Phrase,,,,,mer toto,
mer ttoenang lla_9c2bde68-9380-4c3c-a9aa-239e66b6c127,kit,mer ttoenang lla,n.,,,,,mer ʈ͡ʂoenaŋ ɽa,
mer ttoen gagällag lla_1a1f234f-a960-4aaa-ae3d-4523546b1799,kit,mer ttoen gagällag lla,n.,,,,,mer ʈ͡ʂoen ɡaɡəɽaɡ ɽa,
Mesa_dd2a9c4b-4bba-4790-9bfc-15c0bb23d68f,kit,Mesa,prop.n.,,,,,mesa,
met_681ead91-fa08-4b91-a659-4b0f926f4e39,kit,met,cov.,,,,,met,
metar_ea04d151-8a47-4e17-b2b4-994c72ce99ab,kit,metar,n.,,,,,metar,
Metiyu_308e1a3f-d11f-4ad1-9233-84acc45ead76,kit,Metiyu,prop.n.,,,,,,
metmäll_009774b4-841e-4082-bd73-e88af2165ff4,kit,metmäll,t.v.,,,,,,
Metyu_3613ae97-213b-4549-a65d-9a23919f3276,kit,Metyu,prop.n.,,,,,,
Mewato_ae2da3a7-4e57-49b1-a4e0-d7da2f626912,kit,Mewato,prop.n.,,,,,,
meyang_55f039e4-7764-4af7-931a-eadbd49e0d91,kit,meyang,Kinship noun,,,,,mejaŋ,
Mecklyn_646e55c0-03db-40c8-8de6-10791860ed89,kit,Mecklyn,prop.n.,,,,,mɛklɪn,
midi_7b1ea326-bc75-4762-8156-a7b54b65ff72,kit,midi,n.,,,,,,
midd_7dc558b7-b811-4bfe-a16e-bac57a9f24a9,kit,midd,n.,,,,,miɖ͡ʐ,
Migul_8c984edf-527e-4578-abe2-701402a6b6f4,kit,Migul,prop.n.,,,,,,
mik_2a484898-9335-4ef4-8a77-3aa653eba566,kit,mik,n.,,,,,mik,
mikmik1_4b3a944e-9948-4f1b-9eb6-cbd24d928565,kit,mikmik,n.,,,,,,
mikmik2_8ece9991-b604-43d7-996f-e63deff4a706,kit,mikmik,v.,,,,,,
miks_1add863c-cd64-4bed-8dc3-dbba0ecedf00,kit,miks,n.,,,,,,
mikutt_e46e2e36-8ebb-4d3c-adf1-12451c39ac20,kit,mikutt,mod.,,,,,mikuʈ͡ʂ,
mikuttang_1fbfbaa6-1ca9-4bd7-a72b-a7d738b93575,kit,mikuttang,mod.,,,,,mikuʈ͡ʂaŋ,
mikuttangae_e756ef94-8363-48a1-a4f1-1c807672645d,kit,mikuttangae,adv.,,,,,mikuʈ͡ʂaŋae,
mikuttmeny_a9adc9da-b5aa-4b6c-bc26-e6f19136ef76,kit,mikuttmeny,mod.,,,,,mikuʈ͡ʂmeɲ,
mimi_b45fb062-6483-446d-bbe6-e81a2faa0a0e,kit,mimi,n.,,,,,mimi,
mimidämäll_751cc0da-1215-402b-b007-490ac36a2b9c,kit,mimidämäll,n.,,,,,mimidəməɽ,
ministri_e68777f3-3f27-451a-b567-fd50d7202286,kit,ministri,n.,,,,,,
Minkäm_bfe64282-6ab9-480c-add5-9fa515bf5638,kit,Minkäm,prop.n.,,,,,,
Minkom_843d1b72-5517-4a6f-b131-c6e8e73bcd56,kit,Minkom,prop.n.,,,,,,
Minkomminkomang_740757c1-d202-4586-bfa5-ec037a3b14c7,kit,Minkomminkomang,prop.n.,,,,,,
Minong_193873e2-19d1-4549-9711-fb66476e687d,kit,Minong,prop.n.,,,,,minoŋ,
mintor_d4028f7f-86de-4629-bd69-75249315612c,kit,mintor,n.,,,,,mintor,
minggore manggo_5b54c5b0-f5a6-4b7b-ba91-3373aa0af6f5,kit,minggore manggo,n.,,,,,miŋɡore maŋɡo,
Mingkällbun_950fa33d-b0bc-4de8-949a-f87e8df394a3,kit,Mingkällbun,prop.n.,,,,,miŋkəɽbun,
miny_c711dfc3-bea3-4f07-8787-83bc55004b78,kit,miny,n.,,,,,miɲ,
minyminy_775176e5-87c3-4fa0-aaf9-422bc9e03fcd,kit,minyminy,mod.,,,,,,
mipdab_e2de9444-3618-496a-a0cf-67f3c8919afa,kit,mipdab,cov.,,,,,mipdab,
Miriang_ccf53a72-9cc9-435a-8f34-15f9f0728a98,kit,Miriang,prop.n.,,,,,,
miriwa_8137a885-4ba9-44f8-a812-40d2be60f3e4,kit,miriwa,n.,,,,,miriwa,
mirmir_a95f3a1a-acd2-4063-b1db-eefa28e016ad,kit,mirmir,t.v.,,,,,mirmir,
miroli_03c6baa0-6bf1-4c29-b72d-ba58dfe818c3,kit,miroli,n.,,,,,miroli,
misdae_d48e005c-36df-4bb7-84c3-6b985775e2e3,kit,misdae,adv.,,,,,misdae,
misde_7dc082ee-4c7d-4aa5-a5af-3bd2954590ae,kit,misde,,,,,,,
mise_01125511-8279-4552-a4c5-e78bb3ae0fa8,kit,mise,n.,,,,,mise,
misituryam_71771d17-d17d-4782-a542-228bd903eaf4,kit,misituryam,n.,,,,,misiturjam,
mislok_a3956aeb-a7be-43e7-b287-821fe7ceb5f2,kit,mislok,n.,,,,,mislok,
mismis_3ce4fb16-cd9e-4187-86bf-c29dbe8e5b45,kit,mismis,n.,,,,,mismis,
Misseilene_89101f9b-3d7e-4205-97cd-fe6a0ef6e650,kit,Misseilene,prop.n.,,,,,misseilene,
mista_278d9300-12fd-488d-935f-0b737ce57fb2,kit,mista,n.,,,,,,
mistae_866fa3fa-d627-41ee-82e7-4754426906d2,kit,mistae,,,,,,,
mit~_1502b12b-fedb-4372-8e4d-a2125592ffd4,kit,mit,,,,,,,
mit_aad91605-272e-4e12-a61d-afdae76955da,kit,mit,n.,,,,,mit,
mitamitang_a8fbc464-0bb5-4b04-a52d-eb276a7f7eca,kit,mitamitang,cov.,,,,,mitamitaŋ,
mitin_e17cf720-a88f-40fc-b556-719fac2b8c80,kit,mitin,,,,,,,
miting_471faced-c0ad-471b-9c46-33549b000d6b,kit,miting,n.,,,,,,
mitmit2_632a2b54-5468-440d-bcd9-7d664a3ed357,kit,mitmit,n.,,,,,mitmit,
mitmit1_8adf9d86-560d-4dbd-928f-b2dab8d0cb72,kit,mitmit,cov.,,,,,mitmit,
mitoem_50e67334-ce7c-4308-aaf4-b420f22f7f5d,kit,mitoem,n.,,,,,mitoem,
mittapa_e136e2cf-64a3-4d20-aee3-04f7e84de4df,kit,mittapa,n.,,,,,miʈ͡ʂapa,
mittäpa_0750db57-6c47-4275-b18f-52e4e99b02dd,kit,mittäpa,n.,,,,,,
mittin_5ae34104-c138-455b-ac0f-708fb4b8187c,kit,mittin,n.,,,,,miʈ͡ʂin,
miwiwi_08aa0698-188f-4155-a589-34b2fbdda935,kit,miwiwi,n.,,,,,miwiwi,
mizi_2575b672-97ef-402d-8b69-cf1b0d92a314,kit,mizi,man.adv.,,,,,mizi,
Michael_43d4043a-af6d-4360-9713-0b6f3ad3b5c6,kit,Michael,prop.n.,,,,,maikəl,
Michaelyn_45f80a7c-d728-4a07-9731-aee0c233322b,kit,Michaelyn,prop.n.,,,,,maikəlɪn,
Michelle_b8f54304-4c25-44a0-aa4f-c31a2223f14e,kit,Michelle,prop.n.,,,,,miʃel,
mɨka_3a748281-e8c7-4f13-ab4e-a4980d20eb31,kit,mɨka,n.,,,,,mɪka,
mɨllɨng_4d2fc43b-5a60-4d7c-9320-073661a5827f,kit,mɨllɨng,,,,,,,
mɨnyi_c6ed2115-7f02-496b-b5d1-4d8a65579b6e,kit,mɨnyi,TAM particle,,,,,mɪɲi,
mo_7a5cd02b-9d22-495d-b5b1-fdbae3129562,kit,mo,n.,,,,,mo,
mobera_d90b4d06-5be2-4f15-80eb-d979ed7211f8,kit,mobera,n.,,,,,mobera,
modaeb_cbaa2334-d194-4675-8cb0-ca0f632e98c1,kit,modaeb,t.v.,,,,,modaeb,
modgae_a80a6851-0e23-421a-bfe3-f6a40b6c22d6,kit,modgae,v.,,,,,modɡae,
Moed_a9dc4598-9790-4804-b3b8-f4dc2e64bd3e,kit,Moed,prop.n.,,,,,,
Moem_f79113d8-d5bc-425b-a4ec-866d2b904e38,kit,Moem,prop.n.,,,,,moem,
moep_5d9c1806-24d6-4a9c-aca3-322e35b99a5b,kit,moep,n.,,,,,moep,
moepang_eeaaa528-6eaf-495e-813d-562293f051dd,kit,moepang,mod.,,,,,moepaŋ,
moepo_5f9696aa-9406-42f9-95ed-829b52cf296b,kit,moepo,n.,,,,,moepo,
moepotatae_26e3d366-8370-41ac-86c5-f3fc13817013,kit,moepotatae,n.,,,,,moepotatae,
mok_df5ab1cb-cf5b-4263-aa62-f32e7bc190dd,kit,mok,n.,,,,,mok,
mo katrekatre_5e3951d5-5d68-4fd1-96bf-009277d993fa,kit,mo katrekatre,n.,,,,,mo katrekatre,
mokmok_95b969b6-1950-4f3b-b711-e0471bb11c38,kit,mokmok,v.,,,,,mokmok,
moko_ca52a5f9-93ec-4a17-85fc-1422947d5403,kit,moko,n.,,,,,moko,
mokoang_a5964385-ccdf-48f3-b9a1-39ef882c7d70,kit,mokoang,mod.,,,,,mokoaŋ,
mokoll_e2d3fa4d-3f82-43a1-9b81-96dd92d86591,kit,mokoll,n.,,,,,mokoɽ,
mokon_ceaef991-d16e-4aa9-a91d-654194f3e1b3,kit,mokon,t.v.,,,,,mokon,
mokowang_7e7ae4de-b3ec-4dcc-924e-340a2d2f8aa8,kit,mokowang,,,,,,mokowaŋ,
moksir_4b0638c2-8685-48ab-b245-e8720c743781,kit,moksir,n.,,,,,moksir,
mokwang_c40db94d-4797-41c7-b4ef-42235347cece,kit,mokwang,,,,,,,
molemoleg_000af5d2-0d6b-4cc5-84be-0d27aff39974,kit,molemoleg,n.,,,,,molemoleɡ,
Moli_ab90bda5-68f5-4e23-82b2-0e71f8768693,kit,Moli,prop.n.,,,,,moli,
moll_228dd3b3-a9f2-4671-8659-8b8aa73f791b,kit,moll,n.,,,,,moɽ,
molle_cf5f03c7-f297-45ff-bc56-ebf43d55a0ee,kit,molle,n.,,,,,moɽe,
molleang_d7d7e44b-13a5-4b6d-b255-9142caad4974,kit,molleang,mod.,,,,,moɽeaŋ,
molle dändär_5544e31d-8440-4f54-88f5-6efe3fdc0aeb,kit,molle dändär,comp.v.,,,,,moɽe dəndər,
molle dungg_98917f5b-395a-4b63-80f1-c36ed04a59c6,kit,molle dungg,comp.v.,,,,,moɽe duŋɡ,
mollemeny_556115e4-98ae-4349-95c6-b530e7b04f00,kit,mollemeny,mod.,,,,,moɽemeɲ,
mollemolle_fb5d993d-af14-4134-8398-a1968dbe32d2,kit,mollemolle,cov.,,,,,,
mollok_b91f809f-6ad3-4560-8ed2-756f6667ed9f,kit,mollok,n.,,,,,moɽok,
mollong_32613875-3d19-4e4a-b0e6-6cb641cdd051,kit,mollong,mod.,,,,,moɽoŋ,
momana ma_dbe29715-4bca-49b5-9345-aa7f7304e357,kit,momana ma,n.,,,,,,
Mome_83ae70e1-9665-460c-b4ad-a22b4819cefa,kit,Mome,prop.n.,,,,,mome,
momea gäl_4147e901-95cb-4535-b36e-9c3be22b4b9f,kit,momea gäl,n.,,,,,momea ɡəl,
Momeya_96b8905e-2ab6-491e-beab-ce3d7171aea2,kit,Momeya,prop.n.,,,,,,
momolltätän_26b0aba4-7ab7-4dc2-b2b5-a6b8d93bbc04,kit,momolltätän,n.,,,,,momoɽtətən,
mompara_924761a0-c137-4c31-b7f8-3a8bb5ed2966,kit,mompara,n.,,,,,mompara,
mompel_21fd403e-7ae4-457e-ab02-6aa9df2030f7,kit,mompel,n.,,,,,mompel,
Mompelang_5268b61d-90cb-4222-bee0-8256178f7030,kit,Mompelang,prop.n.,,,,,mompelaŋ,
mondo_d3242351-7964-4ee5-a06b-8657fa145c15,kit,mondo,n.,,,,,mondo,
mondre_38c3051e-4331-4b2d-a885-4cc4f1d35981,kit,mondre,n.,,,,,mondre,
mondreag_fb1c8ac1-712f-4f3c-95c0-0f2dfb8e4e27,kit,mondreag,mod.,,,,,mondreaɡ,
mondremondre_050a647f-fb48-486c-a87e-3f65c227d58b,kit,mondremondre,cov.,,,,,mondremondre,
mondrog_4541bde4-afff-42e7-8074-dc3b62bbb2e7,kit,mondrog,,,,,,mondroɡ,
mopmop_88c74ad3-5a3f-4f8c-9b51-7bad1919fd30,kit,mopmop,n.,,,,,mopmop,
mormor_b0f6fb9c-622d-406a-8254-1ed63a931bae,kit,mormor,n.,,,,,mormor,
mos_2f9a599e-3f12-4faf-92df-8a2e435d5adb,kit,mos,n.,,,,,mos,
Mosbi_f961b10b-0411-4b45-beb9-c1c82c6d1edb,kit,Mosbi,prop.n.,,,,,,
mosemosen_ee83280f-1202-4c0f-81a3-3aa9011be73f,kit,mosemosen,,,,,,mosemosen,
mosen_786e6564-1453-4c23-bb8c-74dd876a5f91,kit,mosen,Kinship noun,,,,,mosen,
mosen~_9de31936-381d-472e-8569-a16d497df0ce,kit,mosen,,,,,,,
mosenmosen_d90764be-cd45-4acc-aba0-0d4d993bca14,kit,mosenmosen,Kinship noun,,,,,,
Moses_0c492808-8dac-4c0d-9798-412c432d691f,kit,Moses,prop.n.,,,,,moses,
Mospi_a94b0cec-8015-452e-afc3-70e7cb73b586,kit,Mospi,prop.n.,,,,,mospi,
motom_38ff50ff-776b-47fb-b7b8-e6b865dd7163,kit,motom,n.,,,,,motom,
Motu_fd4045b1-8995-41ab-8a00-b19106acda45,kit,Motu,prop.n.,,,,,motu,
Motu loanword_9de514f6-12bb-4d41-9be4-0e0586feac2c,kit,Motu loanword,,,,,,,
Moyabag_f2b28d02-ea01-475d-8067-d2a0d9897483,kit,Moyabag,prop.n.,,,,,,
Moyäm_bb7c23e1-179b-4371-9c9d-d6e2f7e3138d,kit,Moyäm,n.,,,,,mojəm,
moza_7e924e2c-b658-4bb4-860b-1ad102c345b8,kit,moza,n.,,,,,moza,
mozaeya_a8bfae97-9cb8-43de-800f-543af73b4697,kit,mozaeya,,,,,,,
mozaya_f2f6a183-8750-4a08-9066-1aea9df5e13a,kit,mozaya,n.,,,,,,
Mozbi_39372f87-9ab2-4527-bcc9-616d01c6ec4e,kit,Mozbi,,,,,,,
mu_37ee4421-fd4a-46a9-aec1-a282f92c46e7,kit,mu,n.,,,,,mu,
mubine_da3d6c99-4c7e-468f-b62d-4f6574e1e08d,kit,mubine,n.,,,,,,
muda_850c356f-538f-46c9-a4dd-355cb9b5435a,kit,muda,TAM particle,,,,,,
mudag_7c6f825d-459b-448e-9ed2-985a62788838,kit,mudag,cop.,,,,,mudaɡ,
mudageyo_9281da91-3827-43fa-8294-5196ce288bda,kit,mudageyo,cop.,,,,,,
mudan_ab5fffc1-0351-4afe-8a43-08dba8dac5a2,kit,mudan,cop.,,,,,mudan,
mugbusu_c26ce7b5-43ab-49dc-b0b6-8e779a9de197,kit,mugbusu,n.,,,,,muɡbusu,
Mugi_0603eeed-b5fb-4333-a230-b73070fac13e,kit,Mugi,prop.n.,,,,,,
Muidebag_f01e90d9-0ace-4ebd-a3fd-924f7e95dd68,kit,Muidebag,prop.n.,,,,,muidebaɡ,
Mul_845f7dbc-9294-480c-a818-3098dafd6082,kit,Mul,prop.n.,,,,,mul,
mulkul_f81c70dc-9785-4eb5-a556-bcd50bc61800,kit,mulkul,n.,,,,,mulkul,
mulmul_4f85f0ed-2cd4-4a4a-ad39-9129fef64436,kit,mulmul,n.,,,,,,
Mull_b507296c-25f0-4bfe-b93c-8db13585bd99,kit,Mull,prop.n.,,,,,,
mullae_a3ee78eb-08e3-4388-96ff-8164178027dc,kit,mullae,mod.,,,,,muɽae,
mullae~_db589474-489a-4cc2-98c0-228a58428396,kit,mullae,,,,,,,
mullaemullae1_17f58026-da6c-4c55-9c47-22aacaa8c9aa,kit,mullaemullae,mod.,,,,,muɽaemuɽae,
mullaemullae2_669a6d5a-2045-4df9-bc88-e136f67fe674,kit,mullaemullae,quant.,,,,,,
mullamulla_08b4cb51-36fb-4da2-a437-232351d8e402,kit,mullamulla,n.,,,,,muɽamuɽa,
mullamullae_e2027bf0-ddad-4e2c-ab67-6aafaf24e709,kit,mullamullae,,,,,,,
mulldae_a9082e95-4c64-4bca-8d8e-2126c93a5973,kit,mulldae,mod.,,,,,muɽdae,
muminy_ccad9dcd-df99-40f9-a198-b20c96fafabe,kit,muminy,mod.,,,,,mumiɲ,
Munu_5ef7a05c-3d9d-4c21-b6a1-395e3fa21a86,kit,Munu,prop.n.,,,,,munu,
mupni_393c3c91-5c50-4076-9cb3-a1e60a13a42c,kit,mupni,n.,,,,,mupni,
Mur_655d6192-9197-44d6-abe5-726b9118d3f9,kit,Mur,prop.n.,,,,,mur,
mur_ae10a495-2a99-49d6-a994-2215218b1f30,kit,mur,cov.,,,,,mur,
muramura_ab617474-60e5-472b-a7a2-692b472c5a85,kit,muramura,,,,,,,
muro_496ff964-7cd9-4e5e-bebf-2d13d6b92e92,kit,muro,n.,,,,,,
Musato_56ab500e-b6c6-4338-8dcf-a49682051ab6,kit,Musato,prop.n.,,,,,musato,
must_3fdea23c-8d2b-4788-abc0-682e1fbe1216,kit,must,,,,,,,
mutae_0615f776-45db-4447-959b-727fe81d8932,kit,mutae,n.,,,,,mutae,
Muti_5abbd292-d0b8-490a-a19d-2cf6b4fc3bdb,kit,Muti,,,,,,,
Mutu_4aa38076-b1ee-4f79-a140-c149a8312673,kit,Mutu,,,,,,,
mutt_600ea568-85d3-4e34-820a-628af8fcb7ea,kit,mutt,n.,,,,,muʈ͡ʂ,
muttbul_2cd1c7e6-a5a8-4b28-bed1-8df397eb2802,kit,muttbul,mod.,,,,,,
muttmutt_a3efc0d6-9063-4d21-ac7f-b56a6635cdb0,kit,muttmutt,n.,,,,,muʈ͡ʂmuʈ͡ʂ,
muu_beea3c47-85f9-4a7a-8cc2-e11d93f1e06e,kit,muu,,,,,,,
Muyabag_f6c74ffd-247b-4ef2-81b6-b50459188fba,kit,Muyabag,prop.n.,,,,,mujabaɡ,
n-2_c5187e3e-12a1-4ae7-9e00-87eb60abf88a,kit,n-,v.,,,,,,
n-1_d64273f7-34df-41e7-bc72-4dd8e0414f1b,kit,n-,v.,,,,,n,
=n_f3737be5-6177-48b0-92c4-2f3a2184933f,kit,=n,Verbal enclitic,,,,,,
na~_b7c73522-93d0-4d89-b969-a24e5a3a2dc9,kit,na,,,,,,,
nadum_f98bea96-a01d-44ec-be7a-fc5d7b39ffb9,kit,nadum,n.,,,,,,
nae_ee794c6f-5716-4943-a5d3-a2ac7fc622b8,kit,nae,n.,,,,,nae,
naeka_6371551f-e1bd-42a7-8e8c-764adaee661b,kit,naeka,,,,,,naeka,
Naemäll_929846f1-e0e6-412a-ac22-f546d76e5974,kit,Naemäll,prop.n.,,,,,,
naen_8ed0881e-9ef8-4553-a44e-6325e08b542b,kit,naen,num.,,,,,naen,
naenti_7b8f54a6-42a0-4ab7-83c8-94b8800f7e24,kit,naenti,num.,,,,,,
naentin_bb4bb5e3-3ede-4f78-b1ca-d8646414b245,kit,naentin,num.,,,,,,
nag_1516eaf6-7f9d-4c1f-9998-cc39eb70b834,kit,nag,Kinship noun,,,,,naɡ,
nag~_f97266b9-6bda-433e-97ff-2e7f3c4a515a,kit,nag,,,,,,,
Nagab_b711f843-e3f0-4651-8be2-9b5b144de656,kit,Nagab,prop.n.,,,,,naɡab,
Nagat_0465bcd8-69d0-4429-9e7d-82f815c8fcf4,kit,Nagat,prop.n.,,,,,,
Nageg_03760391-1622-4166-8e95-f2a67361ae76,kit,Nageg,prop.n.,,,,,naɡeɡ,
nagnag_729de4f0-1eab-4940-b605-369c829d1637,kit,nagnag,n.,,,,,naɡnaɡ,
nag ttoen_e51724ca-21bf-481e-af3c-eb5e7619722f,kit,nag ttoen,n.,,,,,naɡ ʈ͡ʂoen,
naigae_e3e7b407-78d8-41d4-81a2-34e5d84c8fd7,kit,naigae,mod.,,,,,naiɡae,
nain_5ce61b13-afa0-49b1-b1d0-e50ef49d20a4,kit,nain,num.,,,,,,
nainti_d6443339-c50c-4491-92c1-06e3c99fa593,kit,nainti,,,,,,,
naintin_2731a9d7-5e58-4525-bccf-638b83fd044f,kit,naintin,,,,,,,
Nakaku_65c051a0-17bb-438a-8055-b1bd227b6e6b,kit,Nakaku,prop.n.,,,,,,
Naklae_23fd1051-4ae0-4870-889d-b1f05bb44111,kit,Naklae,prop.n.,,,,,naklae,
Nakllae_b8907cab-ef20-4d04-8340-b01adbfd367b,kit,Nakllae,prop.n.,,,,,,
Nakuri_b6e5284f-6b2f-46a2-b2f5-6da76f056d0c,kit,Nakuri,prop.n.,,,,,nakuri,
Nalon_2b0341c1-e83e-4588-9a39-fa4b803bbe45,kit,Nalon,prop.n.,,,,,,
=nalla_e9a231a1-419a-46ca-b09d-d95b5c3b7c36,kit,=nalla,aux.,,,,,naɽa,
=nallan_3d973d8b-7e89-47eb-8273-4c9df1be704e,kit,=nallan,aux.,,,,,naɽan,
=nalle_91e39baa-0c24-4066-bf3a-c1ce85730a58,kit,=nalle,aux.,,,,,,
nallib_b02b5dde-d609-45df-9e6f-91fed61f66a1,kit,nallib,n.,,,,,naɽib,
=nallo_7a40ea0b-b6b4-4ff4-9e0c-40bc863a3fac,kit,=nallo,aux.,,,,,naɽo,
Nama_375317a7-d18f-401a-907f-fd10771873be,kit,Nama,prop.n.,,,,,nama,
Namaya_0425cf38-516d-45c1-a131-fd9450a36572,kit,Namaya,prop.n.,,,,,namaja,
namba_6de0bc0a-a7a1-4aa7-9d55-8e6fbf16a1cc,kit,namba,,,,,,,
nane1_ea5577a2-ce21-4556-ad1a-11bcdc633850,kit,nane,Kinship noun,,,,,nane,
nane2_eff6b87e-535f-44bf-88b3-d956bc804b81,kit,nane,t.v.,,,,,nane,
Nancy_0fd47d06-4df5-4ddd-83e8-2a1cd963d681,kit,Nancy,,,,,,,
Nanggon_11600167-1987-4eb2-a053-b2369a1af317,kit,Nanggon,prop.n.,,,,,,
Naomi_1241e363-8a32-45ae-a62d-02b1fc1a9128,kit,Naomi,prop.n.,,,,,naomi,
Narma_9299c26b-1fb1-4028-815f-b4345abaaad9,kit,Narma,prop.n.,,,,,narma,
Nasma_b667cf37-fd03-46d2-9fc6-72f4b5bdcaa7,kit,Nasma,prop.n.,,,,,nasma,
Nazaret_1842df95-e4ad-4695-be19-bf7a022c3494,kit,Nazaret,prop.n.,,,,,nazaret,
Nägäm_5df60594-a232-493e-bdeb-eafd33839c5d,kit,Nägäm,prop.n.,,,,,nəɡəm,
näk_701a71e6-cb07-4519-b015-bfd965a701e3,kit,näk,cov.,,,,,nək,
näkäp_1d841fb7-89e2-4ba5-b45d-57dae4ef4026,kit,näkäp,n.,,,,,nəkəp,
näkäpang_9961621e-c486-407b-836b-a279933c9994,kit,näkäpang,mod.,,,,,nəkəpaŋ,
näkäp de pänae_35823bdc-94c7-487f-a7d6-72ce4c193d71,kit,näkäp de pänae,Phrase,,,,,nəkəp de pənae,
näkäpmeny_b38f1f98-26a9-44ef-839d-e6a4059bc64d,kit,näkäpmeny,mod.,,,,,,
näkäpngon_5ce979bf-bf3b-4ff4-adb8-8fc0fb3901c4,kit,näkäpngon,n.,,,,,,
näkäp ttomoe_cf551cd9-91a9-417c-a4ba-f0cf7de4cdb1,kit,näkäp ttomoe,comp.v.,,,,,nəkəp ʈomoe,
nälan_42b550d3-4f59-44f3-9fba-fe550d557bae,kit,nälan,man.adv.,,,,,,
=nän_e8c28887-7b7a-440c-88a0-1f524847a239,kit,=nän,,,,,,,
nänäm_3500e1e4-e400-44a0-9102-96a18b41fd7d,kit,nänäm,n.,,,,,nənəm,
Nänga_8ea0df50-1ed7-4c02-8efe-9da4c1a92f5a,kit,Nänga,prop.n.,,,,,,
nängga_1bcd5c03-7e3f-4ed1-ab1f-7b18226b68d5,kit,nängga,n.,,,,,nəŋɡa,
nängttäg_f0819f29-d238-4194-9806-73158e3e33f1,kit,nängttäg,i.v.,,,,,,
nätnät_f2ff089d-2ee0-4e52-852d-a50130d9ef07,kit,nätnät,n.,,,,,,
Nedlyn_fc8429cb-3d83-4c34-a995-60379fae61a3,kit,Nedlyn,prop.n.,,,,,nedlin,
Nensi_c797abe1-2a99-4a10-b09d-6a4374653e6d,kit,Nensi,prop.n.,,,,,nensi,
nepi_2b1c1005-715c-49b8-906e-b6168f48fdbc,kit,nepi,n.,,,,,nepi,
nes_6e2ff06e-ccef-472c-8eb5-63d4a235ca88,kit,nes,n.,,,,,,
net_8b9a54a2-d8e5-408e-b3b5-8d4aa74c0b02,kit,net,n.,,,,,,
nett_6985962d-74b9-445b-b49c-c199a2872dad,kit,nett,,,,,,,
New_a6a20a28-f38c-4550-ba8b-9ffe5f92f1ee,kit,New,,,,,,,
nidol_183fc0d8-8077-46ce-b4a2-0bacc5c46fcd,kit,nidol,n.,,,,,,
nikbin_02ebd5bc-94e4-4c81-804e-a0271582e317,kit,nikbin,n.,,,,,,
Niki_aef0d843-d0c1-4ba1-97c3-485f21845483,kit,Niki,prop.n.,,,,,niki,
Nikol_4a3deb0f-8f43-4218-a097-6d3c5f361267,kit,Nikol,prop.n.,,,,,nikol,
nil_a8d2fff5-13c8-4eda-b13d-7f6550b0745c,kit,nil,n.,,,,,nil,
ninety_fb410531-594e-427a-9cba-53688920cd87,kit,ninety,,,,,,,
nineyem_678008e5-2b8b-4a7d-9159-1b264445dd6b,kit,nineyem,n.,,,,,ninejem,
Niniab_3d082459-f92e-4e76-8b23-6c224e78e783,kit,Niniab,prop.n.,,,,,niniab,
Nicky_08eab15b-7261-459b-af46-41bea72b0a1e,kit,Nicky,prop.n.,,,,,niki,
Nicole_8e7b6fd7-169c-42a1-951d-362b15fdf125,kit,Nicole,,,,,,,
Nixon_b8fc0e28-1c5c-49f7-bae5-f1849e6fb0c4,kit,Nixon,prop.n.,,,,,,
no_1dd64a22-d2ad-45bc-9f06-7c054b6c5d9b,kit,no,,,,,,,
Noar_d2f74371-5f4d-4b16-83a5-69cfe45ae8a3,kit,Noar,prop.n.,,,,,noar,
Nogat_3890d373-343d-42c1-814d-a42568d2bc66,kit,Nogat,prop.n.,,,,,noɡat,
Nolin_f8a8009c-3b63-471f-aa9b-6b6855085b28,kit,Nolin,prop.n.,,,,,nolin,
nono_1f17a448-b49c-4d3d-b159-49934dc2f641,kit,nono,cov.,,,,,nono,
nongg_71006fa0-975b-4a03-b3a8-d4fddc54d4c9,kit,nongg,n.,,,,,noŋɡ,
nongonongor_f4825c94-5d00-457a-9127-07e9b9ea232e,kit,nongonongor,mod.,,,,,noŋonoŋor,
Nope_ee0c2ff9-0d51-499f-b333-e468fbd5d1cb,kit,Nope,prop.n.,,,,,,
nopmäg_83837f7f-3397-4da0-aef6-08aed20f7b90,kit,nopmäg,Kinship noun,,,,,,
nop mu_b206c131-3eb8-4a30-8c3f-d7b06f03c8e9,kit,nop mu,n.,,,,,nop mu,
noponda_c857ab81-1b6c-4ef8-9f1c-47f801106c58,kit,noponda,Kinship noun,,,,,noponda,
nora_b85154d7-e037-44a1-9c90-a6a5a4789565,kit,nora,n.,,,,,nora,
Norma_89e03c56-febf-43c8-9d1a-0d79fba6231e,kit,Norma,prop.n.,,,,,norma,
not_d5d722fa-074f-4ff4-ad1f-4b90c7516f84,kit,not,,,,,,,
noto_d3a7b009-ebea-4407-9dad-6d7fe93badb4,kit,noto,,,,,,,
nothing_ae8ec38e-63f8-407d-824f-97f60dae8cb0,kit,nothing,,,,,,,
now_8c3e1bb5-fe66-4b37-8e2a-55649393bfd4,kit,now,,,,,,,
Nowar_c1bff6dc-1406-48b5-99ca-15e42ab9ab41,kit,Nowar,,,,,,nowar,
Nuam_bb05f4d3-93c6-4613-bb16-0ba593b8f396,kit,Nuam,prop.n.,,,,,,
Nugini_96d89089-53a8-422e-a89a-4e1ed501dd0d,kit,Nugini,prop.n.,,,,,,
Nuopin_796a7d94-42eb-4a10-ba3a-209bf217f3b1,kit,Nuopin,prop.n.,,,,,nuopin,
nurae_304e90b9-8d33-440a-b10f-50bffd52d1a2,kit,nurae,n.,,,,,nurae,
nga_4daf1aae-4b18-414e-ade3-9d86828bb9e3,kit,nga,TAM particle,,,,,ŋa,
nga~_972e57fb-2749-45b4-ba6a-c2baef3af466,kit,nga,,,,,,,
ngaeka_9bd64961-af19-49a6-b6e7-439d66860776,kit,ngaeka,,,,,,,
ngak_5194456c-70d3-4bbc-b55d-422c84157cab,kit,ngak,,,,,,,
ngal_69d6de10-3b5c-4bb6-87a3-4055f1b6e560,kit,ngal,cov.,,,,,ŋal,
ngalbongalboe_7f06a939-448d-46c5-b0b1-92d1e39bf701,kit,ngalbongalboe,adv.,,,,,ŋalboŋalboe,
ngalen_3fec27e4-fd26-4f79-97d8-579e54dfdafb,kit,ngalen,n.,,,,,ŋalen,
ngallmeny_d58976ed-81fe-42df-bc79-ea20e52fbc80,kit,ngallmeny,t.v.,,,,,ŋaɽmeɲ,
ngallngall_c00a27dc-5312-433c-aba1-80f7d28d79c5,kit,ngallngall,n.,,,,,ŋaɽŋaɽ,
ngam_572e0e93-cd35-4455-a1f6-9f795db179b8,kit,ngam,n.,,,,,ŋam,
ngam indäb_9501d874-0048-4587-8239-d15c9b4540c4,kit,ngam indäb,n.,,,,,ŋam indəb,
ngam koll_501fa818-ffeb-4978-9744-07790dcd36a5,kit,ngam koll,n.,,,,,ŋam koɽ,
ngamtep_4397c20d-fc7d-44dd-8320-159e6922de25,kit,ngamtep,n.,,,,,ŋamtep,
nganae_b0d882bc-ae3d-4423-95ca-60659e5c3d33,kit,nganae,t.v.,,,,,ŋanae,
nganaenganae_d2963fc2-2646-4f7d-a595-8020db73f699,kit,nganaenganae,mod.,,,,,ŋanaeŋanae,
nganzig_ed3a038c-d49c-4d7e-b580-248bace0d4d1,kit,nganzig,t.v.,,,,,ŋanziɡ,
ngange_9bf991c9-de64-4b79-b0a2-78d650f7ee1c,kit,ngange,t.v.,,,,,ŋaŋe,
ngangem_39f97d50-e8aa-4389-9a17-72a949b3beb8,kit,ngangem,t.v.,,,,,,
ngangeyang_01f83d53-1508-4502-a46d-0ee791bcf52e,kit,ngangeyang,n.,,,,,ŋaŋejaŋ,
ngangleb_aba962b9-d704-4eda-8af3-6b94b20d326b,kit,ngangleb,t.v.,,,,,ŋaŋleb,
Ngao_6394ad1f-2acf-40f6-90db-09af86313bed,kit,Ngao,prop.n.,,,,,ŋao,
ngarängg_3d4778f9-0340-4357-9d11-c246f38fe21d,kit,ngarängg,t.v.,,,,,'ngarängg,
ngas~_2af6d91b-d1b9-4148-b068-ee18499430dc,kit,ngas,,,,,,,
ngasa_9cd78382-eb38-4245-a896-d00fc1f0f35d,kit,ngasa,,,,,,,
ngase_bad6f21d-c267-4ec6-a205-1a8e00ff7dd7,kit,ngase,TAM particle,,,,,,
ngaseka_497f12b1-6492-4ee7-8f78-3af25ca3b719,kit,ngaseka,,,,,,,
ngasekäma_af928d27-ebc6-4a19-a07c-29b694f6178f,kit,ngasekäma,TAM particle,,,,,,
ngaska_f3162315-3445-420f-833b-838c037b86b4,kit,ngaska,,,,,,,
ngaskäma_76fe11ee-9c78-41d7-b1bd-85baa986ec94,kit,ngaskäma,,,,,,ŋaskəma,
ngaskma_cefaa4c6-5081-451d-88ab-f94a9429ebb2,kit,ngaskma,,,,,,,
ngasnges_03ca7c30-3d5a-40f5-a5de-a489fdbba137,kit,ngasnges,t.v.,,,,,,
ngata_568a26d0-ded0-4b68-81e8-1ed67541d98f,kit,ngata,n.,,,,,ŋata,
ngata~_7542444a-b64a-4a46-befc-d81ef81939a2,kit,ngata,,,,,,,
ngatae_8562f0e9-d8f2-4f47-8fef-90d243fcad30,kit,ngatae,t.v.,,,,,,
ngata me_7d3c52b3-b164-492a-a962-1f85f2432716,kit,ngata me,adv.,,,,,,
ngatangata_76a7bb05-c68d-429a-aeda-f55ee3fa0c99,kit,ngatangata,n.,,,,,,
ngatengate_4921eb86-0ad2-4504-a054-8cf810f36ec4,kit,ngatengate,n.,,,,,ŋateŋate,
ngatt_feeebb12-b95f-42f8-aac7-24fb3f8c1dfb,kit,ngatt,n.,,,,,ŋaʈ͡ʂ,
ngattong_a56ac947-ad74-4d1a-80d2-47d676fd311b,kit,ngattong,Ordinal numeral,,,,,ŋaʈ͡ʂoŋ,
ngattongattong2_2af415b7-9e15-443b-ad3f-d8c660060982,kit,ngattongattong,mod.,,,,,,
ngattongattong1_a79e36d1-94aa-4b78-9dcf-bed3e5ccfec6,kit,ngattongattong,adv.,,,,,,
ngattong mullmull_09aa28b8-6393-472d-ae09-33479dd073b1,kit,ngattong mullmull,n.,,,,,ŋaʈ͡ʂoŋ muɽmuɽ,
ngä~_38beddac-f27a-4e3e-9e2f-22f97ad27c6f,kit,ngä,,,,,,,
ngäd~_60ea1166-fc9f-49c9-88c0-61fefc153520,kit,ngäd,,,,,,,
ngädnan~_71d3a4b4-f80b-41de-9211-08159c59fece,kit,ngädnan,,,,,,,
ngädngäd_25334727-73ea-4f80-b423-c1a92f22046d,kit,ngädngäd,i.v.,,,,,ŋədŋəd,
ngälen_8734bb61-d424-40e2-ad0d-4fe564c3b6ae,kit,ngälen,,,,,,ŋəlen,
ngälngäl_42e407ff-3920-401e-8f32-033c208101a3,kit,ngälngäl,mod.,,,,,ŋəlŋəl,
ngäll~_11471485-a7f7-4827-9947-e617beb9fd17,kit,ngäll,,,,,,,
ngälla~_0cb45bf4-df81-4b1f-ad11-8532c222f185,kit,ngälla,,,,,,,
ngälladab_27ed3667-242f-4175-9fd8-f8151deeb5f6,kit,ngälladab,v.,,,,,,
ngällae_309e53ab-9ffb-4351-b9d7-3faf912df1a6,kit,ngällae,i.v.,,,,,ŋəɽae,
ngällban_2df62396-4c2a-4147-9361-9ae524695b0c,kit,ngällban,,,,,,ŋəɽban,
ngällbän_62dba2a5-e8f0-4f97-815b-4f7ceb1618dd,kit,ngällbän,i.v.,,,,,ŋəɽbən,
ngällngäll_192d21bf-7442-46e3-84cc-72a45000c4a4,kit,ngällngäll,t.v.,,,,,ŋəɽŋəɽ,
ngäma_750b5efa-593b-4097-ba3a-99c16481d09c,kit,ngäma,pro.,,,,,ŋəma,
ngämae_305a177c-7f46-494f-8892-d0b7bd0f6cb3,kit,ngämae,i.v.,,,,,,
ngämaene_288f8b37-d9e0-41d4-a5eb-edc64623ebf9,kit,ngämaene,pro.,,,,,,
ngämangäma_ff88f76e-c573-4677-889d-863f36113932,kit,ngämangäma,pro.,,,,,,
ngämar_187ca0e5-393e-4898-a846-dbb7fbad14bb,kit,ngämar,t.v.,,,,,,
ngämälle_3b50726e-dd19-4210-b85e-dc7047abb358,kit,ngämälle,,,,,,,
ngämäne_78ea17a2-6fda-42a1-81b0-97201b96ce33,kit,ngämäne,,,,,,,
ngämen_3ffebb1c-c2cf-4dad-b477-14f2fa03e484,kit,ngämen,t.v.,,,,,ŋəmen,
ngämene_b0d03de1-c32f-4b57-a80f-04cc85ec933c,kit,ngämene,pro.,,,,,,
ngämengäme_91c2e9d5-bc61-49f8-91fb-70d1ceb02542,kit,ngämengäme,n.,,,,,ŋəmeŋəme,
ngämi_9a294c45-2af4-4879-8120-9eb76dc0489f,kit,ngämi,pro.,,,,,ŋəmi,
ngämim_623b4e6a-a9c3-4205-a5db-83b17b9190ba,kit,ngämim,pro.,,,,,ŋəmim,
ngämingg_cdc40dc2-9011-4418-8844-df5252ac7a74,kit,ngämingg,i.v.,,,,,ŋəmiŋɡ,
ngäminggag_168c9164-a9de-4bde-8db7-b11b09dd967b,kit,ngäminggag,mod.,,,,,ŋəmiŋɡaɡ,
ngämira_992478f9-54be-47be-80f7-34fe0b935b08,kit,ngämira,pro.,,,,,,
ngämlla_c8d0bab9-d55f-46c5-b40a-c8eb6fbdd359,kit,ngämlla,,,,,,,
ngämlle_6ba43ceb-db09-4634-baff-4f468e4b1da0,kit,ngämlle,pro.,,,,,ŋəmɽe,
ngämne_f536aa37-24bb-419d-a8eb-442493651056,kit,ngämne,,,,,,,
ngämo_09327aa4-57ad-4a84-95df-36124d17556e,kit,ngämo,pro.,,,,,ŋəmo,
ngämral_1bcbf82c-208d-43c5-b450-0fc20dd3e445,kit,ngämral,n.,,,,,ŋəmral,
ngän_7d4fd61c-268a-4f7c-8b52-3554cd7f2bb9,kit,ngän,n.,,,,,ŋən,
ngäna2_249da006-1155-4295-b0b1-f0a99b24fd85,kit,ngäna,,,,,,,
ngäna1_727e6f97-4708-4f69-a6d9-e5dcc45219fc,kit,ngäna,pro.,,,,,ŋəna,
ngäna~_d256b66d-f4ad-40c7-a5ea-ba4f90537114,kit,ngäna,,,,,,,
ngänaeka_9bae27e6-2209-423f-ac2f-875284ba5a1f,kit,ngänaeka,cov.,,,,,ŋənaeka,
ngänaekangänaeka_08749bc2-85f8-4b83-93aa-b15131e1066e,kit,ngänaekangänaeka,cov.,,,,,ŋənaekaŋənaeka,
ngänaeka pollongg_d9399fb7-c3fa-4d9a-b086-9868004fafc3,kit,ngänaeka pollongg,comp.v.,,,,,ŋənaeka poɽoŋɡ,
ngänaeka täräm_29f9b7ef-f5db-4186-a731-945a6828ca28,kit,ngänaeka täräm,n.,,,,,,
ngänaekongänaekong_b5a27f26-dc8c-4c9a-8d8b-6982ee6c20ca,kit,ngänaekongänaekong,adv.,,,,,,
ngänam_7cafcd85-f9ea-45ea-8c83-b8cab44f5d99,kit,ngänam,t.v.,,,,,ŋənam,
ngänameny_5c33d50e-54bf-475e-a0ce-92d9df154003,kit,ngänameny,mod.,,,,,,
ngänammeny_25522ff3-de58-4112-821d-0960c77a0dd3,kit,ngänammeny,,,,,,,
ngänangänong_955d3260-a5d4-46e0-bc6f-8cccdc485a07,kit,ngänangänong,,,,,,,
ngänaurur_bd5dae6a-c294-469f-859f-b046a41b7702,kit,ngänaurur,cov.,,,,,ŋənaurur,
ngänawa_337e88d7-da69-40ee-857f-5aa1b1f28378,kit,ngänawa,pro.,,,,,ŋənawa,
ngänawaeben_138d0060-dcbf-4154-b74b-fba50098fd37,kit,ngänawaeben,cop.,,,,,,
ngänawaenen_7602fb89-35d2-4330-b4dc-e201b00850dc,kit,ngänawaenen,cop.,,,,,ŋənawaenen,
ngänäm_4e38f440-ed43-4778-88df-c23331f25218,kit,ngänäm,pro.,,,,,ŋənəm,
=ngänäm_b633c3b9-ebc9-44f8-9048-d0b466c75cf1,kit,=ngänäm,nom.clt.,,,,,ŋənəm,
ngänngän_a3a4f0cc-3825-42b4-b088-bbfd5edd5e9b,kit,ngänngän,i.v.,,,,,ŋənŋən,
ngänongg_d4828c7e-9cad-4499-980a-6e10e9470a1a,kit,ngänongg,i.v.,,,,,ŋənoŋɡ,
ngänttäg_b56b9529-e27a-402e-b05a-f84368c3b4c5,kit,ngänttäg,i.v.,,,,,ŋənʈ͡ʂəɡ,
ngängäll käm_06d3bff4-fcd9-408f-802d-cb078c30f237,kit,ngängäll käm,n.,,,,,ŋəŋəɽ kəm,
ngänglam_aa75541d-6345-4962-838b-177aff80b38b,kit,ngänglam,i.v.,,,,,ŋəŋlam,
ngänyanyemmeny_15bd46c9-f10c-4f4d-bb48-e6910e59513b,kit,ngänyanyemmeny,mod.,,,,,ŋəɲaɲemmeɲ,
ngänyngäny_c22ec29e-df2d-4161-9439-e5df2fc550b0,kit,ngänyngäny,t.v.,,,,,ŋəɲŋəɲ,
ngäs_662c3ccf-2783-4553-b397-96df29d8013f,kit,ngäs,i.v.,,,,,ŋəs,
ngäs~_8ef8fbe3-455e-4478-b5e6-7254ac442da1,kit,ngäs,,,,,,,
ngäsangngäsang_dcb110b0-76c1-4845-99a3-da3fc71a4771,kit,ngäsangngäsang,adv.,,,,,,
ngäse~_f9c15680-6b8d-48a7-a49e-0afff140b0c9,kit,ngäse,,,,,,,
ngäsengäse_dae08b38-7aaf-42b7-bd16-84e635540e56,kit,ngäsengäse,adv.,,,,,ŋəseŋəse,
ngätae_ebc99180-a60d-42bc-9eaa-6a494abe6c56,kit,ngätae,t.v.,,,,,,
ngätt_fa97eafd-7981-496a-aed1-1a630c35feb6,kit,ngätt,n.,,,,,ŋəʈ͡ʂ,
ngättangätta_849ecb76-3a42-44d5-8784-f773f5c950c7,kit,ngättangätta,t.v.,,,,,ŋəʈ͡ʂaŋəʈ͡ʂa,
ngättangätte_03577aa1-cbc1-4212-a11d-0b1c2555e4b4,kit,ngättangätte,t.v.,,,,,ŋəʈ͡ʂaŋəʈ͡ʂe,
ngättäma_4baefb1f-1872-41a7-b8db-8848be37e175,kit,ngättäma,n.,,,,,ŋəʈ͡ʂəma,
ngättma_b96deb13-2900-4f7b-81aa-f777d2d58b41,kit,ngättma,,,,,,ŋəʈ͡ʂma,
nge_c906b3a9-5559-41d4-b485-4deb9e0b43da,kit,nge,n.,,,,,ŋe,
Ngeba_050e1e30-b235-4536-b659-3980b4d46d17,kit,Ngeba,prop.n.,,,,,ŋeba,
nge dara dara pite_16f25fd7-2265-4caf-bbe7-0acadc78347b,kit,nge dara dara pite,n.,,,,,ŋe dara dara pite,
nge dɨdɨr_63e884c3-8b52-4c7c-8935-3e62808175e3,kit,nge dɨdɨr,n.,,,,,ŋe dɪdɪr,
nge ibeny_c129421a-d4c9-4aff-9195-9d5cf84f6f95,kit,nge ibeny,n.,,,,,ŋe ibeɲ,
nge id_96e72214-8464-47b7-899d-4d065cfcb004,kit,nge id,n.,,,,,ŋe id,
nge ine_206eef3f-12a0-4683-bbf9-3ae2a0844d84,kit,nge ine,n.,,,,,ŋe ine,
ngem_53e644cf-761a-4c2c-9816-be7bf70d73e0,kit,ngem,n.,,,,,ŋem,
nge pollgo_84d1c992-a761-47aa-97ac-7babd458c21c,kit,nge pollgo,n.,,,,,ŋe poɽɡo,
nge popo_222e3837-7f66-435c-ae65-3f201639fc0f,kit,nge popo,n.,,,,,ŋe popo,
Ngerbab_11dcf280-d129-45d7-9d8a-08e5b2034e3f,kit,Ngerbab,prop.n.,,,,,ŋerbab,
ngetae_6d112dc8-6bb4-4dcd-9442-7e5f57acba80,kit,ngetae,t.v.,,,,,ŋetae,
ngetam_fe76c12d-ba1c-4fa4-9004-6f5c68fe0004,kit,ngetam,i.v.,,,,,ŋetam,
nge tärmir_bfb1ae3b-2b6f-4a58-b149-db70c843d981,kit,nge tärmir,n.,,,,,ŋe tərmir,
nge tikop_cbab7f83-134e-43fd-9591-381e03ac5b24,kit,nge tikop,n.,,,,,ŋe tikop,
nge ttam_c120ec6f-6ec9-44f7-8cc6-a76973c45276,kit,nge ttam,n.,,,,,ŋe ʈ͡ʂam,
ngleg_f62bec03-cf8c-44d0-a673-b11f7224b2a5,kit,ngleg,t.v.,,,,,ŋleɡ,
ngllongg_fa8a0fda-5fc7-4caa-b98f-0d1544d58eb2,kit,ngllongg,t.v.,,,,,,
ngoe_d4c51adc-91d6-4047-9044-2a18ea04bd1c,kit,ngoe,,,,,,,
ngoeang_a3c07ef0-8bbb-4c9c-898e-76776b27ae64,kit,ngoeang,n.,,,,,ŋoeaŋ,
ngoetrangoetra_ace03361-5395-47df-b227-f5528aeb2756,kit,ngoetrangoetra,n.,,,,,ŋoetraŋoetra,
ngoi2_41445f12-329b-4785-a9f8-e8ca8563c85c,kit,ngoi,n.,,,,,ŋoi,
ngoi1_97b82eba-ff6c-43dc-89e3-2516043986fb,kit,ngoi,cov.,,,,,ŋoi,
ngok_b3b10faf-b2be-4789-89ef-d5e9bec98219,kit,ngok,Ideophone,,,,,ŋok,
ngokngok_2124330b-b0f2-4a4d-89aa-11b5b9261d11,kit,ngokngok,n.,,,,,ŋokŋok,
ngolo_da42eeb3-681d-4b02-8d53-7938e2d5a6e1,kit,ngolo,n.,,,,,ŋolo,
ngolloe_ffadd222-0d55-4474-ad9f-3f0fb60eb6d2,kit,ngolloe,t.v.,,,,,,
ngollot_0f9d7d25-87a2-473a-8513-fc591c0822cc,kit,ngollot,t.v.,,,,,,
ngon_45d6a30b-04a7-4590-a3f4-b7ac88e474e6,kit,ngon,cov.,,,,,ŋon,
ngonenngonen duwem_1434c04d-2ecc-4f3c-8bb3-458512d0f1cb,kit,ngonenngonen duwem,cov.,,,,,ŋonenŋonen duwem,
ngonoe_b370ce92-1955-420a-a209-83f522078c4c,kit,ngonoe,t.v.,,,,,ŋonoe,
ngonoe eka_4a0b2a19-f1c1-4ff5-b8bd-c300fed9f0d9,kit,ngonoe eka,n.,,,,,,
ngonongg_931020df-8680-47da-95fa-fb60710bae70,kit,ngonongg,i.v.,,,,,ŋonoŋɡ,
ngongo_f86b2197-df32-45c1-9682-1cd0c962d6ac,kit,ngongo,t.v.,,,,,ŋoŋo,
ngongop_f3eddb47-d754-44d1-8f22-46a6832e6ecc,kit,ngongop,t.v.,,,,,ŋoŋop,
ngowangowe_9bb3e827-b9c3-430a-912c-d45ab683f022,kit,ngowangowe,mod.,,,,,ŋowaŋowe,
nyaknen_022e70d8-f05f-4660-863f-1270290aab66,kit,nyaknen,i.v.,,,,,,
nyamäll_62a3bf6c-0180-4332-bd3e-0bc619d33b30,kit,nyamäll,i.v.,,,,,ɲaməɽ,
nyamällatt_2e4585a4-6617-468a-9265-0ae72a000944,kit,nyamällatt,Kinship noun,,,,,ɲaməɽaʈ͡ʂ,
nyamnen_ecf3579b-2266-4fa3-ad2b-985d4fa3f717,kit,nyamnen,t.v.,,,,,,
nyan_bfb934d1-bfcd-425b-96c4-16b66932cde7,kit,nyan,n.,,,,,ɲan,
nyanun_b2ee7303-7f2c-4bac-a37b-760490ee00e1,kit,nyanun,n.,,,,,ɲanun,
nyanyem_580b68ee-eabb-41a1-9ba2-5ce0bbf6bfa9,kit,nyanyem,t.v.,,,,,ɲaɲem,
nyanyu_b23b4746-5f56-4acf-97c2-52929e9ebe28,kit,nyanyu,n.,,,,,ɲaɲu,
nyaraman_25ac5041-acd9-40cc-a604-54d81b55e73f,kit,nyaraman,n.,,,,,ɲaraman,
nyägae_1accc6c8-12f7-492b-aace-fd0baab83a23,kit,nyägae,i.v.,,,,,ɲəɡae,
nyäkiyam_2f2bf2cc-646a-4754-bfa1-4991f011e0c1,kit,nyäkiyam,n.,,,,,,
nyäkukub_22793a46-1671-47b6-8a69-176b8218ebbf,kit,nyäkukub,n.,,,,,ɲəkukub,
nyämae~_f580ed45-84d9-415c-a05f-429f652743c4,kit,nyämae,,,,,,,
nyämaenyämae_960e1811-65ac-4270-8c36-c0be5109a216,kit,nyämaenyämae,t.v.,,,,,ɲəmaeɲəmae,
nyäng2_b5371d0e-c1c9-43c4-965e-dfe3d81d25f4,kit,nyäng,i.v.,,,,,ɲəŋ,
nyäng1_d8f9d9bc-713e-4380-82c8-609061289128,kit,nyäng,n.,,,,,ɲəŋ,
nyängkallbidd_eb126f0e-aaad-4802-8df3-025f06205746,kit,nyängkallbidd,n.,,,,,ɲəŋkaɽbiɖ͡ʐ,
nyängkallddäb_f629a2e4-4d1c-41ce-8a1a-184f1dcb0e3e,kit,nyängkallddäb,n.,,,,,ɲəŋkaɽɖ͡ʐəb,
nyängoe_0bd5a662-c425-4196-8ae6-f17cb1e7fd4c,kit,nyängoe,t.v.,,,,,ɲəŋoe,
nyäng tär_d7d30508-3df9-41fc-9f17-305786dfe519,kit,nyäng tär,n.,,,,,,
nyäny_1c8c93cf-ceda-4179-bfc9-ff45a84ebf62,kit,nyäny,t.v.,,,,,ɲəɲ,
nyänye_b8003fc7-2d3f-41b7-9466-53573c4db6e2,kit,nyänye,t.v.,,,,,,
nyärab_f71ef40f-d436-4363-ac5e-8de03c0b62e6,kit,nyärab,i.v.,,,,,ɲərab,
nyärmeny_e7790f85-10c5-4ab3-8829-11cac0699652,kit,nyärmeny,n.,,,,,ɲərmeɲ,
nyäroe_1597f084-08e9-447d-a840-0ea3ead87d01,kit,nyäroe,i.v.,,,,,ɲəroe,
nyärpae_11e505e5-a515-46bf-b92e-741c7b46619d,kit,nyärpae,i.v.,,,,,ɲərpae,
nyeny_67c3aded-9d3b-4cda-b208-6230797cec36,kit,nyeny,n.,,,,,ɲeɲ,
nying_95e35568-fdae-428b-a41e-d0f9d7abd1ac,kit,nying,n.,,,,,ɲiŋ,
nyinggulgul_0a14b60e-8850-4922-9d17-1ad36c3cbbcf,kit,nyinggulgul,n.,,,,,ɲiŋɡulɡul,
nying kollop_bf33fb8d-437d-4ad0-a4a6-39ad6f686e93,kit,nying kollop,n.,,,,,ɲiŋ koɽop,
nying lläbe_c28e9ac3-4e78-45bb-8cfe-6e285d5e180a,kit,nying lläbe,n.,,,,,,
nying lläpät_468a1553-14f5-40b3-9304-b05436c7030c,kit,nying lläpät,n.,,,,,,
nyingnying_0141c598-fb77-4c06-ac6e-82e35415710a,kit,nyingnying,n.,,,,,ɲiŋɲiŋ,
nying tongoe_733520a9-7b83-4f67-859d-f645b8f718c2,kit,nying tongoe,n.,,,,,ɲiŋ toŋoe,
nying ttoe_538cae0d-70d3-4b3a-8a41-ecadd379f2a2,kit,nying ttoe,n.,,,,,,
nylib_07cfbd7a-bd3e-45df-ad36-c34f56ce864f,kit,nylib,n.,,,,,,
nyonga_3109276e-11b3-4a57-8803-8dee92712288,kit,nyonga,n.,,,,,ɲoŋa,
nyongkoe_84a59086-33c5-4b9e-ad52-f5b62426730c,kit,nyongkoe,t.v.,,,,,ɲoŋkoe,
nyongo_534fea8e-ecd8-4164-a3f2-ee5d630d024a,kit,nyongo,n.,,,,,ɲoŋo,
nyongo taempägag_c800a7e9-6b29-4608-8b1a-4e69496f6f8b,kit,nyongo taempägag,n.,,,,,,
nyukukum_6b0cf725-297d-44a3-9ec8-fd8631474f47,kit,nyukukum,n.,,,,,ɲukukum,
o2_12050ba6-200a-427a-859e-e62eb65d44bd,kit,o,mod.,,,,,o,
o3_304299cc-f98f-4fc9-a5ff-a3ed7d5a22c8,kit,o,interj.,,,,,,
o-_4dea8f97-8065-4985-a86b-620dcb6a22d6,kit,o-,i.v.,,,,,o,
=o_8743c498-bf8b-4b4f-be38-fa48ba22567d,kit,=o,Discourse clitic,,,,,o,
o1_bc20ff73-af0f-4337-bed3-c517ec6723eb,kit,o,coord.conn.,,,,,o,
oba2_5e5e804b-a866-4f8f-9ef9-bbbfc75e3369,kit,oba,sub.con.,,,,,,
oba1_ade8a87b-5f2b-4d48-981a-2c1ace457cc1,kit,oba,pro.,,,,,oba,
obaene_fc0e090b-3e05-4288-9db5-8bb920d7e341,kit,obaene,pro.,,,,,,
Obama_d9610444-4c3d-4614-8698-0cccf9ceaadd,kit,Obama,prop.n.,,,,,,
obaoba_b81f49c7-264e-41c3-874d-16f863954693,kit,obaoba,pro.,,,,,obaoba,
obazaga_49232930-1612-43e6-820d-5463c08853ec,kit,obazaga,pro.,,,,,,
obä_ac95a87a-6e9f-4833-bea0-c59f6dc7d2be,kit,obä,pro.,,,,,,
obäne_3009c76c-3f0d-46bd-9615-95ed63fbf261,kit,obäne,,,,,,,
obene_0e6d9a74-0179-4cc9-ba2d-0d73a43f15c5,kit,obene,pro.,,,,,obene,
obergaban_30f99ef5-187f-4f37-9c93-694883068754,kit,obergaban,n.,,,,,oberɡaban,
Obewa_1d58641e-9f1b-47c0-a1ff-2a8ef529d3d2,kit,Obewa,prop.n.,,,,,obewa,
obi_3628c6d2-e2a7-4d70-af15-662fa990fe4d,kit,obi,,,,,,obi,
oblle_985d1465-4936-4be2-a385-008fd81b7991,kit,oblle,pro.,,,,,obɽe,
obne_cb3493d8-ea3b-4186-8ad8-aae07fc93a7c,kit,obne,,,,,,,
obo_7a6ff1be-d7cd-4eb8-8034-378122f62508,kit,obo,pro.,,,,,obo,
oboll_9450f564-bacd-495a-834e-69277e6fef98,kit,oboll,n.,,,,,oboɽ,
obom_04e9b01a-6f47-4977-bfc0-41900f848b6c,kit,obom,pro.,,,,,obom,
oboobo_f172e33c-0a1d-418b-a151-c09772a6f47f,kit,oboobo,pro.,,,,,oboobo,
obosasa_32e07af5-fec5-420f-8fda-5bbd8132b608,kit,obosasa,n.,,,,,obosasa,
obo zaga_4cd71460-08f7-403a-95f2-99b61ddd1924,kit,obo zaga,,,,,,,
obozaga_79dd8875-5cde-4f63-9f83-2db56cb29084,kit,obozaga,pro.,,,,,,
obzaga_07d5afa0-e1b8-46b8-85b1-9a29f2ff48b7,kit,obzaga,,,,,,,
od_db929367-3c5f-4f2f-9e01-163696bc9569,kit,od,n.,,,,,od,
odaode_3f137907-de64-4847-bed3-e3fcb91d1559,kit,odaode,,,,,,odaode,
odoolo_965465e7-7cfc-4d69-98d6-2df061d2c1a5,kit,odoolo,n.,,,,,odoolo,
of_9edbc6d1-8e45-4f76-9da0-8aab4d961618,kit,of,,,,,,,
officer_17f87a73-1a91-438e-b93a-188a79442bdb,kit,officer,,,,,,,
Ogbaperma_70b9deec-193a-4b22-b75d-fea30f7fb46b,kit,Ogbaperma,prop.n.,,,,,oɡbaperma,
ogo_d2273e66-f630-47cc-844a-46f45afade83,kit,ogo,v.,,,,,,
Ogoa_edf3a525-e8bc-4398-b854-a9c63c24d28d,kit,Ogoa,prop.n.,,,,,oɡoa,
ogog_f53f325d-fca2-4252-b593-7cb45bbcf890,kit,ogog,n.,,,,,oɡoɡ,
oi_c1e200de-9fb2-4df7-9bc3-140b4edf02ad,kit,oi,interj.,,,,,oi,
ok_fcf2fa27-42f5-419b-ab50-72a5d9043516,kit,ok,interj.,,,,,ok,
oke_6d82b34a-0b9e-420e-9675-4a486d6075f1,kit,oke,interj.,,,,,oke,
o klak_ec461ec4-3baa-472f-b27b-d1e2d38ce568,kit,o klak,adv.,,,,,,
o klok_78cae647-5ed5-4c12-8f6f-7f9a8420667c,kit,o klok,,,,,,,
oknen ma_7d1153cd-0d1b-4e29-9615-0a82aca6a96c,kit,oknen ma,n.,,,,,oknen ma,
okok_f5ec53cf-5e50-4565-a36d-07994d855b15,kit,okok,t.v.,,,,,okok,
okokol_d0a5ac3e-9ba4-4e92-bd06-a82bf9672eae,kit,okokol,cov.,,,,,okokol,
okookol_3f5d0a90-231a-43cd-b076-14b4cd195e9f,kit,okookol,n.,,,,,okookol,
ol1_74e5f48d-eecf-491b-b682-fc111b722511,kit,ol,n.,,,,,,
ol2_cb546339-fd21-491c-b42d-e2464ab62ba5,kit,ol,,,,,,,
Olalea_7d561a8a-5783-4dfc-a8aa-5c85be4a16d5,kit,Olalea,prop.n.,,,,,olalea,
old_7030c989-173a-472d-9978-bd76f576d7f9,kit,old,,,,,,,
Old Maoto_ea4d6404-5169-499e-be95-a0f16d83c374,kit,Old Maoto,prop.n.,,,,,old maoto,
olib_7dba61de-7bfd-440e-bb64-7f1382ce9544,kit,olib,n.,,,,,,
olmapänyik_623fa39b-5754-49e5-9606-546562e196c4,kit,olmapänyik,n.,,,,,olmapəɲik,
olmopäga_cb313762-d3bc-419f-98f7-997994d7be67,kit,olmopäga,n.,,,,,olmopəɡa,
oll_4c0a4b6c-c583-4a59-912a-46f3cda916ed,kit,oll,n.,,,,,oɽ,
olle_5810feb9-cfba-4712-9546-fccfdd51cbc5,kit,olle,cov.,,,,,oɽe,
=olle_c8e647c7-ab46-4042-8993-c2258cc33952,kit,=olle,nom.clt.,,,,,,
ollondd_eb5eda99-aa3b-48d5-80a3-5f2d1b8e7e53,kit,ollondd,n.,,,,,oɽonɖ͡ʐ,
ollong_f0c6906f-88f8-497b-89de-13a9abd12d64,kit,ollong,n.,,,,,oɽoŋ,
omad_e7bc7911-2e27-430f-ad41-cb202b958527,kit,omad,n.,,,,,omad,
omawe_9c696493-2360-41ae-88ae-1c9d86b6296b,kit,omawe,n.,,,,,omawe,
omäg_4545868d-b564-40bc-a7aa-9a0151a2a770,kit,omäg,n.,,,,,oməɡ,
omägag_6582e130-780f-4445-a219-6d7862f34b75,kit,omägag,n.,,,,,oməɡaɡ,
omgälgäl_3b6a4bb9-013e-40e6-a2c5-7cd63fd72a38,kit,omgälgäl,n.,,,,,omɡəlɡəl,
omog_6d912ae0-e7f3-4176-b293-0ffa245c942b,kit,omog,,,,,,,
omom_2fc7cbdd-e494-4e84-91f6-e7a0121d8650,kit,omom,t.v.,,,,,omom,
one_be011c3b-727c-4262-8e8e-11602fed01ce,kit,one,,,,,,,
Ono_38f91c93-418f-467a-bcd6-1cf0002d962c,kit,Ono,prop.n.,,,,,ono,
Ongg_e1facbab-9ff1-4a92-9758-f00524aaa83c,kit,Ongg,prop.n.,,,,,oŋɡ,
onggall_fa2b34c5-535d-4f1b-98d0-b645e539c6a7,kit,onggall,n.,,,,,oŋɡaɽ,
ony_e7ed9efe-2759-4eb2-95fb-627004e4f5c4,kit,ony,t.v.,,,,,oɲ,
O-o-o_2d3bfa6d-7d8b-41be-a364-7d07d5c160d0,kit,O-o-o,interj.,,,,,,
opa_57c08003-3799-4797-851f-9a148d5a2b99,kit,opa,n.,,,,,opa,
opap_d967f4eb-8611-4d98-b515-96f63fe20235,kit,opap,t.v.,,,,,opap,
opa ttangtte_1333f41c-66da-44a3-9643-ab5dff487aeb,kit,opa ttangtte,n.,,,,,opa ʈ͡ʂaŋʈ͡ʂe,
ope_87fc23c9-2c29-4d74-9983-1c1c47d35a7d,kit,ope,,,,,,,
open_2b4a1ac3-189b-4323-9429-c76fa43f1e37,kit,open,,,,,,,
Opo_d4513a3f-4d53-415d-9cda-5a2c668e756d,kit,Opo,prop.n.,,,,,opo,
opodo_4890f071-76eb-488f-98f4-5740a14e5c34,kit,opodo,n.,,,,,opodo,
opop_50211841-558d-4af3-9bff-0c5757f86ce0,kit,opop,v.,,,,,,
or_2076e977-a585-4c67-9f2f-949f8e199d23,kit,or,,,,,,,
orbam_8e3806ea-c3ab-4f80-98e0-f967a7423c63,kit,orbam,n.,,,,,orbam,
Oriomo_33ee7d2c-a2cd-4b6a-b52a-5db717c09a7e,kit,Oriomo,prop.n.,,,,,,
Orpmang_406cabca-bb68-4711-b3a5-386c978332da,kit,Orpmang,prop.n.,,,,,,
orwa_951d4c7d-dd2f-4116-bb90-14b2bc39682b,kit,orwa,n.,,,,,orwa,
osne_2fd8821e-e5c0-456d-aff8-f2adc7d07fcd,kit,osne,n.,,,,,osne,
ospel_e71835f8-7397-468b-bca7-f6a97637c602,kit,ospel,n.,,,,,ospel,
ospitol_0f358390-96e9-4ae5-b12b-63cd5fb9e471,kit,ospitol,,,,,,,
otal_daef7cef-6bf0-4c5a-bd76-21c8c8bcf344,kit,otal,i.v.,,,,,otal,
otät_734427f5-67ee-444f-82a3-6b9e2f96ed8b,kit,otät,t.v.,,,,,otət,
otät ngänaeka ttoen_f8a761ac-ebc4-49ce-ad16-04678bb72b4b,kit,otät ngänaeka ttoen,n.,,,,,otət ŋənaeka ʈ͡ʂoen,
otät yu ma_c275b1bd-fece-4abb-9423-b70ace2ccb87,kit,otät yu ma,n.,,,,,otət ju ma,
otnan ma_59651b3a-e459-413e-9ad0-103f98ed3937,kit,otnan ma,mod.,,,,,otnan ma,
ottam_491123e2-f87c-4767-adcc-841caba26c84,kit,ottam,v.,,,,,,
Ouli_d279e958-a399-4c14-ad30-0040502638a4,kit,Ouli,prop.n.,,,,,ouli,
owel_a9a46cac-447f-418d-a015-147c2623eeaf,kit,owel,n.,,,,,,
pa~_00dd8841-7810-4d6c-b661-0e553912b79e,kit,pa,,,,,,,
pa_ae5a4988-fbcb-4af7-83b1-21b915742129,kit,pa,n.,,,,,pa,
padiem_d2249c89-cc39-4645-a8fb-346d6b4194bf,kit,padiem,n.,,,,,padiem,
paeb_ab452850-a8f3-4268-817c-02defece3f0c,kit,paeb,num.,,,,,paeb,
Paeke_ab344f25-7d60-47a2-a1fa-729bf64399aa,kit,Paeke,prop.n.,,,,,,
Paelet_a8c78b1f-cc60-43a3-83c8-60653360ba64,kit,Paelet,prop.n.,,,,,paelet,
paen_0fdb44b2-5f18-4467-8101-5857322c7623,kit,paen,n.,,,,,,
paengg_00cbef37-c91b-4239-a5ba-268b1bf7bbe0,kit,paengg,t.v.,,,,,paeŋɡ,
pag_d8993267-dc2f-4de2-a007-6fd7d5f3630b,kit,pag,n.,,,,,paɡ,
paib_fbfdcec2-d063-4048-8e5f-108fffb10f23,kit,paib,,,,,,,
Paine_9e4cea84-7121-43f6-a80b-cec65bbe35ec,kit,Paine,prop.n.,,,,,paine,
paitt_f88aaa58-e438-4e24-8e4e-1047a9546062,kit,paitt,n.,,,,,,
pakätt_abe007ea-6e7c-42a3-9697-87c1fcc0ed2c,kit,pakätt,n.,,,,,pakəʈ͡ʂ,
paklle_0bfe0977-755e-49db-948a-2155aeebf42f,kit,paklle,n.,,,,,pakɽe,
Pakllepakllemäll_e70bb447-bffe-48fe-bc3b-8c699ac1878c,kit,Pakllepakllemäll,prop.n.,,,,,pakɽepakɽeməɽ,
pa kom_c7f6c905-3b00-442f-bee8-ee5a92fe15ec,kit,pa kom,n.,,,,,,
pakos_69aeb22c-16a7-494d-be6a-f5edb8cd3267,kit,pakos,n.,,,,,pakos,
palament_0470da96-564a-40cb-9cdc-128e612d4e2b,kit,palament,n.,,,,,,
pale_bf192235-2779-41ab-a473-8fb03b922673,kit,pale,n.,,,,,pale,
Palsa_e192e4dd-07a2-413d-81b4-8a165d3f61c7,kit,Palsa,prop.n.,,,,,,
pall_57129bdc-2ae1-4fac-b968-2fd4fecd4c04,kit,pall,n.,,,,,,
pallall_87979a52-9968-4708-a497-c20276328497,kit,pallall,n.,,,,,paɽaɽ,
pallam_b40229a9-73a5-4cf2-bc51-f58b4921980c,kit,pallam,t.v.,,,,,paɽam,
pallängkmeny_e421583e-8661-43fc-8657-99794a000b3b,kit,pallängkmeny,t.v.,,,,,paɽəŋkmeɲ,
pallkeakeya_fcbc31f8-001b-46ec-8ac0-c61a97f73a5c,kit,pallkeakeya,n.,,,,,paɽkeakeja,
pallkepallke_4da3343d-eabe-43e3-bc33-27da268e8269,kit,pallkepallke,,,,,,paɽkepaɽke,
pallkoll_291883be-3ae8-4ad9-bb22-a2ed35d66d95,kit,pallkoll,n.,,,,,paɽkoɽ,
pall kottllam_bb7ab6db-7256-4801-863e-990bf602bbb1,kit,pall kottllam,n.,,,,,,
pall kubull_57a519f6-8256-4329-b4e9-f019d572358d,kit,pall kubull,n.,,,,,paɽ kubuɽ,
pallta_5d3206c8-5a15-4d0d-adb1-05966ca97119,kit,pallta,mod.,,,,,,
palltapallta_ba370acf-e17a-4bc0-84a1-6436cb8f0a9f,kit,palltapallta,mod.,,,,,,
pall tawe_ce5426af-b7fa-499c-b13d-15c58334164f,kit,pall tawe,n.,,,,,paɽ tawe,
pam_47d5c980-4d1e-4334-94e2-bced8ee46ac5,kit,pam,n.,,,,,pam,
pama_828c541e-0a00-4191-a5ff-f86b2ec1ee8d,kit,pama,n.,,,,,,
pambu_164f4027-26f0-44aa-953e-5f3e400cd4a6,kit,pambu,n.,,,,,pambu,
pameny_3c0aa176-8b75-4361-9d17-9743e4d03502,kit,pameny,i.v.,,,,,,
pamker_37551aea-500e-4fce-a9dd-2f34a44dbdec,kit,pamker,n.,,,,,pamker,
pamli_b58ceebe-854b-4af0-aa90-35930125870e,kit,pamli,n.,,,,,,
pampem_51832529-899e-4546-b886-e5af001b234a,kit,pampem,t.v.,,,,,,
pana_9130fe55-7200-46c0-9e6f-4f24108bbfb7,kit,pana,n.,,,,,pana,
Panakawa_573b9c3c-407d-4cff-85c3-0d0607e494f3,kit,Panakawa,prop.n.,,,,,,
panda_d4676966-271a-4af5-9ccf-4f43dd0467b8,kit,panda,n.,,,,,panda,
pane_72ae8b1a-55e1-4c26-b2f2-76ba50532077,kit,pane,n.,,,,,pane,
pani_30b82bcf-2a08-433b-9ee2-00d67ac3f4a6,kit,pani,mod.,,,,,,
panis_d0da68f9-2e7c-4499-87cd-4897e899485d,kit,panis,cov.,,,,,,
panggopanggo_50a04620-913f-4560-b937-5ac5cd27b7a8,kit,panggopanggo,n.,,,,,paŋɡopaŋɡo,
panya_cc736c40-9861-46e9-9a85-5a5fc8d093f1,kit,panya,n.,,,,,paɲa,
panypeny_b6e65ff7-9b37-4021-a598-232e9d68b81a,kit,panypeny,t.v.,,,,,paɲpeɲ,
paopao_6b15e346-57ae-4a4a-b017-be10887526b4,kit,paopao,t.v.,,,,,,
pap_16d82df5-85b6-46c2-be5e-fc252f3f77cc,kit,pap,n.,,,,,pap,
papa_d1bdba5d-cb17-4417-88be-8b9ddfabb0a1,kit,papa,cov.,,,,,papa,
papälläk_72d9c458-fa19-4dbb-afa0-38cd21ca7771,kit,papälläk,t.v.,,,,,papəɽək,
pape_2f083f72-a33a-47de-8475-f0c2cb1eb19b,kit,pape,t.v.,,,,,pape,
papek_e268312b-0679-4088-b379-8442eaa1e521,kit,papek,n.,,,,,papek,
papiye_9c0ed5f0-1499-4b30-877a-880dd5fbb287,kit,papiye,n.,,,,,papije,
paplläg_2812e99e-11ba-47ae-a28e-f615135463a6,kit,paplläg,i.v.,,,,,papɽəɡ,
papllek_3e56a7ce-413a-4e1d-8686-8fd9f0302749,kit,papllek,t.v.,,,,,,
papoe_5dbe8fe1-dec0-43e3-a09b-2fab10d07626,kit,papoe,t.v.,,,,,papoe,
Papon_1ca7f78f-1a3c-4dc5-a0c7-ec1ac37ca5f5,kit,Papon,prop.n.,,,,,papon,
papu_29ace794-54e2-4a09-b99f-1d455c675ac2,kit,papu,,,,,,papu,
Papua_2c20f7da-4c22-48c2-a6d7-eff11c629cdd,kit,Papua,,,,,,,
Papua Niugini_565db543-0f39-48e6-8c3d-edb35fbd271f,kit,Papua Niugini,prop.n.,,,,,,
Papwa Niyu Gini_1dac2fce-7067-4a49-8e5a-43fa899b63d7,kit,Papwa Niyu Gini,,,,,,,
Papwa Nu Gini_2a425cd5-c824-4b5a-9b0c-15d13044977c,kit,Papwa Nu Gini,prop.n.,,,,,,
para_7a5baeac-8baa-48a2-98df-85dd9c3cbb7e,kit,para,n.,,,,,para,
Parade_83925e1b-bb77-4943-860b-4a52178c4f1f,kit,Parade,n.,,,,,,
Parama_f5fb3fe4-9b39-4921-baea-b02f706d55dd,kit,Parama,prop.n.,,,,,parama,
parga_d62d24a3-32f6-4afc-9493-fcd0498d5223,kit,parga,n.,,,,,parɡa,
paro kottllam_036c86f9-4483-4130-8c36-6caa5ec387d5,kit,paro kottllam,n.,,,,,paro koʈ͡ʂɽam,
parpar_170146a6-dbcc-4f83-b478-1a550627224e,kit,parpar,n.,,,,,parpar,
pasis_ba459cf4-180a-4b5d-a33d-70d33108525d,kit,pasis,n.,,,,,,
Paskam_2aa1d521-dee2-43db-841b-c3b4a5c343eb,kit,Paskam,prop.n.,,,,,,
paspas_dc386c89-378c-4f2c-a852-bfb777436fd9,kit,paspas,n.,,,,,paspas,
pasta_dd046e5c-f52c-4b09-ab21-f7ceb7b4cd60,kit,pasta,n.,,,,,pasta,
Pasuwe_56c735fc-4337-45cd-ac20-c0ea7a6585ba,kit,Pasuwe,prop.n.,,,,,,
pat1_151413cc-1649-4fd7-a01a-93019dbecbcd,kit,pat,n.,,,,,pat,
pat2_6f450616-8ac5-4cd2-b937-0a1252f1868e,kit,pat,n.,,,,,,
Pata_8d6e848d-b63e-4fe7-a9fb-81805111b03e,kit,Pata,prop.n.,,,,,,
=patalle_d833dac9-3a3f-4897-892b-a95ec9295521,kit,=patalle,,,,,,,
patara_4ff847a1-8304-4c6d-ae81-39213de746c4,kit,patara,n.,,,,,patara,
patarapatara_cb191f7c-bcca-4440-a4e9-b5cae0cd2acd,kit,patarapatara,n.,,,,,patarapatara,
=patatt_79b4dd34-3316-48fc-b5f1-c367c10a9c4f,kit,=patatt,nom.clt.,,,,,,
=pate_881a7cf4-4c0f-48c2-92c1-b9babbf863be,kit,=pate,nom.clt.,,,,,,
patepate_933416c2-2b6b-4e57-ad9f-721b5a2b981d,kit,patepate,n.,,,,,patepate,
patiti_58ea2262-65d1-4dad-b3d4-e09c44cedd04,kit,patiti,n.,,,,,patiti,
patkoll_d305fc82-ac15-430b-a2be-ec04503d14a4,kit,patkoll,n.,,,,,patkoɽ,
patkopatkoll_f6b37525-b274-403b-b224-8046179c0960,kit,patkopatkoll,adv.,,,,,,
=patme_13c5fe43-b8fb-4c0d-82a2-8f2b92dc1fa2,kit,=patme,nom.clt.,,,,,patme,
patrol_d9e28b33-5ee8-49c7-b8c1-650eaf0c5399,kit,patrol,n.,,,,,,
Patha_827b4a90-b93b-42c9-b8b6-37f6a9a86e39,kit,Patha,prop.n.,,,,,paθa,
patt1_4925b892-c1d5-4efb-801e-11ec82b581cc,kit,patt,n.,,,,,paʈ͡ʂ,
patt2_ca883e8d-9103-40f6-8332-3b6a32889003,kit,patt,cov.,,,,,paʈ͡ʂ,
pattkoll_b15330d7-9148-4e52-aac3-87611f543f0c,kit,pattkoll,n.,,,,,,
pattlle_ec5fc46e-d322-449f-ae72-e6a6f2d14939,kit,pattlle,n.,,,,,paʈ͡ʂɽe,
Paul_c2c9e4bb-d3e9-461a-a192-2c92402e39d9,kit,Paul,prop.n.,,,,,paul,
Pauma_05e22055-1386-4e34-8e47-1ae5c26357ce,kit,Pauma,prop.n.,,,,,pauma,
pauro_b7b3a8e5-a7ea-4bc6-878e-0e9d0efa3a25,kit,pauro,n.,,,,,pauro,
paus_cf4cafd9-ad6c-4d2c-b9c1-e18c506ed9af,kit,paus,,,,,,,
pawa_48fcb091-d93c-492c-80c4-73ef2af2fbaf,kit,pawa,n.,,,,,pawa,
Pawaturi_e82a86fd-e884-4ec9-b4b9-568a3831042e,kit,Pawaturi,prop.n.,,,,,,
paya_003c2a1f-b7ca-4025-83c4-3cdfcde81516,kit,paya,cov.,,,,,,
pazi_4b4361a3-7449-4118-9127-3c6744df137b,kit,pazi,n.,,,,,pazi,
päd_c4c709c6-584f-4918-9b56-88e213ce27a9,kit,päd,n.,,,,,pəd,
pädoe_1670a197-05e9-4e9f-a4ce-75a7001a3d35,kit,pädoe,t.v.,,,,,pədoe,
pädpäd_60609751-e5ca-41c8-a748-362a6e0b2ad7,kit,pädpäd,n.,,,,,pədpəd,
pädrall_587a4ed0-c6b2-4b03-af6f-c1ca32a2ec2a,kit,pädrall,i.v.,,,,,pədraɽ,
päddab_7da18118-df11-46b3-ac4e-87532740a299,kit,päddab,i.v.,,,,,pəɖ͡ʐab,
päddpädd_c5dadd24-52c7-4430-aac6-fb6218dd2866,kit,päddpädd,i.v.,,,,,,
pägamän_63b8390b-1ca3-4567-a1d3-a53af95fa766,kit,pägamän,n.,,,,,,
päk_dd9c2e37-fbec-4c50-bc20-8a55b60fbcc0,kit,päk,loc.n.,,,,,pək,
päkam_683d3422-ae90-4999-89b5-bdaff5c0b1ea,kit,päkam,v.,,,,,pəkam,
pälan_c8f6e23e-4009-4a1a-ad2e-a8fae98167df,kit,pälan,n.,,,,,,
pälengg_86fdd7c0-e65f-4b39-9731-f90c23635a2e,kit,pälengg,i.v.,,,,,pəleŋɡ,
pälkom_02593a8c-76d4-401b-8d30-09e3ae4ac960,kit,pälkom,n.,,,,,pəlkom,
pälläk_966ddcfa-c4d6-49fb-a549-3c798626ad2e,kit,pälläk,n.,,,,,pəɽək,
pälläm_667cb145-17cf-4fe7-a9bd-a901b5bba81b,kit,pälläm,mod.,,,,,pəɽəm,
pällämpälläm_42d0137d-38d2-4c0c-80b8-c574f9e87224,kit,pällämpälläm,col.,,,,,pəɽəmpəɽəm,
pällämpälläm eka_c9d7e22f-6a96-4b87-8877-17c9772bceb3,kit,pällämpälläm eka,prop.n.,,,,,pəɽəmpəɽəm eka,
pällämpälläm yurwe_9d1e78b9-819f-4379-ad25-bda3d6ededac,kit,pällämpälläm yurwe,n.,,,,,pəɽəmpəɽəm jurwe,
pällganen_de5d0183-eb6d-4d2e-94c1-5b0bd0334b92,kit,pällganen,t.v.,,,,,,
pällkam_bf523805-0e35-43cd-a200-ac664d603b55,kit,pällkam,t.v.,,,,,pəɽkam,
pällkapällkae_b263a7ad-4839-4f26-a4b4-8d0a76d13ef1,kit,pällkapällkae,n.,,,,,pəɽkapəɽkae,
pällkoll_c58563f8-15fb-45d2-b30a-87d9519d7748,kit,pällkoll,,,,,,pəɽkoɽ,
pällkom_44e9b055-c533-4367-9a48-ee00773d61f7,kit,pällkom,,,,,,,
Pällmang_d49e3a52-fa8e-47df-b89b-7e310c8bae4d,kit,Pällmang,prop.n.,,,,,pəɽmaŋ,
pällnampällnam_1d05002f-c6a4-460f-a938-9f24a9ec8831,kit,pällnampällnam,adv.,,,,,pəɽnampəɽnam,
pällonpällon_bff54337-14a1-459b-a0a3-f7b68e39ccce,kit,pällonpällon,,,,,,pəɽonpəɽon,
pällttän_d1d96529-e028-48d6-a4ae-50752b2e7eba,kit,pällttän,i.v.,,,,,pəɽʈ͡ʂən,
pällulle_11196953-9dc4-4227-ab33-6ed872e03a1a,kit,pällulle,n.,,,,,pəɽuɽe,
pämbäll_23f67a8c-70fd-4118-a092-831b97c70190,kit,pämbäll,n.,,,,,,
pämpllätt_5fea0535-8ac4-4d6f-a54d-e05fc996be89,kit,pämpllätt,i.v.,,,,,pəmpɽəʈ͡ʂ,
pän_f43b5e58-fc7f-453c-8f4d-5203d29b3844,kit,pän,i.v.,,,,,pən,
pänae_ee9e161c-8c87-4db8-8d01-466cfc4feec7,kit,pänae,t.v.,,,,,pənae,
pänaemeny_346fc77d-d1c7-4f52-a4b8-a5245d61026a,kit,pänaemeny,t.v.,,,,,pənaemeɲ,
pänaengg_fd7222b6-1b72-417e-a50a-cb24783a0700,kit,pänaengg,i.v.,,,,,,
pänayang_ee1e32f4-357b-4502-ac5b-2e21796823e4,kit,pänayang,n.,,,,,pənajaŋ,
pänbäll_6bd6c19d-88a5-4098-9a21-e76a9477824e,kit,pänbäll,n.,,,,,pənbəɽ,
pänddäg2_090e5d53-1431-45e4-97b1-6c451e19a83c,kit,pänddäg,t.v.,,,,,,
pänddäg1_dcc6640d-a972-4027-b58c-e51aeebcf34e,kit,pänddäg,i.v.,,,,,pənɖ͡ʐəɡ,
pänmällang mälla_f82a3343-1de2-488f-b955-7abd33c36ab1,kit,pänmällang mälla,n.,,,,,pənməɽaŋ məɽa,
pänongg_85bebba5-4d44-4fc8-80c8-5ddcfb90261c,kit,pänongg,t.v.,,,,,,
pänpän_0bc2e88d-0d0f-4080-9b75-3319b9348aa7,kit,pänpän,n.,,,,,,
pängän_9d0ba604-4f70-419b-a2c5-b89c90ef6e08,kit,pängän,i.v.,,,,,,
pänggmeny_21401230-bab4-4aa7-bca1-5d39db892d33,kit,pänggmeny,t.v.,,,,,pəŋɡmeɲ,
pängmeny_46e89ff7-bf32-49de-a31e-82b710138007,kit,pängmeny,v.,,,,,pəŋmeɲ,
pänyae_1db850dd-7ee4-40d2-a724-77ced740bae6,kit,pänyae,i.v.,,,,,pəɲae,
pänyanz_56073c36-5fcd-4722-acff-fd84ead70740,kit,pänyanz,v.,,,,,pəɲanz,
pänyik_d7148f7e-35d5-4f8f-825d-74dadafcd378,kit,pänyik,cov.,,,,,pəɲik,
päp_6cd1e48f-bc81-4ab0-a898-f11e8f978efe,kit,päp,t.v.,,,,,pəp,
päpa_607df700-ff20-44b4-8683-f22185f659ab,kit,päpa,n.,,,,,,
päräl_865ee712-feb1-44b1-8913-f01b36bf6d8d,kit,päräl,n.,,,,,pərəl,
päräll_02ed160a-2aa2-4ca6-9e0e-1dbd5a0f6bc9,kit,päräll,mod.,,,,,pərəɽ,
päre_9f133437-e27c-44ac-aa68-c385ea6a7018,kit,päre,adv.,,,,,pəre,
pärta_50fb5d1a-4065-4938-b9d8-e1e41058b04c,kit,pärta,num.,,,,,pərta,
päs_7fbaf184-e638-4b63-8e45-67e47df4c010,kit,päs,n.,,,,,pəs,
pätangeny_9c533dc8-c571-479e-baa8-b14137de1c24,kit,pätangeny,v.,,,,,,
pätapäta_cb2f70c7-acec-4b6f-8b11-49e9ba627c53,kit,pätapäta,mod.,,,,,,
pätaräll_36ee009b-0118-4199-920c-8bc88f407df9,kit,pätaräll,v.,,,,,,
pätär_d167451b-b274-4b8b-afad-19f8993628c2,kit,pätär,n.,,,,,pətər,
pätpät_2abb287c-bd42-4138-86f0-3aadec292ad0,kit,pätpät,t.v.,,,,,pətpət,
pätt_1b966fa0-d2fc-4a41-967e-5fd48234d66e,kit,pätt,n.,,,,,pəʈ͡ʂ,
Pätta_600b6901-3e42-4c31-8831-dac381fa01d2,kit,Pätta,prop.n.,,,,,pəʈ͡ʂa,
pättapätte_274ea17a-4478-4a7b-afbe-91c7367b20ba,kit,pättapätte,t.v.,,,,,pəʈ͡ʂapəʈ͡ʂe,
pättä~_718216df-77b0-483d-9a7e-9495980d571e,kit,pättä,,,,,,,
pättäk_0b3d99a9-e4ab-488a-88ad-73c845b4d474,kit,pättäk,mod.,,,,,pəʈ͡ʂək,
pättäkpättäk1_1951c517-4a68-406e-85da-fd3af62e89e4,kit,pättäkpättäk,mod.,,,,,pəʈ͡ʂəkpəʈ͡ʂək,
pättäkpättäk2_fa38cb0c-125f-4b0f-8cd7-62ef583e0ef1,kit,pättäkpättäk,mod.,,,,,pəʈ͡ʂəkpəʈ͡ʂək,
pättäl_724b6e01-20ea-4565-a55e-9032e7bfde88,kit,pättäl,n.,,,,,pəʈ͡ʂəl,
pättäpättäk_4630c7f6-9c8a-4533-b154-9cc6d6f60e71,kit,pättäpättäk,,,,,,,
pättkäp_adf3ca11-7952-45e2-a8d7-ce4b17cd11c6,kit,pättkäp,n.,,,,,pəʈ͡ʂkəp,
pättol_afb9a35e-9230-425d-b986-03b99c49768e,kit,pättol,t.v.,,,,,,
päzäg_5abec108-0d29-4da5-ac6b-56fe26626bb9,kit,päzäg,Kinship noun,,,,,pəzəɡ,
päzäpäzäg_d10c6360-814d-47a2-bcbc-3e7a5f900d73,kit,päzäpäzäg,Kinship noun,,,,,,
päzɨg_77c56686-ef67-4b39-acc2-198c4a48645a,kit,päzɨg,,,,,,,
peba_3f6adc41-2d61-4cbc-9bb6-72f3d3c2dbf4,kit,peba,n.,,,,,peba,
pedae_a014d0e9-6247-4042-a12c-e82a68a5e019,kit,pedae,t.v.,,,,,pedae,
Pedaya_9623834c-1efd-4d0d-b64b-ad81d1f25926,kit,Pedaya,prop.n.,,,,,pedaja,
Pedro_1abb8669-f026-4a26-a9df-ce8ed15382f8,kit,Pedro,prop.n.,,,,,pedro,
pekpek_5abecfc6-7153-423f-9c13-f606e3ffb7e3,kit,pekpek,n.,,,,,,
pemli_43816d9d-7cbf-4547-9e07-3db2a4602c27,kit,pemli,n.,,,,,,
pen_4ef0d6ac-bae3-4cc2-b605-eb0e666ea839,kit,pen,n.,,,,,pen,
penangg_a08e6b53-4878-4e24-a8f1-b328e54df65a,kit,penangg,t.v.,,,,,penaŋɡ,
pendäg_2223630c-f597-4f69-98b6-2818cd3e3803,kit,pendäg,i.v.,,,,,pendəɡ,
penmällpenmäll_82d6d171-41fc-4c36-ba0d-46ccfa4afb73,kit,penmällpenmäll,mod.,,,,,penməɽpenməɽ,
penongg_fbb6b69f-01a4-40ef-81ab-1e7c9ad16284,kit,penongg,i.v.,,,,,penoŋɡ,
pentae_0004c87a-f838-465c-b8fa-b95662840f07,kit,pentae,i.v.,,,,,,
Pentae_6b2b6ee6-ac82-475c-8fad-63ded05c868f,kit,Pentae,prop.n.,,,,,,
Pentai_2f372a57-8877-4c0f-899e-7246d65ce831,kit,Pentai,prop.n.,,,,,pentai,
pentapentae_aa8125cd-6308-4132-bb28-e578c868208a,kit,pentapentae,adv.,,,,,pentapentae,
pentngeny_d342e723-8888-44d3-84b7-da9d3272346f,kit,pentngeny,i.v.,,,,,,
Penz_782e62ff-edbb-4040-a2fb-eabab90133db,kit,Penz,n.,,,,,penz,
penganyäm_080ff37a-d264-48c4-8a8b-7b026cf47036,kit,penganyäm,n.,,,,,,
pengg_d65043dc-2319-45f4-8038-cfff33a54036,kit,pengg,t.v.,,,,,,
pengkameny_43a7a269-c49f-4962-bedc-da602605d4af,kit,pengkameny,Kinship noun,,,,,,
pepätt_e52220c0-fca5-420a-9336-8246694cbd2f,kit,pepätt,n.,,,,,pepəʈ͡ʂ,
pepeb_cb15b2a6-6c37-460c-af88-9ade0874f7d7,kit,pepeb,n.,,,,,pepeb,
pepeb eka_84bcf256-fbd3-453c-8a40-0f05b53f65b0,kit,pepeb eka,n.,,,,,pepeb eka,
pepeb wup_5977f75f-061d-46c9-a1ee-a8df1b6b6c14,kit,pepeb wup,n.,,,,,pepeb wup,
pera_f18335fb-fd58-401d-85a3-430cd81378cb,kit,pera,n.,,,,,pera,
peraengg_492ad8ff-84a7-47ed-a719-646a6cb49e51,kit,peraengg,,,,,,,
peraenggag_2a38a84b-3554-4d1d-a1fd-4839946c1f54,kit,peraenggag,n.,,,,,,
peraingg_840f5d6e-ddd5-436b-94b0-3eb0edfab7e6,kit,peraingg,i.v.,,,,,peraiŋɡ,
perapera_907c9df7-8102-4be5-9355-eaea6015d0d5,kit,perapera,adv.,,,,,perapera,
perälla_2e21af8e-0e7c-4e6e-a7eb-29813848bad4,kit,perälla,n.,,,,,perəɽa,
pes_27987e38-c966-4f61-9a0b-37b97ed18f28,kit,pes,Ordinal numeral,,,,,,
petapeta_4a286708-dcb3-4533-b106-4cf97dc2ad31,kit,petapeta,mod.,,,,,petapeta,
Petepo_008b626b-1aa8-49f1-b4ed-edc6ea1e5f5c,kit,Petepo,prop.n.,,,,,petepo,
Peter_617f4b81-356c-46f4-938f-44d8cea19498,kit,Peter,,,,,,,
Petom_5793923c-7224-4984-938f-5ba899bc9f09,kit,Petom,prop.n.,,,,,petom,
petron_cf795cd9-51fe-433a-87fe-d8835f7c4fc2,kit,petron,n.,,,,,petron,
pett_c3ad148e-86b6-4e0b-9d6a-a0e3b995fec7,kit,pett,n.,,,,,,
pewäl_d4c67570-f9ea-4ed6-b2bc-a0205c0e20f8,kit,pewäl,n.,,,,,pewəl,
pewälewäle_c56f4e16-5ed2-4593-9f26-f4a36fc115ae,kit,pewälewäle,n.,,,,,pewəlewəle,
Pewe_3a6304bb-f0b8-43da-ac9d-55c62753ca5f,kit,Pewe,prop.n.,,,,,pewe,
peyam_437fa8dc-6ae8-4cfb-9c17-f012d74ed9c7,kit,peyam,i.v.,,,,,pejam,
=peyang_72b9d344-bf63-4457-a04e-c71af741b748,kit,=peyang,nom.clt.,,,,,pejaŋ,
peyom_12201cd5-0316-4475-bdc1-5c879ea4a608,kit,peyom,mod.,,,,,pejom,
Piasorosoro_e2592e24-f5dd-4dd6-86f7-4751d42b8af5,kit,Piasorosoro,prop.n.,,,,,piasorosoro,
pid_26d8c871-7fc7-4624-b8a0-79a271691e84,kit,pid,n.,,,,,pid,
Pidgin_5d5735af-0bda-429e-a63b-6b773af4e1d3,kit,Pidgin,prop.n.,,,,,pidɡin,
pidor_1f48fd2b-69d6-4815-8fbb-f7bd5182d537,kit,pidor,n.,,,,,pidor,
Pidortama_dc07061e-5668-4210-a11a-04c8ed06cd00,kit,Pidortama,prop.n.,,,,,pidortama,
pidroll_ab36a73c-9141-4937-8e90-e7054c561bc7,kit,pidroll,n.,,,,,pidroɽ,
pig_4a14d8ea-eb7c-4576-844c-5e81daa62fa0,kit,pig,n.,,,,,piɡ,
piksa_5e288b66-41d6-4f1b-87d8-d7ac4004c980,kit,piksa,n.,,,,,,
pilat_f1082274-9a44-4d85-8b97-f0f813a293aa,kit,pilat,,,,,,,
pilatt_4b02a717-8ae1-40b2-8b91-d68f33b01cdd,kit,pilatt,n.,,,,,,
pimbyom_abb7af95-1fbd-46e8-9b8d-01a9336302fd,kit,pimbyom,n.,,,,,pimbjom,
pin_7662aa8e-97e6-46e9-8e32-a85fbf8c0451,kit,pin,n.,,,,,pin,
Pinang_94b61099-e102-4faa-8fd4-abd4a55ca5ca,kit,Pinang,prop.n.,,,,,,
pinsäg_1ce8fa24-d580-4f5d-b3c3-f4ab806a4fa9,kit,pinsäg,i.v.,,,,,,
pintopinto_3a57b4da-f206-4811-b8d6-7d62af6af096,kit,pintopinto,cov.,,,,,pintopinto,
pintta_d30998fd-55be-4573-9ea7-223e99b1237b,kit,pintta,n.,,,,,pinʈ͡ʂa,
Pinzin_56fcb2b8-0a43-4eeb-9a1c-04ae11f589d8,kit,Pinzin,,,,,,,
pinzopinzo2_598edc71-515c-4442-87ed-27eead1cfb8c,kit,pinzopinzo,n.,,,,,,
pinzopinzo1_e740ad83-fce8-4743-8efa-7b63470d9137,kit,pinzopinzo,n.,,,,,pinzopinzo,
ping_5c741f4b-c885-43d0-923d-8138cb472333,kit,ping,n.,,,,,piŋ,
Pingam_7c4721e0-50ce-4cb1-830f-54813877046c,kit,Pingam,prop.n.,,,,,piŋam,
pinggudd_c8e26214-29b7-49de-95cd-9795d6fd0515,kit,pinggudd,n.,,,,,piŋɡuɖ͡ʐ,
piny_1dfb3183-4384-4da4-9737-0fada990b317,kit,piny,n.,,,,,piɲ,
pinya dorollog_80d4dcfa-f00d-4cc0-9994-c3a288cbbf07,kit,pinya dorollog,n.,,,,,piɲa doroɽoɡ,
pip_5617402a-9829-4db5-b7fc-d9f43d9cf302,kit,pip,n.,,,,,pip,
pipi_5a11d700-b633-4bcb-89ca-71a2eb7dbd6c,kit,pipi,t.v.,,,,,pipi,
Pipi_9634944a-0d0e-464c-bf12-c5b176c9f151,kit,Pipi,prop.n.,,,,,,
Pipiato_771c6a23-dd89-4d40-b963-a1429abbb014,kit,Pipiato,prop.n.,,,,,,
pipllo_6b57ebfd-c665-47e9-9438-2804f28ef225,kit,pipllo,n.,,,,,pipɽo,
pipllug_28f59bdd-3796-418b-9846-875f6bd3e9dc,kit,pipllug,i.v.,,,,,pipɽuɡ,
pipti_2bf52f59-a981-4312-b336-f251c84423c5,kit,pipti,num.,,,,,,
piptin_f1ee5fbc-d6dc-4c7b-a29b-62507a8979ab,kit,piptin,num.,,,,,,
pirik_38dfbeba-f5d2-4c5d-9d2e-45a1722518e4,kit,pirik,n.,,,,,pirik,
pirngän_8f352a6d-aa81-4ca3-a05f-4f2b8aded3ed,kit,pirngän,t.v.,,,,,,
piro_df677ca0-db40-43aa-a9fe-a9fd75ce6590,kit,piro,n.,,,,,piro,
piro kanas_0f1c7ae0-27f6-4fcf-ba39-5bac3a6d9ca5,kit,piro kanas,n.,,,,,piro kanas,
piro ttängattänge_11d1cdad-097c-4de1-a219-cf556ee74767,kit,piro ttängattänge,comp.v.,,,,,piro ʈ͡ʂəŋaʈ͡ʂəŋe,
pisam_f64d3454-e6ef-4d54-b626-bf7cb1655b63,kit,pisam,i.v.,,,,,pisam,
pisepise_3c0511ae-a6a3-4caa-b922-6ec8fe2fe2b1,kit,pisepise,n.,,,,,pisepise,
Pisi_ce66fd5e-5356-4457-897c-07fd42436c9e,kit,Pisi,prop.n.,,,,,pisi,
Piskae_80b893cc-fc4b-400b-9de9-be0dcc0bd9a9,kit,Piskae,prop.n.,,,,,piskae,
pisor_e55b2130-5a59-40fe-a5e3-c6638ce5bfcb,kit,pisor,n.,,,,,,
pit_868b3608-f6ee-465b-b915-535695255616,kit,pit,n.,,,,,pit,
Pita_659e1770-e860-4f8c-b023-b95204004817,kit,Pita,prop.n.,,,,,pita,
pitatep_072d6062-c4a5-45fd-9720-252a85c06244,kit,pitatep,v.,,,,,,
pite2_6c784983-57ef-4893-9929-882ce7838ab9,kit,pite,n.,,,,,,
pite1_7a754a88-491c-441a-91ac-803be29f9bcf,kit,pite,n.,,,,,pite,
pitepite_51054399-4785-40c6-961d-cc2ae529303c,kit,pitepite,adv.,,,,,pitepite,
Pitepo_8d9cdb67-996b-4acc-913e-87b267dc647e,kit,Pitepo,prop.n.,,,,,,
pitkae_4c72f908-b8b3-4639-9b8a-d5ee19afb54a,kit,pitkae,t.v.,,,,,pitkae,
pitpit_6ff6ed5f-89cb-4d07-a0af-400de88fb13e,kit,pitpit,n.,,,,,pitpit,
pitraempäg_1b4c22d4-107d-4456-8e9e-9b3f51673e6b,kit,pitraempäg,t.v.,,,,,pitraempəɡ,
pitratra_a9cd61d5-225e-4fd0-8829-5edea61ceb2f,kit,pitratra,n.,,,,,pitratra,
pitt_3a2278b8-c8d2-4eff-a297-bbf42713038c,kit,pitt,n.,,,,,piʈ͡ʂ,
pittäpen_669ccfb6-d4bf-4395-bf54-4a306246a7a3,kit,pittäpen,t.v.,,,,,piʈ͡ʂəpen,
pittäpin_da428c22-2ca8-4dd0-a727-bffc77ce2993,kit,pittäpin,,,,,,,
pittbudar_d68ffad1-46b4-4b85-976d-441f3f717be7,kit,pittbudar,n.,,,,,piʈ͡ʂbudar,
pittpitt_fed6aa09-7bc4-43b5-aeef-e7f1e6231de9,kit,pittpitt,t.v.,,,,,piʈ͡ʂpiʈ͡ʂ,
piya_cfea85f4-d855-4741-bd68-256a57a55f81,kit,piya,n.,,,,,pija,
piya gany_be32dda5-ff50-482f-9e1b-bdea59a7476a,kit,piya gany,n.,,,,,pjia ɡaɲ,
piya ibeny_0edaea05-f198-44c9-9de5-8350bf58fb21,kit,piya ibeny,n.,,,,,pija ibeɲ,
piye_9f8cad0c-b019-4c26-a304-1601ef2cf723,kit,piye,n.,,,,,pije,
piyepiye_83605c6b-abe7-41e9-955c-9a0307db801c,kit,piyepiye,n.,,,,,,
piyupiyu_f5b1cb82-af69-4e25-9e75-bea52dfadcaa,kit,piyupiyu,n.,,,,,pijupiju,
piyupiyu budar_7f78bdae-f1cc-4c46-8b8b-d2cf0ac2a29e,kit,piyupiyu budar,n.,,,,,pijupiju budar,
Pizi_6d90cc98-ba0d-42ec-ac4e-47637374c1a0,kit,Pizi,prop.n.,,,,,,
pizin_d19f3d89-eafb-4184-aaed-f9fffd90265f,kit,pizin,prop.n.,,,,,,
Pizin_f457acac-fee1-4823-bb8d-5f6dc6cd7d0b,kit,Pizin,prop.n.,,,,,,
pɨddab_fb978240-7f45-4677-a2ea-f8f0b7192137,kit,pɨddab,i.v.,,,,,pɪɖ͡ʐab,
pɨddpɨdd_4dca9e44-c6f0-4a34-8bff-b17f5c2feb9c,kit,pɨddpɨdd,,,,,,,
pɨnpɨn_1b7777a2-54d7-4d3a-9afb-e962c494b95c,kit,pɨnpɨn,,,,,,pɪnpɪn,
pɨnyapɨnye_c31d7a34-fad1-4717-96c0-56d47936b47c,kit,pɨnyapɨnye,n.,,,,,pɪɲapɪɲe,
pɨnypɨny_9f0b3769-9d93-4483-a4b3-bf0f6471dbdf,kit,pɨnypɨny,t.v.,,,,,pɪɲpɪɲ,
plaig_77d1e307-45f4-4fc1-a008-a9dd20df2c1b,kit,plaig,n.,,,,,plaiɡ,
plein_3eb513ab-f30d-4e6e-8b6b-3b1df8bed67a,kit,plein,n.,,,,,,
plen_91283826-c107-4b42-9c23-6770eaeed6a9,kit,plen,n.,,,,,,
plenngätt_646c3341-16b8-40bf-9ef4-1422c0c4ec43,kit,plenngätt,n.,,,,,,
plenplen_7327bb64-35f7-4b5b-b419-8cacd11f4f0a,kit,plenplen,n.,,,,,plenplen,
plenz_15a12671-d069-42e0-9844-0611baba979d,kit,plenz,i.v.,,,,,plenz,
plengg_432f5c79-3566-4124-b967-4a6a95de2ce7,kit,plengg,i.v.,,,,,pleŋɡ,
pllaengän_f6694972-f324-405c-9871-30322833dfdd,kit,pllaengän,v.,,,,,,
pllulle_17d7c851-6fe0-40c7-beec-fe5f5ef5ae7c,kit,pllulle,,,,,,,
pllulleaga_db6d2019-851e-41e7-b6fd-2c6e2a7921d2,kit,pllulleaga,n.,,,,,,
pllulli_36458be9-ce0c-441f-90bc-8f479662eea5,kit,pllulli,n.,,,,,,
pllutt_a04776f7-b2cd-4995-978f-6d2ef59222b7,kit,pllutt,n.,,,,,pɽuʈ͡ʂ,
po1_02e4a22d-d521-43bc-bb84-2982af03bbf5,kit,po,n.,,,,,po,
po4_032ba6f7-e38f-408a-9b29-60eb9be88d1d,kit,po,t.v.,,,,,po,
po2_6bfa1dad-6aae-46e0-b2cf-18976a55d17e,kit,po,num.,,,,,po,
po~_722e2985-9ce1-4eed-8c4e-8c563a615233,kit,po,,,,,,,
po3_dd4b2b40-4eb8-49ac-95c0-30a9af9a32dc,kit,po,cov.,,,,,po,
poapoa_b3ca149e-9faa-4d61-bf41-b2801b493ce3,kit,poapoa,mod.,,,,,poapoa,
pob_29719ddc-6a79-43cd-bd48-dd4c5e8225f8,kit,pob,n.,,,,,pob,
pobllem_016b429e-6cfe-4d47-8b02-0778ed481875,kit,pobllem,mod.,,,,,pobɽem,
Podar_5f3da99c-13ea-4f5e-afa9-90e287b2371f,kit,Podar,prop.n.,,,,,,
Podare_5ecd5774-e6bf-49cc-8de4-cafd1e844be0,kit,Podare,prop.n.,,,,,podare,
poder_e2ce2fff-e505-450c-aaa2-6f54b3bc63f5,kit,poder,n.,,,,,poder,
podd_e38e7dd2-4041-4779-8191-5fc3721744e0,kit,podd,n.,,,,,poɖ͡ʐ,
poddem_d5f06805-6487-4143-8318-183118b58b99,kit,poddem,n.,,,,,poɖ͡ʐem,
poddpodd_f4fc3f6a-3fbb-444e-9c79-7a141ba0cb01,kit,poddpodd,n.,,,,,poɖ͡ʐpoɖ͡ʐ,
Pogo_554c7c87-4094-40cb-9298-ac487792b8ba,kit,Pogo,prop.n.,,,,,,
pogpog_54447fca-034d-4c82-9e11-3ca08a76255b,kit,pogpog,n.,,,,,,
Pol_55a6d7a3-5dbe-4301-8f76-7a02e93be0f6,kit,Pol,prop.n.,,,,,pol,
polen_cd6548ab-be50-49dd-9f62-08f2700556aa,kit,polen,n.,,,,,polen,
Polin_83dfbc7d-bc3f-4814-8bc0-fd5a85fabfd0,kit,Polin,prop.n.,,,,,polin,
polis_546407d0-3abe-4c4c-bf36-90ef56e2ad37,kit,polis,n.,,,,,,
poloengg_bb43eda4-e8d4-40fe-815a-81afd1d89728,kit,poloengg,t.v.,,,,,poloeŋɡ,
poloengg eka_235c4368-7590-497e-9f09-251c6a558362,kit,poloengg eka,n.,,,,,,
Poll_5ce40ab8-05cc-47b4-9b22-c138fe44ad1a,kit,Poll,prop.n.,,,,,,
poll~_ed124395-6ad5-473a-9465-f3a474ca5e0e,kit,poll,,,,,,,
polle_623ce406-0468-438d-a7f3-a24cdc6fed78,kit,polle,n.,,,,,poɽe,
polle~_b847a9b3-d399-4c55-ad8b-fe62c4c1334c,kit,polle,,,,,,,
polle bo_ee7bafdb-d0c7-4fb0-9e6a-8bed182581c4,kit,polle bo,n.,,,,,poɽe bo,
pollepolle_c691e0cc-9729-4091-9fb1-2c5b258cffb2,kit,pollepolle,n.,,,,,,
pollgo_e97a0f31-6a65-44c5-a94e-3958a5ff7680,kit,pollgo,n.,,,,,poɽɡo,
pollgo suwe_a18961be-d662-4494-8d3e-1a21b5bd2052,kit,pollgo suwe,n.,,,,,poɽɡo suwe,
pollgo ttatta kuttang_7a94f336-0958-4e8d-9d3c-91ceb7c766bf,kit,pollgo ttatta kuttang,n.,,,,,poɽɡo ʈ͡ʂaʈ͡ʂa kuʈ͡ʂaŋ,
pollo_8567c30d-16e7-4549-a316-5de05d7393b5,kit,pollo,mod.,,,,,poɽo,
pollon~_171e030b-079b-458d-91a1-41025e395c8b,kit,pollon,,,,,,,
pollon_ec0fa1a2-9445-4c05-8e67-843ee67381c0,kit,pollon,n.,,,,,poɽon,
pollon bällabollott_5648f6c2-3b72-4535-8219-b35f27b65570,kit,pollon bällabollott,n.,,,,,poɽon bəɽaboɽoʈ͡ʂ,
pollonpollon_998e3bc1-882c-41bc-bf6d-da2cc99a244a,kit,pollonpollon,n.,,,,,,
pollpoll_daffe111-7dc9-4c43-ba7d-599ebb7aa3db,kit,pollpoll,t.v.,,,,,poɽpoɽ,
pom_bcbd9d26-d402-4622-a570-84b0cd2460b6,kit,pom,n.,,,,,pom,
poma_1d6cb69a-def0-473a-864c-b1bf43d9b658,kit,poma,n.,,,,,poma,
pomana_c8fbcac7-75dc-4988-9fe1-64b599ffa3c1,kit,pomana,n.,,,,,pomana,
pomer_17eb18b9-d1d0-49dd-ba9d-1fb65d622c80,kit,pomer,n.,,,,,pomer,
pomila_da6cb792-ebd2-4aa2-aa97-aebfdaed4654,kit,pomila,n.,,,,,pomila,
pondo_d99347eb-ebd1-4e6c-85ff-8d80aaf40eba,kit,pondo,n.,,,,,pondo,
Pondollowang_0d32d61e-f853-4bf1-bab1-07d1f3dd02e2,kit,Pondollowang,prop.n.,,,,,pondoɽowaŋ,
ponen ma_6f699854-65d0-4926-9cf9-b811cb879c6b,kit,ponen ma,n.,,,,,ponen ma,
ponong_8f4e165d-0045-4e6b-8c68-118adf03c3d6,kit,ponong,n.,,,,,ponoŋ,
Ponongllowang_51af03c8-c66e-44b7-b589-dedfb86aa2ef,kit,Ponongllowang,prop.n.,,,,,ponoŋɽowaŋ,
ponor_fc937c99-e070-4b85-94da-5abd7b5e3da8,kit,ponor,i.v.,,,,,ponor,
ponganem_c4bfbe4f-7fb7-4a19-aa98-60b83da54b9b,kit,ponganem,n.,,,,,poŋanem,
Pongarke_f4d4c821-bb88-4dfe-9ff0-7b925299ca36,kit,Pongarke,prop.n.,,,,,poŋarke,
pongo_60181258-1b04-4770-967b-1d6b7dd6908e,kit,pongo,n.,,,,,poŋo,
pongoll_79b69fb5-d7c9-47f1-9d2f-3d53d4c7ce39,kit,pongoll,n.,,,,,poŋoɽ,
pongpongäll_23350b48-233f-4f81-a4a7-43a1f116c6a6,kit,pongpongäll,n.,,,,,poŋpoŋəɽ,
poo_ee037c5f-2d81-4e52-aa74-bc82734cf249,kit,poo,Cardinal numeral,,,,,poo,
pop_fb317ac1-419e-41b9-9dea-3536f120d830,kit,pop,n.,,,,,pop,
popang_089336ec-bd28-45bd-a700-d49e375adcdb,kit,popang,mod.,,,,,popaŋ,
pope_01d2ac9a-a411-4c11-bc8c-d32f72922bea,kit,pope,Kinship noun,,,,,pope,
popel_524e81a7-cca6-43ae-bee7-2d7b696bc3b6,kit,popel,,,,,,,
popell_fbfa26c1-f1fa-4cd2-9dda-c23e8b6eb2d8,kit,popell,n.,,,,,popeɽ,
pope mu_176c1abc-7fbc-49d5-85ea-ace348275837,kit,pope mu,n.,,,,,pope mu,
poper_6a8f1178-4a21-418f-a253-008f6592ff2e,kit,poper,mod.,,,,,poper,
poper ingkoeg_4f30b399-3f29-45d3-897d-e4b1e970f39f,kit,poper ingkoeg,comp.v.,,,,,,
poper kwingg_8f4ffc12-148f-4199-a682-816ba15be041,kit,poper kwingg,comp.v.,,,,,poper kwiŋɡ,
popllem_c5040574-26c4-4dce-a475-f524579bacbb,kit,popllem,i.v.,,,,,,
popllo_8be21f9d-6352-4cfc-a163-79676ee7c488,kit,popllo,v.,,,,,,
popo2_61c3f2ca-44df-4729-a8f3-a51227cfbbbd,kit,popo,n.,,,,,popo,
popo1_7cdca0f4-877b-4713-ad7c-f9418d66b71f,kit,popo,t.v.,,,,,popo,
porak_9f489aad-4aa3-49ba-8a30-59bae5faaee9,kit,porak,n.,,,,,,
porma_a2cac1d6-d0b3-4203-bf9e-32554802fead,kit,porma,n.,,,,,porma,
pos_537cb37d-0ef7-44da-837f-fbf4a47c0d11,kit,pos,n.,,,,,pos,
poses_2d1765d6-30e2-4d81-840f-606bd1e2f0f8,kit,poses,n.,,,,,poses,
pot_52f9fcd8-7dfd-49c8-9a6b-ad3e51916290,kit,pot,n.,,,,,pot,
poti_85fcd49d-1d27-451e-bd77-c6d12c7deaff,kit,poti,num.,,,,,,
potin_40d4513f-449b-414c-9187-3d53fefb1dd0,kit,potin,num.,,,,,,
potkam_b532abba-6560-490c-9cb2-f7a5622f5375,kit,potkam,n.,,,,,potkam,
Pot Mosbi_b52afdfd-b918-4730-9c37-8ce9a0f0125a,kit,Pot Mosbi,prop.n.,,,,,,
potne kätt_bc2bd58e-4f0d-4584-bb65-bcf2387f98b8,kit,potne kätt,n.,,,,,,
potopoto_2d330c45-3abd-4bb6-a8cf-38f728b443c5,kit,potopoto,n.,,,,,potopoto,
potpot_2982d616-784b-4485-8600-094615d56210,kit,potpot,t.v.,,,,,potpot,
pott_67379d26-bef8-4d46-bb8a-5e314def8a61,kit,pott,n.,,,,,poʈ͡ʂ,
Pottängäm_04dafa6b-4ac4-4ae5-9f49-eab25a09cef7,kit,Pottängäm,prop.n.,,,,,poʈ͡ʂəŋəm,
Praede_72c386cd-acdd-4195-bf81-251e6bf3851c,kit,Praede,,,,,,,
praede_dc0a9f8d-da3a-47fb-b3ab-152eb7864e18,kit,praede,,,,,,praede,
praedde_251fd88a-b88f-4089-8609-60e7b80e7521,kit,praedde,n.,,,,,praeɖ͡ʐe,
praemari skul_6e6a8abc-52ad-46cb-8bb5-f20626e7a019,kit,praemari skul,n.,,,,,praemari skul,
praemeri skul_cfe47d21-3a31-4717-aa7f-5b675ff2bbc1,kit,praemeri skul,n.,,,,,,
pre_00c460dd-82c4-40f7-8e93-dab5c162ca5e,kit,pre,adv.,,,,,,
prep_8e64ae92-a0eb-4755-bcda-7af024fe9aca,kit,prep,n.,,,,,,
pri_aa34233a-bb14-4bb8-b141-9eb362f199b9,kit,pri,mod.,,,,,,
priede_bdc73d01-c4e9-4cc2-9c09-bd491040bf0e,kit,priede,,,,,,priede,
Prisila_b94ac33d-883e-4421-a109-defe3779a7cc,kit,Prisila,,,,,,,
Priski_ad4f3782-d9a6-4243-b645-9f92903f849b,kit,Priski,prop.n.,,,,,priski,
Priscilla_7ce239ee-6bce-4c8b-b8e9-5ae6c32b0f6b,kit,Priscilla,prop.n.,,,,,prisila,
probens_1d2482ae-87df-487f-98a9-15bb7fb4598c,kit,probens,n.,,,,,,
pu_2c80256c-ab76-46c9-a3f4-197aceb3f9c5,kit,pu,n.,,,,,pu,
pud_9395091a-0dd9-4d54-b0e5-c22479155467,kit,pud,n.,,,,,,
puder_01a20dc7-bfe1-4ff9-bdfc-09777a9ce469,kit,puder,n.,,,,,puder,
pudrell_8d4e6640-91dd-4e55-82d0-54910b14fe36,kit,pudrell,,,,,,pudreɽ,
pudd1_3f60a694-f9cf-4cd9-8508-35adcbaa9208,kit,pudd,n.,,,,,puɖ͡ʐ,
pudd2_774a30df-6817-4957-adcc-f87951de139b,kit,pudd,n.,,,,,puɖ͡ʐ,
pug_c7e23f29-e4d4-4fd1-b8e8-279b580c972e,kit,pug,n.,,,,,puɡ,
pugupugu_777e605e-2583-4a1c-a4a1-91c8b70f9322,kit,pugupugu,n.,,,,,puɡupuɡu,
puikmetutu_774c443d-66ec-449c-b083-3312eb620e42,kit,puikmetutu,n.,,,,,,
Puinde_cf9cbd78-b96e-45b3-8401-5210e1835c52,kit,Puinde,prop.n.,,,,,puinde,
pukong_9775ecd1-a725-49d1-b9fa-e77a1e4ade81,kit,pukong,mod.,,,,,pukoŋ,
puku_b4051e26-eca5-4ea1-8ff0-2429285edce1,kit,puku,n.,,,,,puku,
puku kubull_73b2810d-ca46-4d23-8e42-f1835294a79e,kit,puku kubull,n.,,,,,puku kubuɽ,
pullkom_a2f473d9-4422-490d-8c8a-80942d76a650,kit,pullkom,n.,,,,,puɽkom,
pumi_f6d5db83-2481-42cd-a85f-989a32c97bad,kit,pumi,mod.,,,,,pumi,
pumkak_eb878504-274e-4e32-9a65-0ef50c90537e,kit,pumkak,n.,,,,,'pumkak,
pungg_bacb5e6c-57fc-4231-a851-5126ec9baa63,kit,pungg,i.v.,,,,,puŋɡ,
pupulläkäm_0da7a694-b660-44ea-9d44-1272541c1711,kit,pupulläkäm,n.,,,,,pupuɽəkəm,
purta_d0a549bf-71a0-472a-9235-6abd835f3e0e,kit,purta,n.,,,,,purta,
pus_efc65f25-8d2b-46ac-8657-2b281ffc3bb6,kit,pus,n.,,,,,pus,
put_6cf6c36b-74c6-41c3-8ad9-99a1dcff2488,kit,put,n.,,,,,put,
putt_0b59727d-4015-4336-979f-dbb7daca97a8,kit,putt,n.,,,,,puʈ͡ʂ,
putt kämamkämam_c3ed6525-bbef-43f2-ba40-52af091bb261,kit,putt kämamkämam,n.,,,,,puʈ͡ʂ kəmamkəmam,
puyem_98da78da-fc40-4535-8597-f8e637a2b8d7,kit,puyem,n.,,,,,pujem,
puzi_db1d5d3d-aa25-42c2-a8a3-c3a7deedd008,kit,puzi,n.,,,,,puzi,
pwapwa_379d0c03-6087-41fe-b1a2-8f7f39e034b7,kit,pwapwa,,,,,,pwapwa,
raba_445af089-914b-4e35-85b3-ad5b8cb75bf9,kit,raba,n.,,,,,,
Rabaol_855b1202-6854-44a7-8327-ce9534345b26,kit,Rabaol,,,,,,,
Rabaul_6a3ceb89-8d5c-440c-9546-91f4c99332f5,kit,Rabaul,prop.n.,,,,,,
rabis_6506dd51-9831-40f1-a3aa-90b375c4bf37,kit,rabis,n.,,,,,,
ran_777a255d-0bf6-4d97-85d7-aef5ac24bd69,kit,ran,,,,,,,
Ranky_fe644ab6-c520-487e-afa2-9e54fa0ab985,kit,Ranky,prop.n.,,,,,raŋki,
rarae_83fc66fc-59c2-41e9-ab3e-7f70d86c1b2a,kit,rarae,n.,,,,,rarae,
Raroge_69351e31-84f2-407e-9c43-f30f462edb01,kit,Raroge,prop.n.,,,,,raroɡe,
Rasol_42c094b5-6d8a-4bc3-8515-2d6948545967,kit,Rasol,prop.n.,,,,,rasol,
Rasti_86f20891-5d3d-4b33-a447-b1004e0393f6,kit,Rasti,prop.n.,,,,,rasti,
rata_7d353e70-a2e4-4ca1-9b14-9e2e005e1c24,kit,rata,n.,,,,,rata,
Raynold_21a15fbc-0b74-4f64-912d-01153e7c7c4b,kit,Raynold,prop.n.,,,,,renald,
räba_2399614c-69d4-4e03-98b9-4840982bcef0,kit,räba,n.,,,,,rəba,
Räba blok_b3ea3af2-fcd4-445b-aa2f-f8fc2e120d12,kit,Räba blok,prop.n.,,,,,rəba blok,
rädräd_38253810-ce0a-4f86-a51b-ad04d391be41,kit,rädräd,n.,,,,,rədrəd,
RED~4_285469cc-7b37-4628-bd4d-aa11efdd8001,kit,RED,adj.,,,,,,
RED~6_4a96a330-c3f1-43a9-8f58-48a7b7bf72a7,kit,RED,Nominal,,,,,,
RED~1_5181ab84-b491-416e-9634-31f1bd046156,kit,RED,,,,,,,
~RED_807ca9c7-16c5-49f8-97c7-ed9713b99d04,kit,RED,v.,,,,,,
RED~5_cf86ef36-1502-4522-bba3-e76dc4f587b9,kit,RED,,,,,,,
RED~2_def69a76-34f5-4c6f-9f25-e1a1c0903e99,kit,RED,adv.,,,,,,
RED~3_f091af8d-565b-46f7-94ec-27f91d74cc61,kit,RED,v.,,,,,,
redi_4856ecd7-2abd-420d-b47f-023ff53b7d4f,kit,redi,cov.,,,,,,
Redley_b4f7b8ba-f78e-425f-8480-388d14e2bcfc,kit,Redley,prop.n.,,,,,rɛdli,
Reend_a50456d8-d2ef-4ac9-8668-8c5a496f4a10,kit,Reend,prop.n.,,,,,reend,
Regina_a0f0ecb1-bfc8-4a3a-aa87-695e537db875,kit,Regina,prop.n.,,,,,reɡina,
rekoda_bd7e4a20-d2be-42fa-8ac8-4057f83428d1,kit,rekoda,n.,,,,,,
Reks_9fbed1b4-c51c-44ac-a51d-68e3cbc1d603,kit,Reks,prop.n.,,,,,,
Rena_134898ee-8bbf-488f-9392-5ca2ed3edcdd,kit,Rena,prop.n.,,,,,,
renz_2f368f72-ad72-41d7-8b9e-9d01e34d4bd0,kit,renz,cov.,,,,,renz,
resourceful_42bbc53e-f29a-4cb2-aeb4-5544c830e1da,kit,resourceful,,,,,,,
retam_63a6571d-fc48-486e-9245-d1695830a741,kit,retam,n.,,,,,retam,
Rex_2cf00196-96bb-49e4-b8d7-9d12eea1c74c,kit,Rex,prop.n.,,,,,reks,
Rind_b425e700-7fd5-4493-b52e-26756c2a46a7,kit,Rind,prop.n.,,,,,rind,
rir_882f6288-4586-4935-8f52-49a88b267ae2,kit,rir,n.,,,,,rir,
rizen_4c606ee5-d808-45a0-ba2b-cd1daa2af2b8,kit,rizen,,,,,,,
Richard_f191654c-517c-44db-81a6-af6e488002f2,kit,Richard,prop.n.,,,,,ritʃard,
rle_023ffacd-03f1-4940-8438-74e87380d62b,kit,rle,v.,,,,,,
Roaele_8d792997-d46a-4dab-ad2e-004e3c212c2e,kit,Roaele,prop.n.,,,,,roaele,
Roak_b22df482-9bb0-41d8-a3b4-aa5bce0750a1,kit,Roak,prop.n.,,,,,roak,
Robae_0f6f5237-081f-4222-8864-b1d8a3628ec0,kit,Robae,prop.n.,,,,,,
Robai_6260c006-ed6e-494b-9b9c-ccc68c91ab25,kit,Robai,prop.n.,,,,,robai,
Roda_a3c5778a-c364-4f47-a089-900e9a7eaf76,kit,Roda,prop.n.,,,,,roda,
rokaroka_51e42d37-64fe-4354-a54b-472c5593a48d,kit,rokaroka,n.,,,,,rokaroka,
rol_9777a5b6-34a5-4260-b8ce-3ec1ba92d43c,kit,rol,n.,,,,,rol,
rolkutt_eb06f38c-3d80-4324-8310-c52a439a0d32,kit,rolkutt,n.,,,,,rolkuʈ͡ʂ,
Rom_fdf0ed4e-2a8f-4360-85eb-a01a797f41a3,kit,Rom,prop.n.,,,,,rom,
rop_3b41ca8a-6f04-4379-a45d-259dbca13708,kit,rop,n.,,,,,,
rorwae_c6b3aef9-dbfe-4433-acb1-71b2e9781a33,kit,rorwae,v.,,,,,rorwae,
rorwaerorwae_d065f4e4-35ff-465c-9692-833a92faa88d,kit,rorwaerorwae,adv.,,,,,rorwaerorwae,
Ros_7f6dfeb0-9793-4cb2-9b2b-85551a1e2054,kit,Ros,,,,,,,
Rose_f2b062a9-b351-4000-b91f-b5ed68ca94c7,kit,Rose,prop.n.,,,,,rose,
Rosela_e62fdd5b-cdb3-40f7-af41-5ba56ba88b2f,kit,Rosela,prop.n.,,,,,rosela,
Rowak_10c2beea-2188-48c5-be42-d2ef454195b7,kit,Rowak,prop.n.,,,,,rowak,
Rual_5f3c9612-a2f7-4e63-b6e0-f4aa5feb5414,kit,Rual,prop.n.,,,,,rual,
rubi_b51e0358-63ca-4486-b62e-d93dc6e3fc3a,kit,rubi,n.,,,,,rubi,
rullgoe_cfff3df7-0c6a-445f-acc1-ee0379fe74ba,kit,rullgoe,t.v.,,,,,,
rupi_cf659d70-d381-45c6-bc20-9a47c0f8b0a3,kit,rupi,n.,,,,,,
ruriruri_cc7a7072-d82e-44b1-8af5-ab39d703f188,kit,ruriruri,n.,,,,,ruriruri,
Rhoda_8f8ffbe0-4671-4aa9-8d0e-ac92bf32d905,kit,Rhoda,prop.n.,,,,,rhoda,
Rhodda_f651dc0b-9596-4b10-97da-472ab72fe97d,kit,Rhodda,prop.n.,,,,,,
1940s_e8b3b644-e507-461d-a2dd-ea513fac0bb5,kit,1940s,,,,,,,
sa_967b1d72-bd99-4b6d-92d7-a57ed863c812,kit,sa,i.v.,,,,,,
sabana_c823eab3-8ffe-4290-a884-4dc4c1d8116d,kit,sabana,n.,,,,,,
sabi_afb60f5e-cf34-4205-8ed5-0ebf994ea4e1,kit,sabi,n.,,,,,sabi,
sabol_2d0815b6-e94c-416e-90f4-5f2fe7ef91a5,kit,sabol,n.,,,,,sabol,
Sadua_54730d35-0a29-4a9a-8187-f0ecc415620c,kit,Sadua,prop.n.,,,,,sadua,
Saduwa_d6a44462-702a-4e6b-a8ff-eb162333f365,kit,Saduwa,prop.n.,,,,,saduwa,
sae_8b0aee2f-496c-4a91-a9bc-1e559ca283ba,kit,sae,t.v.,,,,,sae,
saem_e13bab27-d0a4-441c-af0d-5afe6b01245d,kit,saem,v.,,,,,saem,
Saemon_9739440f-cbce-4fe8-8dc5-a083d1e8179c,kit,Saemon,prop.n.,,,,,,
saen_56acc5dc-edad-471f-b0ce-d2a6f8d7f58f,kit,saen,n.,,,,,,
saeten_bb49eed2-644d-4541-bd3c-bd674380b0db,kit,saeten,prop.n.,,,,,,
saeyang_37fe0341-b57a-41d5-9bc2-21a9617692fa,kit,saeyang,mod.,,,,,saejaŋ,
sagol_34171fd8-0091-4bfb-b1ff-cff3a26a6d97,kit,sagol,n.,,,,,saɡol,
sagol nyanyu_eb2da168-93fd-4ce8-8a06-b51c6858df6c,kit,sagol nyanyu,comp.v.,,,,,saɡol ɲaɲu,
sagwan_f0b646eb-3450-4208-908e-02d0f8286da9,kit,sagwan,n.,,,,,saɡwan,
Saisiato_1501b154-a070-45df-89a5-7e1a746ba90b,kit,Saisiato,prop.n.,,,,,saisiato,
sakar_9e1fc542-b4ab-4406-931e-907d001a34d0,kit,sakar,n.,,,,,sakar,
Saken_ede46739-3d0f-42b2-afae-d8a89927ce71,kit,Saken,prop.n.,,,,,,
Sakoyaratt_010636b2-8fac-4e96-a950-aa67385cca95,kit,Sakoyaratt,prop.n.,,,,,sakojaraʈ͡ʂ,
saks_2bc34a0d-bd25-488d-b8a9-5b8432c14b30,kit,saks,n.,,,,,saks,
Sali_bdb49610-4ab5-49f4-845e-4740217e5d75,kit,Sali,prop.n.,,,,,sali,
Salome_9f039508-b938-4274-950d-195ec03c6c69,kit,Salome,prop.n.,,,,,,
Saly_89b1f81d-cbcb-4e1c-ac75-7e70c2f9a18e,kit,Saly,prop.n.,,,,,sali,
Sam_644eeebf-7193-4e27-b19a-0d3f06e83cad,kit,Sam,prop.n.,,,,,sam,
Samae_dad3b578-a481-4261-b692-6ae6f94548be,kit,Samae,prop.n.,,,,,,
Samari_fbd824a0-e7f1-470b-b1e7-8a420cb87689,kit,Samari,prop.n.,,,,,samari,
Samat_a13b128a-e66d-450c-a4f5-38f6bf50a10b,kit,Samat,prop.n.,,,,,samat,
sambuag_d65131d1-e2fb-4a1c-96b7-30f5833c2423,kit,sambuag,n.,,,,,sambuaɡ,
samoa_af9d25b7-b7c0-4312-bb78-d8dd053cb853,kit,samoa,n.,,,,,samoa,
Samson_3a526450-0685-496f-a30c-34f3e4d2cc71,kit,Samson,prop.n.,,,,,samson,
Samuel_4217ee50-48db-4491-af99-3160d2731951,kit,Samuel,prop.n.,,,,,samuel,
sana_e094bd44-e6ef-49d9-aa56-14e3aa55d2a9,kit,sana,n.,,,,,sana,
sana budar_2ba04b69-788d-4a31-bccd-1037e4721256,kit,sana budar,n.,,,,,sana budar,
sanalläkäm_e96bdf07-012c-4a29-b412-669b936732c8,kit,sanalläkäm,n.,,,,,sanaɽəkəm,
sana marmar_94bc6bd4-15b1-4436-ac2f-d4146bbb38a0,kit,sana marmar,n.,,,,,sana marmar,
sanasana_2adb094c-5bb7-4a35-968a-c88b164e4bf3,kit,sanasana,n.,,,,,sanasana,
sana tätäkang_eb036798-b3be-4890-a162-7c78299cc9e1,kit,sana tätäkang,n.,,,,,sana tətəkaŋ,
sanateya_1e3677fc-0680-49a0-8317-18b907b4011c,kit,sanateya,n.,,,,,,
sanawang_47528db7-e3e5-4814-bcdf-5d9dd2070f41,kit,sanawang,n.,,,,,sanawaŋ,
sana wutwut_978fe5c6-5c66-49ad-9294-ab1e04573036,kit,sana wutwut,n.,,,,,,
sana wuttang_484749a2-29f5-4fba-b83e-59b3c6b6fe17,kit,sana wuttang,n.,,,,,sana wuʈ͡ʂaŋ,
sandana_91e27043-ba87-49a4-8975-6de51bf86a7d,kit,sandana,n.,,,,,sandana,
sande_66fc50a3-e82f-45bb-92ca-e67484be3292,kit,sande,n.,,,,,sande,
Sandra_460b2b18-f6d8-455f-a4cf-7f63976b6002,kit,Sandra,prop.n.,,,,,sandra,
Sanford_522d15ab-bb66-47c1-b375-0c1429551a45,kit,Sanford,prop.n.,,,,,sanford,
sanga_353dd278-88cc-408d-9381-7f392b8d9545,kit,sanga,n.,,,,,saŋa,
sangapawi_48b428dc-d457-4cb9-9d02-1ef77bc35824,kit,sangapawi,n.,,,,,saŋapawi,
saomasaoma_91bfd05e-e3cd-434c-a144-24fbccc790c2,kit,saomasaoma,n.,,,,,saomasaoma,
sapang_8cf7a02d-ae6d-41e0-b065-a7a7630257a3,kit,sapang,mod.,,,,,sapaŋ,
sapangsapang_290495ca-b0ec-445c-9b89-228c5a8360f1,kit,sapangsapang,,,,,,,
sapasapang_3b00c2f2-a34e-495f-95b4-d5a9021827db,kit,sapasapang,mod.,,,,,sapasapaŋ,
sapebllabllot_a3649a1f-5fdd-4b29-ac5d-47757b8336c5,kit,sapebllabllot,n.,,,,,sapebɽabɽot,
saper ine_8a7f7c1e-480e-4cdd-ba48-a1afe9236d06,kit,saper ine,n.,,,,,saper ine,
sapiri_35d057ea-cc04-45a7-9a61-d66e041ec92d,kit,sapiri,n.,,,,,sapiri,
Sapusa_acf7e1ff-0f09-4ca7-90aa-a6a1e329c0ff,kit,Sapusa,prop.n.,,,,,sapusa,
Sara_553bc97f-3ba4-4db5-ac45-dca9448abfda,kit,Sara,prop.n.,,,,,sara,
Sarah_4dcd75cd-16b4-4cee-83bd-aff918e6cc03,kit,Sarah,prop.n.,,,,,sarah,
Sarbi_a9afaec5-a4b8-4bf6-a744-7f661c50e032,kit,Sarbi,prop.n.,,,,,sarbi,
sare_b4e58359-6786-4b31-97ec-865537bc0e56,kit,sare,n.,,,,,sare,
sari_6ebabd1c-a262-4d2f-86ae-083a8eb80e4c,kit,sari,interj.,,,,,,
sariem_56fb21e3-c773-4917-b5f2-c5c3d5a720c7,kit,sariem,cov.,,,,,sariem,
Sasa_05672acb-98ec-449a-b432-8fc15026cf32,kit,Sasa,prop.n.,,,,,,
sasapang_06676533-a216-49a3-944d-9d6120a3915b,kit,sasapang,,,,,,,
Sasi_66243a46-2763-4a3d-98db-3f1369b6c84f,kit,Sasi,prop.n.,,,,,sasi,
sasor_f8de4bb5-6932-4b0f-b66c-333376932487,kit,sasor,n.,,,,,sasor,
sat_9d20b0f1-9c6a-482e-84c5-776c292e0b28,kit,sat,n.,,,,,,
satade_a1ccac4b-a9dc-4d5e-a9af-e7d6f3f4f240,kit,satade,n.,,,,,satade,
saus_1653cce6-2fd3-472e-ba8f-909dd7a01426,kit,saus,n.,,,,,saus,
Sawa_0c4b38f6-c137-4bde-a6ce-61ac65353884,kit,Sawa,prop.n.,,,,,sawa,
Sawapo_3b02e65a-f53a-4897-bf81-a4275b2960c9,kit,Sawapo,prop.n.,,,,,sawapo,
sawasap_83831950-a9a9-4d17-8566-8ad0b7abfdb4,kit,sawasap,n.,,,,,sawasap,
sawe_4744dbaf-3bcd-4da7-b5e4-8ac5656cd096,kit,sawe,mod.,,,,,sawe,
Saweta_6cb5004e-5acf-4be1-b4be-f44e7a082be3,kit,Saweta,prop.n.,,,,,saweta,
sawis_fd9043e9-71c4-4aca-9431-b01792f73218,kit,sawis,n.,,,,,sawis,
sawiya_14386408-977b-4b51-be21-07c4e37e191c,kit,sawiya,n.,,,,,sawija,
sä~_c49af65c-8cbb-4f15-af16-23d1a74abc74,kit,sä,,,,,,,
sägädag_37b1d4a7-64e1-4fb5-9116-386658fc8031,kit,sägädag,mod.,,,,,,
sägädsägäd_d7530ece-deec-49f6-a369-3fcc624e1116,kit,sägädsägäd,,,,,,,
sägäsägäd_12593379-4360-4901-88b0-9b74eb095de9,kit,sägäsägäd,col.,,,,,səɡəsəɡəd,
sägäsägäd manika_38902246-4b2e-42e7-99ea-ed1113ae7a58,kit,sägäsägäd manika,n.,,,,,səɡəsəɡəd manika,
Sägrep_74c72400-c991-4c87-9afa-3aa336fa3cba,kit,Sägrep,prop.n.,,,,,,
säkar_614ea849-a6bb-46fc-bb85-326f7e1da353,kit,säkar,n.,,,,,səkar,
säkmällsäkmäll_a6cf6502-401a-4db5-acd0-791d97f28ff4,kit,säkmällsäkmäll,adv.,,,,,səkməɽsəkməɽ,
säkpa mit_e58e1a6a-849d-4f91-a73b-209178187220,kit,säkpa mit,n.,,,,,səkpa mit,
sämasäme_db0d41aa-c62e-416e-9220-222e8b8c40a5,kit,sämasäme,t.v.,,,,,,
sämell_d74ef499-3cc2-4114-84aa-b4a6ee308f54,kit,sämell,n.,,,,,səmeɽ,
sämongg_76ee9bc6-84a0-47cc-9b45-06f06e9c5233,kit,sämongg,i.v.,,,,,səmoŋɡ,
sänasäne_9ed7ceb2-ffe8-4b7a-a96e-365396f0caa6,kit,sänasäne,t.v.,,,,,,
sänd_9ca5258f-d6dc-464c-9309-f46cdb65aa17,kit,sänd,n.,,,,,,
sände_1c8496b9-c9c4-424d-9e7c-a48208ddd295,kit,sände,,,,,,,
Sände_4d1f4487-7e9b-4b5b-87d1-119185615622,kit,Sände,n.,,,,,,
säne_8ed4acab-c7d3-4d15-af5c-1e73a9bd80d9,kit,säne,n.,,,,,,
sänge_05c05e61-679e-4465-9550-1dc50ffa1b83,kit,sänge,cov.,,,,,,
säpalek_7cc7a915-d9a6-4dbc-9aad-72c7f3a13dbe,kit,säpalek,n.,,,,,səpalek,
säpaleng_e3e78900-4e8f-451f-8b14-cc8faffed572,kit,säpaleng,,,,,,səpaleŋ,
sära_f17653f9-3a89-460b-8476-08c55b04aeb0,kit,sära,n.,,,,,səra,
sära mit_b84c7993-4a1f-4e2f-bf17-739b07e4365d,kit,sära mit,n.,,,,,səra mit,
sära pakall_126a84b5-ad3b-49da-964d-e3b55b2caa0b,kit,sära pakall,n.,,,,,səra pakaɽ,
sära pättkäp_58ddf525-2219-4f74-bb1a-cd6c54adbe32,kit,sära pättkäp,n.,,,,,səra pəʈ͡ʂkəp,
sära pipi_2c556e65-c0c3-4dff-9921-2a079a7768f4,kit,sära pipi,,,,,,,
särapipi_2e13a227-1364-4067-bbcd-66af8ddb84af,kit,särapipi,n.,,,,,,
sära pot_b3edb8aa-c168-4eaf-b032-29b23b62debd,kit,sära pot,n.,,,,,səra pot,
särämbae_9c73cc17-b71f-4846-bf4b-aa07caafc4c7,kit,särämbae,t.v.,,,,,sərəmbae,
säre_f9a14a31-6739-4ebc-9efd-01b6c8793062,kit,säre,adv.,,,,,səre,
särem_f4b6d71a-29e6-47e8-b831-e62c69b6f887,kit,särem,n.,,,,,sərem,
säremang_5cfb63aa-9234-4444-a565-99a280176b35,kit,säremang,mod.,,,,,səremaŋ,
säremang ma_7d7b1f3d-87fc-4bd7-853b-0a927b80d81d,kit,säremang ma,n.,,,,,,
säremsärem_1520ef3b-fe79-40a9-821f-6db5f2c26b62,kit,säremsärem,adv.,,,,,,
säresäremang_62fe8874-871f-4015-b1a9-1a1e14559100,kit,säresäremang,mod.,,,,,səresəremaŋ,
säroe_c1a217b4-9202-4e8f-b861-72ffcb456f96,kit,säroe,,,,,,səroe,
säs_0789d2fd-a5c2-4da1-a339-4c47e7fe8f24,kit,säs,n.,,,,,səs,
säsäri_e00eca15-328d-4272-874b-4e93ba2f44b1,kit,säsäri,,,,,,,
säsäs_506f0160-8c64-4cb6-bba6-64f68c0502ae,kit,säsäs,i.v.,,,,,,
säspen_a93d9e9a-fe73-4033-9157-4c8cebaa2718,kit,säspen,n.,,,,,səspen,
säspull_351b896a-b49a-444a-8d18-ac5535017a02,kit,säspull,,,,,,səspuɽ,
säsramsäsram_2a9d29f9-73c3-4d51-a353-bca75997d067,kit,säsramsäsram,adv.,,,,,səsramsəsram,
säsri_051bc2b8-41bf-4639-aca2-0877a4c21d96,kit,säsri,,,,,,,
SDA_ac115c7e-3acf-4196-b9c6-543dbf6c27e7,kit,SDA,n.,,,,,,
se1_4cc3904f-0d54-41c1-929e-471e77c2e65a,kit,se,n.,,,,,se,
se2_dcd3004a-175f-45ef-aaf9-bcec5b1d2b30,kit,se,,,,,,se,
Sebe_33680e27-4f01-445b-8b0b-18020f9639a6,kit,Sebe,prop.n.,,,,,sebe,
seben_a143ccd2-63af-4d1f-99fa-3fc1a04d04fc,kit,seben,num.,,,,,seben,
sebenti_2357f4e4-987e-471b-b921-ff29a2b30cce,kit,sebenti,num.,,,,,,
sebentin_8c8942b2-2096-4206-a356-48a6b75cdf7e,kit,sebentin,num.,,,,,,
sebor~_5dcf750a-58cb-4b67-a774-6984d8025899,kit,sebor,,,,,,,
sebor_82ba16d0-8cde-4e1f-a680-b83b01fa7ed0,kit,sebor,cov.,,,,,sebor,
seborsebor_6a5491b3-36b1-425c-ad9f-e25d21b875db,kit,seborsebor,cov.,,,,,,
sebosebor_089f257c-2fd1-4bb0-8400-20bccc90fdff,kit,sebosebor,,,,,,,
sek_0c43b26e-693f-4240-a1a8-7366e4b767e1,kit,sek,cov.,,,,,,
sel2_6ff863f1-a37b-4a50-b43b-9da721775176,kit,sel,cov.,,,,,,
sel1_9228f6bd-1c12-4898-91f7-44af010c97f5,kit,sel,n.,,,,,,
sele_7bd45b2f-bd63-4000-8a8b-9e06b2b79160,kit,sele,n.,,,,,sele,
sem1_1c4e0b2f-16ee-4bb4-beb1-89af2914a3e1,kit,sem,n.,,,,,sem,
sem2_e9ec0369-b102-479f-bb9b-e755b4174324,kit,sem,mod.,,,,,,
senedrin_6024749f-a8ff-4a3e-981d-33a5ce034b58,kit,senedrin,n.,,,,,senedrin,
sens_71c6ade2-418e-4616-8458-42e416ed760b,kit,sens,cov.,,,,,,
Senti_3d93a489-66ad-4b8d-9daa-1fff02927812,kit,Senti,prop.n.,,,,,,
Sera_4f870fc2-1f0f-410f-bc39-5ebdd9aeb128,kit,Sera,prop.n.,,,,,,
ses_515d5f84-6cab-468b-9ca0-91852362d886,kit,ses,n.,,,,,,
seseyam_6034ba45-dc3b-4317-9ca8-c5291ea59030,kit,seseyam,Ideophone,,,,,,
sespen_1efca0c1-f845-46e4-ab99-415e7665e444,kit,sespen,,,,,,sespen,
second_47b93867-b0ff-4ee4-80ec-57addf6a26ed,kit,second,,,,,,,
secretary_b7571b9b-64a9-43c6-acfa-9f19fbb6ec1e,kit,secretary,,,,,,,
seven_3a349402-449d-48b2-9bd9-51a25affd484,kit,seven,,,,,,,
seventi_6a59b873-fad5-4dd6-9d25-4a76d89d25d6,kit,seventi,,,,,,,
Sibideri_479551f2-e26b-4d38-8fb9-739e59ff584f,kit,Sibideri,prop.n.,,,,,sibideri,
Sibidir_f06925ba-5fc9-4991-a41d-505cad4f6234,kit,Sibidir,prop.n.,,,,,,
Sibiya_fa95a84f-b4db-49c8-b3e3-ff5d05004e4d,kit,Sibiya,prop.n.,,,,,,
Sibne_6f82e3ca-2be0-40f6-a866-94c962e1a7e4,kit,Sibne,prop.n.,,,,,sibne,
sidompa_3a892180-aeac-4acf-9b0b-eebe4829d8e9,kit,sidompa,n.,,,,,sidompa,
Siga_4374c4d5-26cb-4783-b2b2-030a6069c35b,kit,Siga,prop.n.,,,,,,
Sigabaduru_c4ba976c-c975-4c71-9196-a5211dc861fc,kit,Sigabaduru,prop.n.,,,,,siɡabaduru,
sigip_521c0c1f-947c-4232-ae40-de125a602db8,kit,sigip,n.,,,,,siɡip,
siklakla_be26e15f-1f20-4b99-8c65-187bcb366358,kit,siklakla,n.,,,,,siklakla,
siks_340f3db3-c0b8-4f19-818d-0f59793bf42f,kit,siks,num.,,,,,siks,
siksti_99ffb384-0f8d-4b0b-9554-8b787ea9bf10,kit,siksti,num.,,,,,,
sikstin_ed1a4c92-4eda-4e0c-869b-f05bad82fc73,kit,sikstin,num.,,,,,,
Siku_40c3682a-bca9-49e1-8d36-c7e5cf512a12,kit,Siku,prop.n.,,,,,,
sili_1da2a491-ff6d-4a19-b6cd-92d932a8b032,kit,sili,n.,,,,,sili,
Simon_def94761-d02e-4c0a-b143-324c0d88e851,kit,Simon,,,,,,,
sinensinen_67f1cd9a-d3a5-49c3-acd0-aa3715b437ea,kit,sinensinen,mod.,,,,,sinensinen,
Sini_25981c39-f52a-454c-ae4b-260657a5291b,kit,Sini,prop.n.,,,,,,
Sintia_64830b1b-8f2c-488c-89d9-f2be3ae8e5bf,kit,Sintia,prop.n.,,,,,sintia,
singoll_640b310c-477b-4b1d-a296-796e1f1beda9,kit,singoll,cov.,,,,,siŋoɽ,
singosingol_5389d7e7-d687-40a7-8264-64e0a8fcc1a5,kit,singosingol,adv.,,,,,siŋosiŋol,
singosingoll_ed543a91-7a75-4dc6-b245-422ab2bf9248,kit,singosingoll,,,,,,,
sip2_2b16b32c-1308-474e-b5e4-231e46035339,kit,sip,n.,,,,,sip,
sip1_831e1abd-4cb9-4167-8f34-00089884be53,kit,sip,n.,,,,,sip,
sipel_f3cbaa40-db5f-4e2c-a25b-29f282ecfcb6,kit,sipel,cov.,,,,,sipel,
sipik_e9142908-6f94-407c-807d-9e3652a97614,kit,sipik,n.,,,,,sipik,
siporo_c981b82d-c2da-472d-847f-788ef08bd946,kit,siporo,n.,,,,,siporo,
sir_55ab311d-3da3-48e2-b67d-2526d1af9b5b,kit,sir,n.,,,,,sir,
sirem_b61e8046-92cb-43b9-921c-390b6cca68c7,kit,sirem,,,,,,sirem,
Sirmitang_24739278-a78b-4f1b-ad21-7b79bcdbeee8,kit,Sirmitang,prop.n.,,,,,sirmitaŋ,
sis1_2fc0048a-953a-48a0-8a33-4ab63b623e2a,kit,sis,n.,,,,,sis,
sis2_3bc5827e-b76a-43ce-9ba6-1963b013e05d,kit,sis,n.,,,,,sis,
sisel_33fe97f0-b24a-4775-9e54-fa702c65d26d,kit,sisel,n.,,,,,sisel,
sisi_72267282-d7ff-4e7d-9183-7424381ee7fc,kit,sisi,n.,,,,,sisi,
sisiri_f12d90f4-31d5-4059-9dde-fbcb645a501c,kit,sisiri,,,,,,sisiri,
sisor_b78f8ffa-206e-4e32-8643-eac5b5a730ee,kit,sisor,mod.,,,,,sisor,
sisor däp_c86f6e6c-5b6e-4a47-a51c-a3fe241e1d9f,kit,sisor däp,n.,,,,,sisor dəp,
sisor llɨg_e58ab5b0-7c80-4ff2-afeb-d6832a86b152,kit,sisor llɨg,n.,,,,,sisor ɽɪɡ,
sisor pazi_dda3c75d-9103-4710-8375-574464c5c4b0,kit,sisor pazi,n.,,,,,sisor pazi,
sispull_60ff5314-5102-48bc-8ede-3e7db80e6e7c,kit,sispull,n.,,,,,sispuɽ,
sisri_893dbdcf-abb8-4089-b0b3-790de493fe69,kit,sisri,Temporal adverb,,,,,sisri,
sisri ag_bd0b164e-fb37-40b9-8a65-c5dc87e22e6d,kit,sisri ag,n.,,,,,,
sisri ebdo_5f45d79e-6f41-4d1d-9f22-73e6c936b511,kit,sisri ebdo,n.,,,,,,
sisri iddob_1e3ce3fd-8cc5-4855-94e6-c55d20707c22,kit,sisri iddob,n.,,,,,,
sisri toto_1593d196-c55a-470f-b239-45ec24359485,kit,sisri toto,n.,,,,,,
Sisuar_995ea69c-8188-4ab4-a413-defdd0e8171b,kit,Sisuar,prop.n.,,,,,sisuar,
siti_a0b518e5-f7c9-4c52-8fdf-9245f352debd,kit,siti,n.,,,,,,
six_51604782-5264-4351-9ce6-58644a8a36fa,kit,six,num.,,,,,,
sixty_e388df01-0f6e-4edd-a2a3-76c6db3b544d,kit,sixty,,,,,,,
sɨmell_7b7d5f8d-67d4-4f93-bfc2-a6215298a141,kit,sɨmell,n.,,,,,sɪmeɽ,
sɨmell källamokott_b45a51a0-6a74-4137-9989-8ed55da14b72,kit,sɨmell källamokott,n.,,,,,sɨmeɽ kəɽamokoʈ͡ʂ,
sɨmellkom_311c9612-94b5-447d-aabc-edb1993ccf79,kit,sɨmellkom,n.,,,,,sɨmeɽkom,
sɨmellmak_d1ef9694-945d-48ed-80db-7414059a4dc3,kit,sɨmellmak,n.,,,,,sɨmeɽmak,
sɨngesɨnge_30989b1d-43f8-489e-87f3-c03b56dae232,kit,sɨngesɨnge,n.,,,,,sɪŋesɪŋe,
sɨrem_a29f09be-a11f-49fb-aa0f-d47067ae72b5,kit,sɨrem,adv.,,,,,sɪrem,
sɨs2_0a373c0e-1826-48de-a750-ac7230865253,kit,sɨs,t.v.,,,,,sɪs,
sɨs1_8e21ac4c-cc10-4894-8fc6-d0692c3a7e3d,kit,sɨs,interj.,,,,,sɪs,
Skola_fdd67187-3510-45db-b6e5-e5b54133a5c5,kit,Skola,prop.n.,,,,,skola,
skul_c9d02c33-aabf-4d58-ae40-4ed0d82acb28,kit,skul,n.,,,,,skul,
skulang_d59515d9-5044-4455-b990-c9179e137196,kit,skulang,n.,,,,,skulaŋ,
skulatt_db192f95-c47b-4cbb-914a-6f4ff8365ec7,kit,skulatt,mod.,,,,,,
slaslak_d3875b4f-92ad-49f4-ba1d-438e4f41ead5,kit,slaslak,n.,,,,,slaslak,
sllollongg_93eb2243-d937-40b9-b6fe-80bd78fdb2b3,kit,sllollongg,i.v.,,,,,sɽoɽoŋɡ,
snameny_6cb1fdad-0bec-47c1-9cb4-1beeaee22bce,kit,snameny,t.v.,,,,,snameɲ,
so1_41b1c7fc-37af-416e-bc48-0f20800ec2cd,kit,so,n.,,,,,so,
so2_a894ed0d-1cda-4038-8835-a444f6ff06e9,kit,so,,,,,,,
Soba_1da7a26e-f51c-44d3-a176-3fff17c68ab0,kit,Soba,prop.n.,,,,,soba,
Sobam_760c4c71-7bb6-4eeb-908e-2a3f25bf0249,kit,Sobam,prop.n.,,,,,sobam,
Sobeya_a41838ad-49c5-4120-bf13-576ebefd0323,kit,Sobeya,prop.n.,,,,,,
sod_b597f4ce-c533-4b5e-b855-9376bdf68ac9,kit,sod,n.,,,,,sod,
Sogale_3386ff9a-7d4f-4273-835a-53ce490d023a,kit,Sogale,prop.n.,,,,,soɡale,
soka_03cebcef-6492-4f2b-8532-73cf18a4e4a5,kit,soka,n.,,,,,,
Soka_5a8882d4-dc33-4026-a2d4-22eabf882100,kit,Soka,prop.n.,,,,,soka,
Sokola_07e5aa63-55bc-4fbe-91b4-4cd64fc1a11e,kit,Sokola,prop.n.,,,,,,
sokpa_64e5f805-6efa-4f4c-9b1c-256c98761fa5,kit,sokpa,n.,,,,,sokpa,
sokpa kllokllop_2b6ff851-3fcd-4be3-99b9-683e92695e7e,kit,sokpa kllokllop,n.,,,,,,
sokpa llaweatt_b07cb0ff-6aba-415a-bd8d-a1d7b3dd9e7a,kit,sokpa llaweatt,n.,,,,,,
solt_5806793e-b38a-4f94-9e79-f8ef23aaed59,kit,solt,n.,,,,,,
Soma_ac56d40e-fb31-4947-b470-1d916f7daac1,kit,Soma,prop.n.,,,,,soma,
somungg_4bd1ec8a-d0e0-4b52-80a1-50cc95a638fa,kit,somungg,t.v.,,,,,,
Songno_7a878627-14c4-441e-b0b2-400d89ad1518,kit,Songno,prop.n.,,,,,,
sop_4827de99-4a3e-492b-b0b5-d84137ebbbb8,kit,sop,n.,,,,,sop,
sori_222fd7e7-4788-4589-9cf9-619c061cafd1,kit,sori,,,,,,,
soroe_c0f04d5d-4d7f-48cc-9d9f-7918a94e8688,kit,soroe,t.v.,,,,,soroe,
sorry_3c68887f-a832-4f0c-866f-e5b97a42f1ed,kit,sorry,,,,,,,
sorsor_7e3283a5-1d98-4708-a284-5b86cbe7288f,kit,sorsor,v.,,,,,sorsor,
sos_0bfa3149-0734-4753-9c07-4832d2f3657a,kit,sos,n.,,,,,sos,
sosa_84609fd8-e5aa-48f1-9747-bc6b9647679a,kit,sosa,,,,,,,
sosoga_c5907263-32e0-4a67-b74c-2238e8886263,kit,sosoga,n.,,,,,sosoɡa,
Sowa_6579b0f6-3f9a-4afc-b43b-5713ee85c1e7,kit,Sowa,prop.n.,,,,,,
Sowati_14b3dbc1-815b-4087-ae90-4e48ca8c6ff3,kit,Sowati,prop.n.,,,,,sowati,
soccer_10a4596a-7cba-413c-a740-08a8993a296c,kit,soccer,,,,,,,
spalek_d124781f-12b5-46df-a5ad-69e4b4bd1dd6,kit,spalek,,,,,,spalek,
spallma_76ce31f8-4487-4da9-8801-f55ffef69eff,kit,spallma,n.,,,,,spaɽma,
spun2_21fde875-84aa-40b6-9788-8ed8fe86677e,kit,spun,i.v.,,,,,spun,
spun1_554ca210-4a8a-418b-a340-50323f91fca1,kit,spun,n.,,,,,spun,
stael_f3ac9f16-065f-4c0a-b1f7-c012b5a1e907,kit,stael,,,,,,,
Stanis_32919b23-71ef-4358-9ffa-4d93471ab57f,kit,Stanis,prop.n.,,,,,stanis,
Stashalyn_447b7503-5b7f-4d6c-96ef-89695cf9ebdd,kit,Stashalyn,prop.n.,,,,,stæʃlɪn,
Steven_6acac236-36ec-4b81-a8f5-ef5fbd9fa2b5,kit,Steven,prop.n.,,,,,steven,
Stibin_f53d3650-64c1-401a-95b4-1ef31f0535f1,kit,Stibin,prop.n.,,,,,,
still_b3a2722d-9276-4784-be5a-797c22cdadbc,kit,still,,,,,,,
Stiven_797ef8d4-9592-431e-b7ef-49566e435dd4,kit,Stiven,prop.n.,,,,,,
stoa_b382ddea-07bf-465a-9282-0a943868cdff,kit,stoa,n.,,,,,stoa,
stori_2d91a4e7-8993-4dcc-a76c-88491d44e1b9,kit,stori,n.,,,,,,
story_9637c29c-65d0-49a1-a217-427dcddfd23d,kit,story,n.,,,,,,
stowa_3ac22f76-7bb8-422a-a31f-80586e8a82f1,kit,stowa,,,,,,,
student_5433f1b3-4823-4b31-af20-8931f348588a,kit,student,,,,,,,
su_d71d9740-2d4c-4f84-a265-7d90144dd0b3,kit,su,n.,,,,,su,
Suame_26a6b880-81a3-4739-be38-39bd166225ef,kit,Suame,prop.n.,,,,,suame,
suang_6f914787-a6a1-4f0e-b325-d6148f560ee4,kit,suang,n.,,,,,suaŋ,
suga_d2ca02ad-2fdf-417a-a60f-ba62df4bc1d0,kit,suga,n.,,,,,suɡa,
suga galbe_c92fa950-61d9-44e2-89be-3ec8705c8c7a,kit,suga galbe,n.,,,,,suɡa ɡalbe,
Sui_249b55af-7794-4bf3-9b5f-b08691804191,kit,Sui,,,,,,,
Suki_4a6f1cdc-45f4-4eb8-b7fe-d09ac06b4a2a,kit,Suki,prop.n.,,,,,suki,
sukul_a096258b-2c6b-45de-b533-c8ef5d00a660,kit,sukul,,,,,,sukul,
Suliki_8262c4be-6322-48d5-b6cf-11e60def97a2,kit,Suliki,prop.n.,,,,,suliki,
sulut_c3670425-de5d-4784-8ae3-453d57f9f9cb,kit,sulut,n.,,,,,sulut,
supun_0a8a4a5a-e23f-4cae-9e9c-6b3c08f19b57,kit,supun,,,,,,supun,
sur_dd24a9b0-8d58-450d-b8f4-3ff84d4f6242,kit,sur,n.,,,,,sur,
surum_b2ecad89-04c3-4a81-a12c-31fb31165ca9,kit,surum,n.,,,,,,
surusuru_6e479a8b-fc54-4aad-8b8d-40ed61d189f7,kit,surusuru,n.,,,,,surusuru,
Susan_80a710a0-6ad5-4511-a69d-53cc0cc0c45d,kit,Susan,prop.n.,,,,,susan,
susu_22a4e148-243f-41e3-af3f-aa9085bdba4f,kit,susu,n.,,,,,susu,
suwe_ee70e0ba-76f0-445b-b109-e52dafe20698,kit,suwe,n.,,,,,suwe,
Suwede_8881c84d-debc-4ded-8d75-6d3a860a5c5a,kit,Suwede,prop.n.,,,,,suwede,
suwe gäd_563d26bf-9428-44df-af43-71c0176d2bce,kit,suwe gäd,n.,,,,,suwe ɡəd,
suwe tɨngg_55748e57-26bc-47a9-9853-6e98290621f6,kit,suwe tɨngg,comp.v.,,,,,,
Suwi_c9803eb6-2a99-4900-a110-2833f046e7ab,kit,Suwi,prop.n.,,,,,suwi,
Sylvien_8edd5bc4-8a3c-410e-95f1-3fbd8405a25c,kit,Sylvien,prop.n.,,,,,sɪlvijɛn,
shake_ad8900b1-6ce4-42be-94e2-c290d594113a,kit,shake,,,,,,,
Shamae_798c971c-ed85-4f33-9b6f-9897488e4985,kit,Shamae,,,,,,,
Sharon_a5660078-f46f-47da-9913-61ce749b05dc,kit,Sharon,prop.n.,,,,,sharon,
Shim_c8ed7d85-683f-44e2-b564-168700cc5459,kit,Shim,prop.n.,,,,,,
ta~_68ebeadd-355a-4f9e-b4e2-6b0ea091cfaf,kit,ta,,,,,,,
tab_eff58689-1b7b-424b-91e6-43993f9a64aa,kit,tab,n.,,,,,tab,
tabe_1971bec7-6775-43b0-bf24-4dd319f5b785,kit,tabe,n.,,,,,tabe,
Tabita_d60426cb-f9d4-43f4-9a1e-11ed92f231c2,kit,Tabita,prop.n.,,,,,,
Tabubil_3d916ed1-4702-48c8-808d-1b4e01322aa1,kit,Tabubil,prop.n.,,,,,,
tada_65ccdb70-e5db-471d-bca8-77398f17a0a7,kit,tada,n.,,,,,tada,
tae_d2b404e1-34ce-41bf-bd5a-a66d71ad5789,kit,tae,n.,,,,,tae,
tae budar_e2b3afc4-893a-4f2b-a728-02487b432351,kit,tae budar,n.,,,,,tae budar,
tae lläkäm_5603d8c7-9077-4e0d-9a85-cf14e75c4cb0,kit,tae lläkäm,n.,,,,,tae ɽəkəm,
taem_2eb2261c-86d9-428b-a109-6d61ff9ed159,kit,taem,n.,,,,,,
taemataema_9d42e352-3b1d-4f2e-bac6-e3e746d2c95e,kit,taemataema,n.,,,,,taemataema,
Taeme_99771fea-2e5d-47ce-abe5-4e54056ea493,kit,Taeme,,,,,,taeme,
Taeme loanword_b37b264f-9af2-4564-8320-0d602d91538b,kit,Taeme loanword,,,,,,,
taempäg_ebd4d7a6-fa08-4821-8e1c-99bebae10351,kit,taempäg,t.v.,,,,,taempəɡ,
taewa_6cd9ba12-5fb6-48c2-9152-ae26b612c45c,kit,taewa,n.,,,,,taewa,
Tag_dc70cc82-aa6d-4335-b39b-17ba3a13bee3,kit,Tag,prop.n.,,,,,taɡ,
Tai_71f505da-7e63-4d38-91ee-77e743a39f02,kit,Tai,,,,,,,
taim_f28a2a8a-83b9-485c-bcd6-b09b3c801963,kit,taim,n.,,,,,taim,
tainäm_3e144e9b-cf30-4754-80c6-c0f73273984e,kit,tainäm,n.,,,,,,
Takeya_2dbfc702-0aad-44c8-9340-19738f150df8,kit,Takeya,prop.n.,,,,,,
talapia_a3da0532-ae32-4ce3-a4f7-d632139224c9,kit,talapia,n.,,,,,,
talme_c57ebcfb-1373-41bd-99fd-3c44c2e187b3,kit,talme,cov.,,,,,talme,
tall_0eb01a94-c09f-4f7e-98db-d49c18d5bdf5,kit,tall,n.,,,,,taɽ,
Tallabunang_5d0dfa80-383d-497c-af89-f1c09c52d420,kit,Tallabunang,prop.n.,,,,,taɽabunaŋ,
tamatama_2b516b47-feb7-4d2c-89e3-5ca7c28b34af,kit,tamatama,n.,,,,,tamatama,
tame_2c32714c-2a0e-4f67-b93a-9cd667f297fd,kit,tame,n.,,,,,tame,
Tame_b06a6f85-f0b9-4d87-a7d9-1aa7ff2c9028,kit,Tame,prop.n.,,,,,tame,
tameny_ed9701e4-7b15-4ea3-a7b0-fb6729e20f77,kit,tameny,t.v.,,,,,tameɲ,
tamenyang_864c7bf7-a1a3-4a9a-b5c6-8924e7978191,kit,tamenyang,n.,,,,,tameɲaŋ,
tamllägtamlläg_e4a78151-5ea3-4ee5-8102-db9371fdd710,kit,tamllägtamlläg,n.,,,,,tamɽəɡtamɽəɡ,
tamllängg_c5a74dbd-1c30-4a3e-befb-244cf4b82feb,kit,tamllängg,t.v.,,,,,tamɽəŋɡ,
tamongle_a9119e9f-c02c-4b4a-81f4-43415bf9ca86,kit,tamongle,n.,,,,,tamoŋle,
tan_66c74853-2944-4b7e-a955-726ff088ef54,kit,tan,n.,,,,,tan,
Tanisha_f2fc12ef-d218-4928-85ea-04ae7bbf0b53,kit,Tanisha,prop.n.,,,,,,
tanong_c9a9b165-35a8-417c-8ae7-bedcebad1d19,kit,tanong,adv.,,,,,tanoŋ,
tanteny_fcbe02a5-f677-45f6-98db-a4e7942ad251,kit,tanteny,n.,,,,,tanteɲ,
tanter_b4581ae5-3547-4703-bebe-d6f0bd7c2665,kit,tanter,t.v.,,,,,tanter,
tanträm_713d919b-c6c3-44e8-9e12-1f0de4580f42,kit,tanträm,t.v.,,,,,tantrəm,
tanyäb_a12a1bc1-a97b-485a-a8b7-1ea0a8c01663,kit,tanyäb,,,,,,,
tanyib_be50a88c-3f3d-4bf1-9187-9432fc863a4c,kit,tanyib,n.,,,,,,
tanyteny_6e927b66-1324-47dd-9c0c-47f4121f651b,kit,tanyteny,,,,,,,
Tao_2c07d694-4af0-4cc7-9626-e63011b8e32f,kit,Tao,prop.n.,,,,,,
Taolang_3d1616ef-e328-456d-b203-286403e6f187,kit,Taolang,prop.n.,,,,,taolaŋ,
taosen_4b4d7d69-34bb-42f6-a1c5-d2dd46ce1667,kit,taosen,num.,,,,,taosen,
tap3_63abdb57-8187-4876-b79c-81ccd234a87d,kit,tap,n.,,,,,,
tap4_98705a3a-e484-4896-98c1-9dd85fcd1de4,kit,tap,n.,,,,,tap,
tap2_c90b353c-d082-44d8-92b0-31be7fc01eb7,kit,tap,t.v.,,,,,,
tap1_e41c065b-5b1a-4290-a4e8-e01e8b5bea4e,kit,tap,cov.,,,,,tap,
Tapila_484b7cb9-c445-4091-8986-33aa6007c114,kit,Tapila,prop.n.,,,,,tapila,
tapma_b988cafb-c939-47c7-b218-e69cb8de1824,kit,tapma,n.,,,,,,
Tapma_d1e94ba2-b628-4585-b772-c90bc9fcada1,kit,Tapma,prop.n.,,,,,tapma,
tarakoll_6020b390-a7b9-4755-b07b-fd38a732fe49,kit,tarakoll,n.,,,,,tarakoɽ,
tarambobo_b14b3c89-f972-4054-a4d1-10e9e84aaebf,kit,tarambobo,n.,,,,,,
tarasoso_e79b85d5-5440-4410-a57b-26660fbfb6b8,kit,tarasoso,n.,,,,,tarasoso,
tarketarke_f765bc15-8ae8-4200-bba7-f0f3e0380075,kit,tarketarke,mod.,,,,,tarketarke,
tarko_08a52319-70bc-4d53-ac6b-057a7a6d61da,kit,tarko,n.,,,,,,
tarme_1559e512-af62-4dc1-842d-842d4d8f2eb8,kit,tarme,n.,,,,,tarme,
tarme ballmenyang_643e68d7-5742-4a98-9852-1476109fb0fc,kit,tarme ballmenyang,n.,,,,,tarme baɽmeɲaŋ,
tarmekälla_db89096e-3d0b-405e-8424-26796debba32,kit,tarmekälla,n.,,,,,tarmekəɽa,
tarme koeme_5dc4b1e7-a262-4ed1-b509-a8880eb1dd39,kit,tarme koeme,n.,,,,,tarme koeme,
taromba_ea08aabd-a512-47d7-a11b-0dbe2a72c004,kit,taromba,num.,,,,,taromba,
tata2_06a159fc-4c22-4e3c-a74c-751076d2e54b,kit,tata,n.,,,,,tata,
tata1_8344e7a7-015b-45b4-9281-6ac0fa251fd3,kit,tata,n.,,,,,tata,
tatanggli_04603e95-c03c-42e3-a151-d77b679e3704,kit,tatanggli,n.,,,,,tataŋɡli,
tatarke_a363102d-1211-4a67-b148-154888da3bac,kit,tatarke,,,,,,,
tatäraem_9659b513-673e-4a3d-9e38-612fef6b3512,kit,tatäraem,n.,,,,,tatəraem,
tatäräp_aad00cd3-7d31-478e-9858-72401f1d830b,kit,tatäräp,,,,,,tatərəp,
tater_5d5d5aea-5bf8-4ca8-acc6-8d05c2afce73,kit,tater,n.,,,,,tater,
tatraem_c76ae69a-e9e5-49bc-92ff-0ec403c0155a,kit,tatraem,,,,,,,
tatratatraema_01ed1a35-3f60-4e63-830d-2d01e472d4c2,kit,tatratatraema,n.,,,,,tatratatraema,
tatruk_7c12ce23-bfcd-418f-8a73-66be124fb644,kit,tatruk,n.,,,,,tatruk,
tatu_7b47a99c-a34d-4f83-a334-2ef094c9e9ea,kit,tatu,cov.,,,,,tatu,
tatuma_bc3a29a7-a266-4fd6-919e-9307d58117a3,kit,tatuma,n.,,,,,tatuma,
tatutatu_5ca8541c-2ff0-427f-98d0-67a0b633d058,kit,tatutatu,adv.,,,,,,
tawa_a77293d7-cf28-4575-b840-b2443617704a,kit,tawa,n.,,,,,tawa,
tawa aeb_e7590c21-42e2-48b9-a857-806567389b27,kit,tawa aeb,n.,,,,,tawa aeb,
Tawabo_3827f0a9-5aac-448e-87c1-70056129dc05,kit,Tawabo,prop.n.,,,,,,
tawar_ac816173-5579-41d4-a377-bc7c6d2d7bed,kit,tawar,n.,,,,,,
tawe_a84d5c5b-f629-4678-8405-1a92d8c205a2,kit,tawe,n.,,,,,tawe,
tawekutt_12e93f23-a037-4263-bd3d-662207cb8162,kit,tawekutt,n.,,,,,tawekuʈ͡ʂ,
Tawemitang_89fce1fd-234a-4045-a9a1-c93bae9620c8,kit,Tawemitang,prop.n.,,,,,tawemitaŋ,
tawe ttäp_b4937a84-ddb7-4f2c-8de3-e14d3c5f7321,kit,tawe ttäp,n.,,,,,tawe ʈ͡ʂəp,
Tayi_102169c4-d131-4644-b0ad-32c75553338a,kit,Tayi,prop.n.,,,,,taji,
täb_ef7c92b8-7680-41c1-a892-4757d946cdbb,kit,täb,n.,,,,,təb,
täbab1_746a078e-c947-4ffd-ba73-aa02c6cc89d5,kit,täbab,t.v.,,,,,,
täbab2_815e7146-0170-4b38-9303-a961462eb091,kit,täbab,t.v.,,,,,təbab,
täbatäbe_48e4ffbc-3bc5-4fa4-aac5-f0e2208adc99,kit,täbatäbe,i.v.,,,,,təbatəbe,
täbädd_59f89bac-0e0b-4da2-9d76-3cf523120f7b,kit,täbädd,n.,,,,,təbəɖ͡ʐ,
täbäll_462a9c9c-9127-40c7-be66-b3efecd41aa5,kit,täbäll,,,,,,təbəɽ,
täbäll pud_157adf74-049b-49d1-a137-81c095a46059,kit,täbäll pud,n.,,,,,təbəɽ pud,
täbe_0092be67-9ebe-405a-9121-51c2de615288,kit,täbe,n.,,,,,təbe,
täbe budar_f1d0085f-9850-4755-ab32-2f31d66844e7,kit,täbe budar,n.,,,,,təbe budar,
täbe lläkäm_8f82efe3-a24e-4260-93b6-649d41a64afb,kit,täbe lläkäm,n.,,,,,təbe ɽəkəm,
täbie_f3c415f4-b5d4-40f1-a1a2-f0d75bbddda7,kit,täbie,n.,,,,,təbie,
täbom_735142f2-eb88-4f15-b7e5-ee3d8f9edd75,kit,täbom,n.,,,,,təbom,
tägab_cf7ffc6d-9d0a-4447-8112-27c9840babc6,kit,tägab,t.v.,,,,,,
täk_0273e5ce-38a7-4fa1-a6f2-9bd54d306f07,kit,täk,n.,,,,,tək,
täkäll_9d90847c-d91c-4425-bd57-8efd36a01f09,kit,täkäll,n.,,,,,təkəɽ,
täkälltäkäll kutt_c166c6a9-4715-41e7-9032-a4fb734e6add,kit,täkälltäkäll kutt,n.,,,,,təkəɽtəkəɽ kuʈ͡ʂ,
täkälluit_19112137-711f-4a38-8b84-3d4d1cfb6214,kit,täkälluit,n.,,,,,təkəɽuit,
täkla_4d1b9a9d-a8d7-40f3-9885-40a0e3d9e4e1,kit,täkla,n.,,,,,təkla,
täko_bb4b276c-1279-441b-b3bf-f20adf13f26e,kit,täko,n.,,,,,təko,
täl_58f21a1e-0a3b-49b3-ac00-6eab7a56f50a,kit,täl,n.,,,,,təl,
täli_7949b84d-97bc-4f95-b4bc-0f3642255ffb,kit,täli,t.v.,,,,,təli,
tälpae_625cad71-c0cf-4398-8d9b-85dffdedf1dd,kit,tälpae,v.,,,,,,
tälpe_00e2c42e-d9fa-4457-8392-3eadbd2790da,kit,tälpe,i.v.,,,,,təlpe,
tältäl_e9347f24-47b6-479d-ad0b-4e9129221861,kit,tältäl,n.,,,,,təltəl,
täl wadär_f39d7d87-a9cf-40a3-b9dc-983ed00a801e,kit,täl wadär,n.,,,,,təl wadər,
Täm_ae0a3235-0157-40f4-9cef-d8bb2015221d,kit,Täm,prop.n.,,,,,,
täma_b0302222-cdca-4e81-bfaf-ce0df67a592e,kit,täma,n.,,,,,təma,
tämallang mälla_cde37f1f-3882-468c-943c-1d315fe0b8f3,kit,tämallang mälla,n.,,,,,təmaɽaŋ məɽa,
tämamae_597497df-26a6-42ea-9cb9-8b00a0d802d0,kit,tämamae,quant.,,,,,təmamae,
tämani_166852b6-367e-4cb0-8135-7a3e4a495d41,kit,tämani,n.,,,,,təmani,
tämbag_ed16b114-a5a9-478c-8660-a8783d0b6af5,kit,tämbag,t.v.,,,,,təmbaɡ,
tämbameny_8679195e-6023-4706-b307-927097aeaa81,kit,tämbameny,t.v.,,,,,təmbameɲ,
täme_5a5462d0-82c0-46ca-83ec-e1bc4aeb2025,kit,täme,n.,,,,,təme,
täme käp_927261fb-0459-4748-8516-d98b0d9020ba,kit,täme käp,n.,,,,,təme kəp,
täme sära_e498043c-69b2-40b9-a14b-f466b8f9d8e8,kit,täme sära,n.,,,,,təme səra,
tämpeyam_ab68ad67-5d1a-4d0a-9272-ad499e5be89f,kit,tämpeyam,t.v.,,,,,,
tän_172aafb0-d5ee-4d77-97aa-a45171a04959,kit,tän,n.,,,,,tən,
tänan_bc06bb1a-e6b5-49e5-b351-a57bcb920dda,kit,tänan,i.v.,,,,,,
täne_24482265-55c9-495b-a71b-85963f6105b5,kit,täne,,,,,,,
tängg2_69841773-280b-4e90-bce2-a1ffea073d0a,kit,tängg,t.v.,,,,,təŋɡ,
tängg1_c686b80f-bcd4-40af-99cb-6c0798f468b6,kit,tängg,t.v.,,,,,,
tänggag_3cd35a89-6e4c-4a86-9d69-5d9989e21eed,kit,tänggag,t.v.,,,,,təŋɡaɡ,
täny_53d1cb26-d762-491a-a8b1-00edee970d99,kit,täny,n.,,,,,təɲ,
täp1_4f3fe79f-680e-418b-9191-2c921b995f34,kit,täp,n.,,,,,təp,
täp2_8f9737c5-39b0-429a-bd3f-3baedf87a16e,kit,täp,v.,,,,,,
täpäll_6ed60a2a-24fb-4fa3-810e-11913e618d04,kit,täpäll,n.,,,,,təpəɽ,
täpe_f68cec8e-109f-4eec-81b9-32c38356501a,kit,täpe,n.,,,,,,
täpetäpe_e99339c2-170f-4134-9054-f56c05a5ea68,kit,täpetäpe,mod.,,,,,,
täp gazenatt_1806dca6-b75c-409a-a59c-c30379dfd1a4,kit,täp gazenatt,n.,,,,,təp ɡazenaʈ͡ʂ,
tär_5d9db5d8-1fe3-4a23-915e-a29d450aa19f,kit,tär,n.,,,,,tər,
tära_f426b924-08cc-4f0a-943e-65e718862dd9,kit,tära,cov.,,,,,təra,
tärabol_4d686002-a68b-4d7b-82aa-a634f7e9113f,kit,tärabol,n.,,,,,,
tärak_4702e5b6-6526-4493-8941-002d529c492c,kit,tärak,i.v.,,,,,tərak,
täral_8e220e62-1abf-42a9-9b58-e063f117e068,kit,täral,n.,,,,,təral,
täral pällämpälläm_a26183db-fd55-40f1-8a07-2521608d8f7c,kit,täral pällämpälläm,n.,,,,,təral pəɽəmpəɽəm,
täram1_01851c0b-0c8c-4ca8-8923-5a84fe9add28,kit,täram,,,,,,,
täram2_90eb3693-148e-4e78-8b9b-d5867e571ee2,kit,täram,t.v.,,,,,təram,
tärangesa_e494a63b-ff79-48a9-9c05-0442130728e6,kit,tärangesa,n.,,,,,təraŋesa,
tärangg_7a7580d5-a1b1-480c-aa6a-8f9b93853fea,kit,tärangg,t.v.,,,,,,
Tärapang_95400d05-5813-4625-822e-bdc736a23549,kit,Tärapang,prop.n.,,,,,,
täratäre_ae3c1e57-6828-4ae5-8176-65ca9e046ec6,kit,täratäre,t.v.,,,,,təratəre,
täräb_fb0cf506-0425-406c-991a-944e8a74f578,kit,täräb,n.,,,,,tərəb,
täräb ma_3fdfd581-1305-4fa5-8653-b8a87bc9918b,kit,täräb ma,n.,,,,,tərəb ma,
täräk2_1f084934-e933-479d-b49b-0f0b98602071,kit,täräk,cov.,,,,,tərək,
täräk1_fe2cd76c-5ee1-4fe0-baae-893e4f89d4f7,kit,täräk,n.,,,,,,
täräll_d67040a6-c84a-40ee-9f25-cca0c87318ee,kit,täräll,cov.,,,,,,
täräm_9024d56e-074f-4c8b-82d9-ec0f10b6c291,kit,täräm,n.,,,,,tərəm,
tärämpmeny_d3611e1d-90f8-4512-a7ef-fdb66ce9fdc8,kit,tärämpmeny,n.,,,,,tərəmpmeɲ,
täränga_01ca6582-bcc1-428a-bba6-30b211555dce,kit,täränga,mod.,,,,,tərəŋa,
tärängesa_69f05e94-9705-44fb-ba65-30f7b75497d9,kit,tärängesa,,,,,,,
täräp3_1f46691a-c1a0-4a55-838e-5d93dc452fef,kit,täräp,n.,,,,,tərəp,
täräp1_4daa7eda-8e22-4dc8-a23f-fea4bb69aa15,kit,täräp,n.,,,,,tərəp,
täräp2_fff84acf-3af2-4c0f-a1cf-2eaa69cfdd19,kit,täräp,cov.,,,,,tərəp,
täräpän_b2b348d7-dcec-4643-8615-807aa07a406f,kit,täräpän,t.v.,,,,,,
tärbatt_67317c58-d584-4e39-ae2c-7b2f57218e4d,kit,tärbatt,n.,,,,,,
täre_18c8a311-e044-484e-a2fb-f4b2e3c85e2f,kit,täre,n.,,,,,təre,
täre buk_d77c286f-09fa-42ce-bffe-89526a05a7f1,kit,täre buk,n.,,,,,,
täre ma_8bc77672-826c-4797-8fe1-109e2834317c,kit,täre ma,n.,,,,,,
tärke käp_e9616ccb-0b21-41c3-93e4-86f430d3cb90,kit,tärke käp,n.,,,,,tərke kəp,
tärko_de84d436-772e-468f-9166-9641c4374509,kit,tärko,n.,,,,,tərko,
tärnetärne_067c6c95-c970-4401-a6b9-d3d819affde5,kit,tärnetärne,v.,,,,,tərnetərne,
tärpa_1e603486-03b3-4d4b-b2fb-05edb34fb141,kit,tärpa,cov.,,,,,tərpa,
tärpae_8ae5349b-cdd2-4e76-8eb5-f1d47afeee36,kit,tärpae,n.,,,,,tərpae,
tärpam_0b246e74-a26a-489d-837a-33bd5a9d2fbf,kit,tärpam,t.v.,,,,,,
tärpamatt_a176db2e-e89b-49f6-8a93-f2ab0d261915,kit,tärpamatt,n.,,,,,,
tärpan_c6ca59df-44ec-4317-b86c-0a466493c324,kit,tärpan,v.,,,,,,
tärpi_3cab15a8-82ce-40d5-b083-2bb30a6e4d49,kit,tärpi,mod.,,,,,tərpi,
tärpitärpi_311b278a-d689-4b07-8fdc-b88a853990a8,kit,tärpitärpi,mod.,,,,,tərpitərpi,
tärpoll_44390636-e22f-4f27-8093-74474a27e639,kit,tärpoll,n.,,,,,tərpoɽ,
tät1_a62c7d72-f7bd-40f1-9b16-cbd73a648f9f,kit,tät,n.,,,,,tət,
tät2_e2faec35-3873-4bcb-92a3-b461e1d441a7,kit,tät,n.,,,,,tət,
tätang_0e55a061-17f7-4747-9cc4-64cb87718147,kit,tätang,mod.,,,,,tətaŋ,
tätäb_e711508c-cf6f-4129-9cc3-d65c1a706e9e,kit,tätäb,n.,,,,,,
tätäk_c1a70558-afd5-40d1-bcce-73689c7d48fd,kit,tätäk,n.,,,,,,
tätäm_f6c4ccfa-20ea-4441-83fb-f0c1420c67ac,kit,tätäm,Temporal adverb,,,,,tətəm,
tätämall_43813531-4373-49fa-9efb-0eccafb00d0a,kit,tätämall,n.,,,,,,
tätän_2d7777e4-436b-40cf-b076-50b5654f0fb7,kit,tätän,n.,,,,,tətən,
Tätän_a6f9601a-bcc0-4d9b-988e-f7e178580479,kit,Tätän,prop.n.,,,,,tətən,
tätän kutt_02703c91-b1f3-487e-9d4c-1c11c2a69898,kit,tätän kutt,n.,,,,,tətən kuʈ͡ʂ,
tätäp_fba14918-6cec-4b2a-bb40-a1b9e27eb235,kit,tätäp,n.,,,,,tətəp,
tätärangae_7c625241-2096-4616-a7b2-02a703ee9ec0,kit,tätärangae,adv.,,,,,tətəraŋae,
tätäräk_e00dc8ef-2b69-4878-99bf-41eb5eeebe38,kit,tätäräk,,,,,,,
tätäräp1_70b6c72d-d9e3-40e1-b6df-c5315b214d77,kit,tätäräp,t.v.,,,,,tətərəp,
tätäräp2_b78efc58-1907-4387-915b-1fd05df8d6b6,kit,tätäräp,n.,,,,,,
tätärpeyam_8e34632b-a872-4b8a-901f-40d60c1fea7e,kit,tätärpeyam,n.,,,,,tətərpejam,
tätkea_6a2fe807-3d30-4eba-849c-cc5151c92e5d,kit,tätkea,n.,,,,,tətkea,
tätmar_ee56f262-1715-47fd-a221-2121869190f3,kit,tätmar,n.,,,,,,
täträk_292d625f-08f2-4b9e-a8ec-002d656a89e2,kit,täträk,t.v.,,,,,tətrək,
täträp1_374fdfa3-4f75-4947-adff-d70339b37428,kit,täträp,,,,,,tətrəp,
täträp2_d47370c6-d617-477e-b1e7-739e335c2d69,kit,täträp,n.,,,,,tətrəp,
teacher_22365f21-f0a4-42c7-9fe1-e8c0cadfaee8,kit,teacher,,,,,,,
Teachers_82c2db0b-78ec-42a9-8949-1942d39db9f7,kit,Teachers,,,,,,,
teb_8b21a5cc-e27b-4dbe-961d-829c30655b31,kit,teb,n.,,,,,teb,
Tebar_4412ee81-485d-4526-af2c-7a1e415e79a9,kit,Tebar,prop.n.,,,,,,
Teks_a91f4436-b9f1-47ce-9ddb-bfe60731afc4,kit,Teks,prop.n.,,,,,,
teks_e565444f-03cd-4671-9ceb-3639da08a8fc,kit,teks,n.,,,,,,
Teme_1d9091cd-03aa-491a-b7b0-60107ae63473,kit,Teme,,,,,,,
ten_238edb54-4f5f-4c34-8ecc-6d30fab959fe,kit,ten,num.,,,,,ten,
tentatente_10e820c9-a8e4-4de9-8433-a0d153776827,kit,tentatente,n.,,,,,tentatente,
tep1_5c1b42c6-399c-44b4-bfe8-c351c955ee29,kit,tep,n.,,,,,tep,
tep2_7cee66bd-a5c6-4d1a-be18-90e167dd0159,kit,tep,cov.,,,,,tep,
Tergo_db46cf10-f70a-4946-b2d8-01292fb51324,kit,Tergo,prop.n.,,,,,terɡo,
tergony_d81dec3b-d1e1-4232-9a90-a243a20feca8,kit,tergony,t.v.,,,,,,
Terrance_8bcb196f-8a35-4d05-aeb5-24741eabd233,kit,Terrance,prop.n.,,,,,terans,
tesde_05e42068-b16e-4eab-8d99-1e519a3a8aa1,kit,tesde,n.,,,,,tesde,
teste_6be22e1b-7ccd-4c99-bc5b-9c8407e1247f,kit,teste,,,,,,,
teti_1c76aac3-b4e2-4aa6-9bf1-65393973af7f,kit,teti,num.,,,,,,
tetin_3e235ec5-2237-4a2e-b15e-6c7da594d2d3,kit,tetin,num.,,,,,,
Tewa_f84c31fe-b787-4248-85b6-87300defe033,kit,Tewa,prop.n.,,,,,tewa,
Tewara_f77c53ea-0024-4009-8722-428c502a5c4b,kit,Tewara,prop.n.,,,,,tewara,
teweya_b28a683d-33d7-4080-abf8-57393c5dd2df,kit,teweya,n.,,,,,teweja,
Teyapopo_f466301d-b379-434b-acbd-904df74fd8e1,kit,Teyapopo,prop.n.,,,,,tejapopo,
teyateyar_5a558c49-0420-480d-8e2e-fdb54b6c66f6,kit,teyateyar,mod.,,,,,tejatejar,
tibekllop_c384d327-ac1a-4079-85da-71c4bd159ee9,kit,tibekllop,n.,,,,,tibekɽop,
tibi_841ea61f-1ec2-411d-bdf9-728835746b99,kit,tibi,n.,,,,,,
tibra_4eb712d0-b16e-4752-81e1-136e803fc8ee,kit,tibra,n.,,,,,tibra,
tigi_4740472e-30d7-4b7c-9b67-d385345d7528,kit,tigi,n.,,,,,tiɡi,
tikle_1f144606-9642-476d-8ab7-563dfb7858e9,kit,tikle,n.,,,,,tikle,
tiklem_715208df-d52b-439a-93d1-854e10d7172b,kit,tiklem,n.,,,,,tiklem,
tikop_67d7dcde-ae93-4dc6-92a3-26eb20264b71,kit,tikop,n.,,,,,tikop,
tikopmeny_503afa63-8d75-46a8-88c7-d41ee57ff24c,kit,tikopmeny,mod.,,,,,tikopmeɲ,
tikuku_fbeda2ba-b4b1-47a4-8dc9-6aab2b7caa0a,kit,tikuku,n.,,,,,tikuku,
Tim_750f7ba0-15a9-497b-8de1-49fd2a704935,kit,Tim,prop.n.,,,,,,
timän_c7c07260-cba2-425a-9174-24a2b4af731d,kit,timän,t.v.,,,,,timən,
Tina_c42d2acb-9ed5-4258-8fe5-43ac8b309845,kit,Tina,prop.n.,,,,,tina,
tine_6ad10227-6bee-4ff3-a0e7-672ab445e175,kit,tine,n.,,,,,tine,
tintɨrmoll_3de6fd8f-bc8a-496d-ba4d-45de9d2c4358,kit,tintɨrmoll,,,,,,,
tintromol_c32e4364-0cd1-441c-bc17-a82e7932a89c,kit,tintromol,n.,,,,,tintromol,
tintromoltintromol_d9431f97-8bb8-42b7-9aac-6afccac0c905,kit,tintromoltintromol,n.,,,,,tintromoltintromol,
Tirere_374da28f-1bb7-4ec4-8a58-25ce335992e4,kit,Tirere,prop.n.,,,,,tirere,
tirit_11b463e7-c8b2-4617-be81-66767551d347,kit,tirit,n.,,,,,,
Titi_1d42b4b3-48f6-40b7-b23f-4ff560365429,kit,Titi,prop.n.,,,,,titi,
titi2_7b5207b8-9d87-469c-8523-8a133bd051d8,kit,titi,n.,,,,,titi,
titi1_bcda55d7-bffc-49e6-8b0f-972def24f069,kit,titi,n.,,,,,titi,
Titus_4194caf1-8f1f-47ee-b603-02531088f7d8,kit,Titus,prop.n.,,,,,titus,
Tizag_0b7b3983-5458-45ac-b59b-be052bb35522,kit,Tizag,prop.n.,,,,,tizaɡ,
tizag_60fac8b6-66f2-4331-9159-b4bc679d1f0e,kit,tizag,,,,,,,
tɨke_5df0a346-c1c9-4675-a14b-951a4d5e707a,kit,tɨke,n.,,,,,,
tɨn_66ac7e00-f5d9-4b99-b56e-a23c95801e7a,kit,tɨn,n.,,,,,tɪn,
tɨne_afce4c08-5187-43e2-a774-5b50bbd6446b,kit,tɨne,n.,,,,,tɪne,
tɨram_3c74b6d2-3d96-453d-baee-e92a6f7ffd1f,kit,tɨram,t.v.,,,,,tɪram,
tɨrangesa_f62db0e2-be64-4be2-8ee3-251db4079f03,kit,tɨrangesa,,,,,,,
tɨt2_3a6602da-e487-4703-b18e-13aa388365af,kit,tɨt,n.,,,,,tɪt,
tɨt1_4855aa7e-1bb2-4ffe-a449-8913caece92d,kit,tɨt,t.v.,,,,,tɪt,
tɨtɨp_21e45597-5417-45f0-8d6f-06569cf761e5,kit,tɨtɨp,t.v.,,,,,,
tɨtɨrɨk_446c872e-71b1-40aa-b13e-7329398a4a02,kit,tɨtɨrɨk,t.v.,,,,,tɪtɪrɪk,
tlläpmälltlläpmäll_223625b6-a497-4645-bf21-8390440d1a01,kit,tlläpmälltlläpmäll,adv.,,,,,tɽəpməɽtɽəpməɽ,
to_67bb749d-a721-4dd9-ae01-951b6eae85bb,kit,to,n.,,,,,to,
to~_9d2b3717-0c60-421e-a4b4-ff02d49ded57,kit,to,,,,,,,
toatoall llɨg_d1558f8e-5146-451b-8d1c-f752ab390d7b,kit,toatoall llɨg,,,,,,toatoaɽ ɽɪɡ,
toball_3783bd74-9b46-4a39-85f9-8d374492d371,kit,toball,,,,,,tobaɽ,
tobäll_5bf39e49-2998-4035-8910-be5ab68f5320,kit,tobäll,n.,,,,,tobəɽ,
tobäll abal_b839bba7-2944-4aef-b90f-bd4901f9882d,kit,tobäll abal,n.,,,,,tobəɽ abal,
tobäll käp_dd88c309-ea12-48e5-a247-29ef12a8ce40,kit,tobäll käp,n.,,,,,tobəɽ kəp,
toboll_d5ac0182-f657-467f-9c73-bb48509f0526,kit,toboll,,,,,,toboɽ,
toe_d70dc772-c026-4a35-9b25-b880b6171112,kit,toe,n.,,,,,toe,
toelet_593ff270-2b86-4964-8138-6b734ff9c072,kit,toelet,n.,,,,,,
toengg_0dc03608-8cd8-4323-8ae9-83f4c51caf0a,kit,toengg,n.,,,,,toeŋɡ,
Togllaema_23e65354-0eff-490e-acaf-3f9a3e739ad5,kit,Togllaema,prop.n.,,,,,toɡɽaema,
togo~_c85d68c5-d409-4174-98ef-3f6444674194,kit,togo,,,,,,,
togol_40501120-d19f-4297-85a7-ae1b7a30aa93,kit,togol,t.v.,,,,,toɡol,
togotogol_004276db-576f-4af6-97cd-a9313e6dab8b,kit,togotogol,n.,,,,,toɡotoɡol,
Togowa_84bfa80a-58a1-43c5-a6a2-9a0c75ec5be3,kit,Togowa,prop.n.,,,,,toɡowa,
toilet_a1d3ac01-e4c3-4c7c-9501-ae90ccd78dfe,kit,toilet,,,,,,,
tok_da86fa53-4af5-4b4b-ac00-83226ba891ec,kit,tok,cov.,,,,,tok,
toko_6b4fd7d8-0ff7-4052-bad0-9eaf394c3e21,kit,toko,loc.n.,,,,,toko,
tokom_146e7ca2-4b7f-4c66-b4ba-490ee8b9da31,kit,tokom,n.,,,,,,
tokong_7234066e-3823-44b7-8579-27280921925b,kit,tokong,n.,,,,,tokoŋ,
tokop_fdbced47-d457-4cae-bbb1-966db8b6f956,kit,tokop,n.,,,,,tokop,
Tok pisin_15c2caff-8335-42ce-87e5-85a40c744393,kit,Tok pisin,prop.n.,,,,,tok pisin,
Tok pizin_273608dd-c8fe-4f70-b287-ab089693a2a9,kit,Tok pizin,,,,,,,
toma_0dcb20fe-5187-4ee2-966a-1f85f528d92c,kit,toma,n.,,,,,toma,
toma mit_f9ae4a04-dd55-48d6-92aa-d48935e0e2b7,kit,toma mit,n.,,,,,toma mit,
Tomas_1d63d74b-f803-427d-affc-b9a345e4f146,kit,Tomas,prop.n.,,,,,,
tomato_63fdb8d1-c6e4-4ea7-a2ea-1711103a1322,kit,tomato,n.,,,,,,
Tomato_e2c312e8-472b-45d5-8c0f-fd279c89b2cf,kit,Tomato,prop.n.,,,,,tomato,
tomäll_28b989b2-2fd1-46d3-a9fa-224e811a0c83,kit,tomäll,n.,,,,,toməɽ,
tomoang_10456b85-86eb-4c45-aea7-6687d2936dc9,kit,tomoang,n.,,,,,,
tomon_f092e4b0-d876-4373-9e5b-971bef3281f5,kit,tomon,t.v.,,,,,tomon,
tomowang_a2a150a2-2d21-4cbf-a04f-8fdd7442f9b8,kit,tomowang,mod.,,,,,tomowaŋ,
Tomson_a68c95d1-7315-4527-b7ed-05c8c897a5bf,kit,Tomson,prop.n.,,,,,,
tonang_4f430cbf-2ea8-4adb-8b17-2741e3da083f,kit,tonang,mod.,,,,,,
tonangtonang_6aec2ae1-0285-4000-9feb-fe480fbc76c0,kit,tonangtonang,,,,,,,
Toni_3d7c7319-bed3-4e23-98e4-c5cfefe3b729,kit,Toni,prop.n.,,,,,,
Tonny_da368604-9763-45c0-b8f6-e905e1f0ad3d,kit,Tonny,prop.n.,,,,,toni,
tontobabag_324ed029-a087-4d5f-bfe2-0f4810528b82,kit,tontobabag,mod.,,,,,tontobabaɡ,
tontobag_369d6a2a-ba8c-46ba-8381-5c0a6ec86880,kit,tontobag,mod.,,,,,tontobaɡ,
tonton_524e642c-63ec-420c-84c4-d81bcba9b2dd,kit,tonton,adv.,,,,,tonton,
Tonzah_44cbb875-bd56-4c29-9d05-c53c282a23c4,kit,Tonzah,prop.n.,,,,,,
tongg_c64d1a8b-e8c4-4e9b-b0d5-85adc93823db,kit,tongg,t.v.,,,,,,
Tonggar_e5314f41-c791-4805-950f-e524980abab4,kit,Tonggar,prop.n.,,,,,,
tonggo_3d05c8ce-4c35-40a9-8953-6fb519a0f215,kit,tonggo,n.,,,,,toŋɡo,
tongle_3835e1e8-74d9-4211-abe0-0949300d23b0,kit,tongle,n.,,,,,toŋle,
tongoe_f0494e7a-3191-4e74-8995-77a0764dfe46,kit,tongoe,t.v.,,,,,toŋoe,
tongoeang_7116be2d-28ba-4155-a092-8d6cd8dba68b,kit,tongoeang,mod.,,,,,toŋoeaŋ,
tongoe ma ngätt_a3777a32-9f7d-41e9-aa66-78b48b1303ba,kit,tongoe ma ngätt,n.,,,,,toŋoe ma ŋəʈ͡ʂ,
topoll_f478b386-5e40-48d2-aee7-8b66f902e182,kit,topoll,n.,,,,,topoɽ,
topotopoll_ecd415f2-c53b-4243-b64d-ecb0d34834ca,kit,topotopoll,n.,,,,,topotopoɽ,
torep_ab4bf3e3-1d9b-4740-ae12-948b4653a302,kit,torep,n.,,,,,torep,
toro_c9736643-d59c-4417-b271-d06645415c3e,kit,toro,n.,,,,,,
torok_2ad90584-6670-4494-a641-fa7a38a853a9,kit,torok,n.,,,,,torok,
Torok mittang_27de0d50-cd3c-407d-a8b1-34d349977576,kit,Torok mittang,prop.n.,,,,,torok miʈ͡ʂaŋ,
toronggogo_d15a8de4-2e12-40f7-98f7-87746864ef4a,kit,toronggogo,n.,,,,,toroŋɡoɡo,
torpoll_244ecdd5-407b-49ba-be92-d80b20089c81,kit,torpoll,,,,,,,
torwam_736b3a6e-3b61-43ed-99b3-fec1791046ba,kit,torwam,i.v.,,,,,torwam,
torwamängg_2b84bc42-af50-4c2d-ae6b-ed8b48c73a45,kit,torwamängg,t.v.,,,,,,
tos_b2b01fd8-0032-4cf0-8f7b-34192884c821,kit,tos,n.,,,,,tos,
tot3_5785271b-e158-469e-9019-3f0c3b098931,kit,tot,n.,,,,,tot,
tot1_93fdc0fe-ed0a-4820-b75d-a445bd79e76c,kit,tot,n.,,,,,tot,
tot2_ef6b287c-7f82-42db-96ac-769bd1130a76,kit,tot,n.,,,,,tot,
totkoll_ce343c5e-f593-4044-8d45-68b5bc68d75b,kit,totkoll,n.,,,,,totkoɽ,
toto2_deb79758-bb6c-4af8-9202-7845f4e2674a,kit,toto,n.,,,,,toto,
toto1_f7e31075-02ec-4101-89c6-a801a3a1e1dc,kit,toto,n.,,,,,toto,
toto botta_af13ac7d-ef41-4848-ba53-ef54d0402de0,kit,toto botta,n.,,,,,toto boʈ͡ʂa,
toto duwem_217dc409-fdac-4a57-958f-15b4e3a57c79,kit,toto duwem,n.,,,,,toto duwem,
totoe_f09ec5df-ebc1-4f0a-ae1d-606ae2978bd4,kit,totoe,v.,,,,,,
toto nyäknyäk_fdbc6974-d0d3-4107-9ff6-e242c029d2bc,kit,toto nyäknyäk,n.,,,,,toto ɲəkɲək,
totrop_9a9cdb0e-28ad-4536-94d0-c5aed4d0a2e5,kit,totrop,t.v.,,,,,totrop,
towall_c1ce3968-a857-423f-affc-2783148ee009,kit,towall,n.,,,,,towaɽ,
towallang_c5eefc91-a599-4c78-bf5c-2bf1925ff6af,kit,towallang,mod.,,,,,,
towallpipi_fdecc441-64d4-4c91-a098-b421cbc4a20b,kit,towallpipi,n.,,,,,towaɽpipi,
Towarwamang_24746907-3810-4de7-af44-7ef66bb25cbb,kit,Towarwamang,prop.n.,,,,,,
traeb_1d97e45c-5896-4835-a8b9-e19a21a4ec98,kit,traeb,n.,,,,,,
traib_08081f50-dcf9-4f51-be18-10c08bddf4c6,kit,traib,n.,,,,,,
training_89d77c0b-7e51-4621-9985-f01d7696be92,kit,training,,,,,,,
trak1_25588fb1-0359-49b7-885d-3199d809a002,kit,trak,n.,,,,,trak,
trak2_7900e11c-d4df-4fea-b391-1a8e239bf52b,kit,trak,,,,,,,
tram_c10a1e72-8550-4184-ae57-285851cbef0d,kit,tram,,,,,,,
transfer_58322049-fe96-4a2d-9df2-686ca19f1da8,kit,transfer,,,,,,,
trangg_2acd836e-fbb2-4e63-8546-349418ca3852,kit,trangg,t.v.,,,,,traŋɡ,
tratre_4dbc332d-1b24-4047-88d3-9f6a8dfd9432,kit,tratre,v.,,,,,,
träk2_38df1fb0-6af9-47e2-a48d-0489e80f8bfa,kit,träk,,,,,,,
träk1_996186b6-18b3-470b-9d18-ab2943e17aa0,kit,träk,n.,,,,,trək,
träm_aaa7fd2b-8491-4341-80e0-3544adaa43f3,kit,träm,,,,,,trəm,
tri_46fa5b20-6ab7-4402-a066-9fd1c573ab37,kit,tri,num.,,,,,,
trik_160c115f-ba76-4ace-9a1c-d67acd3a59c3,kit,trik,n.,,,,,trik,
trimpeg_e1fe62de-4601-4e0e-8b0d-6dfe24bb1342,kit,trimpeg,v.,,,,,,
trongg_f8a40da3-94fb-4700-a909-f84e4e48beb4,kit,trongg,t.v.,,,,,,
trongoe_4700c70d-1a34-4589-a078-faf3793683dd,kit,trongoe,t.v.,,,,,troŋoe,
trungg_ddd7b669-57c8-4ded-8091-e118ec47479b,kit,trungg,t.v.,,,,,,
truwamängg_c13fa95f-301e-4853-b4a8-03c868462c3c,kit,truwamängg,t.v.,,,,,truwaməŋɡ,
tu_e8086560-9e9d-4223-9796-1dac7c23f0ef,kit,tu,num.,,,,,tu,
tuba_6d22a19c-ab24-4be7-8508-71f535124584,kit,tuba,n.,,,,,,
Tube_02b00428-ee68-4f2a-8b16-593e0fda959d,kit,Tube,prop.n.,,,,,tube,
tubi_03038d91-7384-4c73-ae45-f03842f57860,kit,tubi,n.,,,,,tubi,
tubu1_4d0e8656-6051-4ad6-9ade-fec64e8de51b,kit,tubu,mod.,,,,,tubu,
tubu~_6c3de1e0-ea93-443d-aed3-ea2ea214b192,kit,tubu,,,,,,,
tubu2_9053f4fb-389e-4f2b-b720-453bcd64c9b4,kit,tubu,n.,,,,,tubu,
Tubu_96541bab-f37d-4741-982c-2a1d30acadc9,kit,Tubu,prop.n.,,,,,,
tubukätt_457270be-66f7-4931-9719-70c0d51a505a,kit,tubukätt,n.,,,,,tubukəʈ͡ʂ,
tubutubu1_4b8cc650-f3e4-4533-84ad-cf1b78addf17,kit,tubutubu,mod.,,,,,tubutubu,
tubutubu3_67f98858-ac60-442f-b587-4caa15d8a59a,kit,tubutubu,mod.,,,,,,
tubutubu2_962b97fc-c285-4ce4-9258-b42c02b2ae6e,kit,tubutubu,mod.,,,,,,
tudi_d8598bae-566a-4926-8b6e-06bcad322e41,kit,tudi,n.,,,,,tudi,
tudi ittaenen_fa793310-6577-4162-8e81-405af51c1594,kit,tudi ittaenen,n.,,,,,tudi iʈ͡ʂaenen,
tudi käp_e2203802-1a05-4616-90b0-c84575353305,kit,tudi käp,n.,,,,,tudi kəp,
tudi tär_b94b5a45-1868-4b7a-9297-22f9f2292c67,kit,tudi tär,n.,,,,,tudi tər,
tugul_0e2dbf3d-fb39-4add-b8c8-1d7e362cb8eb,kit,tugul,n.,,,,,tuɡul,
tuk_5dfdfa40-2d21-498b-baa3-c8c134dbb63b,kit,tuk,n.,,,,,tuk,
tukituki_113c4188-833a-42c1-8154-f58fdb6f03ee,kit,tukituki,adv.,,,,,tukituki,
tukpi_7d82243c-3363-42fa-9fef-b076878dd953,kit,tukpi,cov.,,,,,tukpi,
tuk skul_68ff5cd0-0b6d-488e-8c5b-4e07b177bd55,kit,tuk skul,n.,,,,,tuk skul,
tuk sukul_1a102f8c-fbab-4d2e-8b40-db0a6a96fb57,kit,tuk sukul,,,,,,,
tulgoe_22132434-a557-4a11-9edc-541bd145f74d,kit,tulgoe,t.v.,,,,,tulɡoe,
tum1_2300b8d7-bb53-412e-952d-bbe59998b83d,kit,tum,mod.,,,,,tum,
tum2_b90f4b8e-a723-42a2-aacf-2cc1ff2c8304,kit,tum,n.,,,,,tum,
tumang_1ad2c24e-6c3e-41b7-b7d8-998db7810a81,kit,tumang,quant.,,,,,,
tumku_957ad81d-813c-4796-aca2-e083888c7c0a,kit,tumku,n.,,,,,tumku,
tumtum_b85e765d-71dd-429b-b2f8-56dcd0304948,kit,tumtum,cov.,,,,,tumtum,
tunen_0985efa5-8ed7-4471-8c04-c5c4bfd35f9b,kit,tunen,t.v.,,,,,tunen,
tunnel_afb1c94b-f109-4ecb-8889-065e73540250,kit,tunnel,,,,,,,
tungg_a5b7761c-4be7-4f6d-b594-86f70c9d0fde,kit,tungg,n.,,,,,tuŋɡ,
Tungnu_09345fad-03e5-4b75-836c-3c3a83b604e0,kit,Tungnu,prop.n.,,,,,tuŋnu,
tupi1_998d75a6-d890-4328-8ee8-0a5fce06562d,kit,tupi,mod.,,,,,tupi,
tupi2_eb581793-2125-43e1-8d08-dc49ce3ab49d,kit,tupi,n.,,,,,tupi,
tupitupi_7c06115a-f5dd-4d8f-ab47-44f41167b5e5,kit,tupitupi,mod.,,,,,tupitupi,
tupol_da516d46-5102-4f8b-a410-aadedccef453,kit,tupol,n.,,,,,tupol,
turik_eb21c421-3432-4844-b344-32c6e4b46b04,kit,turik,n.,,,,,turik,
turku_6de851ad-53ed-4add-ba83-d589d9871016,kit,turku,n.,,,,,,
turllo_e003a856-8b77-4675-9210-50ac6f2b9158,kit,turllo,n.,,,,,turɽo,
turwe_3017ff99-016e-40e1-8612-ddebf2baa44e,kit,turwe,n.,,,,,turwe,
tusde_8f0a93c2-c37d-4a61-a35e-4c0723ef8b77,kit,tusde,n.,,,,,tusde,
tutpi_b6880526-f58e-4aed-96b9-9e8832fba795,kit,tutpi,mod.,,,,,tutpi,
tutu3_5587d469-da0d-4b53-b936-0dad35683339,kit,tutu,t.v.,,,,,tutu,
tutu2_7940cb26-f4fd-4612-a485-a005046a5fe8,kit,tutu,n.,,,,,tutu,
tutu1_e02e7ed5-9f64-4449-9809-369a4974aa25,kit,tutu,n.,,,,,tutu,
tutuang_19c46051-89ae-4ad4-9379-5a3fc9330c4f,kit,tutuang,mod.,,,,,,
tutuaram_960a878b-3ec6-44ef-a69b-c5321125fabe,kit,tutuaram,n.,,,,,tutuaram,
Tutuli_5eed6aba-4ed8-4c12-9696-c2079b8f32cc,kit,Tutuli,prop.n.,,,,,tutuli,
tutupi_b4cdb5dc-bcb1-433f-9781-3333935cb35b,kit,tutupi,,,,,,,
tutututu_0a6dae20-98c9-4772-9c50-4692f8866bb5,kit,tutututu,n.,,,,,,
tuwenti_50a83f7e-b45f-45c2-bcb8-c0a453537f5e,kit,tuwenti,,,,,,,
tuwetuwe_bfe892b1-2e49-49ba-bf2f-ecedb59140c4,kit,tuwetuwe,n.,,,,,tuwetuwe,
tuwi_5c4b5290-55de-4c0a-bfec-932b8b7e9a23,kit,tuwi,n.,,,,,tuwi,
tuwok_7afa749a-e7d1-47fa-a68a-b7d84467a9dd,kit,tuwok,n.,,,,,tuwok,
tuyem_6a9f99cf-d329-421a-8597-52db7a350824,kit,tuyem,cov.,,,,,tujem,
Tuyu_f2acfb32-f941-4f7d-b13f-7e6be3e569e6,kit,Tuyu,prop.n.,,,,,,
twelb_ae8c916d-c4cb-4bbe-b196-74756d45caa2,kit,twelb,num.,,,,,,
twelve_cfe27e15-df21-4458-a78f-65b13b73b885,kit,twelve,,,,,,,
twenti_557f0b8a-c7f8-40ed-b61b-218a8f0f578c,kit,twenti,num.,,,,,,
two_a76035cd-d928-486e-8e1f-548ab7227590,kit,two,,,,,,,
the_9748837e-e04c-433b-beec-f17537a48815,kit,the,,,,,,,
there_8e87a2cf-9f02-489c-b762-09d31eb283f3,kit,there,,,,,,,
thirty_a6eb0cd7-2932-40e1-b0d0-06d33bcaa3d7,kit,thirty,,,,,,,
this_b824e0e3-2e69-4519-b1cc-71e2d0a08e28,kit,this,,,,,,,
Thomas_e8b0c06b-65c3-459e-8bc3-5503e9d21bb8,kit,Thomas,prop.n.,,,,,tomas,
thousand_403dbae6-9202-4a3d-b636-6e2aa5259210,kit,thousand,,,,,,,
three_0e91451f-43cf-495c-a8b9-2f3ea4dbc814,kit,three,num.,,,,,,
ttaba_1dc547cf-22ca-4d01-8fbf-bd69d6a129ad,kit,ttaba,n.,,,,,,
Ttae_e1dcee50-26f0-4d7b-9436-3ede3a4090db,kit,Ttae,prop.n.,,,,,ʈ͡ʂae,
ttaem_b4a3ead2-fb42-4298-91af-f2c77f9fac8b,kit,ttaem,t.v.,,,,,ʈ͡ʂaem,
ttaempäg2_06512cbf-8793-4004-8d4b-e622ba679ee7,kit,ttaempäg,t.v.,,,,,ʈ͡ʂaempəɡ,
ttaempäg1_a989c605-c07a-4128-b171-eabcc37281b1,kit,ttaempäg,t.v.,,,,,ʈ͡ʂaempəɡ,
ttaengän_3610afe2-82ee-44b9-8892-9b2d75dbd5b0,kit,ttaengän,t.v.,,,,,ʈ͡ʂaeŋən,
ttaepnenttaepnen ma skul_2c3a33bf-bc6c-4267-b7a0-95533e31587a,kit,ttaepnenttaepnen ma skul,n.,,,,,ʈ͡ʂaepnenʈ͡ʂaepnen ma skul,
ttagbeag_e4b1a4e7-9669-48ae-93ba-eb87b7c93836,kit,ttagbeag,mod.,,,,,ʈ͡ʂaɡbeaɡ,
ttalam_24b1e069-f9e4-47c5-8130-66807f62a8b3,kit,ttalam,i.v.,,,,,ʈ͡ʂalam,
ttalamttalam1_8107b37a-d19a-4356-bfd4-f7fcd689595f,kit,ttalamttalam,n.,,,,,ʈ͡ʂalamʈ͡ʂalam,
ttalamttalam2_945899e7-7f4d-4892-bdf8-27fdb9ecc2b6,kit,ttalamttalam,adv.,,,,,ʈ͡ʂalamʈ͡ʂalam,
ttalängg_d8069fcd-ca0d-40ee-bf89-cb250b443d19,kit,ttalängg,i.v.,,,,,ʈ͡ʂaləŋɡ,
ttalme_9e25f904-8eed-45b1-8943-f033f99a5f68,kit,ttalme,n.,,,,,ʈ͡ʂalme,
Ttall_6bb3f403-9396-428d-a9e4-8d02469fce37,kit,Ttall,prop.n.,,,,,,
ttall_6e008e5f-4df2-49f6-a41b-b3fc2e5ce1cc,kit,ttall,n.,,,,,ʈ͡ʂaɽ,
ttallängg_4961e67d-4acf-46be-982d-d9f113c2e0c2,kit,ttallängg,v.,,,,,,
ttall ip_f4017ad6-57e8-46a9-a385-3431aed11aac,kit,ttall ip,n.,,,,,ʈ͡ʂaɽ ip,
ttall källa_6c69f662-2645-4ddf-9fa7-59e1e36da6bb,kit,ttall källa,n.,,,,,ʈ͡ʂaɽ kəɽa,
ttall mätta_141cd00f-e88c-4cea-8e38-ff04e66d20d8,kit,ttall mätta,n.,,,,,ʈ͡ʂaɽ məʈ͡ʂa,
ttall nge_22803c56-b02a-4d5f-9ea8-c091cb7aa108,kit,ttall nge,n.,,,,,,
ttall ttoe_7d6df1b2-966a-438b-95b0-96c98465de79,kit,ttall ttoe,n.,,,,,ʈ͡ʂaɽ ʈ͡ʂoe,
ttam3_b41e1300-9448-446d-b719-9508ab388acd,kit,ttam,i.v.,,,,,,
ttam2_b75d2bd4-fe5e-4f96-bf1a-9d2f00afbc51,kit,ttam,t.v.,,,,,ʈ͡ʂam,
ttam4_bdba15d9-3219-4c56-be8f-f9f475c748e5,kit,ttam,n.,,,,,ʈ͡ʂam,
ttam1_e999727e-ea08-4af5-97fa-fe657a56e57f,kit,ttam,n.,,,,,ʈ͡ʂam,
ttaman_99b6f247-6041-48b3-ab54-63a94f226fcf,kit,ttaman,,,,,,ʈ͡ʂaman,
ttamän_c432cc6d-e267-45eb-8329-18724f451bd2,kit,ttamän,t.v.,,,,,ʈ͡ʂamən,
ttambällag_25d3db04-9c8b-4ef7-9789-8b94505fa6c9,kit,ttambällag,n.,,,,,ʈ͡ʂambəɽaɡ,
ttam giddoll_e2a4f090-574a-459a-83ad-f7638a1a0d8a,kit,ttam giddoll,n.,,,,,,
ttamttem_e92bc1e0-9b15-4c6a-93ae-de0e50af7707,kit,ttamttem,,,,,,,
ttanttem_c4a69dd5-3faa-4f73-8ee7-95122e05f4d2,kit,ttanttem,i.v.,,,,,,
ttang_0b072c42-101f-43d9-a1c5-ba4d3476faee,kit,ttang,n.,,,,,ʈ͡ʂaŋ,
ttang käpän_556ddb0f-6ef6-4cdb-b899-eb89634951e2,kit,ttang käpän,comp.v.,,,,,ʈ͡ʂaŋ kəpən,
ttang koll_e44e4a3f-aa33-416d-8f47-15448fed67de,kit,ttang koll,n.,,,,,ʈ͡ʂaŋ koɽ,
ttang kum_a2d2fc97-cfe6-402a-9430-22dc3177c43f,kit,ttang kum,n.,,,,,ʈ͡ʂaŋ kum,
ttangkumttangkum_a8b667a9-2e42-41f8-9b76-263ce58e27eb,kit,ttangkumttangkum,adv.,,,,,ʈ͡ʂaŋkumʈ͡ʂaŋkum,
ttangkuttangkumang_1a9c98a6-1e94-435e-9836-721dffb7e7cc,kit,ttangkuttangkumang,n.,,,,,ʈ͡ʂaŋkuʈ͡ʂaŋkumaŋ,
ttang lläbe_8623213f-1592-4cfc-8c6e-becd83fdc286,kit,ttang lläbe,n.,,,,,ʈ͡ʂaŋ ɽəbe,
ttang lläpät_a0248f43-a3c6-423b-a0cc-1eb167798c5a,kit,ttang lläpät,n.,,,,,ʈ͡ʂaŋ ɽəpət,
ttang päk_66636233-0e83-4a53-840a-f024c20cbd58,kit,ttang päk,n.,,,,,,
ttang pättkäp_fac0a58c-8d91-4f38-ae1c-c17aaa6c32fa,kit,ttang pättkäp,n.,,,,,ʈ͡ʂaŋ pəʈ͡ʂkəp,
ttang pe_59f8b095-d6e4-40de-a532-ba37cb8b58b6,kit,ttang pe,n.,,,,,ʈ͡ʂaŋ pe,
ttang pitt_9091cb9f-a26c-4543-8114-0abb5e5bc23a,kit,ttang pitt,n.,,,,,ʈ͡ʂaŋ piʈ͡ʂ,
ttang pllallem_b8c56ff0-c188-4b59-9f5c-8a263e41cf21,kit,ttang pllallem,cov.,,,,,ʈ͡ʂaŋ pɽaɽem,
ttang tupiang sod_b3b5ef07-9477-4d8f-84ab-e4800570790f,kit,ttang tupiang sod,n.,,,,,ʈ͡ʂaŋ tupiaŋ sod,
ttangttang2_0051f068-3514-4c5e-b4fd-a89c31483c17,kit,ttangttang,adv.,,,,,ʈ͡ʂaŋʈ͡ʂaŋ,
ttangttang1_78ad87e4-43df-46d6-aa00-618ee5ff42c7,kit,ttangttang,n.,,,,,ʈ͡ʂaŋʈ͡ʂaŋ,
ttape_935c7e6a-6a7e-4621-ae98-d6e8ccc1a166,kit,ttape,n.,,,,,ʈ͡ʂape,
ttapeyam_acf91889-11b9-4e99-8335-b87e274ad5f4,kit,ttapeyam,t.v.,,,,,ʈ͡ʂapejam,
ttapeyamttapeyam_e25ffcbf-c064-4402-a68c-867391189d50,kit,ttapeyamttapeyam,adv.,,,,,ʈ͡ʂapejamʈ͡ʂapejam,
ttaputtapung_f5954c9b-060e-45fe-8029-e4b7f339c752,kit,ttaputtapung,mod.,,,,,ʈ͡ʂapuʈ͡ʂapuŋ,
ttatt_c18e6a47-2e7d-461d-a1d7-007285139546,kit,ttatt,n.,,,,,ʈ͡ʂaʈ͡ʂ,
ttatta2_aa811e3d-ed56-4872-82c8-51c4c496f5d9,kit,ttatta,n.,,,,,ʈ͡ʂaʈ͡ʂa,
ttatta1_d5570d28-204f-47d0-99cd-915263a32773,kit,ttatta,t.v.,,,,,ʈ͡ʂaʈ͡ʂa,
ttattang_837d8949-f02c-45c5-b89d-8cacf470dd65,kit,ttattang,n.,,,,,ʈ͡ʂaʈ͡ʂaŋ,
ttattel_0dd1efa8-f069-4202-9c41-32de0ed08a4b,kit,ttattel,n.,,,,,ʈ͡ʂaʈ͡ʂel,
ttattep_cd3f16a9-c514-4a16-bd8d-32a7455c8f12,kit,ttattep,n.,,,,,,
ttatt käpkäp_360e1d50-7f4f-4cc2-9664-3afb0a6ecc3d,kit,ttatt käpkäp,n.,,,,,ʈ͡ʂaʈ͡ʂ kəpkəp,
ttatt kom_8e72fc16-4d38-475c-b08d-b3018c127f67,kit,ttatt kom,n.,,,,,ʈ͡ʂaʈ͡ʂ kom,
ttatt kutt_c3b9a0e0-9fd7-44ff-bab6-489a9afa4558,kit,ttatt kutt,n.,,,,,ʈ͡ʂaʈ͡ʂ kuʈ͡ʂ,
ttattle_85d7b538-d8e7-4cfa-bd09-f0c2fee4b818,kit,ttattle,n.,,,,,ʈ͡ʂaʈ͡ʂle,
ttattleang_83f08373-c9c3-4e99-b1bd-a3a4bca20a87,kit,ttattleang,mod.,,,,,ʈ͡ʂaʈ͡ʂleaŋ,
ttattlong_794dcf45-d519-4c6b-b52e-dca5ea75bd15,kit,ttattlong,,,,,,ʈ͡ʂaʈ͡ʂloŋ,
ttattlläb_0e4df582-e596-4c94-b399-221dfb8f3c42,kit,ttattlläb,i.v.,,,,,,
ttattlle_bf0a63d0-a6cd-493b-a822-7265bfd4a9ea,kit,ttattlle,n.,,,,,,
ttattllong_2d6525f6-c885-48cf-9db3-5ddfd582f66f,kit,ttattllong,mod.,,,,,ʈ͡ʂaʈ͡ʂɽoŋ,
ttä~_2baa0438-86e2-4c62-8c17-f3134c590f99,kit,ttä,,,,,,,
ttäb_bed805c9-9228-45d4-9f3c-6530dff02aa0,kit,ttäb,n.,,,,,ʈ͡ʂəb,
ttäbattäbe_731e3e5f-7425-4697-be11-13d8cd005daf,kit,ttäbattäbe,t.v.,,,,,,
ttäbe_457aaabb-d436-49a4-8e91-a2fd197ebeaf,kit,ttäbe,n.,,,,,,
Ttäbe Ttäbe_13540825-cd39-4bca-ba4d-409f5429b314,kit,Ttäbe Ttäbe,prop.n.,,,,,ʈ͡ʂəbe ʈ͡ʂəbe,
ttäbottäbo_7778db27-9c1d-433e-8059-779f40a96aea,kit,ttäbottäbo,n.,,,,,ʈ͡ʂəboʈ͡ʂəbo,
ttägäll_bc44e82e-d1c6-4fa3-907f-0c8f041c3c92,kit,ttägäll,n.,,,,,ʈ͡ʂəɡəɽ,
Ttägällag kona_fbdadebd-edaf-4395-8bdd-9a8a16e5ccb6,kit,Ttägällag kona,prop.n.,,,,,ʈ͡ʂəɡəɽaɡ kona,
Ttägällag pollon_d0f10f62-1901-43be-ba51-81c5ab76ff28,kit,Ttägällag pollon,prop.n.,,,,,ʈ͡ʂəɡəɽaɡ poɽon,
ttägäll käp_5d70a5f0-f1eb-4439-92a8-edc6b9824cf2,kit,ttägäll käp,n.,,,,,ʈ͡ʂəɡəɽ kəp,
ttägäll ttoe_b6e25f96-21a1-423f-9796-34bb58ec15f6,kit,ttägäll ttoe,n.,,,,,ʈ͡ʂəɡəɽ ʈ͡ʂoe,
ttäk_496bd2cf-f0a6-499b-961e-547301260c4f,kit,ttäk,n.,,,,,ʈ͡ʂək,
ttäkam_9f81f730-1e20-4e71-8510-29103afd6e23,kit,ttäkam,t.v.,,,,,ʈ͡ʂəkam,
ttäkattäke_fc51703a-04ef-42a3-b52f-8c22f6742d3b,kit,ttäkattäke,t.v.,,,,,,
ttäkäll_8ffbf5df-958d-4f2c-b05a-3ab7cb2874fa,kit,ttäkäll,n.,,,,,ʈ͡ʂəkəɽ,
ttäkoe_fa58ad54-0b1f-469a-a53a-b7939fdc0da2,kit,ttäkoe,t.v.,,,,,ʈ͡ʂəkoe,
ttäle2_0e744521-bce4-4252-9360-4667d7aca911,kit,ttäle,n.,,,,,ʈ͡ʂəle,
ttäle1_9f733ef5-eb2b-4ca0-bc71-67f0f9b71013,kit,ttäle,n.,,,,,ʈ͡ʂəle,
Ttäle Bun_022f0192-eda2-49eb-aaac-05a5f1a56de3,kit,Ttäle Bun,prop.n.,,,,,ʈ͡ʂəle bun,
Ttälebun_8fbc7519-7acb-4703-b74d-55d48ad7fdcd,kit,Ttälebun,prop.n.,,,,,ʈ͡ʂəlebun,
ttäle koll_ee1f9525-4303-499c-b1c5-640a2f419c36,kit,ttäle koll,n.,,,,,ʈ͡ʂəle koɽ,
ttäle kum_acc1edd5-2870-4eda-8794-77d89b55954e,kit,ttäle kum,n.,,,,,,
ttäle lläpät_fc4c7d54-9cc9-41b5-aa96-ba73da72ce2c,kit,ttäle lläpät,n.,,,,,ʈ͡ʂəle ɽəpət,
Ttäle mitt_e49e91e7-f4bd-4e30-a53c-dadcedc3c2e7,kit,Ttäle mitt,prop.n.,,,,,ʈ͡ʂəle miʈ͡ʂ,
ttäle pätt_e7c63154-8242-4ecc-ae86-a1c88743de52,kit,ttäle pätt,n.,,,,,ʈ͡ʂəle pəʈ͡ʂ,
ttäle pättkäp_3df49a61-c563-453c-a3fb-a4e922be62e3,kit,ttäle pättkäp,n.,,,,,ʈ͡ʂəle pəʈ͡ʂkəp,
ttäle pe_335bd727-7459-4d45-840c-4951298df348,kit,ttäle pe,n.,,,,,ʈ͡ʂəle pe,
ttäle pitt_088876de-9251-40c9-b05b-3f09abc5b50e,kit,ttäle pitt,n.,,,,,ʈ͡ʂəle piʈ͡ʂ,
ttälla_5288e9e2-5c7e-4266-9ebb-6f379ccdcab3,kit,ttälla,v.,,,,,ʈ͡ʂəɽa,
ttällallem_754e6fd3-7c99-469f-8f35-4d2be9493e19,kit,ttällallem,cov.,,,,,ʈ͡ʂəɽaɽem,
ttällam_e404732a-d616-4535-aadf-0fed7a396cc0,kit,ttällam,t.v.,,,,,ʈ͡ʂəɽam,
ttällanenang_42370ec7-464f-492d-a764-1187b9c52dc8,kit,ttällanenang,mod.,,,,,,
ttällattälla_4568c7c5-1b4e-432a-a18b-04096355629f,kit,ttällattälla,cov.,,,,,ʈ͡ʂəɽaʈ͡ʂəɽa,
ttälläp_74aeba8a-ff57-4bdd-bd4c-053089f7f308,kit,ttälläp,n.,,,,,ʈ͡ʂəɽəp,
ttälle_c54daa41-cb31-4046-96e6-62a83075a8a2,kit,ttälle,n.,,,,,ʈ͡ʂəɽe,
ttällma tränymägäll_7bf8aca6-06ee-4cfa-8e71-be62f29a558f,kit,ttällma tränymägäll,n.,,,,,ʈ͡ʂəɽma trəɲməɡəɽ,
ttäm1_b48f7e41-1f44-401b-874f-dadd993c37f6,kit,ttäm,t.v.,,,,,ʈ͡ʂəm,
ttäm2_fd374511-33df-4ea2-bc53-f8cd63604751,kit,ttäm,n.,,,,,,
ttämattäme_29909864-78c8-4c4c-9d95-744e1ce98850,kit,ttämattäme,i.v.,,,,,ʈ͡ʂəmaʈ͡ʂəme,
ttämbe_9c00a446-6f5a-4543-b2bb-384f85713c24,kit,ttämbe,n.,,,,,ʈ͡ʂəmbe,
ttämbe role_6dfac417-13be-470f-83d4-981c0faa59b5,kit,ttämbe role,n.,,,,,ʈ͡ʂəmbe role,
ttän_358f1cc3-c978-4c3e-9cf5-92c36e78315d,kit,ttän,n.,,,,,ʈ͡ʂən,
ttän maigag_6f3d2af0-3cd9-43a5-9ce3-b488251aaa4b,kit,ttän maigag,n.,,,,,ʈ͡ʂən maiɡaɡ,
ttänttäm_e7306343-c22b-4def-bdeb-cc969f50cd36,kit,ttänttäm,n.,,,,,ʈ͡ʂənʈ͡ʂəm,
ttänttämang_ac214811-34bc-4187-bd60-a448e05fc268,kit,ttänttämang,mod.,,,,,ʈ͡ʂənʈ͡ʂəmaŋ,
ttänganen~_c27fb5b3-fb9a-4c89-881b-d789b6f244f9,kit,ttänganen,,,,,,,
ttängattänge_778ce3f0-43c8-44f4-bd1d-e3f164b251ca,kit,ttängattänge,t.v.,,,,,ʈ͡ʂəŋaʈ͡ʂəŋe,
ttängäm_f3f72842-53d5-4b13-9440-e57c5e4b7816,kit,ttängäm,n.,,,,,ʈ͡ʂəŋəm,
ttängämttängäm_4462ce9c-b205-491a-b4e9-8d49e7473fe0,kit,ttängämttängäm,n.,,,,,ʈ͡ʂəŋəmʈ͡ʂəŋəm,
ttängkag_138762b6-0dfd-4510-8a3b-e668ed7fb5d0,kit,ttängkag,t.v.,,,,,ʈ͡ʂəŋkaɡ,
ttängkamäll_89a9c1f0-c5bf-43df-97dc-cc1ff35c1a16,kit,ttängkamäll,t.v.,,,,,ʈ͡ʂəŋkaməɽ,
ttäp_9cc0ceb5-4f48-425a-a87d-b108b3c22778,kit,ttäp,,,,,,,
ttäpen_a4964c78-f593-4aa9-bff8-2fd6809e3a9f,kit,ttäpen,t.v.,,,,,ʈ͡ʂəpen,
ttärtt_5571a7b2-84b6-4be2-b3e5-6c73bba22a4a,kit,ttärtt,,,,,,,
ttätt1_47b00463-c338-4d10-879f-214faf60c328,kit,ttätt,mod.,,,,,ʈ͡ʂəʈ͡ʂ,
ttätt2_e459fa07-8c24-47da-a63a-1bc77f266378,kit,ttätt,i.v.,,,,,ʈ͡ʂəʈ͡ʂ,
ttätta_94a7d846-604f-4cd5-ac38-3abd9194a8c2,kit,ttätta,Nominal,,,,,,
ttättawe_0191fe6b-2339-449b-8589-aba7622bdc5b,kit,ttättawe,n.,,,,,ʈ͡ʂəʈ͡ʂawe,
ttättäle_290a105e-e269-41ed-9f39-3f6135f88227,kit,ttättäle,adv.,,,,,,
ttättälläg_232608d0-687c-4437-9948-f3783c04ddc9,kit,ttättälläg,t.v.,,,,,ʈ͡ʂəʈ͡ʂəɽəɡ,
ttättäp_c19027e3-c4ec-4d6e-a383-d90abd2e8598,kit,ttättäp,n.,,,,,,
ttätt käp_734491d7-623f-4c2e-a347-09c4c2369cc9,kit,ttätt käp,n.,,,,,ʈ͡ʂəʈ͡ʂ kəp,
ttättle_874bb2fb-600f-4d78-be67-ab19bc1a0cb6,kit,ttättle,mod.,,,,,ʈ͡ʂəʈ͡ʂle,
ttätto_c6ba5ca1-d27b-4c2d-9098-c9ff4275a9e9,kit,ttätto,,,,,,,
ttek_e2bbfc7e-34cf-466b-a361-d5f94e970b4f,kit,ttek,n.,,,,,ʈ͡ʂek,
ttette_4d3c5944-2e1e-40a2-a23b-d9a4c35180a1,kit,ttette,n.,,,,,ʈ͡ʂeʈ͡ʂe,
ttima~_e76c8844-6548-4a04-87eb-d7d04aefd115,kit,ttima,,,,,,,
ttimattima_8d0a3b94-e972-4b6c-b113-9abbfbdcd78a,kit,ttimattima,n.,,,,,,
ttɨle_87ac5dda-82f7-4b54-bd4e-baf82c8a5931,kit,ttɨle,,,,,,,
ttɨp_ea01e66b-e195-4d35-b9b2-c0c310ebb906,kit,ttɨp,n.,,,,,ʈ͡ʂɪp,
ttoa_d9acf338-91fb-4b1c-90f4-fcac69c2cf69,kit,ttoa,n.,,,,,ʈ͡ʂoa,
ttoe_594472ab-0516-4d90-9103-6ad6cfdb54b3,kit,ttoe,n.,,,,,ʈ͡ʂoe,
ttoen_9f0e64b4-85b1-4986-bdee-69ae3639a814,kit,ttoen,n.,,,,,ʈ͡ʂoen,
ttoen~_e418ec4e-3c4b-45f5-9347-ca684896cb61,kit,ttoen,,,,,,,
ttoenttoen_6b3ef619-1fe6-48b2-8af2-b54aefcb9be8,kit,ttoenttoen,n.,,,,,ʈ͡ʂoenʈ͡ʂoen,
ttoengg_b6da1fb5-4c35-48f5-b5d6-4fd9c517bb6b,kit,ttoengg,i.v.,,,,,ʈ͡ʂoeŋɡ,
ttoenglla_68c85198-9d8a-4a88-b46b-baaf80e6d01d,kit,ttoenglla,n.,,,,,ʈ͡ʂoeŋɽa,
ttoep2_9c1d86b4-3a17-446f-b920-009dd667ecb2,kit,ttoep,n.,,,,,ʈ͡ʂoep,
ttoep1_a87b46aa-88e3-4a11-a7c2-f77bf16b4b40,kit,ttoep,n.,,,,,ʈ͡ʂoep,
ttoettoe_e1ff90f1-d43b-4699-9084-0f3286c03ed5,kit,ttoettoe,n.,,,,,ʈ͡ʂoeʈ͡ʂoe,
ttogottogo_fe8d5822-9e3f-40c6-b8bb-15e4254baba4,kit,ttogottogo,cov.,,,,,ʈ͡ʂoɡoʈ͡ʂoɡo,
ttokoe_824f870c-7036-4e3b-8fe6-faa504e7197f,kit,ttokoe,v.,,,,,ʈ͡ʂokoe,
ttomoll_985bba9d-6976-4891-9bf4-41373f3cdcf4,kit,ttomoll,mod.,,,,,ʈ͡ʂomoɽ,
ttomttom_e54ad645-b314-44aa-b8ea-722dc8da214d,kit,ttomttom,n.,,,,,,
ttonen~_c67d9b96-33fb-4f6a-81b1-195c0c87ddc6,kit,ttonen,,,,,,,
ttongda_77c0e7ec-5a35-4327-837c-3ee57055387d,kit,ttongda,,,,,,,
ttongdae_e972ede3-8413-4e90-ae35-1d9d50500836,kit,ttongdae,num.,,,,,ʈ͡ʂoŋdae,
ttongg_b19a6fd6-5faf-4efa-b359-479e199a3601,kit,ttongg,d.v.,,,,,ʈ͡ʂoŋɡ,
ttonggmeny_11ce7de3-ac6b-48ee-819f-5cc32a0d6167,kit,ttonggmeny,mod.,,,,,ʈ͡ʂoŋɡmeɲ,
ttonggttongg_b4195f52-ebf5-46b4-a7a2-4cdf96e33374,kit,ttonggttongg,mod.,,,,,ʈ͡ʂoŋɡʈ͡ʂoŋɡ,
ttongo2_87d6a7c8-671f-4d40-b0b0-59b00d365bf6,kit,ttongo,n.,,,,,ʈ͡ʂoŋo,
ttongo1_df5c1040-6d12-4e5b-8d64-6ad67e4b30e9,kit,ttongo,num.,,,,,ʈ͡ʂoŋo,
ttongoalle ttongoalle_7f877e83-9ecc-4cf2-8dc9-2e06e1e8da39,kit,ttongoalle ttongoalle,,,,,,,
ttongo iddob_9586aa93-18b4-46b0-9b87-cf4e5b72c238,kit,ttongo iddob,n.,,,,,ʈ͡ʂoŋo iɖ͡ʐob,
ttongo lla_39be86ce-ac7b-4d89-a666-1d3299af4de4,kit,ttongo lla,pro.,,,,,ʈ͡ʂoŋo ɽa,
ttongottongalle_443f23dc-f300-4b0c-a18e-08664f8bbb78,kit,ttongottongalle,,,,,,,
ttongottongoalle_4d7f559e-a6ab-4643-9971-b67de902f988,kit,ttongottongoalle,adv.,,,,,ʈ͡ʂoŋoʈ͡ʂoŋoaɽe,
ttongottongowalle_8badfba3-27e5-46c5-835b-7839854ffeec,kit,ttongottongowalle,,,,,,,
ttongttong_fa0dea77-9260-47bd-931c-b8bbbf00196a,kit,ttongttong,n.,,,,,ʈ͡ʂoŋʈ͡ʂoŋ,
ttope_95b9911a-d20d-4cad-a5db-079c976f46df,kit,ttope,n.,,,,,ʈ͡ʂope,
ttotto_6010b075-ec02-4b12-980f-42665ab23e65,kit,ttotto,t.v.,,,,,ʈ͡ʂoʈ͡ʂo,
ttottoem_353cd87f-92b7-4b46-be1d-bd477034b50e,kit,ttottoem,n.,,,,,ʈ͡ʂoʈ͡ʂoem,
ttowa_adffa02a-a3b0-4ebb-8c21-e318b37ca15b,kit,ttowa,n.,,,,,ʈ͡ʂowa,
ttowaemang_f075455c-92ac-472a-ae38-f8e98893dff3,kit,ttowaemang,mod.,,,,,,
ttowaemang ttoen_69caff22-d865-4384-9020-45d5cc0ff156,kit,ttowaemang ttoen,n.,,,,,,
ttowamang_98b61111-3cac-47c7-b0fc-1bc28836d8a0,kit,ttowamang,,,,,,,
ttu_d5052e47-1d12-463c-a650-e17961834758,kit,ttu,n.,,,,,ʈ͡ʂu,
ttuel_b5a164c4-b750-47d3-8808-13ece8f3a4fe,kit,ttuel,n.,,,,,ʈ͡ʂuel,
ttullong_88287a57-80a7-4fdb-945e-d7b5592de115,kit,ttullong,n.,,,,,ʈ͡ʂuɽoŋ,
ttupe_619bda28-9e77-4432-970c-f530dc7153bc,kit,ttupe,mod.,,,,,ʈ͡ʂupe,
Uba_a4379421-9ff3-4c69-98bf-84c12c896db1,kit,Uba,prop.n.,,,,,,
Ubäd_914a8107-dfbb-4cfa-bf60-26611f717f5f,kit,Ubäd,prop.n.,,,,,,
ubemang_d508b92e-9b16-4e5b-adb5-7e6cf5478666,kit,ubemang,mod.,,,,,ubemaŋ,
ubi_2ba7c676-e7ec-48da-998e-e14a3d01797f,kit,ubi,pro.,,,,,ubi,
ubim_1bedc12e-1fd4-4cfa-9dac-9feb5c019c98,kit,ubim,pro.,,,,,ubim,
ubira_4f824230-3a9c-4c0d-829f-7ed12bcea1fb,kit,ubira,pro.,,,,,,
ubony_4b16661d-3278-4a36-97fe-3b039cce5ea7,kit,ubony,n.,,,,,uboɲ,
Ubrag_3c4f72d5-8678-4b65-8420-9f62ff9db3d2,kit,Ubrag,prop.n.,,,,,ubraɡ,
ubrattäka_28c182f2-932a-4cf4-97b5-120fa611fd3b,kit,ubrattäka,n.,,,,,ubraʈ͡ʂəka,
ud_d4463022-1d28-46e8-b01b-26e512caffd7,kit,ud,n.,,,,,ud,
udab_880df2b9-9097-4e35-8194-00e08ccc811a,kit,udab,t.v.,,,,,udab,
udaude_8e8e055d-b6a9-4a4b-9eb3-360a58d258a1,kit,udaude,t.v.,,,,,udaude,
udu_4ab7acc4-f835-4439-af7f-010706a22bb9,kit,udu,n.,,,,,udu,
ugeuge_df3d7f99-0b63-41c3-89fc-69b25a96a0b2,kit,ugeuge,n.,,,,,uɡeuɡe,
ugri_959e04c1-f7df-4700-953f-83befb181f80,kit,ugri,n.,,,,,,
ugug_0058982d-c21c-4caa-b781-d0f08c95395b,kit,ugug,t.v.,,,,,uɡuɡ,
uk_d307360f-ee11-4a34-a873-0a6115b2f1aa,kit,uk,cov.,,,,,uk,
ukär_ec0257ae-2356-4946-b705-205fd8490691,kit,ukär,n.,,,,,ukər,
ukeuke_1b0fc6e5-db6c-4559-b9d1-e3b82ae92a39,kit,ukeuke,cov.,,,,,u'keu'ke,
ulle~_122e4d06-5dc5-43a2-ae07-bef93d47e932,kit,ulle,,,,,,,
ulle_84164e2b-86c9-4b0d-8ca7-cdc8f5b12343,kit,ulle,mod.,,,,,uɽe,
ulle binang_c1a3cdf4-5fd5-40b4-af08-0ac2f795ba4c,kit,ulle binang,n.,,,,,,
ullegäll_5a92a7a8-8d28-47e9-b494-387f5a8acb64,kit,ullegäll,n.,,,,,uɽeɡəɽ,
ulle kottllam_e332dce0-931f-4d18-888b-a6b9cfce394f,kit,ulle kottllam,n.,,,,,uɽe koʈ͡ʂɽam,
ulleulle_5a7f5258-09a4-4a55-a6cf-e00e6a06c329,kit,ulleulle,,,,,,uɽeuɽe,
ulleulle binang_4aaf301d-79e2-4e23-bafa-d219a6429419,kit,ulleulle binang,n.,,,,,,
ullowae_9bdc3b4c-7924-4222-b82f-dc6a837afe37,kit,ullowae,adv.,,,,,uɽowae,
ullull_f8a3932d-a520-45c0-845e-906bc327febc,kit,ullull,t.v.,,,,,uɽuɽ,
umaem_0bb1d6f4-7606-4a74-80b2-3afe3966eb96,kit,umaem,i.v.,,,,,umaem,
Umbuzag_104e17dd-cc39-45bf-b934-eb062b996228,kit,Umbuzag,prop.n.,,,,,,
ume_b6e7b554-a760-443a-a41b-8806a5289e4b,kit,ume,n.,,,,,,
ume ddäddäl_0a4c7384-1981-43b1-956b-a41a53be58b8,kit,ume ddäddäl,comp.v.,,,,,ume ɖ͡ʐəɖ͡ʐəl,
ume nyanyu_24cf29e2-04e5-47b4-ae9c-4d0af737eb14,kit,ume nyanyu,n.,,,,,ume ɲaɲu,
ume ttäp_68357756-29e8-48ad-abdf-cf270726053d,kit,ume ttäp,n.,,,,,,
umettäp_9527971b-e417-43ca-a35f-31f3905583c0,kit,umettäp,n.,,,,,umeʈ͡ʂəp,
umllang_7a08c6eb-7e1a-49e8-b145-e941c814a8a9,kit,umllang,n.,,,,,umɽaŋ,
umllang bällanen ma skul_80ea39ed-5354-428f-b3f6-22c9ced69cdc,kit,umllang bällanen ma skul,n.,,,,,umɽaŋ bəɽanen ma skul,
umllang eka_82b2ec68-0401-4a89-af57-ad0ec6ba30fc,kit,umllang eka,n.,,,,,,
umull_4ba1ad57-6af6-4c0d-9fa3-f2365e7014ce,kit,umull,n.,,,,,,
uniform_9e1ce396-f9bc-4320-8b1b-38f27f5a359c,kit,uniform,,,,,,,
unkäm_f0115867-f84a-4e3d-8f97-d9bb1e847fb4,kit,unkäm,,,,,,,
until_9dffa05c-c44b-441d-a3e4-229358d894e6,kit,until,,,,,,,
up_fe6defc3-5cc8-47c1-8c99-afb1902d6718,kit,up,n.,,,,,up,
upe_0d21ceb0-9498-4fea-a286-54a545dbcd74,kit,upe,loc.n.,,,,,upe,
upeupe_93d1ddcc-13e7-4acd-9234-657e8543f793,kit,upeupe,n.,,,,,upeupe,
Upiara_aca0f743-87cb-45fa-942c-7d040d6b760c,kit,Upiara,prop.n.,,,,,upiara,
upiye_84fa6cd9-cc69-4dbf-a881-49972045c6b3,kit,upiye,n.,,,,,,
upma_cf0e3810-d7eb-4727-b1e8-e4506ebe2524,kit,upma,n.,,,,,upma,
upoupoll_72259f71-db27-4dfc-bcc2-bd7b20d3543d,kit,upoupoll,n.,,,,,upoupoɽ,
upye_25a6bf12-6009-4e38-8345-2cd51de67232,kit,upye,n.,,,,,upje,
Ur_a2c50ce4-9322-4321-b8fb-444975ffe30e,kit,Ur,prop.n.,,,,,ur,
uriar_cf5d5394-facc-47ad-a524-c0795dbf9d27,kit,uriar,n.,,,,,uriar,
Urimba_22635499-6128-4ce8-a857-82d3556b2647,kit,Urimba,prop.n.,,,,,,
Uroe_d828675c-f0ca-4c89-88a3-c25261246928,kit,Uroe,prop.n.,,,,,,
ur yogoll_f0a7252e-4764-4667-8041-dbe3f8be0cfd,kit,ur yogoll,n.,,,,,ur joɡoɽ,
uta_32cbb4e0-6abe-4ae4-8ea9-9b0f16093213,kit,uta,i.v.,,,,,uta,
utale_7b3b922a-5ae9-453d-801c-adf38b250983,kit,utale,loc.n.,,,,,utale,
utali_12fbec8c-8df0-4822-963b-13d25e16b467,kit,utali,,,,,,,
utamom_dc30e91c-66a3-4e18-8162-432791b6bc14,kit,utamom,i.v.,,,,,,
ute_ff2e0823-784e-43e4-bda6-38f6929fac79,kit,ute,n.,,,,,ute,
ute mälanenang_8b2808c6-249b-4c01-8367-6deeddbe3779,kit,ute mälanenang,n.,,,,,,
uteute_a6c2316f-3077-40ee-ab16-f09d7c5c48b3,kit,uteute,mod.,,,,,,
uteute ma_8784b744-42ab-4926-b25c-05ccf5a579d8,kit,uteute ma,n.,,,,,uteute ma,
utt2_4bc6ce2d-b2bc-4c39-8ebb-ce891b317e15,kit,utt,n.,,,,,uʈ͡ʂ,
utt1_50d0ba00-2de5-40ef-b266-6639ba2a2f89,kit,utt,n.,,,,,uʈ͡ʂ,
uttang ttatta_77f7f729-fe1f-4abe-aa11-f89f74581d79,kit,uttang ttatta,n.,,,,,uʈ͡ʂaŋ ʈ͡ʂaʈ͡ʂa,
uttutt_a735987e-fcd1-4022-bd63-2c9ae37a0119,kit,uttutt,n.,,,,,uʈ͡ʂuʈ͡ʂ,
uud_531ecce6-2494-42bc-888a-af695fdb2d31,kit,uud,,,,,,,
uwo_d4b0684f-a8a1-4674-9dda-f31c6d3296c0,kit,uwo,n.,,,,,uwo,
uwo kottllam_31ed273e-d076-4d94-8919-0ac51e9f1ce5,kit,uwo kottllam,n.,,,,,,
Uzaba_1b711cc8-78b3-4dde-8d2f-911032d862ae,kit,Uzaba,prop.n.,,,,,uzaba,
Uziag_faf10c52-7bd4-4728-815d-9dee2f9ce35b,kit,Uziag,prop.n.,,,,,uziaɡ,
uziz_d6787167-5989-4957-b0ba-b2c17cb8b57f,kit,uziz,i.v.,,,,,,
wa_9a8e14f1-9681-4b60-99fc-b354963b964e,kit,wa,n.,,,,,wa,
=wa_adfdc5a0-4668-4e07-ba65-803d152e4917,kit,=wa,nom.clt.,,,,,,
wabeb_4af21a60-b767-447a-9c71-8e63cf284a2b,kit,wabeb,t.v.,,,,,wabeb,
wabeyawabeya_0edb5f95-4673-47ca-84c7-edb2ec16e711,kit,wabeyawabeya,n.,,,,,'wabeya'wabeya,
wadär_72542374-a2a6-4bb0-921f-6fce815e3451,kit,wadär,n.,,,,,wadər,
wadär gullem_4267f43a-a3da-4126-a4ce-f89094b30e91,kit,wadär gullem,n.,,,,,wadər ɡuɽem,
wadär käp_9e0396e4-63e3-4e11-80ed-742cb3fa0357,kit,wadär käp,n.,,,,,wadər kəp,
wadär mikel_318541a1-4342-4b6c-857a-7dce1393b404,kit,wadär mikel,n.,,,,,wadər mikel,
Wadär Mitang_810babcf-4fee-4345-920c-17966dda8fca,kit,Wadär Mitang,prop.n.,,,,,wadər mitaŋ,
wadär nyongkoe_ce2b13f4-146c-419e-9d80-bd537d4374bf,kit,wadär nyongkoe,n.,,,,,wadər ɲoŋkoe,
wadär pitt_204deac4-4492-441a-b3a6-0fa338ed88f3,kit,wadär pitt,n.,,,,,wadər piʈ͡ʂ,
Wae_0472caa7-1f0d-4ab5-b1c4-1ffa6cf07978,kit,Wae,prop.n.,,,,,,
Waedar_78a4544a-f944-4ecc-a478-8f710a5fcdd2,kit,Waedar,prop.n.,,,,,,
Waenum_a89d84af-f012-4ad0-9f91-4062919d86dd,kit,Waenum,prop.n.,,,,,,
waeo_1644f9b8-2bc4-46e3-bac0-fd72a2609a7a,kit,waeo,,,,,,,
waetwaet_ebb9cb84-4e2d-4355-86aa-0dc028e57858,kit,waetwaet,n.,,,,,waetwaet,
waewae_e6aaf315-ef21-4d42-8b97-574dd9778991,kit,waewae,n.,,,,,,
waeya_259d976e-d9bc-47a3-80ce-f4f18ae88105,kit,waeya,n.,,,,,waeja,
waeyo_bd798346-3e7d-4b40-9976-250dcfe48255,kit,waeyo,interj.,,,,,waejo,
Wagälla_7268b1da-82b7-4d21-a6c6-d054a5b087ac,kit,Wagälla,prop.n.,,,,,waɡəɽa,
Wagiba_31b5b90a-2d47-44e0-91c5-6ddb1d09daf3,kit,Wagiba,prop.n.,,,,,waɡiba,
Wagiya_46889301-3e32-4e85-842c-6bbe3c662b5d,kit,Wagiya,prop.n.,,,,,,
waglla_7bae7359-5b1e-4f37-8511-c3daa5255b49,kit,waglla,n.,,,,,waɡɽa,
Wai_22e947e3-a187-4045-a0c8-918296ba56b1,kit,Wai,prop.n.,,,,,wai,
Wainum_d57b3f8f-d12c-4886-bbb1-77bdb6cacd62,kit,Wainum,prop.n.,,,,,wainum,
wak_bbf9b1a3-c635-4b95-bcc3-7c5db837c835,kit,wak,n.,,,,,wak,
Waka Källäm_a8967b8c-710f-422d-ac7c-f842c357f33a,kit,Waka Källäm,prop.n.,,,,,waka kəɽəm,
wakata_a9dd19d9-3abb-4bb0-90b4-d417ea41d692,kit,wakata,n.,,,,,wakata,
wakllu_73a4f39a-57db-4233-8031-20914fb19714,kit,wakllu,mod.,,,,,wakɽu,
Wala_e3169330-30b3-4b51-9434-13d333de981c,kit,Wala,prop.n.,,,,,wala,
walap_2a91ddef-5050-43b6-94f0-435aee83af16,kit,walap,n.,,,,,walap,
Waliyama_11f3cb1e-3d0a-456e-acf3-358fd18af84b,kit,Waliyama,prop.n.,,,,,walijama,
walläg_933e1eec-e13d-4d0d-89f2-1337191d8cdf,kit,walläg,v.,,,,,,
walle_cafe8f33-b00d-4f47-98c4-68941b082d94,kit,walle,n.,,,,,waɽe,
walle ddage_5ed9dc83-e774-4b05-97c7-dc99a696aece,kit,walle ddage,n.,,,,,waɽe ɖ͡ʐaɡe,
walle gutu_47f2fd63-9161-4ab7-8c68-97b484b92a21,kit,walle gutu,n.,,,,,waɽe ɡutu,
walle mäg_058f82d1-f419-4404-bebf-e3a6e48f8d30,kit,walle mäg,n.,,,,,waɽe məɡ,
walle menae_750ff43c-0692-498e-8cc0-36269dabf911,kit,walle menae,n.,,,,,waɽe menae,
wallwall_4d161abe-b04a-4525-ad6e-24e3c9a41cf0,kit,wallwall,v.,,,,,,
Wama_0b08fbbe-0e1f-40b3-97fd-63dc6ba9443e,kit,Wama,prop.n.,,,,,,
wamän_900c722a-cb06-4920-aee1-787852fcf975,kit,wamän,i.v.,,,,,,
Wamorong_52e47bc8-b2ec-47c7-83f9-15cc86a42113,kit,Wamorong,prop.n.,,,,,wamoroŋ,
wan_254a852b-f27d-47da-beb2-8bdf1de5aebd,kit,wan,num.,,,,,wan,
wana_e6ed4fd9-dc17-416c-b68a-e82a2f7f475c,kit,wana,n.,,,,,wana,
Wanadidi_f64a16da-ea58-470b-bdb6-c64470c6811b,kit,Wanadidi,prop.n.,,,,,,
wandae_728a8ddd-e0ad-4d9a-9e32-fc3d59ab1261,kit,wandae,t.v.,,,,,,
wandana_7f31e23c-bff1-448a-9f5f-a46a82249e27,kit,wandana,n.,,,,,wandana,
wandawandae_279a920b-a108-4503-850c-9eaf7ab6cd38,kit,wandawandae,adv.,,,,,wandawandae,
Wane_3099d4eb-525e-406e-b1b2-124775a39667,kit,Wane,prop.n.,,,,,wane,
=wane_8c99922d-c29d-448c-a24c-563ea648ad3f,kit,=wane,,,,,,,
wanpadam_d93e92ad-2089-4446-9eba-afe24c930dc8,kit,wanpadam,n.,,,,,wanpadam,
wan pinga_6e9c8367-5a3a-4eba-8b25-fb4485332d47,kit,wan pinga,n.,,,,,,
wanseg_a594fc5b-8c0f-4e39-9a32-5afbc70cd2d5,kit,wanseg,t.v.,,,,,wanseɡ,
wanttawantta_032b5756-2cfb-40e1-81c2-3d2a78b72870,kit,wanttawantta,n.,,,,,wanʈ͡ʂawanʈ͡ʂa,
wanwen_75e2ce86-7bb0-4e05-881e-2771de30ef3c,kit,wanwen,t.v.,,,,,wanwen,
wangam_a4cf1f75-b80d-4641-806d-f52f3fb15be0,kit,wangam,t.v.,,,,,waŋam,
wanyweny_35ef15aa-bd0b-48f6-b3d2-45fa2269de20,kit,wanyweny,t.v.,,,,,,
waowaem_dc5ca213-942f-4148-a7a7-52097e83b375,kit,waowaem,cov.,,,,,waowaem,
wap_98467e64-bc78-402e-ba8c-d531f3c0ae0a,kit,wap,n.,,,,,wap,
wa piye_c7fb83ba-3a63-4d7b-baab-29076fd8c8d3,kit,wa piye,n.,,,,,,
wapo_ff6ae938-77a7-4a01-89ce-fbdf2e9927a8,kit,wapo,interj.,,,,,wapo,
Wapotea_6fad15c6-5c4c-4b91-b4c0-d24ceff30d9e,kit,Wapotea,prop.n.,,,,,wapotea,
Wara_abe415fb-273c-4f76-857b-baf0c45b1540,kit,Wara,prop.n.,,,,,wara,
Warama_8d165169-363b-4bfd-90c1-467cee78148e,kit,Warama,prop.n.,,,,,warama,
waramakae_5f85986e-f156-4831-8e59-ef6225c550f9,kit,waramakae,num.,,,,,waramakae,
waramawarama_6fb8fd3c-abdb-4b16-bacc-12b5f87877fb,kit,waramawarama,n.,,,,,waramawarama,
Warani_c110eaa4-29c3-45ae-80ac-a243e540a7a5,kit,Warani,prop.n.,,,,,warani,
Wareka_efd76e48-a928-40a3-ba6e-1fb072364333,kit,Wareka,prop.n.,,,,,wareka,
Wareya_975cd3d7-3506-41ec-a0ff-ab2cf0dd7198,kit,Wareya,prop.n.,,,,,,
Wariabodolo_98d2f059-6e86-44fc-9b3b-74e6cd1be903,kit,Wariabodolo,prop.n.,,,,,wariabodolo,
Warik_635f76ab-e79e-4df2-92c7-7e59cb1822aa,kit,Warik,prop.n.,,,,,,
wariwari_b9899809-9599-48f1-9ef0-3894f2efa962,kit,wariwari,n.,,,,,,
waro_420dd40f-dd11-4cd4-af16-fcad8694d46f,kit,waro,n.,,,,,waro,
Warola_d988ee40-6cad-4786-be85-33b758d4dd5e,kit,Warola,prop.n.,,,,,warola,
Warolla_9e125235-28cb-4259-a2ec-418e2b593fa8,kit,Warolla,prop.n.,,,,,,
Wasang_4abd6b16-37a6-4b9e-b3bd-639e4089f9fd,kit,Wasang,prop.n.,,,,,,
wasangwasang_becd5a11-36b3-41fc-9824-04cc3f18b36a,kit,wasangwasang,adv.,,,,,,
wasar_71bf8a60-34e5-4867-91ef-0aa2867c92d4,kit,wasar,n.,,,,,wasar,
waso_7f675634-7f1e-4765-a6c5-142f8af616af,kit,waso,n.,,,,,waso,
Wasua_bb1c84e9-2ae2-4327-99a0-ecdf7ce5f25a,kit,Wasua,prop.n.,,,,,,
Wasuwa_765f7314-2e2a-4179-8409-ae8cbc112332,kit,Wasuwa,prop.n.,,,,,wasuwa,
waswes_de93cd63-9cb2-45cd-bc1d-b42a76a101f0,kit,waswes,t.v.,,,,,waswes,
wawa_3a3b49d4-b552-428e-a08c-36dc594ce07d,kit,wawa,n.,,,,,wawa,
wawaem_28d5e64f-3f69-4c72-87f9-37c1fd31c6aa,kit,wawaem,n.,,,,,wawaem,
Wawase_aa59ec7f-52fd-406f-a47a-1b89d84d6751,kit,Wawase,prop.n.,,,,,wawase,
Waweba_fedde40e-8003-46c7-a3a3-0acb4f41fbe0,kit,Waweba,prop.n.,,,,,waweba,
Wawera_450385c7-6be8-4ef2-837c-5a8da9167f97,kit,Wawera,prop.n.,,,,,,
wawonai_6054f453-9a39-4ab2-98ea-7fd6c6d1ee92,kit,wawonai,n.,,,,,wawonai,
waya_97a9fbfb-bc05-43e6-a884-34ca51e5269a,kit,waya,n.,,,,,waja,
waya gullem_4174d384-e893-4b44-b274-93d2e6c14261,kit,waya gullem,n.,,,,,waja ɡuɽem,
Wayapampe_97bcbea6-3b49-4b36-a155-8a7104812587,kit,Wayapampe,prop.n.,,,,,,
wayati_16e68daf-5b60-4456-bd6f-b973f64e4760,kit,wayati,n.,,,,,wajati,
wäd_d2099a93-0718-43bc-94c7-e24a085a1408,kit,wäd,,,,,,,
wädɨwädɨg_644b671b-eb2a-492a-8dfe-61b63246ef70,kit,wädɨwädɨg,n.,,,,,wədɪwədɪɡ,
wädwäd_d73297b8-8305-472a-94f5-2a5d9d2f0f4d,kit,wädwäd,n.,,,,,wədwəd,
wägba_51e0f482-2d16-4bda-8651-15f6e45445a8,kit,wägba,n.,,,,,wəɡba,
wäk_8818e891-b329-4aa8-9def-8f3fb7844d05,kit,wäk,,,,,,,
wäkär_f91a85f5-32a1-4001-8e3e-3ee7a2ab3adf,kit,wäkär,n.,,,,,wəkər,
wäkɨs_02a16038-0b2c-4546-8e3f-5dbf0c63868d,kit,wäkɨs,n.,,,,,wəkɪs,
wäl_c86cc723-1e2c-43f3-b126-2256c6587de9,kit,wäl,n.,,,,,wəl,
wälep_66fa0677-96a2-4f83-9bf3-f07634ff7c3a,kit,wälep,n.,,,,,wəlep,
Wäli_ee6a75c4-1ae5-47d6-831e-1122067596cd,kit,Wäli,prop.n.,,,,,,
wälsa_c8b80938-b906-485e-af2a-28d5d0f7411b,kit,wälsa,n.,,,,,wəlsa,
wäll_f9ca88da-e701-4786-8e36-2093c5912ec8,kit,wäll,n.,,,,,wəɽ,
wällawälla_0f97cad6-b648-4a7a-a044-bfb4ec14c512,kit,wällawälla,cov.,,,,,wəɽawəɽa,
wälländd_b191da34-1c78-4102-b373-772c35b45acd,kit,wälländd,,,,,,wəɽənɖ͡ʐ,
wälläng_9fffd7e0-a35e-49de-9dc4-1daebbced979,kit,wälläng,n.,,,,,wəɽəŋ,
wällängakäbu_7a8d5ef9-091b-4e13-a808-81b9c95e4790,kit,wällängakäbu,n.,,,,,wəɽəŋakəbu,
wälläng gllall_e2a98d77-bf43-4102-8653-a0dd85acae6d,kit,wälläng gllall,n.,,,,,,
wälläng ttäp_1dde8ef4-43f8-49e6-85de-92ec2cbf5d81,kit,wälläng ttäp,n.,,,,,wəɽəŋ ʈ͡ʂəp,
wälle_67a618ad-7646-4179-9f0a-4df8a48507db,kit,wälle,v.,,,,,wəɽe,
wällegäll_10446f5c-94cd-43dc-a5ab-bdffc59aa1de,kit,wällegäll,n.,,,,,wəɽeɡəɽ,
wällwäll_b4f7f090-bb74-4187-ac65-2495f2f0d5ab,kit,wällwäll,n.,,,,,wəɽwəɽ,
wän_13ceb74c-5958-4491-9b9a-637c0e9545a3,kit,wän,n.,,,,,wən,
Wän_c55335fa-d4af-4825-9b9a-9d1febaf0ee8,kit,Wän,prop.n.,,,,,,
=wän_d8270b07-352e-4fed-8beb-fac913710a6b,kit,=wän,,,,,,,
wänänang_b6648be0-41bd-478f-a888-f5fd52a70987,kit,wänänang,mod.,,,,,wənənaŋ,
wändäg_006e8f58-4dc3-4a0b-8bdd-4a0641d4fabb,kit,wändäg,t.v.,,,,,wəndəɡ,
wändɨg_517d89d7-80cb-47da-a68e-094c31113d0b,kit,wändɨg,,,,,,,
wänkäm_8282b704-86c1-4251-a25c-57339d6f25b0,kit,wänkäm,n.,,,,,wənkəm,
wänkäm molle_e2228c5f-b7a9-427f-85f2-b57b43315da4,kit,wänkäm molle,n.,,,,,wənkəm moɽe,
wänkäm tärpan_ddc34347-4af7-462c-b63c-3772e0d3d18c,kit,wänkäm tärpan,n.,,,,,wənkəm tərpan,
wäno_06cae047-3c76-4c9e-a032-4f2ceca7c8cc,kit,wäno,n.,,,,,wəno,
wängän_eaec5ae3-58b1-442c-81e5-f17a9299139f,kit,wängän,n.,,,,,wəŋən,
wäny_5043e2fb-6f02-48c3-aefd-96ec765299ee,kit,wäny,,,,,,,
wäp_cf768aea-bfa0-4a12-971d-3288bacf973d,kit,wäp,,,,,,,
wärenzbag_23aa59cf-59da-46a5-bffd-bd5e3b96a8e2,kit,wärenzbag,n.,,,,,wərenzbaɡ,
wärpir_251ac12e-5c08-4a77-8b06-a2ae564f4aa1,kit,wärpir,n.,,,,,,
wätaote_1b3098f8-00e8-4aaf-9be3-4ab4dbd2421c,kit,wätaote,n.,,,,,wətaote,
wätät_b0e5a756-db6a-4356-a735-7799cbee532f,kit,wätät,,,,,,,
wäte_9b9920ea-369d-4a33-aa8c-79cc5b067877,kit,wäte,,,,,,,
Wätt bo ma_167441ed-746e-413f-9d07-c69b4e9e6448,kit,Wätt bo ma,prop.n.,,,,,wəʈ͡ʂ bo ma,
Wäziag_fc92704a-e186-4c3d-abcc-315cf077a411,kit,Wäziag,prop.n.,,,,,,
wẽ_69d075ff-cb08-4b1e-9d80-521fa04fbe4c,kit,we,Ideophone,,,,,we,
Wed_f0c1535f-bf82-422a-bee3-3a3d0fee6fd1,kit,Wed,prop.n.,,,,,wed,
Wedereamo_8d620b96-a9cc-4aac-87b0-07c224320537,kit,Wedereamo,prop.n.,,,,,wedereamo,
wel_dad2bbae-0d78-4aef-97e7-c851881c0421,kit,wel,n.,,,,,wel,
wel ud_3980ded8-3560-498f-aee6-4fed81bfdfb2,kit,wel ud,n.,,,,,wel ud,
welwel_a8d06dae-4212-4966-8bea-17532ad7a6da,kit,welwel,n.,,,,,welwel,
welwele_882ed3f3-b4ae-4fce-a4eb-e1644f7ca814,kit,welwele,n.,,,,,,
Wendi_d9afeeb6-66d7-4772-a489-b4119afdd4be,kit,Wendi,n.,,,,,,
Wendy_2b6eac0b-6b77-4aa5-b85e-2cf9349bb9e0,kit,Wendy,prop.n.,,,,,wɛndi,
wensäg_dbe8a5f3-f29e-4cf5-8157-15106b90d76c,kit,wensäg,,,,,,wensəɡ,
wer_3d1d1676-63d2-41e0-b291-bee5b7bb86c3,kit,wer,n.,,,,,wer,
Wesley_73e0c18e-3246-4c5e-acd7-2db5a1367b6d,kit,Wesley,,,,,,,
Wesli_3af415ff-301e-4370-834b-f6cb1a91451c,kit,Wesli,prop.n.,,,,,wesli,
=weya_6f095671-1a78-4c18-82b8-072c3c0ad77e,kit,=weya,,,,,,,
wi1_aa9bfe39-2258-4f0f-a223-a4ab41b75e69,kit,wi,i.v.,,,,,wi,
wi2_ac6c539d-aa14-40cb-9500-6fa353687297,kit,wi,interj.,,,,,,
wia_a037dee3-8d4d-4221-b816-981308bbf788,kit,wia,,,,,,,
wiasara_9d194a81-044f-4364-972b-37bfd27ce8c5,kit,wiasara,,,,,,,
wib_c016e6e2-880d-4f02-a6dd-096a9c8eb9f2,kit,wib,n.,,,,,wib,
wibell_fd7c6d0f-2a24-4d34-a412-cd7ac7916247,kit,wibell,n.,,,,,wibeɽ,
Wiben_fc9609f0-5c64-4b97-a2a3-11372f28f0b2,kit,Wiben,prop.n.,,,,,wiben,
Widama_cc8cb036-56c1-45af-8d0b-651db2998508,kit,Widama,prop.n.,,,,,widama,
widere_b3c6712a-712d-4809-b032-a924f4cb331c,kit,widere,n.,,,,,widere,
widwid_64c936a5-bb90-4d6d-98d5-1ad1f3029177,kit,widwid,n.,,,,,widwid,
Wik_3f79ba76-277f-4634-b2e9-e82eff892a0d,kit,Wik,prop.n.,,,,,,
wik_fa37b4e2-f89d-4978-8225-0050cdbda9c3,kit,wik,n.,,,,,wik,
Wilma_aa17ce6b-64c7-49a1-bf3f-749b9e661ec2,kit,Wilma,prop.n.,,,,,wilma,
wilwil_1899b5b2-48b4-4706-a3b2-243cc149ee28,kit,wilwil,n.,,,,,wilwil,
Willie_a7f22a7d-0d83-4aa3-b371-bd4f3e2927d5,kit,Willie,prop.n.,,,,,wiɽie,
Wim_31df301f-166b-4375-81e2-da6ae25c8f60,kit,Wim,prop.n.,,,,,wim,
win_dbedb8aa-5f4a-404c-8f43-de56967e7c3a,kit,win,n.,,,,,win,
Wini_8cefbd64-0734-47f4-968c-3d018a7e6864,kit,Wini,,,,,,,
winisde_153313f2-108c-4f00-a3e6-5c20e923d1ff,kit,winisde,n.,,,,,winisde,
Winny_0240bc25-6efb-466b-9d83-acef2d2d2580,kit,Winny,prop.n.,,,,,wini,
Winsen_a7fc129a-ce54-4dee-94d5-73545a96573a,kit,Winsen,prop.n.,,,,,,
Winson_16162e96-956c-46a8-af9b-bf62a8f1d156,kit,Winson,prop.n.,,,,,winson,
Wingäm_14e3a6ea-cfea-4cde-ac20-84b674783875,kit,Wingäm,prop.n.,,,,,,
Winy_8784ad6a-42ae-4f20-bc9f-76d482cb6911,kit,Winy,prop.n.,,,,,wiɲ,
winy_e48845a3-f2cd-4ea7-9426-552119f2f217,kit,winy,n.,,,,,wiɲ,
winyteya_14e84f47-3e7e-4e58-933a-1101de02106e,kit,winyteya,n.,,,,,wiɲteja,
wiowa_4ff74d0a-1bd6-4101-b083-81b3d6edcee4,kit,wiowa,,,,,,wiowa,
wipell_f3f74344-943b-4493-8ce8-dff3edd982c7,kit,wipell,n.,,,,,wipeɽ,
wipellgallagallab_0b068a01-5dcc-4532-b417-4b3c15916862,kit,wipellgallagallab,n.,,,,,wipeɽɡaɽaɡaɽab,
Wipi_8b8b823c-0589-447d-867c-e805a1a006d7,kit,Wipi,prop.n.,,,,,wipi,
Wipim_6718aaee-3607-405b-981a-8c988a4ae5e2,kit,Wipim,prop.n.,,,,,wipim,
wirog_53e1a0a1-0441-4da5-80ee-a7210b7c4857,kit,wirog,n.,,,,,wiroɡ,
wiswis_c14303ca-221e-4f1c-994f-065f49b01d8f,kit,wiswis,n.,,,,,wiswis,
wit_e99e4951-3faf-4a44-8309-1aae77550baa,kit,wit,n.,,,,,wit,
witara_4a31d46a-01be-48a2-be11-4a78e7d8e13a,kit,witara,n.,,,,,witara,
wiya_c660600a-6adc-4165-8585-bff45fb432cd,kit,wiya,i.v.,,,,,wija,
wiyamom_02c82671-07a8-4018-a928-f4618a3b913e,kit,wiyamom,i.v.,,,,,wijamom,
wiyasara_82574894-3c6b-486f-946d-bcf0ee0d90d1,kit,wiyasara,n.,,,,,wijasara,
wiyebubug_87b219a2-fc35-42bb-aac8-5185c34162ac,kit,wiyebubug,n.,,,,,wijebubuɡ,
wiyo_d86c8dbd-3332-4e39-814f-f15571179a6d,kit,wiyo,interj.,,,,,wijo,
wiyowae_b2d28701-4472-4598-ba62-1bb5a8637192,kit,wiyowae,interj.,,,,,wijowae,
wiyowe_cc8a34bd-5729-4189-8c2f-0710372c77ac,kit,wiyowe,n.,,,,,wijowe,
wizarab_05d2624f-c571-4259-9053-9df0e257f114,kit,wizarab,n.,,,,,wizarab,
Wizing_31344515-d281-462b-abde-8b99d6f91355,kit,Wizing,prop.n.,,,,,wiziŋ,
wɨndwɨnd_c4cc8f54-1f92-4faa-869f-766527769fb1,kit,wɨndwɨnd,t.v.,,,,,wɪndwɪnd,
Wɨr_e365750a-cc7b-4615-8d9d-7665c82c3621,kit,Wɨr,prop.n.,,,,,,
Wɨrbun_16370145-1d3a-4fa9-9099-e602f572f17f,kit,Wɨrbun,prop.n.,,,,,,
wɨtwɨt_edf983be-3441-4966-a5a8-c0ce5710b45b,kit,wɨtwɨt,n.,,,,,,
wo_52325c2c-c319-46cc-aff0-157983104006,kit,wo,,,,,,,
woboll_05a894a6-8369-46ad-8f77-7a94ae6f6782,kit,woboll,n.,,,,,woboɽ,
wod_2b05dfec-3dee-4fa1-83d3-7d1e41fd4a20,kit,wod,n.,,,,,wod,
wodd memba_70de177e-61ce-42e3-b8eb-2a884d10e81a,kit,wodd memba,n.,,,,,woɖ͡ʐ memba,
woddowoddo_92d7c0d9-1457-412c-9d8e-a272ba32c570,kit,woddowoddo,n.,,,,,woɖ͡ʐowoɖ͡ʐo,
wolläb_ee22acab-ab6a-48d8-9908-14d780eb64df,kit,wolläb,n.,,,,,woɽəb,
wolläng_0ce521e4-0c93-47da-a9c2-36489386e902,kit,wolläng,,,,,,,
wolle_21da1b59-ccb9-4f14-b7e5-2261db95093c,kit,wolle,,,,,,,
wollong_b7dbc891-a79c-4af4-9955-b2d4e80091ad,kit,wollong,,,,,,,
Wonie_8e9fa04f-8f2b-4b4a-847b-7a5e7381732b,kit,Wonie,prop.n.,,,,,wonie,
worbam_15e15702-ece9-4567-b3e3-c75a7b5aa621,kit,worbam,n.,,,,,worbam,
Wot_84b867c1-4558-4407-8aa3-17494bb019cc,kit,Wot,prop.n.,,,,,wot,
wowo_b4df033b-600c-48a1-bd43-d6f76be58039,kit,wowo,t.v.,,,,,wowo,
wud_baaf5583-e62c-4fc1-a7a0-968d2efa7b6f,kit,wud,,,,,,,
wudu_87778207-3746-41ce-9a0a-76e3be17667c,kit,wudu,,,,,,,
wuk_c04d673b-7c64-4868-93fd-8c7f0ba62772,kit,wuk,,,,,,,
Wun_4328c770-b24b-419f-9b1d-9fc4c7a16f5c,kit,Wun,prop.n.,,,,,wun,
wunkäm_aad6e5d1-0fe9-47e7-9ced-d7b04f384887,kit,wunkäm,n.,,,,,wunkəm,
wup_ad275916-4019-4ecb-8260-ad408344a231,kit,wup,,,,,,,
wup ttämbällag_7b103a6d-2f7f-4591-9da0-036f93ed765e,kit,wup ttämbällag,n.,,,,,wup ʈ͡ʂəmbəɽaɡ,
Wur_75df7f6f-a004-4f9e-91ad-2a3284d16a6c,kit,Wur,prop.n.,,,,,wur,
Wurlaimäll_2ee9906e-3f77-42cb-ae78-582adadd1423,kit,Wurlaimäll,prop.n.,,,,,wurlaiməɽ,
Wuroi_897a3cbf-e824-462f-a8da-502dacea38d5,kit,Wuroi,,,,,,,
wute_2e39923c-88d2-47ab-bd0a-03fb79954af1,kit,wute,,,,,,,
wutt_8373facb-f6c3-4bfe-b8fe-b8f56370d1a8,kit,wutt,,,,,,,
when_1377b917-dc06-4bcb-8244-7a966220e7ec,kit,when,,,,,,,
y-_c27d5fcb-0c9e-4835-a6e8-92d2ceff5db1,kit,y-,v.,,,,,,
ya_2767af16-35a0-4f2b-adb4-63b275d03537,kit,ya,interj.,,,,,ja,
yaber_21c1b282-65b3-456d-8bb7-cd7a49ad2d54,kit,yaber,n.,,,,,jaber,
yad_00073941-2b38-4d4b-8466-9cf549a74495,kit,yad,n.,,,,,jad,
yae_587b463e-5901-467d-87ae-6475fc81c052,kit,yae,Kinship noun,,,,,jae,
yaedidib_cfb723dd-4656-4441-b518-104102b0e94a,kit,yaedidib,n.,,,,,jaedidib,
yag~_5f07d13d-6d7a-4ba0-9fa8-7f63daec3b81,kit,yag,,,,,,,
yagäl_1330b9e0-7048-48b1-9d23-e908f9f92c7b,kit,yagäl,n.,,,,,jaɡəl,
yagyag_e5677e9d-df53-4f87-8dcc-cff10b5d7936,kit,yagyag,,,,,,jaɡjaɡ,
yagyeg_7b7e02b8-5161-435b-b319-edf8a6b86284,kit,yagyeg,t.v.,,,,,jaɡjeɡ,
yaiya_33cf80f0-bb29-45a8-8006-250c18cf8bab,kit,yaiya,n.,,,,,jaija,
yal_881615f2-575a-4834-abee-562e3f5f0b8a,kit,yal,n.,,,,,jal,
Yam_4f9749be-98b6-48de-8df8-7fd8a6bf1aa2,kit,Yam,prop.n.,,,,,jam,
Yamayama_de59bcfb-a3f8-4f99-88e6-23543cf29508,kit,Yamayama,prop.n.,,,,,jamajama,
Yamega_f97076eb-e82f-4947-927c-3a875b372518,kit,Yamega,prop.n.,,,,,jameɡa,
Yamkong_6e06a6ce-58d8-4a5f-b034-c4a9fb43c3c9,kit,Yamkong,n.,,,,,,
yante_6fd4455e-b208-48da-8097-674ee2445450,kit,yante,n.,,,,,jante,
Yao_91de029b-3e7e-412c-82e3-a0e316f1b00e,kit,Yao,prop.n.,,,,,,
=yaralla_a8baf490-89f4-4166-b240-fca8dd993943,kit,=yaralla,aux.,,,,,,
=yaralle_57391d54-05c0-439c-9d71-05c64ca31687,kit,=yaralle,aux.,,,,,jaraɽe,
=yarallo_45ec054a-05fb-4853-8e49-1b78d28865a7,kit,=yarallo,aux.,,,,,,
Yarbab_1694bbe8-2816-494c-aa2a-ee04c892a5b2,kit,Yarbab,prop.n.,,,,,jarbab,
yarte_591d05de-cf42-480b-91aa-5a3550baebdc,kit,yarte,n.,,,,,jarte,
Yarte_5fd94511-44c9-41d3-a832-6bd6f13550d5,kit,Yarte,prop.n.,,,,,jarte,
yaru_79e60be9-76bb-4baa-ba09-bf4adeb0c7b8,kit,yaru,n.,,,,,jaru,
yaryem_2364f077-86c4-4b1b-958f-4d06e751f618,kit,yaryem,n.,,,,,jarjem,
yatän_effbbf2b-8793-475e-bb52-c1dcaca8f2a0,kit,yatän,t.v.,,,,,,
yattän_b6f94ca3-d5f2-4a57-9239-84b20f5fcfdb,kit,yattän,i.v.,,,,,,
Yau_6a4f21df-e7df-477c-a654-d232eba3d342,kit,Yau,,,,,,,
yaul_7f5ecc98-cda7-45be-ac02-0031f768944a,kit,yaul,n.,,,,,jaul,
Yawani_80401236-e5d7-44f8-ab06-e3e7f990e5af,kit,Yawani,prop.n.,,,,,jawani,
Yawen_0dc42355-2b07-476f-8c49-760fb9f559d9,kit,Yawen,prop.n.,,,,,,
Yawin_ec732839-8938-49a2-b087-b8ce26f7e30b,kit,Yawin,prop.n.,,,,,jawin,
yaya_4fc37683-1c42-4fb5-aa18-b5a0eae87153,kit,yaya,Kinship noun,,,,,jaja,
yayo_d6a462d3-c010-45a7-be7c-26a35f12d889,kit,yayo,v.,,,,,jajo,
yäbäd_5b5ca739-b555-448d-a780-fddde38aa04d,kit,yäbäd,n.,,,,,jəbəd,
yäbäd bäng_11f8a2de-a61c-4c2e-bf43-ffd445a3c81c,kit,yäbäd bäng,n.,,,,,jəbəd bəŋ,
yäbäd gazen_e47be32c-3c68-4fd9-9b95-fecc2d0e63e4,kit,yäbäd gazen,n.,,,,,jəbəd ɡazen,
yäbäd källa_c333292f-0d92-4d9d-bc1e-6cf123dc629b,kit,yäbäd källa,n.,,,,,jəbəd kəɽa,
yäbäd kuttakuttang_53a051d8-f930-4d30-9223-e455539d9745,kit,yäbäd kuttakuttang,mod.,,,,,jəbəd kuʈ͡ʂakuʈ͡ʂaŋ,
yäbäd tuktuk_57422da0-7d56-4907-b668-c3720d6447f9,kit,yäbäd tuktuk,n.,,,,,jəbəd tuktuk,
yäbäd tuktuk duwem_8e98da24-e199-4083-b550-7c09561f5a66,kit,yäbäd tuktuk duwem,n.,,,,,jəbəd tuktuk duwem,
yäbäd ttänttämang_1cf1394c-c39e-4e2c-926a-bcea5be6d42b,kit,yäbäd ttänttämang,n.,,,,,jəbəd ʈ͡ʂənʈ͡ʂəmaŋ,
yäbäyäbäd_63aecd5e-b28e-462d-b8d6-90ff9c60c85e,kit,yäbäyäbäd,n.,,,,,jəbəjəbəd,
yäbäyäbäl_b231d31a-10c7-4e26-9698-174ff9d6bc9e,kit,yäbäyäbäl,n.,,,,,jəbəjəbəl,
yäbdo_ff202c0f-cd35-400c-a961-a1bfca8ef706,kit,yäbdo,,,,,,,
yäbik_169f8246-83f0-4819-90d8-a0377ee9e0aa,kit,yäbik,n.,,,,,jəbik,
yäg_8294d804-7d49-43bf-9f22-b77d977b58cb,kit,yäg,n.,,,,,jəɡ,
yäkäl_a5ca249f-3450-4aaa-9257-7f91506e143c,kit,yäkäl,Kinship noun,,,,,jəkəl,
yäkälnda_9717b576-82c6-4825-aa91-b95358343b57,kit,yäkälnda,Kinship noun,,,,,,
yäko_3709912d-7feb-4314-963c-386a5b0beac3,kit,yäko,,,,,,,
yämak_e8bc0952-23a1-4dda-8a41-7495d4d4c0a8,kit,yämak,n.,,,,,jəmak,
yämän_3992deaa-7445-40a3-ab63-82eeabb3aa6b,kit,yämän,n.,,,,,jəmən,
yämbäg_0d5715cf-abc4-4c29-884d-4472715011b5,kit,yämbäg,t.v.,,,,,,
yänddäna_2c308a36-5991-423f-946b-50cd3c82938f,kit,yänddäna,v.,,,,,jənɖ͡ʐəna,
yänkllollang_5d35f3d8-513a-4ea9-adbe-3a2d4d1b2e15,kit,yänkllollang,mod.,,,,,jənkɽoɽaŋ,
yärany_df9c4306-ddd6-4f37-9f39-0f51de3972bb,kit,yärany,cov.,,,,,jəraɲ,
yärmuyärmu_e2a9b6cf-5388-4be0-8162-cf75f73ce17c,kit,yärmuyärmu,n.,,,,,jərmujərmu,
yäru_27807d63-1c06-4248-89bb-072cb63ca3a8,kit,yäru,n.,,,,,jəru,
yätt_e4dae19a-7595-4881-af4f-71d0f38955f3,kit,yätt,n.,,,,,jəʈ͡ʂ,
=ye_015d0dd1-f37c-4936-a297-4397bd8e8107,kit,=ye,,,,,,,
year_08a5f88d-adb0-4a14-8166-25e785d5a259,kit,year,,,,,,,
years_5e015e7d-b9a8-4646-8cf9-be8332bf434a,kit,years,,,,,,,
yebdo_33fb18ee-1cd7-400b-9937-2c73492ac76f,kit,yebdo,,,,,,,
yerngän_df9298e4-c8d1-40b5-ad81-704f782b1142,kit,yerngän,,,,,,jerŋən,
Yesu_62f95270-19de-4dd5-b450-276e4deb901d,kit,Yesu,prop.n.,,,,,jesu,
yetedduem_19dc5385-8809-4058-8dfe-57a89d28c216,kit,yetedduem,Phrase,,,,,jeteɖ͡ʐuem,
yewede_661798a1-c0c3-4199-83c7-964d59ba76c2,kit,yewede,,,,,,,
yid_13a547b7-25d4-4b28-b8d7-75b648689f67,kit,yid,n.,,,,,,
yimne_8208da10-01ca-42be-95b8-59d7cae3ac1f,kit,yimne,,,,,,,
Yina_06b8206d-a81d-4544-ba4f-1bb8694b361c,kit,Yina,prop.n.,,,,,jina,
yinbo_61dfdfd6-a0ee-4017-8bdc-fe425ac71f2c,kit,yinbo,,,,,,,
yindrang_9ac06a49-597e-481e-86be-779dd7254da0,kit,yindrang,col.,,,,,jindraŋ,
yinu_2ad5b355-0999-4fc0-8edc-df04918c6cb4,kit,yinu,,,,,,jinu,
yirɨm_006b4ac4-7aed-417b-9227-508669410433,kit,yirɨm,,,,,,,
yɨb_377acc27-58c3-446f-981a-a9bb4cc35434,kit,yɨb,n.,,,,,jɨb,
yɨd_a03da64e-5dd4-40fc-a554-a12f6dad684d,kit,yɨd,,,,,,jɪd,
yɨdmeny_b1c04f60-4696-4c05-81e2-d4019245d589,kit,yɨdmeny,n.,,,,,jɪdmeɲ,
yo_05da8941-ecb0-4313-b6f1-1bd32b0e79e7,kit,yo,n.,,,,,jo,
yobeg_f62dbf05-3bfa-415d-bba8-ed850db05387,kit,yobeg,n.,,,,,jobeɡ,
yogoll_dcce5703-b788-47ac-90d6-0a6c5c8baa94,kit,yogoll,n.,,,,,joɡoɽ,
yogoll kutt_7e3374cd-484a-4f51-951a-348959d2405e,kit,yogoll kutt,n.,,,,,joɡoɽ kuʈʂ,
yogoll särem_ff319fab-edd0-456f-82ac-5901925e8c8c,kit,yogoll särem,n.,,,,,joɡoɽ sərem,
Yokas_57602a9a-fdab-453c-a29e-97f3dc6650bc,kit,Yokas,prop.n.,,,,,jokas,
yoko_400a5b4e-837b-4bec-a6c4-0c09417b4627,kit,yoko,n.,,,,,joko,
Yokon_b59e88bb-fac2-45ed-8819-b4485e0e0ab2,kit,Yokon,prop.n.,,,,,,
Yokong_40337a07-50ed-4311-98a2-2a2061fae85d,kit,Yokong,prop.n.,,,,,,
yon_1264eb5a-96cb-41b8-a7c6-7203c1867b3f,kit,yon,n.,,,,,jon,
Yop_eed5f7ca-9c2b-4fc9-b308-94c1e1afa4c7,kit,Yop,prop.n.,,,,,,
yorko_723a0f4d-21b3-4745-a349-52baa307be7d,kit,yorko,n.,,,,,jorko,
yorkoll_d94828c7-d59e-41c9-ad2a-d0cd6fcaabbf,kit,yorkoll,n.,,,,,jorkoɽ,
yorkollang_79d90f96-56f2-4ce9-a8b9-b3510aafee69,kit,yorkollang,mod.,,,,,jorkoɽaŋ,
Yoteang_bd33aacf-8ef5-4816-8d1f-cc4e4620e938,kit,Yoteang,prop.n.,,,,,joteaŋ,
yoto_d3af12c1-8633-4c38-834d-1f667a6e3e66,kit,yoto,n.,,,,,joto,
you_09053d6a-8719-4a4d-9876-12a73d6f5b02,kit,you,,,,,,,
Yow_bd93fc05-5b4d-440a-b367-5bbcacfc8e74,kit,Yow,prop.n.,,,,,jou,
yowa_6c9d362b-1d20-44d9-8d97-8e181190e048,kit,yowa,n.,,,,,jowa,
yowede_cf75d1fd-db02-4e50-9944-e7d4168854ad,kit,yowede,,,,,,,
yu_6820fdfd-ec0c-41e3-831c-d9feed1d895c,kit,yu,n.,,,,,ju,
yu bägäl_7f6107e5-a95e-4fe5-b696-c6399d6a444a,kit,yu bägäl,n.,,,,,ju bəɡəl,
yu bäng_eaf5ac2c-8743-45ab-80ee-0e2196446180,kit,yu bäng,n.,,,,,ju bəŋ,
yubud_9f6809eb-a212-45e6-8812-8e8aa2540cae,kit,yubud,n.,,,,,jubud,
yu dumbrel_0f952ec4-f044-41c8-b805-a19b70c2214c,kit,yu dumbrel,n.,,,,,ju dumbrel,
yuddädda_8d287f3e-e9b5-4b21-ae92-ab4ec78a6e2f,kit,yuddädda,n.,,,,,juɖ͡ʐəɖ͡ʐa,
Yuga_0a034bbe-37b5-4768-b941-d2456f92abda,kit,Yuga,prop.n.,,,,,juɡa,
Yugui_feb6d08b-f392-4689-9910-c0542ef44585,kit,Yugui,prop.n.,,,,,juɡui,
yu kire_95dcef5e-ef3f-45be-823d-2eeb3aea80ff,kit,yu kire,n.,,,,,ju kire,
yu menanen_d8f09d45-ccc3-4b94-af2c-2119e06081bd,kit,yu menanen,n.,,,,,ju menanen,
yu molle täre_41d0eebe-49d6-4163-84aa-dc77cef6143d,kit,yu molle täre,n.,,,,,ju moɽe təre,
Yun_c769a180-d990-4624-969f-2919f53d27b7,kit,Yun,prop.n.,,,,,jun,
yunipom_3523ab65-5846-48f3-99ca-df3e58bb9396,kit,yunipom,n.,,,,,,
yunu_453def5c-66fc-42d8-811b-a1b2b4d80362,kit,yunu,n.,,,,,junu,
yu ngongom_441a3bf3-da84-486e-9304-66b15b86da81,kit,yu ngongom,n.,,,,,ju ŋoŋom,
yure_d192ed1c-057d-46a3-b887-5633ea1b0792,kit,yure,n.,,,,,jure,
yuru_1b1c8f2a-d1bf-43a3-baa5-64a4e4bc55d7,kit,yuru,n.,,,,,juru,
yurwe_40b7f54c-14d0-4e1b-8eeb-b8e0de9fce0b,kit,yurwe,n.,,,,,,
yus_9816ea74-3aec-4faf-a502-d0424370487d,kit,yus,cov.,,,,,,
yu tärkmoll_1c465027-0710-4340-8c29-270f35efce1b,kit,yu tärkmoll,,,,,,,
yu torkomoll_a80b8c61-e57b-486a-abca-65bb11e555f8,kit,yu torkomoll,n.,,,,,ju torkomoɽ,
yu ttängäm_d9e8af22-eab6-4251-a4ba-1ef24cc276bd,kit,yu ttängäm,n.,,,,,ju ʈ͡ʂəŋəm,
yu ttätta_f198d586-a497-46c2-846f-e5538cdba342,kit,yu ttätta,n.,,,,,ju ʈ͡ʂəʈ͡ʂa,
yuwet~_b6080f72-8491-4e45-a1c9-9b0176cff389,kit,yuwet,,,,,,,
yuwet_e82a82d4-c046-47cc-b2de-9d823902cdf4,kit,yuwet,n.,,,,,juwet,
yuwetyuwet_3a3fb35c-ee1a-4bda-9b18-97e0334d7e8d,kit,yuwetyuwet,adv.,,,,,juwetjuwet,
yuwog_e34a707e-b24a-4d80-8bb6-32604dbe18b4,kit,yuwog,quant.,,,,,juwoɡ,
yuwogyuwog_13e00bb3-9147-4bb1-a16d-24aca9d1bb8b,kit,yuwogyuwog,,,,,,,
yuwoyuwog_207d462a-174b-4de1-8bd2-f4dfe768638b,kit,yuwoyuwog,adv.,,,,,,
za~_2a2c1314-18c3-409a-bbc6-d9e81896c13a,kit,za,,,,,,,
za_f85636f4-d46c-4b26-87ac-faa3b9be2572,kit,za,n.,,,,,,
zaa_085cf578-6025-4af6-958f-5860b5a3a588,kit,zaa,,,,,,,
zaga_8b79b21c-1090-4a4c-a750-8ceab4066373,kit,zaga,pro.,,,,,zaɡa,
zagu_cd5ee216-5c9b-44d7-bcce-09ff45e6959b,kit,zagu,n.,,,,,zaɡu,
Zakae_bae192d0-606a-478c-880b-9fb294c8a39a,kit,Zakae,prop.n.,,,,,,
Zakai_fdaac4c6-1f3e-4f1f-85a1-70147cdea41e,kit,Zakai,,,,,,,
zan_7f6f6e63-9c96-411d-a929-407d2c0caf09,kit,zan,i.v.,,,,,zan,
Zanor_3b176835-a4c2-4c5f-a19e-de0a3dd16371,kit,Zanor,prop.n.,,,,,zanor,
zanzi_e29b2fe6-ef6e-460b-ad39-b85013cb2090,kit,zanzi,i.v.,,,,,,
Zanger_616b0b20-5222-49ba-b74a-c9afd9d3f5a6,kit,Zanger,prop.n.,,,,,,
zanggae_96995ac4-6a3f-4e2f-bf87-cf87f93b113d,kit,zanggae,i.v.,,,,,zaŋɡae,
zangom_4afcbdf9-4793-42e5-8823-82b19b150a95,kit,zangom,Temporal adverb,,,,,zaŋom,
Zarma_f1e50a39-72a4-47f0-a740-e8b8d5b87a89,kit,Zarma,prop.n.,,,,,zarma,
zarmeny_88397728-486c-452b-a4eb-d447803bb795,kit,zarmeny,n.,,,,,zarmeɲ,
zawatt_a62424e7-4b21-43f9-8e55-7abee568490b,kit,zawatt,n.,,,,,,
zazaba_0bdb267e-18e4-4c59-8796-59863d6e7cb5,kit,zazaba,n.,,,,,zazaba,
zaze_567e7dfa-c7a6-48f7-8897-0c298c2fdf70,kit,zaze,i.v.,,,,,zaze,
zäbo_edab77d1-3493-4e85-8eda-6438bf3278ac,kit,zäbo,n.,,,,,zəbo,
zäm_59b9b4e8-3bb6-46ca-9621-ae480f27e0c4,kit,zäm,i.v.,,,,,,
zämae_f284b690-bfba-436f-bc22-06d083b09964,kit,zämae,t.v.,,,,,zəmae,
zämängg_c6f5d46a-6b6a-418a-9472-76c86dc4e0a8,kit,zämängg,i.v.,,,,,zəməŋɡ,
zäme_5c1b8b31-11c2-454c-bd7f-49a5fe688255,kit,zäme,,,,,,zəme,
zämllall_1cdc54ae-62e0-46b1-b27a-3d198b50fb36,kit,zämllall,cov.,,,,,,
zämllallang_0bf39a36-2252-434b-9801-94f7fe820302,kit,zämllallang,n.,,,,,zəmɽaɽaŋ,
zämllazämllall_5cd08956-2b7c-463e-98ed-b691b6fef323,kit,zämllazämllall,adv.,,,,,zəmɽazəmɽaɽ,
Zedem_681375b9-41ed-4887-8a99-aa7b4a278515,kit,Zedem,prop.n.,,,,,zedem,
zeg_ad1354ea-5ca5-4731-a5c3-98ab65434b6c,kit,zeg,i.v.,,,,,zeɡ,
Zegma_129089de-27c1-4656-bce2-ed5f060dca44,kit,Zegma,prop.n.,,,,,zeɡma,
Zeims_e3e5d4c3-783a-40e3-a7ae-42bdaa671ef2,kit,Zeims,prop.n.,,,,,zeims,
Zekraeya_b00f23c4-c531-4184-a389-4d399b206e95,kit,Zekraeya,prop.n.,,,,,,
zel_bc1a3d1a-cd3e-43e0-b372-fae09972e645,kit,zel,n.,,,,,,
Zelma_b9aa3183-cb03-4179-9839-8543b47443d4,kit,Zelma,prop.n.,,,,,zelma,
zem_02ca05dd-6243-4915-94f9-b60cb9fb656b,kit,zem,n.,,,,,zem,
Zemila_da18ed76-d418-4b4d-900f-e6bbc21b7e7b,kit,Zemila,,,,,,,
Zen_1ac400e4-9551-4af7-b5c2-471eef3c784d,kit,Zen,prop.n.,,,,,,
Zeri_5bf79dee-55ff-45fb-970d-fe13eedc67fd,kit,Zeri,,,,,,,
Zeriko_deeaf659-dbb6-4bd3-be54-cc37f409e474,kit,Zeriko,prop.n.,,,,,zeriko,
zib_d9df4184-8687-465f-8953-69f5c5db6261,kit,zib,n.,,,,,zib,
zib mäka_6561d21d-aeb4-440a-b9ef-aa66624f1528,kit,zib mäka,n.,,,,,zib məka,
zigae_afdd12e6-89f9-41f9-94b3-ea4f600dc715,kit,zigae,t.v.,,,,,ziɡae,
Zina_dd065764-94e7-4813-8e9f-3008c8772781,kit,Zina,prop.n.,,,,,,
zire_c3a13ee7-15c3-4125-9f78-b4db322d1b70,kit,zire,n.,,,,,zire,
ziz_6587c106-98a0-496b-a3c0-2481dac866d2,kit,ziz,n.,,,,,ziz,
zizag_90e46904-cc21-49a4-a1f4-cdf7235482d5,kit,zizag,n.,,,,,zizaɡ,
zizi_5a168ad3-a3e5-451d-94e2-52c5902ecb10,kit,zizi,t.v.,,,,,zizi,
zɨme_a38bd28a-da92-493d-81da-972a4330c4f3,kit,zɨme,TAM particle,,,,,zɨme,
Zo_55ed7dc5-87d6-4e9f-bf8e-91aa46fc41c2,kit,Zo,prop.n.,,,,,,
zo_bc1db9e8-79c4-4ad2-b188-e18632761274,kit,zo,n.,,,,,zo,
zobo ik_6bf662ce-ea5c-4b37-a7f9-0fdb3380ff90,kit,zobo ik,n.,,,,,zobo ik,
zogam_3d534719-87f5-4f60-b689-9ee1820b3228,kit,zogam,n.,,,,,zoɡam,
Zon_15898cb5-5926-413d-9264-fe423360270f,kit,Zon,prop.n.,,,,,zon,
Zonas_576c6b47-7c0f-42ac-b08f-67fdaa0a2e56,kit,Zonas,prop.n.,,,,,zonas,
Zoni_a2b0fa6d-47c8-4743-8009-fdf7feb19dc9,kit,Zoni,prop.n.,,,,,,
zora_36fd6f21-b967-444f-8a29-e80d5227259c,kit,zora,n.,,,,,zora,
Zosep_4fd37009-deb8-4508-8df4-9771fe69ccfa,kit,Zosep,prop.n.,,,,,zosep,
zowag_bfa41275-f24f-4338-9c9b-de4db82d14ee,kit,zowag,mod.,,,,,zowaɡ,
zozo_e6214d8f-7ada-4981-844a-119150362e95,kit,zozo,i.v.,,,,,zozo,
Zudas_a610d4d9-4f6a-4f38-b333-10787f676df9,kit,Zudas,prop.n.,,,,,zudas,
Zudiya_2188af65-9b4b-427a-aa19-2154acfb70d7,kit,Zudiya,prop.n.,,,,,zudija,
Zugu_c14f234f-cd3b-4c69-8d68-9e8e1a4bac58,kit,Zugu,prop.n.,,,,,zuɡu,
Zuli_ed192d64-93bd-4e91-9641-f47e89fd416b,kit,Zuli,prop.n.,,,,,,
Zurusalem_ea3f59e3-ba70-4fd9-9598-82e41dd0223f,kit,Zurusalem,prop.n.,,,,,zurusalem,
zuwoe_e26b0b23-27fc-4ef4-ab32-18832235b6b6,kit,zuwoe,t.v.,,,,,zuwoe,
Caso_b975b9c4-cc9a-4a7a-8fe4-8a15aac0a193,kit,Caso,prop.n.,,,,,kaso,
Cathy_48f70d77-75e2-48a1-a7ee-e3a9b7c88682,kit,Cathy,prop.n.,,,,,kaθi,
central_be063211-3503-42c8-8918-2207f6aba4bd,kit,central,,,,,,,
Cynthia_58f67ccb-ef4a-4d8e-ad94-79083efeebbd,kit,Cynthia,,,,,,,
chairman_6876ab33-244b-4de7-a7d9-6d8a680e50b6,kit,chairman,,,,,,,
change_39f70210-be26-4fff-bf38-9ff867debcda,kit,change,,,,,,,
Charles_2512ab14-53ea-431e-b5f0-fad9a0353cd5,kit,Charles,prop.n.,,,,,,
Christina_abfb9cc8-8ec5-43ed-ada7-3eb4c9125980,kit,Christina,prop.n.,,,,,kristina,
church_e9f1aece-2fe0-4f22-9203-a34fb78eeba7,kit,church,n.,,,,,,
Hannah_5442c6b6-1c33-4354-a598-6acd432fc520,kit,Hannah,prop.n.,,,,,hannah,
hedmasta_02803292-1e6a-4742-9806-755b86762767,kit,hedmasta,n.,,,,,,
Helen_03b53151-c453-4bf2-9635-905dcadd2819,kit,Helen,prop.n.,,,,,,
Hiden_8c933998-b7c0-492f-8f5a-15b1b32005e7,kit,Hiden,prop.n.,,,,,hiden,
hundred_f2f2a5ad-46e3-424e-835a-320121f93c14,kit,hundred,,,,,,,
Jae_33d77d0b-8d10-438c-8539-7361d770c0b2,kit,Jae,prop.n.,,,,,d͡ʒae,
James_1cc35253-2648-4b7f-9823-49517bab7b4c,kit,James,,,,,,,
Jamila_359d8bd4-206e-4aa0-97eb-30de8af5138c,kit,Jamila,,,,,,d͡ʒamila,
Jamilah_5430044d-afd5-44a1-8e32-cd607ded3f9d,kit,Jamilah,prop.n.,,,,,d͡ʒamila,
Jane_070bb6b7-f6c8-4b44-b512-5c5fe2391385,kit,Jane,prop.n.,,,,,d͡ʒen,
Jack_3c4d7248-2b26-441c-acb8-ee8abe7903a0,kit,Jack,prop.n.,,,,,,
Jackae_ddb45dea-0f1b-4f6a-a4b3-3faec9dc5d1a,kit,Jackae,prop.n.,,,,,d͡ʒakae,
Jacklin_4507c1dc-6ecb-4e44-8248-08fc25b98e32,kit,Jacklin,prop.n.,,,,,,
Jeff_40789f63-7026-4633-8e67-cf1e32c09c57,kit,Jeff,prop.n.,,,,,d͡ʒef,
Jeiks_ea72f664-8b63-4911-a9e9-8baee7ca35bd,kit,Jeiks,prop.n.,,,,,,
Jeimi_5e362779-e8be-40bb-8709-b509f2823ef3,kit,Jeimi,prop.n.,,,,,,
Jemila_c17bd566-97d7-4960-88a3-f03ce0a35782,kit,Jemila,prop.n.,,,,,,
Jen_2e82ea28-4848-4020-881c-620756e4c75e,kit,Jen,prop.n.,,,,,,
Jeped_591be6ba-2f25-47f6-9aa1-1f19afdf8bea,kit,Jeped,prop.n.,,,,,d͡ʒeped,
Jerry_dfe98312-87b0-479d-ba67-4c9afa68d90d,kit,Jerry,prop.n.,,,,,d͡ʒɛri,
Jo_17150986-c62a-42e7-a693-13604afe7db8,kit,Jo,prop.n.,,,,,,
Joanna_f925db87-255b-4f2b-9fd9-5ab831f3fd7f,kit,Joanna,prop.n.,,,,,d͡ʒoana,
Joden_fa89bbc7-ca35-4c2c-baa5-545d3b8fdeea,kit,Joden,prop.n.,,,,,,
Joe_748ad679-89e1-4f81-b6e1-f8ba53533c7f,kit,Joe,prop.n.,,,,,d͡ʒo,
Joebert_e1aa2253-179e-464f-8091-25fa8e21ef9f,kit,Joebert,prop.n.,,,,,d͡ʒobert,
Joe-noh_eef98008-e535-41a8-9e79-be492678788d,kit,Joe-noh,prop.n.,,,,,d͡ʒo-no,
Jonas_9d19db5b-d47f-42c3-b10e-2b541897a4a2,kit,Jonas,,,,,,,
Jonathan_3d0d843b-1763-408e-859a-d6a705ccbe6d,kit,Jonathan,prop.n.,,,,,d͡ʒanaθɪn,
Joni_06bc809d-29dc-41e6-be6c-07023ef21004,kit,Joni,,,,,,,
Jordan_042a05e2-8cee-4dd0-8709-c271a428304b,kit,Jordan,prop.n.,,,,,d͡ʒordan,
Joseph_ecaf6f8b-d228-43ad-b1e6-c13ea53495f5,kit,Joseph,prop.n.,,,,,d͡ʒosef,
Joshua_9e98f03a-8011-4e79-91b8-e519bcf0b7dc,kit,Joshua,prop.n.,,,,,d͡ʒoʃua,
Jowanang_effda50a-bc1e-4733-8ea4-1c2a11bee643,kit,Jowanang,prop.n.,,,,,,
Joy-Lin_c7606353-cc4f-4032-a334-34f417f453dd,kit,Joy-Lin,prop.n.,,,,,d͡ʒoi-lin,
Joys_0c9a187b-41b7-4551-a603-b6c8a7724838,kit,Joys,prop.n.,,,,,d͡ʒois,
John_a84a1b82-5b08-42b8-a123-3a057f49d12c,kit,John,prop.n.,,,,,d͡ʒan,
Johnny_3999d65c-9f37-4fa0-b26b-e978410a7046,kit,Johnny,prop.n.,,,,,d͡ʒani,
Jubli_75a374ec-3096-4e6c-a35c-699f6f6ccf82,kit,Jubli,prop.n.,,,,,,
Judas_4870974d-47a7-4193-9688-6dd6436daed9,kit,Judas,,,,,,,
Jugu_9952a92e-5bcc-47b9-86d5-f368d8c1bbdc,kit,Jugu,prop.n.,,,,,d͡ʒuɡu,
Julia_8671c0f3-74ec-443b-8f88-316bf66f9247,kit,Julia,prop.n.,,,,,d͡ʒulia,
Julie_3bbf16e4-6e10-49cc-bb83-7bdfb74ee880,kit,Julie,,,,,,,
Julienne_9b07e3ae-ad36-4bb0-9ec1-fb05b668a249,kit,Julienne,prop.n.,,,,,d͡ʒulien,
Junior_10575bbd-8d4a-41ca-b38b-b2d246fe88c6,kit,Junior,prop.n.,,,,,d͡ʒunjər,
Queenie_a00e96ab-09c0-4d78-85a8-4a8fa5d873d8,kit,Queenie,prop.n.,,,,,kwueenie,
Quin_8ba6f8e3-f7db-4f93-b6bf-df65304dd27d,kit,Quin,prop.n.,,,,,,
Quinten_b059ba19-7710-4cfd-8175-84ed3682ac8a,kit,Quinten,prop.n.,,,,,,
Quinteth_393083c9-dce5-440f-9481-4e5b7c5681e9,kit,Quinteth,prop.n.,,,,,kwinteθ,
Quinton_a66ade2d-a74f-4ee9-aab4-eaf739b2b85b,kit,Quinton,prop.n.,,,,,kwuinton,
Vanessa_a3e472d7-c63f-41a3-bd5a-6378b8534372,kit,Vanessa,prop.n.,,,,,vanessa,
very_0baaf742-781c-4889-a539-73af47c49230,kit,very,,,,,,,
Vincent_ef279bf3-8078-458a-a59b-e7aa71108db2,kit,Vincent,prop.n.,,,,,vinsent,
vice-chairman_664b7952-8bfa-4fc5-b17c-4b84472cffbe,kit,vice-chairman,Nominal,,,,,,
Victoria_f3b83ebd-38b9-4c3e-9290-87ea7ae701f2,kit,Victoria,prop.n.,,,,,viktoria,
volleyball_d33ab636-23a4-4e50-99f0-c931be40a125,kit,volleyball,n.,,,,,,
vocational_2fe84533-a81d-4bb5-998b-84c7b6727753,kit,vocational,,,,,,,
