ID,Sense_ID,Language_ID,Primary_Text,Translated_Text,Source,Do_Not_Publish_In
50c51540-4052-4461-9ca8-20558749a967-ex1,50c51540-4052-4461-9ca8-20558749a967,kit,Eso a mer toto.,Thank you and good evening.,,Verbal Dictionary
a3847004-34df-4a0a-b631-0e3604eabb54-ex1,a3847004-34df-4a0a-b631-0e3604eabb54,kit,Grace a Kate dag mänmän aba peyang.,Grace and Kate are with the girls.,,Verbal Dictionary
a3847004-34df-4a0a-b631-0e3604eabb54-ex2,a3847004-34df-4a0a-b631-0e3604eabb54,kit,Ende llayaba ttoenttoen dan.,This is the Ende people's story.,,Verbal Dictionary
a3847004-34df-4a0a-b631-0e3604eabb54-ex3,a3847004-34df-4a0a-b631-0e3604eabb54,kit,Do gabmaeyaba ttängäm me dan.,"She is there, where the white people are.",,Verbal Dictionary
a3847004-34df-4a0a-b631-0e3604eabb54-ex4,a3847004-34df-4a0a-b631-0e3604eabb54,kit,"Ngämo mang ba bin a ada, Eric, Francis, Bewag.","These are my brothers' names: Eric, Francis, and Bewag.",,Verbal Dictionary
c374e3cf-c68a-4197-8c3d-35d26380cbf4-ex1,c374e3cf-c68a-4197-8c3d-35d26380cbf4,kit,Yesu obo abade kuddäll e a kame ttam e gomballägän.,Jesus predicted his impending death and resurrection.,,Verbal Dictionary
32bfb4fc-07ae-4929-8410-209f996918e3-ex1,32bfb4fc-07ae-4929-8410-209f996918e3,kit,llayabaene tot,people's trash,,Verbal Dictionary
173ac717-36c5-4cd9-b4eb-a03aa9876ed6-ex1,173ac717-36c5-4cd9-b4eb-a03aa9876ed6,kit,mer abal nag,very good friends,,Verbal Dictionary
b0168c3e-c03e-488b-99e5-32479994c0d9-ex1,b0168c3e-c03e-488b-99e5-32479994c0d9,kit,sisri abal,right now,,Verbal Dictionary
fc6691fd-fc89-4067-85db-d18d600ae91c-ex1,fc6691fd-fc89-4067-85db-d18d600ae91c,kit,Bogo llɨg kälekäle abira bandra llɨtɨt e gongkamalle.,She started to sing to the little kids.,,Verbal Dictionary
f3a4eaa3-8414-46ab-b54f-e3d8d3daac0d-ex1,f3a4eaa3-8414-46ab-b54f-e3d8d3daac0d,kit,Ngäna abo gongos ma we.,I then returned home.,,Verbal Dictionary
f7d0c898-0f11-4ed5-90b5-fb71bfbfbb99-ex1,f7d0c898-0f11-4ed5-90b5-fb71bfbfbb99,kit,Abo bongo ttongo ma sisor de nogo.,You must build a new house.,SE-LE054 13.1,Verbal Dictionary
4af289f6-39b0-490f-84c3-f0083884bf35-ex1,4af289f6-39b0-490f-84c3-f0083884bf35,kit,Ngäna sana pällkapällke abor alle nuebnegan.,I beat the little sago pieces with the sago beater.,,Verbal Dictionary
7c661e5c-e04e-440e-a1f4-23369a2196df-ex1,7c661e5c-e04e-440e-a1f4-23369a2196df,kit,Ada daeya.,So it was.,,Verbal Dictionary
7c661e5c-e04e-440e-a1f4-23369a2196df-ex2,7c661e5c-e04e-440e-a1f4-23369a2196df,kit,Obo mälläng ik a ada ulleulle dageya.,His nostrils were this big.,,Verbal Dictionary
8f7f57d1-3ccd-472b-95cc-763873c0b02b-ex1,8f7f57d1-3ccd-472b-95cc-763873c0b02b,kit,"Ngänawa ""Ngämlle gulag e"" ada däga.","I said, ""Come with me.""",,Verbal Dictionary
8f7f57d1-3ccd-472b-95cc-763873c0b02b-ex2,8f7f57d1-3ccd-472b-95cc-763873c0b02b,kit,"Bogo ada, ""Ngämo pätt a ttattllong agan.""","He said, ""My body has already gotten sore.""",,Verbal Dictionary
888e1f72-c2c8-416d-8778-a631d21636c5-ex1,888e1f72-c2c8-416d-8778-a631d21636c5,kit,Ngämo umllang dan ada bongo Grace bo nag dan.,I know that you are Grace's friend.,,Verbal Dictionary
20cc8fde-6a32-43cd-9236-4752cedad630-ex1,20cc8fde-6a32-43cd-9236-4752cedad630,kit,Adako bongo mɨnyi nalle ma we.,Agree that you will go to the house.,,Verbal Dictionary
b57ed96f-eab0-4379-954d-425403fa1b17-ex1,b57ed96f-eab0-4379-954d-425403fa1b17,kit,Adame ddobag a gudae ngällbaenen eran yunu atta bäne pate llɨtaem eran.,This is why some wake up early in the morning from sleep and come to you.,WE_SN009 2.4,Verbal Dictionary
ee811cb7-2fcd-4a56-9922-db560c4e73c3-ex1,ee811cb7-2fcd-4a56-9922-db560c4e73c3,kit,"Angde Yesu eka gognän, Zudas adame gongttägän lla gul aba peyang.","Right when Jesus was speaking, Judas arrived with a throng.",,Verbal Dictionary
0282cc7f-943d-461c-af69-a15186c400bc-ex1,0282cc7f-943d-461c-af69-a15186c400bc,kit,Ngäna däbe täl de deyanykoe. Adawae gog a dädme mäse ada deyanykoe.,"I pulled that bamboo. I kept doing the same, trying to pull so.",,Verbal Dictionary
1d224dcb-7a44-4d96-9d1b-d4ec91114858-ex1,1d224dcb-7a44-4d96-9d1b-d4ec91114858,kit,Ddia da mängalae abal gurlewän iba ttängäm me. Adawalle de iba ttängäm a ddia peyang gogän.,The deer reproduced very quickly in our (incl.) village. So our village came to be populated with deer.,,Verbal Dictionary
2fd8d701-077f-4f1d-9fe2-d103bba4d039-ex2,2fd8d701-077f-4f1d-9fe2-d103bba4d039,kit,"Diba toto we ngäma pemli aba peyang ngämi mer duwem de dägaeya, adawatta ddia da däbe ddobae gi daeya.","That evening, we (excl.) ate well in our family because that deer was very fatty.",,Verbal Dictionary
2fd8d701-077f-4f1d-9fe2-d103bba4d039-ex3,2fd8d701-077f-4f1d-9fe2-d103bba4d039,kit,Mamal gänyeriballe yaupe adawatta da mo da bäne peyang bottkamän.,"Jump quickly to this side: otherwise, the bridge might break with you.",,Verbal Dictionary
ceb92cd9-6e98-4e58-ab55-0afb96dd099b-ex1,ceb92cd9-6e98-4e58-ab55-0afb96dd099b,kit,Bodog ada ka Satade dan. Bogo adawatta bel de ekameny nägagan.,Bodog thought it was Saturday. That's why he didn't ring the bell.,,Verbal Dictionary
4073cf82-dbb8-4938-afc0-a0ebd379d60e-ex1,4073cf82-dbb8-4938-afc0-a0ebd379d60e,kit,Ngäna Ende eka de tameny anggan adawede ubi ngämo kokok erag Ende eka de umllang bognegnän ade.,I teach Ende so that my grandchildren will also learn to speak Ende.,,Verbal Dictionary
7052a6fd-b199-4fa6-8409-995cd89f8e04-ex1,7052a6fd-b199-4fa6-8409-995cd89f8e04,kit,"Ngäna Ingglis ekalle eka allan, a iba eka walle ade täräp me.",I speak in English and also in our (excl.) language sometimes.,,Verbal Dictionary
8f980b3f-67c3-4fdc-ac7b-9c1a1ace281b-ex1,8f980b3f-67c3-4fdc-ac7b-9c1a1ace281b,kit,Bongo era Adi bo llɨg dan.,You are the son of God.,,Verbal Dictionary
6849843a-764f-4f37-a970-a0531277a88a-ex1,6849843a-764f-4f37-a970-a0531277a88a,kit,"Ende eka de ddob ngämo patme ttättle amallo ada, ""Adingoll näpany.""","They correct some of my Ende words, saying, ""Say it like this.""",,Verbal Dictionary
d0ce33e9-d718-4f07-8a2e-cb5f80ad5784-ex1,d0ce33e9-d718-4f07-8a2e-cb5f80ad5784,kit,Ngäna dinduangmeae gogne llättmenyae.,I was running nonstop.,,Verbal Dictionary
ba2e4329-6545-4c9d-af49-810d851f9569-ex1,ba2e4329-6545-4c9d-af49-810d851f9569,kit,Ngäna Upiara me ae skul gogne.,I was schooling in Upiara only.,,Verbal Dictionary
48600e1d-01c1-4548-a4d0-198eb90b166a-ex1,48600e1d-01c1-4548-a4d0-198eb90b166a,kit,Llamda ae!,Hey old man!,,Verbal Dictionary
2ff3507b-eb28-4b93-be95-50cea29891bb-ex1,2ff3507b-eb28-4b93-be95-50cea29891bb,kit,Kollba da tämamae dadrowän a be kottllam aebe ttam dagirnän.,The fish all died and only the turtle lived on.,WE-ST031 2.7,Verbal Dictionary
349b2219-773c-45ab-9ef8-a285400dc4bf-ex1,349b2219-773c-45ab-9ef8-a285400dc4bf,kit,Bäne bin a ainen?,What's your name?,,Verbal Dictionary
349b2219-773c-45ab-9ef8-a285400dc4bf-ex2,349b2219-773c-45ab-9ef8-a285400dc4bf,kit,Ge Sam ainen.,This is Sam.,,Verbal Dictionary
74270408-2ede-49db-9af3-24e44e2d8d08-ex2,74270408-2ede-49db-9af3-24e44e2d8d08,kit,Ag me inu da era ddobae llokttang dan.,Sleeping in the morning is really difficult.,,Verbal Dictionary
633456a4-8fb2-4406-be0b-8c487faddf0b-ex1,633456a4-8fb2-4406-be0b-8c487faddf0b,kit,ai abal ttängäm,a very good place,,Verbal Dictionary
b8271fa1-2f61-483d-b4d9-5e0cbf72616f-ex1,b8271fa1-2f61-483d-b4d9-5e0cbf72616f,kit,"ai kollba, ai wayati","plenty of fish, lots of watermelons",,Verbal Dictionary
206ad26d-4264-400d-941f-4bd6090986fa-ex1,206ad26d-4264-400d-941f-4bd6090986fa,kit,Ngäna ai dan gänyme bina peyang bodämen?,May I sit here with you (pl.)?,,Verbal Dictionary
206ad26d-4264-400d-941f-4bd6090986fa-ex2,206ad26d-4264-400d-941f-4bd6090986fa,kit,Wel a era za gagällang dan a ai dan lla de ade bäbäddän.,The wind is a bad thing that can also kill people.,,Verbal Dictionary
206ad26d-4264-400d-941f-4bd6090986fa-ex3,206ad26d-4264-400d-941f-4bd6090986fa,kit,Bongo ai da ine de näna.,You should drink water.,,Verbal Dictionary
b4708cb3-4f4b-48cf-ae20-9929830fcb5a-ex1,b4708cb3-4f4b-48cf-ae20-9929830fcb5a,kit,ai mängallang mälla,a very strong woman,,Verbal Dictionary
2c9d5bf2-4a9c-4005-b5fe-fc23ab48334b-ex1,2c9d5bf2-4a9c-4005-b5fe-fc23ab48334b,kit,Eka de ddob malla aiai panynen amallo.,Some don't speak the language properly.,,Verbal Dictionary
5d9dbf4a-9244-4755-b18c-b95d1efd868a-ex1,5d9dbf4a-9244-4755-b18c-b95d1efd868a,kit,"Piasorosoro ada eka gogon, ""Ibi goeg tatäräp e."" Mälla da ada gogon, ""Aida, ibi beyareya.""","Piasorosoro said, ""Let's go to the garden to cut down trees."" His wife said, ""Okay, let's go.""",,Verbal Dictionary
8d0a2ec8-e5bb-4f2d-aebe-0c1640e12de8-ex1,8d0a2ec8-e5bb-4f2d-aebe-0c1640e12de8,kit,Ngäna ai skul i ddone dall.,I didn't go to secondary school.,,Verbal Dictionary
d52e7908-d7c4-4a72-a8cc-8e60ccab79d0-ex1,d52e7908-d7c4-4a72-a8cc-8e60ccab79d0,kit,Mägda män de kaptte namättan. Mägda ako kaptte amättan.,Mother dressed her daughter. Mother also got dressed.,,Verbal Dictionary
47a2cc3d-3075-4340-b02d-0642163ee1a6-ex1,47a2cc3d-3075-4340-b02d-0642163ee1a6,kit,"Täre imnealle, ttongo pazi ddägatt auma ma ddaddällɨg e lla da täre de ako mɨnyi dägagallo.","One year after the feast and destroying the grave, people will have a feast again.",,Verbal Dictionary
c832028d-3665-4b8f-a757-64d7f9ce34d0-ex1,c832028d-3665-4b8f-a757-64d7f9ce34d0,kit,"Ge lla da bandra da nällɨtan, ako pomer alle nällɨtan.",This man sang a song and then whistled it.,,Verbal Dictionary
44b47765-f860-4c8d-8bf9-03f91db385d4-ex1,44b47765-f860-4c8d-8bf9-03f91db385d4,kit,ako ttongo llo,another tree,,Verbal Dictionary
44b47765-f860-4c8d-8bf9-03f91db385d4-ex2,44b47765-f860-4c8d-8bf9-03f91db385d4,kit,Ddobagabira gae kaekep a ako llowamang dan.,Some people chew gae but others don't like to.,,Verbal Dictionary
151f60c6-0633-476e-9a2e-a1574d43f960-ex1,151f60c6-0633-476e-9a2e-a1574d43f960,kit,Abo bongo Daru me ai aläm agne.,You must be wary in Daru.,,Verbal Dictionary
dba25330-3651-4dd9-863e-14515710a8ff-ex1,dba25330-3651-4dd9-863e-14515710a8ff,kit,Yesu ubim ada aläm dägnegän sanawang eka walle.,Jesus warned them with a parable.,,Verbal Dictionary
9b803d5d-a23e-470a-9b0a-b3d425450b35-ex1,9b803d5d-a23e-470a-9b0a-b3d425450b35,kit,Alla ulle ine dan?,How much water is there?,,Verbal Dictionary
9b803d5d-a23e-470a-9b0a-b3d425450b35-ex2,9b803d5d-a23e-470a-9b0a-b3d425450b35,kit,Ge lla da obo lläg komlla de alla tameny yaran.,This man is teaching his two kids how.,,Verbal Dictionary
9b803d5d-a23e-470a-9b0a-b3d425450b35-ex3,9b803d5d-a23e-470a-9b0a-b3d425450b35,kit,Ibi alla täräp me ibi ge nge de ibeny e dan?,What time are we (incl.) planting this coconut?,,Verbal Dictionary
1f9013f4-da84-4e91-b01c-bfe569bb249b-ex1,1f9013f4-da84-4e91-b01c-bfe569bb249b,kit,Ngäna bam alla ingollang bangmingg?,How can I help you?,,Verbal Dictionary
1f9013f4-da84-4e91-b01c-bfe569bb249b-ex2,1f9013f4-da84-4e91-b01c-bfe569bb249b,kit,Ge alla ingollang ngäma lla da gurlewän.,This is how our (excl.) population grew.,,Verbal Dictionary
dae79589-c8e2-44bd-89b7-4fe5b50462b3-ex1,dae79589-c8e2-44bd-89b7-4fe5b50462b3,kit,Biye de bongo ai dan ibik alle beni.,You can plant taro with the ibik stick.,,Verbal Dictionary
e4f20f60-6cb8-43d2-aa92-e87c31b1ad7d-ex1,e4f20f60-6cb8-43d2-aa92-e87c31b1ad7d,kit,Nensi bi nane alle känaebag mɨnyi tudi ma beyareyo.,Nancy will go fishing tomorrow with her aunt.,,Verbal Dictionary
52a5aa3f-e2cd-4f1a-9e68-391c145b422e-ex1,52a5aa3f-e2cd-4f1a-9e68-391c145b422e,kit,Ag alle do yäbäd klaklema.,From morning until sunset.,,
1c62752f-286a-4843-94d5-85d9effdf732-ex1,1c62752f-286a-4843-94d5-85d9effdf732,kit,"Ge lla da allka allan, obom allka eran.",This man is shouting; he's shouting at her.,,Verbal Dictionary
f2fc5dd2-b82e-47f6-9dd0-db32d2ae1a13-ex1,f2fc5dd2-b82e-47f6-9dd0-db32d2ae1a13,kit,Allko da yuwog abal dag.,There are many flies.,,Verbal Dictionary
5a16def7-1b8d-488e-b9a0-c6221eaed747-ex1,5a16def7-1b8d-488e-b9a0-c6221eaed747,kit,Angde ttongo am pättkäp de nätäräpän.,"After one internode, cut the node.",,Verbal Dictionary
56516875-4832-4dad-a29f-a2b3771a4936-ex1,56516875-4832-4dad-a29f-a2b3771a4936,kit,"Mer dan ada yuwog abal lla da wa mälla da gänyag, ama moko dan mällayabira ngämiminy i.",It is good that there are so many men and women here who want (lit. whose desire it is) to help women.,,Verbal Dictionary
72455cb5-9429-4c01-94c7-bb7a03fd8f20-ex1,72455cb5-9429-4c01-94c7-bb7a03fd8f20,kit,Ge lla da ngäna ama bakmall skul att dan.,These people are who I went to school with.,,Verbal Dictionary
ba944b64-1b6a-4e12-9201-d676ba2bba72-ex1,ba944b64-1b6a-4e12-9201-d676ba2bba72,kit,Bibi amakmall panypeny eralla?,With whom do you all speak?,,Verbal Dictionary
a9b1c2bc-6f00-4fd9-99e5-3740d7da45e2-ex1,a9b1c2bc-6f00-4fd9-99e5-3740d7da45e2,kit,"Ngämi amakämall skul att dag, gänyme ddone dag.","Whomever we (excl.) went to school with, they're not here.",,Verbal Dictionary
859ab898-f26b-4a5a-9177-574239818fdf-ex1,859ab898-f26b-4a5a-9177-574239818fdf,kit,Bibi amalle erang gusiya?,Whom did you do an exchange with?,,Verbal Dictionary
bc9ad337-465a-41df-b307-9dfdb6ddc29e-ex1,bc9ad337-465a-41df-b307-9dfdb6ddc29e,kit,Ngämo eka da amamärang agan.,My voice echoed.,,Verbal Dictionary
40a1f10e-28d7-4455-8911-16c96bc97729-ex1,40a1f10e-28d7-4455-8911-16c96bc97729,kit,Bogo mɨnyi ambag bogon.,He will cause trouble.,,Verbal Dictionary
7ff4f015-982f-43ee-9568-482a814bda9d-ex1,7ff4f015-982f-43ee-9568-482a814bda9d,kit,Bongo amene män de dɨllɨd?,Whose daughter did you marry?,,Verbal Dictionary
1d210667-3562-47cd-8eef-72dbece62981-ex1,1d210667-3562-47cd-8eef-72dbece62981,kit,Ubi ami dag?,Who are they?,,Verbal Dictionary
dc877d4b-9ef0-4d95-802e-32d19e082afa-ex1,dc877d4b-9ef0-4d95-802e-32d19e082afa,kit,"Da ami botngoenegnän, de ngäna mɨnyi any batngoenen.","If some people are playing, I will play.",,Verbal Dictionary
94ccc108-af90-4ce8-92b6-49680ca4c302-ex1,94ccc108-af90-4ce8-92b6-49680ca4c302,kit,Komlla nag a dadegwaeya ami gudae deyagirneyo walle ddage menae me.,There were two friends who once lived on the side of a creek.,,Verbal Dictionary
04900144-94f3-4740-80ce-d708577d17a7-ex1,04900144-94f3-4740-80ce-d708577d17a7,kit,kumuddäga pemli de ngäna amim nättaemnegan,the three families whom I mentioned,,Verbal Dictionary
46274987-3796-48d0-bbf6-447a2b99cc88-ex1,46274987-3796-48d0-bbf6-447a2b99cc88,kit,Abo mudan abal amlle llätät a!,You must not tell anyone!,,Verbal Dictionary
6bb71c4f-f16b-4805-b798-ac58b04fa00e-ex1,6bb71c4f-f16b-4805-b798-ac58b04fa00e,kit,Ge ttoen a era bem amne me de gongesän.,This story happened in the middle of the sea.,,Verbal Dictionary
6bb71c4f-f16b-4805-b798-ac58b04fa00e-ex2,6bb71c4f-f16b-4805-b798-ac58b04fa00e,kit,Bogo ttängäm amne we gozenän.,He went into the village center.,,Verbal Dictionary
6bb71c4f-f16b-4805-b798-ac58b04fa00e-ex3,6bb71c4f-f16b-4805-b798-ac58b04fa00e,kit,Bogo sisri amne pazi me dan.,She's middle-aged now.,,Verbal Dictionary
65ad444b-e851-4ebe-af54-93d91ca6d250-ex1,65ad444b-e851-4ebe-af54-93d91ca6d250,kit,Amo sisor gall da däbe?,Whose new canoe is that?,,Verbal Dictionary
2750153f-1b6f-4485-8c90-58cf08f3c075-ex1,2750153f-1b6f-4485-8c90-58cf08f3c075,kit,"Amo moko da ulle abal lla we, ede ai dan bogo kälsre abal bogon.","Whoever wants (lit. whoever's desire it is) to be a very important person, he should be very trivial.",,Verbal Dictionary
98a57e98-f08d-4111-a4ab-11c58eb39688-ex1,98a57e98-f08d-4111-a4ab-11c58eb39688,kit,ttongo mälla da amo män a gagäll anyke peyang daeya,a woman whose daughter was possessed (lit. with bad spirit),,Verbal Dictionary
4720c946-c312-4be4-b6da-ed7583114545-ex1,4720c946-c312-4be4-b6da-ed7583114545,kit,Bongo amom ikop nagagalle?,Whom did you see?,,Verbal Dictionary
871acf7f-c408-40b1-b149-f3405d6b9deb-ex1,871acf7f-c408-40b1-b149-f3405d6b9deb,kit,"Yu da amom dättämän, bogo ma we dallän.",Whomever the fire burnt went home.,,Verbal Dictionary
f48ff07e-730d-47e5-8ace-f7806dcf36ca-ex1,f48ff07e-730d-47e5-8ace-f7806dcf36ca,kit,Lima bo umllang dan bongo mɨnyi amom känaebag ikop nägag.,Lima knows whom you will see tomorrow.,,Verbal Dictionary
af9d15e5-d91a-4419-b30d-9e5e6bd3e632-ex1,af9d15e5-d91a-4419-b30d-9e5e6bd3e632,kit,Amtet de nängänymällneg.,[You] take (lit. swallow) a breath.,,Verbal Dictionary
af9d15e5-d91a-4419-b30d-9e5e6bd3e632-ex2,af9d15e5-d91a-4419-b30d-9e5e6bd3e632,kit,Obo amtet a gottämänän.,His breath slowed.,,Verbal Dictionary
1551bc0d-0497-4932-a7e1-ef3f0569f5da-ex1,1551bc0d-0497-4932-a7e1-ef3f0569f5da,kit,Bogo amtet gognän.,He was breathing.,,Verbal Dictionary
1d520562-0932-4904-8a27-56a54d0450a8-ex1,1d520562-0932-4904-8a27-56a54d0450a8,kit,"Obo mälläng a nongonongorang gogon, käsre ansi gogon.",His nose was itchy; then he sneezed.,,Verbal Dictionary
d363ceb0-ad7b-4779-9fe6-e4a835281b56-ex1,d363ceb0-ad7b-4779-9fe6-e4a835281b56,kit,Ngäna dämenang (< dämen) dan.,I am sitting.,,Verbal Dictionary
d363ceb0-ad7b-4779-9fe6-e4a835281b56-ex2,d363ceb0-ad7b-4779-9fe6-e4a835281b56,kit,Ud a papekang (< papek) dan.,The door is closed.,,Verbal Dictionary
d363ceb0-ad7b-4779-9fe6-e4a835281b56-ex3,d363ceb0-ad7b-4779-9fe6-e4a835281b56,kit,Ge lla da mamoeang (< mamoe) dan.,This man is a hunter.,,Verbal Dictionary
d363ceb0-ad7b-4779-9fe6-e4a835281b56-ex4,d363ceb0-ad7b-4779-9fe6-e4a835281b56,kit,"ttänttäm, ttänttämang","heat, hot",,Verbal Dictionary
6a52d4d8-0e19-4822-bc52-2bd64c1e99f6-ex1,6a52d4d8-0e19-4822-bc52-2bd64c1e99f6,kit,Angäm eka muu nageyo!,[You all] answer me quickly!,,Verbal Dictionary
6a52d4d8-0e19-4822-bc52-2bd64c1e99f6-ex2,6a52d4d8-0e19-4822-bc52-2bd64c1e99f6,kit,Sisri sisor lla da angämae de pätärang anggan.,"Now, young people are quickly getting white hairs.",,Verbal Dictionary
f26dab74-3147-4459-93a5-7e0959c249fa-ex1,f26dab74-3147-4459-93a5-7e0959c249fa,kit,"Angde ma we gongosalle, llɨg kälekäle da mɨnyi gumaemalle oblle ikop e.","When she would return home, the children would gather to see her.",,Verbal Dictionary
f26dab74-3147-4459-93a5-7e0959c249fa-ex2,f26dab74-3147-4459-93a5-7e0959c249fa,kit,Bam itrell a angde dangkamän?,When did you get sick (lit. sickness start on you)?,,Verbal Dictionary
f26dab74-3147-4459-93a5-7e0959c249fa-ex3,f26dab74-3147-4459-93a5-7e0959c249fa,kit,Dade angde wiaǃ,Come wheneverǃ,,Verbal Dictionary
4119da4c-3ac6-4e0f-893d-aafe9f51e0f4-ex1,4119da4c-3ac6-4e0f-893d-aafe9f51e0f4,kit,Ngäna ngämo mittapa de pällämpälläm palle alle anyan.,I painted my face with white clay.,,Verbal Dictionary
de32e029-3be0-4848-a3c0-c029358f41fd-ex1,de32e029-3be0-4848-a3c0-c029358f41fd,kit,Obo any de särämbae erallo.,They are preparing something.,,Verbal Dictionary
f4adadd2-f16e-48fe-b3b9-13dd24f2fe30-ex1,f4adadd2-f16e-48fe-b3b9-13dd24f2fe30,kit,Ause da gänyme ine ik i any gogon.,The old woman went into this water like this.,,Verbal Dictionary
4cf04f9f-3766-452c-be7e-fec96694419b-ex1,4cf04f9f-3766-452c-be7e-fec96694419b,kit,Mer Anyke,the Holy Spirit,,Verbal Dictionary
4cf04f9f-3766-452c-be7e-fec96694419b-ex2,4cf04f9f-3766-452c-be7e-fec96694419b,kit,gagäll anyke,"demon, evil spirit",,Verbal Dictionary
4cf04f9f-3766-452c-be7e-fec96694419b-ex3,4cf04f9f-3766-452c-be7e-fec96694419b,kit,Anykemeny agan.,I got scared (lit. spiritless).,,Verbal Dictionary
9417c6cb-a3c5-4899-a2f0-023faf23e9b2-ex1,9417c6cb-a3c5-4899-a2f0-023faf23e9b2,kit,Ngämi up anykeanyke ikop nägagalla walle ik mi.,We (excl.) saw the reflection of bananas in the water.,,Verbal Dictionary
3dcd85cf-b6ec-4dec-8a12-60a11726782d-ex1,3dcd85cf-b6ec-4dec-8a12-60a11726782d,kit,"― Bongo dalle skul i? ― Ao, ngäna skul ibiatt dan.","― Did you go to school? ― Yes, I went to school.",,Verbal Dictionary
47292bc3-987f-436a-8c82-4a146f9f94d9-ex1,47292bc3-987f-436a-8c82-4a146f9f94d9,kit,Llɨg de aoao nägaebeyo.,[You all] chase away the children.,,Verbal Dictionary
41a79bdc-6b19-409a-971f-85108acf5110-ex1,41a79bdc-6b19-409a-971f-85108acf5110,kit,Aoli dag up sana da?,How much banana cake is there?,,Verbal Dictionary
41a79bdc-6b19-409a-971f-85108acf5110-ex2,41a79bdc-6b19-409a-971f-85108acf5110,kit,Bäne pazi da aoli dan?,How old are you (lit. how many are your years)?,,Verbal Dictionary
d3cc9df3-364a-4fe4-9830-d99b2c33732c-ex1,d3cc9df3-364a-4fe4-9830-d99b2c33732c,kit,aoli eka kuttae,only a few words,,Verbal Dictionary
d3cc9df3-364a-4fe4-9830-d99b2c33732c-ex2,d3cc9df3-364a-4fe4-9830-d99b2c33732c,kit,Ngämo baba ttongdae ebdo me ai dan auli ddäddäg de bägäddnegän angde obo pollo me dagernän.,My father could kill multiple animals in a single day when he was young.,,Verbal Dictionary
cc250d2a-7aa8-4d65-b1ce-41c4d6283d7b-ex1,cc250d2a-7aa8-4d65-b1ce-41c4d6283d7b,kit,Lama wa Mana ubi kandärmang me gowensegäneyo adawatta Emi aoli kuddäll de ine ik mi ikop dägagän.,Lama and Mana were both feeling sorry because they saw that Emi almost died in the water.,,Verbal Dictionary
b6e86a93-8183-4f8b-9d4c-305d7df2444f-ex1,b6e86a93-8183-4f8b-9d4c-305d7df2444f,kit,Adi ubira ttam e zäme ebdo de aolidae dägnegän.,God has made their days to live few.,,Verbal Dictionary
5100c684-ade4-427a-9399-5587a7cd944f-ex1,5100c684-ade4-427a-9399-5587a7cd944f,kit,Llimoll a ap me da.,Limol is in the savannah.,,Verbal Dictionary
140cf62f-c16d-48c7-ab8a-4b0cb0664bb5-ex1,140cf62f-c16d-48c7-ab8a-4b0cb0664bb5,kit,Apapi da ddob erag käträkäträl dag.,Some butterflies are multi-colored.,SE-LE054 173.1,Verbal Dictionary
705bb43b-cc80-4ac7-8f39-e970bd04dea5-ex1,705bb43b-cc80-4ac7-8f39-e970bd04dea5,kit,"Gombällämenymom, apte we deyareyo a apte ade deyareyo.",They split up: two went to one side and two went to the other side.,,Verbal Dictionary
705bb43b-cc80-4ac7-8f39-e970bd04dea5-ex2,705bb43b-cc80-4ac7-8f39-e970bd04dea5,kit,Apte pud di bod me nowanseg eka we.,Put one end (of the flute) in your mouth to play.,,Verbal Dictionary
705bb43b-cc80-4ac7-8f39-e970bd04dea5-ex3,705bb43b-cc80-4ac7-8f39-e970bd04dea5,kit,Ngämo yae obo tubu da apte gagäll dan.,One of my mother's knees is bad.,,Verbal Dictionary
39446e21-aba2-4181-bdae-a6c9eb94f6c8-ex1,39446e21-aba2-4181-bdae-a6c9eb94f6c8,kit,Obo moko da aräre we dan.,He wants to scream.,,Verbal Dictionary
bde9b2fd-aa5a-4013-91af-bcdbe5b28137-ex1,bde9b2fd-aa5a-4013-91af-bcdbe5b28137,kit,Däräng a ddone ada arlle gogän.,The dog screamed really badly.,WE-ST003 2.1,Verbal Dictionary
bde9b2fd-aa5a-4013-91af-bcdbe5b28137-ex2,bde9b2fd-aa5a-4013-91af-bcdbe5b28137,kit,Ttongo lla da lelang atta arle bogon.,A person can scream from fear.,,Verbal Dictionary
007bee6c-09f1-4a80-a808-6335008045e4-ex1,007bee6c-09f1-4a80-a808-6335008045e4,kit,Oba moko da up di bigezenallo walle ik att de.,They want to take the bananas out from the water.,,Verbal Dictionary
007bee6c-09f1-4a80-a808-6335008045e4-ex2,007bee6c-09f1-4a80-a808-6335008045e4,kit,Ge mätta da tätäm att dan.,This yam is from yesterday.,,Verbal Dictionary
007bee6c-09f1-4a80-a808-6335008045e4-ex3,007bee6c-09f1-4a80-a808-6335008045e4,kit,Ge ngäma masar att eka da.,This is the language of our (excl.) ancestors.,,Verbal Dictionary
007bee6c-09f1-4a80-a808-6335008045e4-ex4,007bee6c-09f1-4a80-a808-6335008045e4,kit,Nyongo da yäbäd ttänttäm att ibimeny bogon.,The road can be unwalkable from the heat of the sun.,,Verbal Dictionary
6eb96108-4b79-418c-b661-39213107fb96-ex1,6eb96108-4b79-418c-b661-39213107fb96,kit,Ud a papekatt dan.,The door is closed.,,Verbal Dictionary
6eb96108-4b79-418c-b661-39213107fb96-ex2,6eb96108-4b79-418c-b661-39213107fb96,kit,Ende eka walle dadäräbatt dan.,It is written in Ende.,,Verbal Dictionary
6eb96108-4b79-418c-b661-39213107fb96-ex3,6eb96108-4b79-418c-b661-39213107fb96,kit,Tabatt ttängäm a ngämenmeny dan.,The promised land is not yet reached.,,Verbal Dictionary
6eb96108-4b79-418c-b661-39213107fb96-ex4,6eb96108-4b79-418c-b661-39213107fb96,kit,"Eka tameny att me, ubi guinttemänggeyo.","Having discussed, the two of them parted ways.",,Verbal Dictionary
08dfe106-1826-4949-8118-c1bad900b6df-ex1,08dfe106-1826-4949-8118-c1bad900b6df,kit,Au ddägattalle lla da tämamae ma we dingismällalle.,"After the burial, all the people return home.",,Verbal Dictionary
61f56bd0-9f02-4f79-bf85-3cf454ca8d51-ex1,61f56bd0-9f02-4f79-bf85-3cf454ca8d51,kit,Kuddäll pätt de au dägagallo.,They will bury the body.,,Verbal Dictionary
34dd6241-8793-4cd1-8a00-6e551b26f178-ex1,34dd6241-8793-4cd1-8a00-6e551b26f178,kit,Mällause bo auma da dan de.,The old woman's grave is there.,,Verbal Dictionary
1b02f083-1766-4b38-b299-93db4d21d6b3-ex1,1b02f083-1766-4b38-b299-93db4d21d6b3,kit,Ause da känyerkänyer däganän.,The old woman soothed him.,,Verbal Dictionary
fed9b720-f94a-4380-9d2c-76c73b1c4dc9-ex1,fed9b720-f94a-4380-9d2c-76c73b1c4dc9,kit,Kak säre zäme ause abal allan.,Grandmother is sadly very old already.,,Verbal Dictionary
99c5d379-0e9a-4701-a337-7b6aef7b25b0-ex1,99c5d379-0e9a-4701-a337-7b6aef7b25b0,kit,"Ngäna ddob täräp me Ende eka de ddone mermer panypeny eran, auseause da ttättle amallo.","Sometimes I don't speak Ende properly, so old women correct me.",,Verbal Dictionary
1fc1ed97-c9db-4340-9ccd-70a6802446c7-ex1,1fc1ed97-c9db-4340-9ccd-70a6802446c7,kit,Ngämi zime auseause gogmam.,We women (excl.) have already become old.,,Verbal Dictionary
47bdf737-45b6-4fcf-b5ac-345a35ec6c9f-ex1,47bdf737-45b6-4fcf-b5ac-345a35ec6c9f,kit,awi alle do iddob amnong,from evening to midnight,,Verbal Dictionary
9615fa71-a3a3-40f3-b293-96a63cce2166-ex1,9615fa71-a3a3-40f3-b293-96a63cce2166,kit,Ngäna awi meae ttängäm e dalle.,I went to the garden early (e.g. 8 AM instead of 9 AM).,,Verbal Dictionary
49119fba-3ebc-4353-8397-37928098c5ff-ex1,49119fba-3ebc-4353-8397-37928098c5ff,kit,Kollba de aya nokowan?,Who cut the fish?,,Verbal Dictionary
b4ef1c96-66e1-4733-a1cb-e2341c2ac581-ex1,b4ef1c96-66e1-4733-a1cb-e2341c2ac581,kit,"Mulldae dan wadär de bängällbänän, wadär alle bäbäddän, a ge da aeya ambag bogon.","If there's someone causing trouble, it is possible to get a cane and beat them with it.",,Verbal Dictionary
646c4b88-bba8-4a3b-a546-0f5ae332c4ca-ex1,646c4b88-bba8-4a3b-a546-0f5ae332c4ca,kit,Da ngänäm aya bangkollmällän bogo mɨnyi ddone säremang dae ballän.,He who follows me will not go through darkness.,,Verbal Dictionary
17ed3347-97a7-437c-a9e1-069fb02a7b5d-ex1,17ed3347-97a7-437c-a9e1-069fb02a7b5d,kit,Ngämo baba lla ulle deya.,My father was a big man.,,Verbal Dictionary
1dd89481-4eef-4054-8446-62b999cdd5d2-ex1,1dd89481-4eef-4054-8446-62b999cdd5d2,kit,Ddäddäg gäz a babaem täräp me eran ttongo mer abal ttoen dan.,Killing animals in babaem is a very good thing.,,Verbal Dictionary
3df2b440-ea0f-4112-9e8c-021c321a2661-ex1,3df2b440-ea0f-4112-9e8c-021c321a2661,kit,Ngäna sana de gämäll agan bablle.,I stole the sago for you.,,Verbal Dictionary
54e4f37c-1c9d-4995-a38c-43c11171f59c-ex1,54e4f37c-1c9d-4995-a38c-43c11171f59c,kit,"Senti, bade bablle ikom.","Senti, you take some for yourself too.",,Verbal Dictionary
64f6cb38-062a-424e-9130-af46fff2a9e2-ex1,64f6cb38-062a-424e-9130-af46fff2a9e2,kit,"Ine da däbeddnegän, ada källäm a, ada walle mäg a, orbam a wa karama da ade petapeta abal gogon.","Water dried up, and the ponds, the big creeks, pools, and swamps became very shallow.",WE-ST031 2.5,Verbal Dictionary
0dc362f3-33ae-414e-9f1c-a63a601781ae-ex1,0dc362f3-33ae-414e-9f1c-a63a601781ae,kit,Abo baet ttoe de näglle nyäng ngasnges e.,Skin the cuscus to make a bag.,,Verbal Dictionary
b032ed3d-dfc6-4bcb-8a1f-4077804a29cc-ex1,b032ed3d-dfc6-4bcb-8a1f-4077804a29cc,kit,Ngämi oba bakmall eka tameny amalla.,We (excl.) discussed with them.,,Verbal Dictionary
b032ed3d-dfc6-4bcb-8a1f-4077804a29cc-ex2,b032ed3d-dfc6-4bcb-8a1f-4077804a29cc,kit,Ge lla da ngäna ama bakmall skul att dan.,These people are who I went to school with.,,Verbal Dictionary
b032ed3d-dfc6-4bcb-8a1f-4077804a29cc-ex3,b032ed3d-dfc6-4bcb-8a1f-4077804a29cc,kit,"Inggoemeny e bog tongoenen e bägne, bogmam nagnag aba bakmall.",We will tell jokes with our friends.,,Verbal Dictionary
16c8607e-d9aa-462f-bba2-30f570989d6d-ex1,16c8607e-d9aa-462f-bba2-30f570989d6d,kit,Bako ikop nas.,You close your eyes too.,,Verbal Dictionary
f7319fd7-1479-4998-bd5a-32f9515abde8-ex1,f7319fd7-1479-4998-bd5a-32f9515abde8,kit,Sana da yu me ballbell allan.,Sago is cooking improperly on the fire.,WE-ST001 2.2,Verbal Dictionary
e124be53-27de-442c-bc61-3eac8a8fa46b-ex1,e124be53-27de-442c-bc61-3eac8a8fa46b,kit,Ngänaeka alle yamballägallo.,"In tears, they greeted him.",,Verbal Dictionary
e124be53-27de-442c-bc61-3eac8a8fa46b-ex2,e124be53-27de-442c-bc61-3eac8a8fa46b,kit,Sisor pazi di bamballmenyneyo.,They will be celebrating the new year.,,Verbal Dictionary
208e4d90-3cf8-4f47-bf6e-3f0a1838d7e8-ex1,208e4d90-3cf8-4f47-bf6e-3f0a1838d7e8,kit,Bogo abade ngasnen e ttoen de damballmenynegän.,He predicted things that will happen in the future.,,Verbal Dictionary
6a0ccac1-2aed-4d58-bc8c-c0b4fc8c1759-ex1,6a0ccac1-2aed-4d58-bc8c-c0b4fc8c1759,kit,Ngäna bam trungg allan.,I am calling you.,,Verbal Dictionary
fac4ae80-b2b8-4137-b7f1-75058ad2b66a-ex1,fac4ae80-b2b8-4137-b7f1-75058ad2b66a,kit,Wagiba bandra de nɨllɨtnan sisri ag me.,Wagiba was singing this morning.,,Verbal Dictionary
0775c2d6-29f0-4040-a1d9-e33d35497de0-ex1,0775c2d6-29f0-4040-a1d9-e33d35497de0,kit,Däbe bäne banggu di aeya diwän?,Who wove that headdress for you?,SE-LE054 70.1,Verbal Dictionary
2a68e856-27b9-42f4-a09b-bcddc4a9a9f8-ex1,2a68e856-27b9-42f4-a09b-bcddc4a9a9f8,kit,"lla batt, mälla batt","adult man, adult woman",Joshua Ben Danipa,Verbal Dictionary
2a68e856-27b9-42f4-a09b-bcddc4a9a9f8-ex2,2a68e856-27b9-42f4-a09b-bcddc4a9a9f8,kit,Bogo batt däm de ibeb eran.,She plants a mature plant.,Joshua Ben Danipa,Verbal Dictionary
0eb1fb30-2bd9-41dc-b06d-a9b5b84b54f8-ex1,0eb1fb30-2bd9-41dc-b06d-a9b5b84b54f8,kit,Bawa täräp me nyongo da era ddobae tärpi dan.,"During the shower times, the roads can be very slippery.",SE-LE054 182.1,Verbal Dictionary
cc2f9228-af0e-4f81-adc1-89c0a3654cad-ex1,cc2f9228-af0e-4f81-adc1-89c0a3654cad,kit,Dirom a bäbrem agan.,The cassowary rumbled.,,Verbal Dictionary
4eb3d733-1449-4ade-b218-023edda2b190-ex1,4eb3d733-1449-4ade-b218-023edda2b190,kit,Kokta da näbdaban.,The moon is shining.,WE-ST001 22.1,Verbal Dictionary
6c46f798-069b-46fc-8242-f06fa6fed7b9-ex1,6c46f798-069b-46fc-8242-f06fa6fed7b9,kit,"Ttongo ag a angde däbdabän ge ttoen de ngäna ddobagabira dällätne, ddone ada gotngoenegänän.","The next morning when it dawn broke, I told this story to others and they laughed a lot.",WE-ST008 6.1,Verbal Dictionary
bb8fd5f4-6076-4684-85f5-cdb6122aea90-ex1,bb8fd5f4-6076-4684-85f5-cdb6122aea90,kit,Kikiem a bädab e ekawang pa dan.,The kikiem is a bird that sings at dawn.,,Verbal Dictionary
ad182760-0f38-4d7c-97ea-034defc653f4-ex1,ad182760-0f38-4d7c-97ea-034defc653f4,kit,Bägäl de popo eran.,He shapes the bow.,,Verbal Dictionary
ad182760-0f38-4d7c-97ea-034defc653f4-ex2,ad182760-0f38-4d7c-97ea-034defc653f4,kit,Masar täräp me lla da bägäl alle gogäddnän.,"In the old times, people fought with bows.",SE-LE054 40.1,Verbal Dictionary
d8ad14a4-19b7-47fc-a970-c03ecc222883-ex1,d8ad14a4-19b7-47fc-a970-c03ecc222883,kit,Ngäna ttongo lla de bälämbäl eran.,I miss someone.,,Verbal Dictionary
a46425b8-5204-45d8-beca-538379ba9102-ex1,a46425b8-5204-45d8-beca-538379ba9102,kit,"Angde lla da borale bo eka de bäddareyo, ubi mɨnyi ngattongatt masarmasar de bämbälaebeyo.","When people hear the song of the flute, they will remember their ancestors from before.",,Verbal Dictionary
a46425b8-5204-45d8-beca-538379ba9102-ex2,a46425b8-5204-45d8-beca-538379ba9102,kit,Ngäma ddob gagäll gudae att gagäll de dämbälaebnalla.,Some of us (excl.) were remembering bad things from the past.,,Verbal Dictionary
d699bc04-93f2-48f4-9760-bca69a7a6bbd-ex1,d699bc04-93f2-48f4-9760-bca69a7a6bbd,kit,Ngäna kumuddäga ttägäll käp tärpitärpi de nabllenegan.,I found three smooth stones.,,Verbal Dictionary
9e3d87e6-bcc9-410b-91c2-de1654ebcd33-ex1,9e3d87e6-bcc9-410b-91c2-de1654ebcd33,kit,täräp bällam,always,,Verbal Dictionary
9e3d87e6-bcc9-410b-91c2-de1654ebcd33-ex2,9e3d87e6-bcc9-410b-91c2-de1654ebcd33,kit,"Ebdo bällam, yogoll a manen eran.","Every day, it rains.",,Verbal Dictionary
9e3d87e6-bcc9-410b-91c2-de1654ebcd33-ex3,9e3d87e6-bcc9-410b-91c2-de1654ebcd33,kit,Bongo tämamae ttoen bällam e zizag dan.,You are the owner of everything.,,Verbal Dictionary
08a925db-4ba4-459d-8449-78262fb6fdda-ex1,08a925db-4ba4-459d-8449-78262fb6fdda,kit,Ngäna mɨnyi obom bombllag.,I will find him.,,Verbal Dictionary
08a925db-4ba4-459d-8449-78262fb6fdda-ex2,08a925db-4ba4-459d-8449-78262fb6fdda,kit,Bogo mɨnyi obom bombllagän.,He will find him.,,Verbal Dictionary
592fc0da-d3e5-41ce-b5b0-3e5bd0435014-ex1,592fc0da-d3e5-41ce-b5b0-3e5bd0435014,kit,Däbe lla da eran lla bällämbällämmeny dan.,That man doesn't care about others.,,Verbal Dictionary
6bf08043-22a2-43c2-bf07-273568a3214f-ex1,6bf08043-22a2-43c2-bf07-273568a3214f,kit,Ubi gombällägmenyamän.,They were splitting up.,,Verbal Dictionary
7c5acbc6-814c-4740-841e-aa5de9c9395d-ex1,7c5acbc6-814c-4740-841e-aa5de9c9395d,kit,Obo nane bälle ikop e dallän.,She went to see her aunt.,,Verbal Dictionary
abbcaf77-1bec-4981-8549-6f61c3bfb14d-ex1,abbcaf77-1bec-4981-8549-6f61c3bfb14d,kit,Däräng täräpang dagirnän ikop saeyang käsre ikop däbällgabän.,"Dog stayed there a long time with eyes closed, then opened his eyes.",SE-TN016 23.1,Verbal Dictionary
44e89642-be36-4e51-970d-1763bb22229f-ex1,44e89642-be36-4e51-970d-1763bb22229f,kit,"Ngämo mosemosen a ddob mälla peyang gognegän, ede ubi gobällgewän.","My older brothers got married, so they moved away (from home).",,Verbal Dictionary
e7fe8bfe-3133-445b-b04c-57bc114a5a88-ex1,e7fe8bfe-3133-445b-b04c-57bc114a5a88,kit,Ubi obom bällma dawäntmenyneyo.,They spat at him.,,Verbal Dictionary
c4fceb2c-b6e0-41ea-9cd5-91c1f64c57f2-ex1,c4fceb2c-b6e0-41ea-9cd5-91c1f64c57f2,kit,Buk di bämbnaebmam.,We will open the book.,,Verbal Dictionary
c4fceb2c-b6e0-41ea-9cd5-91c1f64c57f2-ex2,c4fceb2c-b6e0-41ea-9cd5-91c1f64c57f2,kit,Obo kili peyang ttang de imbinaebnegan.,He happily arrived with his arms open.,,Verbal Dictionary
efe2701d-85e9-4e87-826e-cbe587d7be25-ex1,efe2701d-85e9-4e87-826e-cbe587d7be25,kit,Maigag a bänäm peyang dag.,Bandicoots have tiny insects.,,Verbal Dictionary
b25d13b4-3339-492f-ab22-2ae129156634-ex1,b25d13b4-3339-492f-ab22-2ae129156634,kit,Ibi iddob mɨnyi beyambadägeya.,We (incl.) will pull an all-nighter.,,Verbal Dictionary
88f280b1-c958-4ea9-bd76-6d4c57e74acb-ex1,88f280b1-c958-4ea9-bd76-6d4c57e74acb,kit,Pip bäne ddäddäg a ttällanenang dan.,The sting of the red bee is painful.,,Verbal Dictionary
2fac1978-78e6-421e-8c97-374b25c7d82b-ex1,2fac1978-78e6-421e-8c97-374b25c7d82b,kit,Bäne däräng a daden.,You have a dog (lit. your dog exists).,,Verbal Dictionary
b111ac40-9e9d-4a74-8ed1-7977c0e74158-ex1,b111ac40-9e9d-4a74-8ed1-7977c0e74158,kit,Ngäna sana de gämäll agan bänene.,I stole the sago from you.,,Verbal Dictionary
6d855707-0c01-4145-9308-ff63708afb5e-ex1,6d855707-0c01-4145-9308-ff63708afb5e,kit,"Ddone dan otät yu watt a, abo bänezaga yu näga.",There isn't any cooked food; cook it yourself.,,Verbal Dictionary
ec0c64d8-e694-4222-8932-2a3805081a4f-ex1,ec0c64d8-e694-4222-8932-2a3805081a4f,kit,"Bänga ngäna llamda dan, be ngäna mängallang dan.","Though I am an old man, I am strong.",,Verbal Dictionary
c82df8a5-faa8-4b21-9a67-f01513866c16-ex1,c82df8a5-faa8-4b21-9a67-f01513866c16,kit,Bänga buwensegenyallo.,We should leave it alone.,,Verbal Dictionary
65b67d07-cc04-44e7-b286-c5863257d794-ex1,65b67d07-cc04-44e7-b286-c5863257d794,kit,Ngämi ge ddia de däbänya.,We (excl.) cut this deer.,,Verbal Dictionary
cb23c633-6228-4cdd-a49c-8881e3d331ae-ex1,cb23c633-6228-4cdd-a49c-8881e3d331ae,kit,"Pamker a käpang gogon, be tomato da ddone käpang gogon.","The pumpkin plant is bearing fruit, but the tomato plant is not bearing fruit.",,Verbal Dictionary
f3a633a1-4531-46dd-9658-429a1c30311b-ex1,f3a633a1-4531-46dd-9658-429a1c30311b,kit,Källa bebe we nalle.,[You] go and pass excrement.,WE-ST001 1.2,Verbal Dictionary
f3a633a1-4531-46dd-9658-429a1c30311b-ex2,f3a633a1-4531-46dd-9658-429a1c30311b,kit,De däräng a källa benanbenan dan.,This dog is always pooping.,,Verbal Dictionary
f3a633a1-4531-46dd-9658-429a1c30311b-ex3,f3a633a1-4531-46dd-9658-429a1c30311b,kit,Sana sisor a nyukukum me bebe allan.,The new sago is leaking in the sago bag.,,Verbal Dictionary
72e97e36-8179-46d3-8f4f-eeb785720ee4-ex1,72e97e36-8179-46d3-8f4f-eeb785720ee4,kit,Bebi da ngänaeka allan.,The baby is crying.,,Verbal Dictionary
2efd0717-4176-44b3-8ca1-12825d9c3f32-ex1,2efd0717-4176-44b3-8ca1-12825d9c3f32,kit,Kila a Wala gall alle tudi ittaenen e deyareyo bem e.,Kila and Wala went to the sea with the canoe to fish.,,Verbal Dictionary
38c9f74f-0f86-4732-b76a-2265bf0ea0cd-ex1,38c9f74f-0f86-4732-b76a-2265bf0ea0cd,kit,"Ngäna ubim komlla angde ikop deyagän, ngäna yambedowaeyan.","When I saw them two, I confused them for each other.",,Verbal Dictionary
507db28f-1cc4-447b-aa83-c6a4e4db2988-ex1,507db28f-1cc4-447b-aa83-c6a4e4db2988,kit,Yesu bo pätt a wa iddpo da gombenmällnegnän.,Jesus' body and clothes shined.,,Verbal Dictionary
8e8aac1d-f0d8-46c1-bf47-db735de95a73-ex1,8e8aac1d-f0d8-46c1-bf47-db735de95a73,kit,Gälas ulle alle mullae dan utale we benmäll a ballän.,"With a big mirror, it is possible for a flash of light to travel far away.",,Verbal Dictionary
dfe8e86e-1cf4-4a58-bc94-53c0296b4c29-ex1,dfe8e86e-1cf4-4a58-bc94-53c0296b4c29,kit,Ubi ttägäll de nyeny alle daibengaemallo.,They covered the mumus with nyeny wood.,,Verbal Dictionary
71d2b1fc-1fda-4ee3-bcd5-b54a832920d0-ex1,71d2b1fc-1fda-4ee3-bcd5-b54a832920d0,kit,Ingnenang aba pite da mermerae abal beräberäl agnegnan.,The grass skirts of the dancers swung very nicely.,,Verbal Dictionary
882ca466-c9c3-4d0e-9395-a42517e3747f-ex1,882ca466-c9c3-4d0e-9395-a42517e3747f,kit,Ngäna sɨmell beyambägag dan.,I am a pig-chaser.,,Verbal Dictionary
882ca466-c9c3-4d0e-9395-a42517e3747f-ex2,882ca466-c9c3-4d0e-9395-a42517e3747f,kit,Yäbäd imneimne gumbiebägän ddone dingmenän.,"Sun pursued from behind, but did not reach him.",,Verbal Dictionary
1f672f98-e682-40a5-8e9c-fcb3db00e466-ex1,1f672f98-e682-40a5-8e9c-fcb3db00e466,kit,Beyawa dattkoeyän turik alle.,He was the one who chopped it with an ax.,,Verbal Dictionary
0c2a6c14-629b-491e-a466-f81f2a4cb222-ex1,0c2a6c14-629b-491e-a466-f81f2a4cb222,kit,Beyawaebe sana dägdene.,Only he beat the sago.,,Verbal Dictionary
28501fa1-d3c2-4d5a-8d8d-bdb4e74ecf5a-ex1,28501fa1-d3c2-4d5a-8d8d-bdb4e74ecf5a,kit,"Adi da ttongdae dan a ttongo ako ddone dan, be beyawaeben.",God is the one and there is no other; only He is.,,Verbal Dictionary
e2f020cb-b4a6-4497-99db-875240e9395a-ex1,e2f020cb-b4a6-4497-99db-875240e9395a,kit,"Sisri ngäna erame giddollnen allan? Gänyme, ge ttängäm a beyawaenen.","Where am I living now? Here, this village is where.",,Verbal Dictionary
13fefa19-3313-4551-920f-0012e652c63f-ex1,13fefa19-3313-4551-920f-0012e652c63f,kit,Ngämo mäg bo bin a beyawaeneya Sara.,"Sara, it was my mother's name.",,Verbal Dictionary
13ed252f-8d15-4600-b43f-4fcfcb9d33c2-ex1,13ed252f-8d15-4600-b43f-4fcfcb9d33c2,kit,Ngämo bin a beyawan Merol.,"Merol, it is my name.",,Verbal Dictionary
259b2c71-ea00-4734-8998-dbe1311eaa93-ex1,259b2c71-ea00-4734-8998-dbe1311eaa93,kit,Nensi bi nane alle känaebag mɨnyi tudi ma beyareyo.,Nancy will go fishing tomorrow with her aunt.,SE-LE054 128.1,Verbal Dictionary
259b2c71-ea00-4734-8998-dbe1311eaa93-ex2,259b2c71-ea00-4734-8998-dbe1311eaa93,kit,Medäda bi ddone kili dägaebeyo.,Their fathers were not happy.,,Verbal Dictionary
25755e47-6602-47a3-a150-4867e7f00688-ex1,25755e47-6602-47a3-a150-4867e7f00688,kit,Mätta da zime bib gognegän.,The yams have already surfaced.,,Verbal Dictionary
6cde0cf4-615c-42e1-9c58-31d0661b870f-ex1,6cde0cf4-615c-42e1-9c58-31d0661b870f,kit,Bibi utamom ngattong.,You all go first.,,Verbal Dictionary
102d1d34-6cbe-4953-bbbf-17b9758eae55-ex1,102d1d34-6cbe-4953-bbbf-17b9758eae55,kit,Ngäna bibim truminy anggan.,I am calling you all.,,Verbal Dictionary
8cbb5963-8988-46af-8f7a-38968256aa56-ex1,8cbb5963-8988-46af-8f7a-38968256aa56,kit,"Känazbag, ngäna mɨnyi bibra sisor ttoenttoen de bɨllɨt.","Tomorrow, I will tell you all a new story.",,Verbal Dictionary
16e42306-73dc-4267-8e06-e1e2530bcc4b-ex1,16e42306-73dc-4267-8e06-e1e2530bcc4b,kit,"Bong angde bigma we dallän, sɨmell a dindugän.","When Bong went to the pen, the pig had escaped.",,Verbal Dictionary
b73a44ba-39df-4d8e-ab19-6147351a8281-ex1,b73a44ba-39df-4d8e-ab19-6147351a8281,kit,Ibi ibra mɨnyi ttongo sisor bikwem de ako bangeseya.,We will also make a new fireplace for us.,SE-LE054 64.1,Verbal Dictionary
9105e8b3-3064-4feb-a43b-9a7d91bcc78d-ex1,9105e8b3-3064-4feb-a43b-9a7d91bcc78d,kit,Ngäna ngämo masar bim ddone ikop dägnegne.,I did not see my grandparents.,,Verbal Dictionary
d39ea8e7-80e9-4f3d-a00d-15e49ee83b5e-ex1,d39ea8e7-80e9-4f3d-a00d-15e49ee83b5e,kit,Ngämo mälla bo bin a Kristina.,My wife's name is Kristina.,,Verbal Dictionary
b000e8a6-16fb-433a-aed0-66ce1d7ecb50-ex1,b000e8a6-16fb-433a-aed0-66ce1d7ecb50,kit,Ge bina ma daeya?,Is this your (pl.) house?,WE-ST025 42.1,Verbal Dictionary
e708257b-64d2-4a54-86a1-040f9cc6e2b0-ex1,e708257b-64d2-4a54-86a1-040f9cc6e2b0,kit,Lla da binaene eka de mɨnyi bondärmällnegnän.,People will be listening to your (pl.) words.,,Verbal Dictionary
f9c8d76e-8cfb-4a11-8f02-06482ec680db-ex1,f9c8d76e-8cfb-4a11-8f02-06482ec680db,kit,ulle binang itrell peyang lla,seriously ill person,,Verbal Dictionary
5b1c4df8-052f-4d6c-a07e-e4f42fb09c5f-ex1,5b1c4df8-052f-4d6c-a07e-e4f42fb09c5f,kit,Ngatengate da biratt a ddobae moko dan.,Roasted possum is very tasty.,,Verbal Dictionary
2e54db5a-3e5d-4b0b-88a8-559aee5cae42-ex1,2e54db5a-3e5d-4b0b-88a8-559aee5cae42,kit,Biye de bongo ai dan ibik alle nibe.,You can plant taro with the ibik.,,Verbal Dictionary
5c737908-228d-4125-aa06-c3462347ab9a-ex1,5c737908-228d-4125-aa06-c3462347ab9a,kit,Obo ttoe a bɨtbɨt dan.,His skin is black.,,Verbal Dictionary
f86d99e2-51de-4db8-a1c2-3d02e39967f4-ex1,f86d99e2-51de-4db8-a1c2-3d02e39967f4,kit,Ge nge da ablaban.,This coconut has matured.,,Verbal Dictionary
f86d99e2-51de-4db8-a1c2-3d02e39967f4-ex2,f86d99e2-51de-4db8-a1c2-3d02e39967f4,kit,Män a zäme ablaban.,The girl has already reached puberty.,,Verbal Dictionary
1127bf9e-bcdd-464c-9343-ef3c45823c26-ex1,1127bf9e-bcdd-464c-9343-ef3c45823c26,kit,Pilat de bäbllägaebeyo.,They will serve plates.,,Verbal Dictionary
93131e20-a306-48f8-b3a1-7316c62507cd-ex1,93131e20-a306-48f8-b3a1-7316c62507cd,kit,Ngämo yae bo bin a Nowar.,My mother's name is Nowar.,,Verbal Dictionary
23aea5a1-90f5-4735-ab38-4993361ac876-ex1,23aea5a1-90f5-4735-ab38-4993361ac876,kit,Tätäm ttäle bun parga de bob a era dällekän.,"Yesterday, the flood destroyed the Ttäle Bun bridge.",SE-LE054 179.1,Verbal Dictionary
4f725a7c-25b6-4b7d-9174-25147b1eb7a8-ex1,4f725a7c-25b6-4b7d-9174-25147b1eb7a8,kit,Tatuma da bobag daeya.,The bathing area was flooded.,,Verbal Dictionary
2c782bd9-21e1-4ce2-8491-4d5db781e2ab-ex1,2c782bd9-21e1-4ce2-8491-4d5db781e2ab,kit,Mälla bo pätt a bobllem allan.,The skin of the woman's body shakes.,,Verbal Dictionary
0c0899bf-e1b4-41f2-8d59-3c569827776a-ex1,0c0899bf-e1b4-41f2-8d59-3c569827776a,kit,Ngäna mɨnyi mälläng ik dae beyazen a bod ik dae bigezän.,I will put it in through your nostrils and take it out through your mouth.,,Verbal Dictionary
0c0899bf-e1b4-41f2-8d59-3c569827776a-ex2,0c0899bf-e1b4-41f2-8d59-3c569827776a,kit,Mällaeyaba bod me dan.,It's on the women's lips (i.e. the subject of gossip).,,Verbal Dictionary
12b1a615-a016-49de-a947-1e99f7bca611-ex1,12b1a615-a016-49de-a947-1e99f7bca611,kit,Bod a malla ddäddäg ma dan.,The beak is not edible.,,Verbal Dictionary
283738b6-5099-423e-b91a-f5cb278839df-ex1,283738b6-5099-423e-b91a-f5cb278839df,kit,Bode ngämlle pate Ende eka walle eka gognän.,He also spoke to me in Ende.,,Verbal Dictionary
73abd6cb-c3e6-41b9-8f18-e3df3e56b4ed-ex1,73abd6cb-c3e6-41b9-8f18-e3df3e56b4ed,kit,Kap a bodo dan.,The cup is full.,,Verbal Dictionary
73abd6cb-c3e6-41b9-8f18-e3df3e56b4ed-ex2,73abd6cb-c3e6-41b9-8f18-e3df3e56b4ed,kit,Ngäna ine de zämaeangae nägawan do angde kap a bodo agan.,I poured water until the cup was full.,,Verbal Dictionary
6177e3b6-97f0-4669-873d-102a16e464fc-ex1,6177e3b6-97f0-4669-873d-102a16e464fc,kit,Boge kollba da mer mokowang ddäddäg dan.,Mudfish is a very delicious fish.,SE-LE054 10.1,Verbal Dictionary
2136ec6e-0315-44dd-b28e-c1431deff379-ex1,2136ec6e-0315-44dd-b28e-c1431deff379,kit,Bogo daden ma me?,Is he home?,,Verbal Dictionary
43c191ca-93c1-4c86-aabd-72d082c3257c-ex1,43c191ca-93c1-4c86-aabd-72d082c3257c,kit,Llɨg kälekäle da boko de näbäddallo sisri.,Small children kill boko lizards.,SE-LE054 168.1,Verbal Dictionary
6b8396e8-617d-49b1-ae2e-b365dc019eaa-ex1,6b8396e8-617d-49b1-ae2e-b365dc019eaa,kit,Bogo ako ttongo pättkäp däbollän gädagäde we.,He opened another node of the sago trunk to beat.,,Verbal Dictionary
b7eaf2f5-e83d-450a-aa47-07e186c11397-ex1,b7eaf2f5-e83d-450a-aa47-07e186c11397,kit,Ngäna Wagiba bom dangmingg.,I helped Wagiba.,,Verbal Dictionary
e4864445-b8a2-4e89-ac8f-ecc52a05f863-ex1,e4864445-b8a2-4e89-ac8f-ecc52a05f863,kit,Ngäma lla da ada ingollang gombllowän.,Our (excl.) population grew like this.,,Verbal Dictionary
8d311016-20d5-4e21-ae4d-66f21ae0d26b-ex1,8d311016-20d5-4e21-ae4d-66f21ae0d26b,kit,Mätta da bombllo allan.,The yams proliferate.,,Verbal Dictionary
8d311016-20d5-4e21-ae4d-66f21ae0d26b-ex2,8d311016-20d5-4e21-ae4d-66f21ae0d26b,kit,Ngäna komlla lla de bombllo yaran.,My two daughters each married into a family (lit. I multiplied two people; i.e. each daughter will now have a family of her own).,,Verbal Dictionary
422a4ce8-0363-4fa3-b98a-a1a7e8670588-ex1,422a4ce8-0363-4fa3-b98a-a1a7e8670588,kit,Bongo erowe ibi alle?,Where are you going?,,Verbal Dictionary
3bfc55ad-6037-442a-9d05-4ead755dc2e9-ex1,3bfc55ad-6037-442a-9d05-4ead755dc2e9,kit,Borale da eran ttongo ekaeka ma za dan.,A flute is a thing that makes noise.,,Verbal Dictionary
c0825b39-efcb-461e-a263-4920888d5830-ex1,c0825b39-efcb-461e-a263-4920888d5830,kit,Ma da botta käme dämenang da.,The house already has the lateral beam.,,Verbal Dictionary
abb61a81-1cd9-41ce-a8a3-b8055f337350-ex1,abb61a81-1cd9-41ce-a8a3-b8055f337350,kit,buata däg,betel nut bunch,,Verbal Dictionary
23db588c-8787-4039-90c7-bb80627cb40a-ex1,23db588c-8787-4039-90c7-bb80627cb40a,kit,Mälla papa da buddo ulle dan Papua Niyu Gini mi.,Beating one's wife is a big problem in Papua New Guinea.,,Verbal Dictionary
3fed9949-5797-440e-8b79-133cfe7937ed-ex1,3fed9949-5797-440e-8b79-133cfe7937ed,kit,Buddo da tumang da.,It's very heavy (lit. the weight is a lot).,,Verbal Dictionary
1d104402-5f08-43c6-8228-f83b719a7385-ex1,1d104402-5f08-43c6-8228-f83b719a7385,kit,Dagwaeya deyarneyo buddobuddog.,They (du.) were going with their loads.,,Verbal Dictionary
dfc8285c-6702-4153-8f8d-9db174b713af-ex1,dfc8285c-6702-4153-8f8d-9db174b713af,kit,Mälla da ine de buddog de wony eran.,The woman is carrying the heavy water.,,Verbal Dictionary
3ae1c6dc-7d20-44df-97f9-3ea4afb51dd0-ex1,3ae1c6dc-7d20-44df-97f9-3ea4afb51dd0,kit,Ewatta bibi obom buddog eralla?,Why are you all bothering her?,,Verbal Dictionary
817e1895-5ba2-4b31-a4e4-2b71585eb7c2-ex1,817e1895-5ba2-4b31-a4e4-2b71585eb7c2,kit,"Nge da ddagemeny dan, obo bugu daeben.","The coconut palm doesn't have branches, there are only its leaf sheaths.",Joshua Ben Danipa,Verbal Dictionary
817e1895-5ba2-4b31-a4e4-2b71585eb7c2-ex2,817e1895-5ba2-4b31-a4e4-2b71585eb7c2,kit,Bugu dädär da aspunan.,Dry palm leaf sheaths fall.,Joshua Ben Danipa,Verbal Dictionary
16010ec3-6632-445a-bb8b-fb9e3ce10c81-ex1,16010ec3-6632-445a-bb8b-fb9e3ce10c81,kit,buk ulle,big book,,Verbal Dictionary
384d9ab4-7122-49b4-b85d-85e8a0096bb1-ex1,384d9ab4-7122-49b4-b85d-85e8a0096bb1,kit,Bogo gopällttänän obo wätät bumo peyang.,She set off with her filled tucker bag.,,Verbal Dictionary
d45447f4-a93b-40ab-8d5f-835cddb5d375-ex1,d45447f4-a93b-40ab-8d5f-835cddb5d375,kit,Pa bo bun a ddäddäg ma dan.,The bird's head is not edible.,,Verbal Dictionary
7fd159e2-c7cc-4f2a-aabf-5853888c30d2-ex1,7fd159e2-c7cc-4f2a-aabf-5853888c30d2,kit,Ngäna walle bun i ibi allan.,I am going towards the river mouth.,,Verbal Dictionary
134fbca5-0e81-40e8-a96c-47eed810dad2-ex1,134fbca5-0e81-40e8-a96c-47eed810dad2,kit,Ginarang däbaolle eka kutt e bun dan.,Ginarang is the owner of that word.,,Verbal Dictionary
3387b97b-03fd-46e4-926e-86ed25fd8976-ex1,3387b97b-03fd-46e4-926e-86ed25fd8976,kit,Lla da mer bun lla dag.,The men are good leaders.,,Verbal Dictionary
715c6e60-12ba-4f93-adf2-157a9c9f28e8-ex1,715c6e60-12ba-4f93-adf2-157a9c9f28e8,kit,"Bongo ai dan da däbe melem de nanges, sisri nanges.","If you can do that job, do it today.",,Verbal Dictionary
715c6e60-12ba-4f93-adf2-157a9c9f28e8-ex2,715c6e60-12ba-4f93-adf2-157a9c9f28e8,kit,"Da Joshua sɨmell de bäbäddän, ibi mɨnyi toto duwem e bäddägeya.","If Joshua shoots a pig, we will eat it for dinner.",,Verbal Dictionary
715c6e60-12ba-4f93-adf2-157a9c9f28e8-ex3,715c6e60-12ba-4f93-adf2-157a9c9f28e8,kit,"Da Llimoll me lla da kuddäll bogon, komlla o kumuddäga lla da mɨnyi utt alle eka de bängaeyo.","When a person dies in Limol, two or three people will deliver the news with a conch shell.",,Verbal Dictionary
4312fbf4-ee66-4cb6-b5c2-1d6c64b6bf89-ex1,4312fbf4-ee66-4cb6-b5c2-1d6c64b6bf89,kit,Kollokolloe eka panynen a mudan. Da iba eka de bawengameya.,Speaking a mixed language (i.e. code-switching) is no good. We might forget our (incl.) language.,,Verbal Dictionary
f3921346-a8ab-470a-809e-9447759743e9-ex1,f3921346-a8ab-470a-809e-9447759743e9,kit,Mozaya yu nägagalla. Da därko dägagan.,We grilled the mozaya fish. It got hard.,,Verbal Dictionary
f3921346-a8ab-470a-809e-9447759743e9-ex2,f3921346-a8ab-470a-809e-9447759743e9,kit,Da näkäp buddo me adämenan.,He's sat with a heavy mind.,,Verbal Dictionary
d1a00cc0-e4b5-40ac-a213-06f1e7e0d7a6-ex1,d1a00cc0-e4b5-40ac-a213-06f1e7e0d7a6,kit,da pazi me,last year,,Verbal Dictionary
9aec8504-ed21-41a3-99b2-e5e59b52531e-ex1,9aec8504-ed21-41a3-99b2-e5e59b52531e,kit,da ma me,in that house,,Verbal Dictionary
9aec8504-ed21-41a3-99b2-e5e59b52531e-ex2,9aec8504-ed21-41a3-99b2-e5e59b52531e,kit,Da dibeya.,That's that.,,Verbal Dictionary
cb438b72-3da1-4541-8ab3-cedebd68a1e5-ex1,cb438b72-3da1-4541-8ab3-cedebd68a1e5,kit,Ddia da wa kottllam a dindugmällneyo.,The deer and the turtle were going to have a race.,SE_PN005 2.2,Verbal Dictionary
d6206681-913f-4356-a1db-d5c85724f22c-ex1,d6206681-913f-4356-a1db-d5c85724f22c,kit,Ngämi ngäma toboll a bägäl a danserbeaebeya.,We (excl.) prepared our bows and arrows.,SE_PN002 5.1,Verbal Dictionary
e344197a-a907-4248-a8c9-d348e1f08d99-ex1,e344197a-a907-4248-a8c9-d348e1f08d99,kit,Ine kutt da bo lid a popang dan.,The water container's lid has a hole.,,Verbal Dictionary
21e6d788-5efe-4f47-bb65-5be5c31b582c-ex1,21e6d788-5efe-4f47-bb65-5be5c31b582c,kit,Däräng käsre nagda bom yagnen dängkamän.,Dog then started to look for his friend.,,Verbal Dictionary
746f1c88-6487-4242-98fa-23605baa59bd-ex1,746f1c88-6487-4242-98fa-23605baa59bd,kit,Bogo tätäm dadaeya ma me?,Was he home yesterday?,,Verbal Dictionary
e67fa5aa-0b90-43a7-a1c7-5b09c0faf17a-ex1,e67fa5aa-0b90-43a7-a1c7-5b09c0faf17a,kit,Ngämo kame dan dadräb a.,I can't write.,,Verbal Dictionary
e67fa5aa-0b90-43a7-a1c7-5b09c0faf17a-ex2,e67fa5aa-0b90-43a7-a1c7-5b09c0faf17a,kit,Pizin eka de ai dan badräb.,I can write in Tok Pisin.,,Verbal Dictionary
7d3181be-5a9a-4d2d-b07f-c2b8d825b76c-ex1,7d3181be-5a9a-4d2d-b07f-c2b8d825b76c,kit,Bogo obom dadäräb eran.,She is dressing her.,,Verbal Dictionary
f158f03e-3c40-4ca2-9f48-b8cf178dbfc6-ex1,f158f03e-3c40-4ca2-9f48-b8cf178dbfc6,kit,Bogo mɨnyi llo ttam alle godräballe ingong de ngkamalle bandra peyang.,She would decorate herself with leaves and start to dance to the song.,WE-ST002 1.5,Verbal Dictionary
f8f945eb-80ca-420b-a017-6610f27a1ec4-ex1,f8f945eb-80ca-420b-a017-6610f27a1ec4,kit,Näkäp a odardan.,The mind is cleared.,WE-ST001 23.1,Verbal Dictionary
b391ffca-6941-4357-b07a-ad5e7b439a6d-ex1,b391ffca-6941-4357-b07a-ad5e7b439a6d,kit,"Bogo täbädd lla bälle panya wo, wup wo, o dade wayati käp de däddänalle.","He used to pick a ripe pineapple, ripe banana, or maybe a watermelon for the strange man.",,Verbal Dictionary
f8e37773-c1a2-4e01-9757-bc0b0f0f8fbb-ex1,f8e37773-c1a2-4e01-9757-bc0b0f0f8fbb,kit,dade aya,whoever,,Verbal Dictionary
f8e37773-c1a2-4e01-9757-bc0b0f0f8fbb-ex2,f8e37773-c1a2-4e01-9757-bc0b0f0f8fbb,kit,dade erame,wherever,,Verbal Dictionary
f8e37773-c1a2-4e01-9757-bc0b0f0f8fbb-ex3,f8e37773-c1a2-4e01-9757-bc0b0f0f8fbb,kit,dade eremde,whichever,,Verbal Dictionary
f8e37773-c1a2-4e01-9757-bc0b0f0f8fbb-ex4,f8e37773-c1a2-4e01-9757-bc0b0f0f8fbb,kit,dade angde,whenever,,Verbal Dictionary
66f0e4ed-392f-426d-85a3-92cf7bcc039f-ex1,66f0e4ed-392f-426d-85a3-92cf7bcc039f,kit,Zugu obo mätta dade de era topotopoll dade dae dägawän.,Zugu only planted topotopoll yam sticks for his yams.,SE-LE054 95.1,Verbal Dictionary
ead2e8b1-750f-44ff-9b6c-ff73c7aaf3b7-ex1,ead2e8b1-750f-44ff-9b6c-ff73c7aaf3b7,kit,Kemu bo llabun a gänyme a Malläm me dadeg.,Kemu has relatives here and in Malam (lit. Kemu's relatives exist here and in Malam).,SE-LE054 137.1,Verbal Dictionary
3f916603-d298-4716-9708-0dca95d05dab-ex1,3f916603-d298-4716-9708-0dca95d05dab,kit,Tätäm ubi kumuddäga dadegaeya ma me?,Were they three home yesterday?,,Verbal Dictionary
177f8819-dc32-45ef-b93f-d18ea8b94b64-ex1,177f8819-dc32-45ef-b93f-d18ea8b94b64,kit,Buk a komllaebe dadegeyo.,There are only two books.,,Verbal Dictionary
7e12ac91-94c5-418a-bffc-8e7c1c98bcde-ex1,7e12ac91-94c5-418a-bffc-8e7c1c98bcde,kit,Tätäm ubi komlla dadegwaeya ma me,Were they two home yesterday?,,Verbal Dictionary
a02aae0d-4b06-4612-97a3-a5efcdfc7142-ex1,a02aae0d-4b06-4612-97a3-a5efcdfc7142,kit,dadel ebdo,harvest day,,Verbal Dictionary
d03ab18d-b9c8-44c1-8e7f-812570015aad-ex1,d03ab18d-b9c8-44c1-8e7f-812570015aad,kit,Bäne ine da daden?,Do you have water (lit. does your water exist)?,,Verbal Dictionary
7e8e0fa7-95e4-4d5f-9fee-9a6f9764d36d-ex1,7e8e0fa7-95e4-4d5f-9fee-9a6f9764d36d,kit,Ngäna wälläng ik dae ibi allan.,I am going through the bush.,,Verbal Dictionary
7e8e0fa7-95e4-4d5f-9fee-9a6f9764d36d-ex2,7e8e0fa7-95e4-4d5f-9fee-9a6f9764d36d,kit,Ngäna walle dae ibi allan.,I am going along the river.,,Verbal Dictionary
c476fb5f-c079-4893-8ebd-14fd5ed92dbf-ex1,c476fb5f-c079-4893-8ebd-14fd5ed92dbf,kit,Dedme ddone dan be kumuddäga nyäng daebeg.,There's nothing there but three bags.,,Verbal Dictionary
612da770-e9b4-4e1a-84fd-0372db6dfa6f-ex1,612da770-e9b4-4e1a-84fd-0372db6dfa6f,kit,Misdae up daebegaeya ibebatta.,The only things planted were bananas.,,Verbal Dictionary
9820a88d-02ca-4a53-9a45-7841f3638a2e-ex1,9820a88d-02ca-4a53-9a45-7841f3638a2e,kit,"Ende ttängäm a komlla daebegeyo, Malläm a Llimoll.",There are only two Ende villages: Malam and Limol.,,Verbal Dictionary
a9208771-d4c9-49a8-8793-b94c6cc4945d-ex1,a9208771-d4c9-49a8-8793-b94c6cc4945d,kit,Däbe mälla bo melem daeben.,That is just women's work.,,Verbal Dictionary
dfaf58f1-c562-4aad-9557-fd5318ee1435-ex1,dfaf58f1-c562-4aad-9557-fd5318ee1435,kit,Diba kui mi ttongdae ddia gullbe daebeya.,"On that island, there was only one stag.",,Verbal Dictionary
1dae3d15-8ef3-46e8-9359-3aa925ef1dc5-ex1,1dae3d15-8ef3-46e8-9359-3aa925ef1dc5,kit,Ngäna ikop daem agan.,I blinked.,,Verbal Dictionary
d082828b-00d5-4c25-8b22-8008a0b491cb-ex1,d082828b-00d5-4c25-8b22-8008a0b491cb,kit,Ngämo baba ttongdae mälla peyang daeya.,My father had (lit. was with) one wife.,,Verbal Dictionary
304cdb1c-0308-4278-baf7-2616f53d7e17-ex1,304cdb1c-0308-4278-baf7-2616f53d7e17,kit,Ubi dag.,They are there.,,Verbal Dictionary
304cdb1c-0308-4278-baf7-2616f53d7e17-ex2,304cdb1c-0308-4278-baf7-2616f53d7e17,kit,Ikop a ulleulle dag.,The eyes are big.,,Verbal Dictionary
ad2bf76f-7c0d-48e0-a2cd-4fbd3bf8e962-ex1,ad2bf76f-7c0d-48e0-a2cd-4fbd3bf8e962,kit,Obo mälläng ik a ulleulle abal dagaeya.,His nostrils were very big.,,Verbal Dictionary
05bed576-61aa-4bf9-bec5-72d49f7fb702-ex1,05bed576-61aa-4bf9-bec5-72d49f7fb702,kit,Ngämi deyareya gall e godagaleya.,We went to the boat and got on.,WE-ST009 2.2,Verbal Dictionary
05bed576-61aa-4bf9-bec5-72d49f7fb702-ex2,05bed576-61aa-4bf9-bec5-72d49f7fb702,kit,Ngäna gongäs gall e godagal.,I returned to the boat and got on.,WE-ST018 4.3,Verbal Dictionary
c5968dbd-b48b-43aa-9819-2a1942cc53b8-ex1,c5968dbd-b48b-43aa-9819-2a1942cc53b8,kit,Ngämo män kälsre de gall e dädagal.,I put my daughter onto the boat.,,Verbal Dictionary
c5e73c4a-063e-438d-a847-1a5d67e409ee-ex1,c5e73c4a-063e-438d-a847-1a5d67e409ee,kit,Ubi komlla era nag dageyo.,The two of them are friends.,,Verbal Dictionary
3a3081d5-172a-4498-8970-ad8811994068-ex1,3a3081d5-172a-4498-8970-ad8811994068,kit,Däräng a wa Baet a mer abal nag dagwaeya.,Dog and Cuscus were very good friends.,,Verbal Dictionary
0fb2ae5e-a544-4600-83d2-0432b6e33d1a-ex1,0fb2ae5e-a544-4600-83d2-0432b6e33d1a,kit,Obo käp de pop nedelaban.,He made a hole in the fruit.,,Verbal Dictionary
9f150e6d-8de4-4d58-8476-edf0f3f24852-ex1,9f150e6d-8de4-4d58-8476-edf0f3f24852,kit,"Angde ngäna otaran, dam yogoll agan.","I was sleeping, and then it rained.",,Verbal Dictionary
a64b5710-b739-4120-80b6-0f37e9788cc0-ex1,a64b5710-b739-4120-80b6-0f37e9788cc0,kit,"Ddob Idi lla da dadeg, damasäm Ende eka de klloklloe panypeny erallo.","There are also Idi speakers, so people are speaking mixed Ende.",,Verbal Dictionary
7117eb9e-6258-4cf6-93aa-ade8b3f7fb6a-ex1,7117eb9e-6258-4cf6-93aa-ade8b3f7fb6a,kit,Ibi mɨnyi damärärmae toboll daspunigalla.,We will shoot arrows at the same time.,,Verbal Dictionary
59b0f1c3-9172-402b-8984-f79528ccd762-ex1,59b0f1c3-9172-402b-8984-f79528ccd762,kit,damong mätta,a plump yam,,Verbal Dictionary
59b0f1c3-9172-402b-8984-f79528ccd762-ex2,59b0f1c3-9172-402b-8984-f79528ccd762,kit,"Bongo ngänäm damong nagalle, a sisri ngäna damong dan.",You comforted me and now I'm okay.,,Verbal Dictionary
4af865f5-cfeb-4e6c-b0b8-acc7de5ee1ea-ex1,4af865f5-cfeb-4e6c-b0b8-acc7de5ee1ea,kit,Ge nyäng a kälsre dan.,This bag is small.,,Verbal Dictionary
4af865f5-cfeb-4e6c-b0b8-acc7de5ee1ea-ex2,4af865f5-cfeb-4e6c-b0b8-acc7de5ee1ea,kit,Warama era mer lla dan.,Warama is a good man.,,Verbal Dictionary
e2e3d025-0b2e-4015-a880-7f034a244112-ex1,e2e3d025-0b2e-4015-a880-7f034a244112,kit,dang papek,wall spanning the length of a building,,Verbal Dictionary
fe5acded-00cc-4335-907a-663cf85ce994-ex1,fe5acded-00cc-4335-907a-663cf85ce994,kit,Nyongo da andegan.,The road is burning.,WE-ST001 21.1,Verbal Dictionary
ea1989f1-e292-4e81-9e6a-19cdb7d533fe-ex1,ea1989f1-e292-4e81-9e6a-19cdb7d533fe,kit,Lla da ttongo lla da bo patme dangkam allan.,The man is leaning on the other man.,,Verbal Dictionary
86da5995-271d-4855-96b8-b3c5d6a0125b-ex1,86da5995-271d-4855-96b8-b3c5d6a0125b,kit,Ngäna ngämo mosen patme dangkaemmäll allan ngämingg i.,I rely on my brother for help.,,Verbal Dictionary
dac805d9-f816-44dc-b816-b22c21830c33-ex1,dac805d9-f816-44dc-b816-b22c21830c33,kit,Ibi daolle beyareya.,Let's (du.) go over there.,,Verbal Dictionary
4e6b8e59-06a7-4506-9c9f-6c2269dfdfea-ex1,4e6b8e59-06a7-4506-9c9f-6c2269dfdfea,kit,Yu da daollemae obo pite we gogon.,The fire got closer to her grass skirt.,,Verbal Dictionary
c799cef9-3280-44dc-b8d3-ada7d1c51e43-ex1,c799cef9-3280-44dc-b8d3-ada7d1c51e43,kit,Yäbäd a daramdaramang gogon.,The sun was shining brightly.,,Verbal Dictionary
02af8c7f-6c9e-4991-87ea-a8cc0e3fb9f2-ex1,02af8c7f-6c9e-4991-87ea-a8cc0e3fb9f2,kit,Däba ngättäma we gotarän.,He slept in that place.,,Verbal Dictionary
b9de2cf5-a793-4962-95f6-65c91214f05a-ex1,b9de2cf5-a793-4962-95f6-65c91214f05a,kit,Ngämo toboll de dädäbaneg llo mit mi.,I placed my spears at the base of the tree.,,Verbal Dictionary
ccb2696e-7f7f-4890-a553-6fed5047f146-ex1,ccb2696e-7f7f-4890-a553-6fed5047f146,kit,Sisri abal yogoll a adäbaeyan.,It just started to drizzle.,,Verbal Dictionary
a4862c0a-69d9-4b34-8c50-0dce755bb058-ex1,a4862c0a-69d9-4b34-8c50-0dce755bb058,kit,Däbaeya ngämo ttoenttoen a.,That was my little story.,,Verbal Dictionary
a4862c0a-69d9-4b34-8c50-0dce755bb058-ex2,a4862c0a-69d9-4b34-8c50-0dce755bb058,kit,Däbe.,That was it. / The end.,,Verbal Dictionary
761b8e03-c1f5-4fee-bb51-139b9c64ee79-ex1,761b8e03-c1f5-4fee-bb51-139b9c64ee79,kit,Maten bo llɨg a ngämo kokok a däbag.,"Martin's children, they are my grandchildren.",,Verbal Dictionary
2eab607d-b957-41a2-8e94-3e68b4a00ace-ex1,2eab607d-b957-41a2-8e94-3e68b4a00ace,kit,Däbagaeya ngämo bin a.,Those were my names.,,Verbal Dictionary
3e857e6c-f53a-4329-a320-dfb2771d6e04-ex1,3e857e6c-f53a-4329-a320-dfb2771d6e04,kit,"Kurupel a Täm, ngämo baba bi dibagweya.","Kurupel and Tam, they were my parents.",,Verbal Dictionary
93dfbfc8-916d-4741-afb2-2fa4f2fe4d5e-ex1,93dfbfc8-916d-4741-afb2-2fa4f2fe4d5e,kit,"Däbamasem a, ako ttongo källäm me gobäll.","From there, we went to another pond.",,Verbal Dictionary
93dfbfc8-916d-4741-afb2-2fa4f2fe4d5e-ex2,93dfbfc8-916d-4741-afb2-2fa4f2fe4d5e,kit,Däbamatt a ngämi gall deyagllaenalla.,"After that, we paddled the canoe over.",,Verbal Dictionary
f589df00-838a-4e35-921d-876f953398f6-ex1,f589df00-838a-4e35-921d-876f953398f6,kit,Sisri ngäna pasta dan. Ngämo melem a sisri däban.,Now I am a pastor. That is my job.,,Verbal Dictionary
1776e1fb-f53d-4eac-8c59-66b43f7cf8aa-ex1,1776e1fb-f53d-4eac-8c59-66b43f7cf8aa,kit,Däbaolle ikop e abällan.,We went there to see.,,Verbal Dictionary
508427b8-a61f-4d56-bf90-227b4c90ecae-ex1,508427b8-a61f-4d56-bf90-227b4c90ecae,kit,Nädbällnegan.,He touched him.,,Verbal Dictionary
508427b8-a61f-4d56-bf90-227b4c90ecae-ex2,508427b8-a61f-4d56-bf90-227b4c90ecae,kit,Nädbällnegan,He touched three people at different times.,,Verbal Dictionary
508427b8-a61f-4d56-bf90-227b4c90ecae-ex3,508427b8-a61f-4d56-bf90-227b4c90ecae,kit,Lla da ubim yadbällan.,He touched three people at the same time.,,Verbal Dictionary
ab9b6c4b-5cb4-494a-919e-15a7c8768c08-ex1,ab9b6c4b-5cb4-494a-919e-15a7c8768c08,kit,Bogo dindugän do kukiny mama de ikop dägagän dibaeya däbe ik e gotärakän do gotägolän.,"He ran to a pile of tall grass that he saw, and went inside and hid there.",SE-TN016 22.1,Verbal Dictionary
fe735015-0937-45bb-a25d-8208c2907427-ex1,fe735015-0937-45bb-a25d-8208c2907427,kit,Tämamae llɨg klekle da däbem llo de kälnan erallo.,All the children are climbing that tree.,,Verbal Dictionary
16ea6e0a-67c2-4ad1-8091-d5ce4c312636-ex1,16ea6e0a-67c2-4ad1-8091-d5ce4c312636,kit,Ngängälatt dädär a mänyi tutu atta bolldaeyän kopek e.,A round rock will roll from the hill to the valley.,,Verbal Dictionary
4595a4ee-5f6a-4b1e-9779-c54dafe22efc-ex1,4595a4ee-5f6a-4b1e-9779-c54dafe22efc,kit,Ttängäm ulle da tämamae dallän dädär abal gogon.,All the big villages became very dry.,,Verbal Dictionary
99ea2164-cbed-46e8-85f1-5911a35ce715-ex1,99ea2164-cbed-46e8-85f1-5911a35ce715,kit,Bogo dɨdɨr bun peyang dan.,He has a hard head (i.e. he is stubborn).,,Verbal Dictionary
b1878c47-60b3-4e15-ab0f-6eb3e321b4dc-ex1,b1878c47-60b3-4e15-ab0f-6eb3e321b4dc,kit,dädär käp turik,stone ax,,Verbal Dictionary
f049a524-fe37-4cbf-93d9-2c7935107228-ex1,f049a524-fe37-4cbf-93d9-2c7935107228,kit,Ttongo män a ngäma dädri dan Wasua me.,"One of our (excl.) daughters is there, in Wasua.",,Verbal Dictionary
165f5d78-e087-411a-8548-c47fe20656f3-ex1,165f5d78-e087-411a-8548-c47fe20656f3,kit,buata däg,betelnut bunch,,Verbal Dictionary
165f5d78-e087-411a-8548-c47fe20656f3-ex2,165f5d78-e087-411a-8548-c47fe20656f3,kit,manggo däg,bunch of mango,,Verbal Dictionary
165f5d78-e087-411a-8548-c47fe20656f3-ex3,165f5d78-e087-411a-8548-c47fe20656f3,kit,nge däg,coconut bunch,,Verbal Dictionary
165f5d78-e087-411a-8548-c47fe20656f3-ex4,165f5d78-e087-411a-8548-c47fe20656f3,kit,tämamae däg,an entire set (e.g. of teeth),,Verbal Dictionary
7a266c64-d988-4125-9e24-426e9e6ecb03-ex1,7a266c64-d988-4125-9e24-426e9e6ecb03,kit,Ngäna ngämo sana de ot dägadäga dättemän.,I finished eating all my sago.,,Verbal Dictionary
927bf293-1c4d-4a95-868a-9048f70220f2-ex1,927bf293-1c4d-4a95-868a-9048f70220f2,kit,Dägäldägäl a ddäddäg ma dan.,The intenstines are edible.,,Verbal Dictionary
52325731-3b2f-4e4e-8deb-a1fb59a071d5-ex1,52325731-3b2f-4e4e-8deb-a1fb59a071d5,kit,Dägmar a malla ddäddäg ma dan.,The tongue is not edible.,,Verbal Dictionary
312ada61-12b0-4511-8085-be5b8398e17e-ex1,312ada61-12b0-4511-8085-be5b8398e17e,kit,Dägmar alle wätät de notnan kakoll att.,He was eating food from a plate with a spoon.,,Verbal Dictionary
e7c14e6d-945c-4cee-a7ba-c3a65da15d16-ex1,e7c14e6d-945c-4cee-a7ba-c3a65da15d16,kit,Bogo gärep kabkab däm de dibewän diba ttängäm me.,He planted grape plants in that place.,,Verbal Dictionary
0059910e-4d66-41d4-8350-14c78c09c6c4-ex1,0059910e-4d66-41d4-8350-14c78c09c6c4,kit,apte pätt dämädämällang lla,man with one half of his body paralyzed,,Verbal Dictionary
d3d88aac-4b4e-4f24-a873-2c28e56909b5-ex1,d3d88aac-4b4e-4f24-a873-2c28e56909b5,kit,Dagirnän e: yunu gondäbaemenynän.,"and stayed there for a long, long time until he dozed off.",SE-TN020 20.1,Verbal Dictionary
116e731e-71d4-4ecc-9ae9-a9de58e9f90f-ex1,116e731e-71d4-4ecc-9ae9-a9de58e9f90f,kit,Ngäna dämenang dan.,I am sitting.,,Verbal Dictionary
116e731e-71d4-4ecc-9ae9-a9de58e9f90f-ex2,116e731e-71d4-4ecc-9ae9-a9de58e9f90f,kit,Adämeneyo!,(You two) sit down!,,Verbal Dictionary
116e731e-71d4-4ecc-9ae9-a9de58e9f90f-ex3,116e731e-71d4-4ecc-9ae9-a9de58e9f90f,kit,Ttongo lla da dämenma toko me adämenan.,A person sat on top of the chair.,,Verbal Dictionary
2a6719cc-dd38-4cb9-91c3-53b30751096c-ex1,2a6719cc-dd38-4cb9-91c3-53b30751096c,kit,Nändämenanggan.,He sat him down.,,Verbal Dictionary
274ed152-adf1-424b-aac8-6fc39fe8c71d-ex1,274ed152-adf1-424b-aac8-6fc39fe8c71d,kit,Ngäna Kate bom täräb ma me dändämenang.,I sat down with Kate at the funeral.,,Verbal Dictionary
36e3a647-9343-4ab4-96bf-f4655bc6fc14-ex1,36e3a647-9343-4ab4-96bf-f4655bc6fc14,kit,Ngäna abo däbe sɨmell de misdae ada dandämoe.,Then I just pushed the pig like that.,,Verbal Dictionary
36e3a647-9343-4ab4-96bf-f4655bc6fc14-ex2,36e3a647-9343-4ab4-96bf-f4655bc6fc14,kit,"Angde obom ttu wi dandämoeyän, bogo ddone dängllawän, be bogo gonddämän.","When she pushed him into the deep, he didn't swim: rather, he drowned.",,Verbal Dictionary
b3bcacdf-a055-43a1-af69-fb76e8332927-ex1,b3bcacdf-a055-43a1-af69-fb76e8332927,kit,Mälla de dandmoeaebeya wayati kongkom e.,We sent the women to fetch the watermelons.,,Verbal Dictionary
b3bcacdf-a055-43a1-af69-fb76e8332927-ex2,b3bcacdf-a055-43a1-af69-fb76e8332927,kit,Giniya män kälsre de nandämoeyan Bodog pate.,Giniya sent the girl to Bodog.,,Verbal Dictionary
9449136b-1017-434b-9132-25063fde66e8-ex1,9449136b-1017-434b-9132-25063fde66e8,kit,Ngäna bam sɨmell ikop e dandämoengg.,I sent you to see the pig.,,Verbal Dictionary
3c689f3e-30e9-42f4-b360-99e1b5d80cec-ex1,3c689f3e-30e9-42f4-b360-99e1b5d80cec,kit,Ngäna obom dandär.,I heard him.,,Verbal Dictionary
3c689f3e-30e9-42f4-b360-99e1b5d80cec-ex2,3c689f3e-30e9-42f4-b360-99e1b5d80cec,kit,Ngämne eka de andär!,[You] listen to my words!,,Verbal Dictionary
056cec9b-f1eb-445f-a3ca-a0a1a60197b1-ex1,056cec9b-f1eb-445f-a3ca-a0a1a60197b1,kit,Ngäna otät molle de dändär eran.,I smell food (lit. sense the smell of food).,,Verbal Dictionary
056cec9b-f1eb-445f-a3ca-a0a1a60197b1-ex2,056cec9b-f1eb-445f-a3ca-a0a1a60197b1,kit,Ngämo matta me tätäp dändär eran.,I feel pain in my shoulder.,,Verbal Dictionary
c99e7697-4980-44e7-94a8-d212a06f1019-ex1,c99e7697-4980-44e7-94a8-d212a06f1019,kit,Mänmän a sana de zazaba we dändäraebeyo.,The girls stuffed the sago into the bag.,,Verbal Dictionary
a0cfd8fd-dae1-4698-8274-abda2770d97b-ex1,a0cfd8fd-dae1-4698-8274-abda2770d97b,kit,Bogo mɨnyi llɨg de gagäll ttoen ngasnges e bändärekän.,He will pressure the boy to do bad things.,,Verbal Dictionary
d450eaba-cf0e-47af-93aa-8e1bf95a58dd-ex1,d450eaba-cf0e-47af-93aa-8e1bf95a58dd,kit,Mätta de där yag.,Match these yams (i.e. bring the same number).,,Verbal Dictionary
d450eaba-cf0e-47af-93aa-8e1bf95a58dd-ex2,d450eaba-cf0e-47af-93aa-8e1bf95a58dd,kit,"Yuwog abal lla da Yesu bo pallall kuki ikopatt eka de dällätaemneyo, be oba kuki eka da ddone där gognegnän.","Many people were making false testimonies about Jesus, but their lies didn't add up.",,Verbal Dictionary
6e343f5f-a84e-49f8-b817-6f649ab37456-ex1,6e343f5f-a84e-49f8-b817-6f649ab37456,kit,Däräng bo llan a tubutubu dag.,The dog's ears are short.,,Verbal Dictionary
b76a58d0-0076-4bab-b7a3-bb4936cb02bc-ex1,b76a58d0-0076-4bab-b7a3-bb4936cb02bc,kit,Mälla da obom ttängäm att de ngattong dändrägän menae e.,The woman led him outside the village.,,Verbal Dictionary
9572d90f-c20b-4b7f-9cb4-bc6b7b315e13-ex1,9572d90f-c20b-4b7f-9cb4-bc6b7b315e13,kit,Ubi mänmän de därdäragae dällädnegeyo.,They get married with women in pairs.,,Verbal Dictionary
c6e17018-afb3-413a-973a-18e2cef0e760-ex1,c6e17018-afb3-413a-973a-18e2cef0e760,kit,Bogenvil me lla da mäse därmae e gongkaemnegän.,"In Bougainville, people (i.e. the PNG Defense Force) were trying to wipe them (i.e. the secessionists) out.",,Verbal Dictionary
afc7e243-4d57-4489-8400-e5c38b3061bb-ex1,afc7e243-4d57-4489-8400-e5c38b3061bb,kit,"Da bongo sana däroledärole de därunggu alle yu nägag, mɨnyi mer abal bogon.","If you cook the dry sago with the bamboo tubes, it will be very good.",,Verbal Dictionary
09101818-335a-4216-9c8b-f1881ba38287-ex1,09101818-335a-4216-9c8b-f1881ba38287,kit,"Da bongo sana däroledärole de därunggu alle yu nägag, mɨnyi mer abal bogon.","If you cook the dry sago in the new bamboo, it will be very good.",SE-LE054 107.1,Verbal Dictionary
eb58dbc7-befe-4d07-a24d-028df62a4651-ex1,eb58dbc7-befe-4d07-a24d-028df62a4651,kit,de llɨg kälsre,that small boy,,Verbal Dictionary
9d32d4bd-3d19-4a08-a36f-aaacfc7fdd48-ex1,9d32d4bd-3d19-4a08-a36f-aaacfc7fdd48,kit,"Käsre de amne me dantämonän, llo gäba me.","Then, he waited there in the middle, in the shade of the tree.",,Verbal Dictionary
5771d190-e806-434b-93dd-3c1efbce026a-ex1,5771d190-e806-434b-93dd-3c1efbce026a,kit,de sände me,next week,,Verbal Dictionary
7505d0c3-5815-4782-892b-48290ae46ab3-ex1,7505d0c3-5815-4782-892b-48290ae46ab3,kit,Ngämi nge de dibenyeya.,We planted the coconut.,SE-TN073 85.1,Verbal Dictionary
dcb2adb6-de03-4049-bd70-a7cb01db9914-ex1,dcb2adb6-de03-4049-bd70-a7cb01db9914,kit,"Ddia da angde yinu kuddäll gogon, kottllam a de deyanzigän.","He had been really dead asleep, and turtle had passed him!",SE-TN020 31.1,Verbal Dictionary
5c0a534c-b6b4-4228-9cb1-9cd82358b0a6-ex1,5c0a534c-b6b4-4228-9cb1-9cd82358b0a6,kit,Skul täräp a dedam ddone deya.,There was no schooltime back then.,,Verbal Dictionary
5c0a534c-b6b4-4228-9cb1-9cd82358b0a6-ex2,5c0a534c-b6b4-4228-9cb1-9cd82358b0a6,kit,"Angde nyongo amne we gogaebne, yogoll a dedam disamän.","When we were halfway through the journey, that's when the rain stopped.",,Verbal Dictionary
3aa15c48-b7fc-42c8-b903-943a263aa55f-ex1,3aa15c48-b7fc-42c8-b903-943a263aa55f,kit,Dedme ddone dan be kumuddäga nyäng daebeg.,There's nothing there except for three bags.,,Verbal Dictionary
3aa15c48-b7fc-42c8-b903-943a263aa55f-ex2,3aa15c48-b7fc-42c8-b903-943a263aa55f,kit,Ge llɨg a dedme gunziwän.,This boy settled there.,,Verbal Dictionary
7fcbf77d-035c-4b63-a4f8-39f5e83e0c7c-ex1,7fcbf77d-035c-4b63-a4f8-39f5e83e0c7c,kit,Dedo otät a ddone dan?,Isn't there any food?,,Verbal Dictionary
7fcbf77d-035c-4b63-a4f8-39f5e83e0c7c-ex2,7fcbf77d-035c-4b63-a4f8-39f5e83e0c7c,kit,Ngäna dedo melem gogne.,I was working there.,,Verbal Dictionary
b67421b7-a8fd-4c5c-86ba-15fb1cba7a68-ex1,b67421b7-a8fd-4c5c-86ba-15fb1cba7a68,kit,Ubi tutu atta walle we godrenegnän.,They were descending from the mountain to the river.,,Verbal Dictionary
bfcad069-2f3c-44b7-b225-ca5a8d21a23d-ex1,bfcad069-2f3c-44b7-b225-ca5a8d21a23d,kit,Ubi mɨnyi dektta we moko bognegän.,They will want a doctor.,,Verbal Dictionary
b6c4da32-b7ea-4079-9cc2-2bd58c813954-ex1,b6c4da32-b7ea-4079-9cc2-2bd58c813954,kit,Yesu ubim dädergmällnegän ubim adawatta oba tikop a llokollokott dagaeya.,Jesus rebuked them (i.e. his disciples) for the hardness of their hearts.,,Verbal Dictionary
80e945d1-6b12-4f88-88d7-627557711bc8-ex1,80e945d1-6b12-4f88-88d7-627557711bc8,kit,Bongo Saken bo amamär de ewede diba llo me nganae eralle?,Why are you coiling Saken's rope around that tree?,,Verbal Dictionary
0aedf5c9-f0c8-4217-a375-033032503a3c-ex1,0aedf5c9-f0c8-4217-a375-033032503a3c,kit,"Mällause da dagirnän, dibaballe goeg a dättämän.","The old woman was staying; thereafter, the garden burned.",,Verbal Dictionary
b3a80672-231b-47c0-95d6-e52324f9e33e-ex1,b3a80672-231b-47c0-95d6-e52324f9e33e,kit,Ngämo kokok a dibag.,Those are my grandchildren.,,Verbal Dictionary
d88a8c49-7244-4aeb-92c9-1b04949b7f05-ex1,d88a8c49-7244-4aeb-92c9-1b04949b7f05,kit,Llɨg a dibagaeya.,Those were the boys.,,Verbal Dictionary
cf5766bb-a33c-4908-93b8-3f431a4f2cbf-ex1,cf5766bb-a33c-4908-93b8-3f431a4f2cbf,kit,"Karea a Duya, ngämo märäll lla da dibageyo.","Karea and Duya, they are my age-mates.",,Verbal Dictionary
ebaf65e1-241c-40c1-91ef-e278dcc3db0b-ex1,ebaf65e1-241c-40c1-91ef-e278dcc3db0b,kit,Ngämo baba bi dibagwaeya.,Those were my parents.,,Verbal Dictionary
69338a24-ca6a-4820-b569-3419a41a0f43-ex1,69338a24-ca6a-4820-b569-3419a41a0f43,kit,"Dibamasäma, dallän do Yop e.","From there, she went to Yop.",,Verbal Dictionary
69338a24-ca6a-4820-b569-3419a41a0f43-ex2,69338a24-ca6a-4820-b569-3419a41a0f43,kit,"Kollokolloe panypeny erallo, dibamasäma ngämi erag kollokolloe dag gänyme.","They are speaking mixed (i.e. code-switching), because we (incl.) are mixed here.",,Verbal Dictionary
e995deb9-f26b-417f-b258-beae46f4f5b9-ex1,e995deb9-f26b-417f-b258-beae46f4f5b9,kit,Kak Wagiba diban.,There's Grandmother Wagiba.,,Verbal Dictionary
7a178740-0b82-4eb5-895e-6f418d5f3d0b-ex1,7a178740-0b82-4eb5-895e-6f418d5f3d0b,kit,Ngäna dibaolle melem e gozen.,I entered that job.,,Verbal Dictionary
8afa808c-109e-44df-b640-19199d7b30c9-ex1,8afa808c-109e-44df-b640-19199d7b30c9,kit,Bogo dibem llo de kälnan eran.,She climbs that tree.,,Verbal Dictionary
3b4deaa9-998d-4103-b384-77cc5b670aa1-ex1,3b4deaa9-998d-4103-b384-77cc5b670aa1,kit,"Da ngäna sawe nyongo de bongkollmäll, ngaska didri lla da ddone dan.","If I follow the left road, maybe there won't be any people there.",,Verbal Dictionary
e5571ed7-b8c0-4518-98c3-6b97cdaf2db3-ex1,e5571ed7-b8c0-4518-98c3-6b97cdaf2db3,kit,Ngämi didribatt dag Boze att dag.,"We (excl.) are from there, from Boze.",,Verbal Dictionary
f3ee55f9-433a-495f-855e-383876ca5691-ex1,f3ee55f9-433a-495f-855e-383876ca5691,kit,Ngäna dindu allan.,I am running.,,Verbal Dictionary
f3ee55f9-433a-495f-855e-383876ca5691-ex2,f3ee55f9-433a-495f-855e-383876ca5691,kit,Ddia da walle we nindugan.,The deer ran to the water.,,Verbal Dictionary
f3ee55f9-433a-495f-855e-383876ca5691-ex3,f3ee55f9-433a-495f-855e-383876ca5691,kit,"Bong angde bigma we dallän, sɨmell a dindugän.","When Bong went to the pen, the pig had fled.",,Verbal Dictionary
f3ee55f9-433a-495f-855e-383876ca5691-ex4,f3ee55f9-433a-495f-855e-383876ca5691,kit,Obo pate bizmollne.,We will be running to her.,,Verbal Dictionary
a2476243-5888-4f55-bafc-5cc8cd12c3b6-ex1,a2476243-5888-4f55-bafc-5cc8cd12c3b6,kit,Oba abo dindu da dädme llätt gogon.,"Then, their race stopped there.",,Verbal Dictionary
1de3463f-6dd5-4acc-812f-d3f1eb7161bb-ex1,1de3463f-6dd5-4acc-812f-d3f1eb7161bb,kit,Dirom a ttongo mer mokowang ddäddäg dan.,Cassowary is a very delicious animal.,SE-LE054 6.1,Verbal Dictionary
4e9273eb-0d50-4c08-a527-f936a6e4ea5c-ex1,4e9273eb-0d50-4c08-a527-f936a6e4ea5c,kit,"Däterpeyo, sande da kumddäga goeg a dɨdɨr gogon penongg e.","They cut the garden, three weeks later the garden was dry to burn.",WE-ST051 46.1,Verbal Dictionary
6ca8ff42-fdb2-4f2f-9553-ddc99fc88aff-ex1,6ca8ff42-fdb2-4f2f-9553-ddc99fc88aff,kit,Bogo dɨdɨr bun peyang dan.,He has a hard head. He doesn't listen.,,Verbal Dictionary
6ca8ff42-fdb2-4f2f-9553-ddc99fc88aff-ex2,6ca8ff42-fdb2-4f2f-9553-ddc99fc88aff,kit,Ge nge da dɨdɨr dan.,This coconut is rock hard.,,Verbal Dictionary
964d2dcf-a3e9-4cad-941c-295441c51188-ex1,964d2dcf-a3e9-4cad-941c-295441c51188,kit,Ngämo za da dag do Pauma bo patme.,My things are there at Pauma's.,,Verbal Dictionary
06cd2608-1cc6-482d-81b2-ad14ba2512cc-ex1,06cd2608-1cc6-482d-81b2-ad14ba2512cc,kit,Ngämi däpllätt abo do Taolang gall tapma.,Then we (excl.) started walking to Taolang canoe place.,,Verbal Dictionary
06cd2608-1cc6-482d-81b2-ad14ba2512cc-ex2,06cd2608-1cc6-482d-81b2-ad14ba2512cc,kit,Ako polle kättnan gongkaemallo do dättemänaeballo.,They started to build the fences until they were finished.,,Verbal Dictionary
06cd2608-1cc6-482d-81b2-ad14ba2512cc-ex3,06cd2608-1cc6-482d-81b2-ad14ba2512cc,kit,iddob amnong alle do bädab,from midnight to dawn,,Verbal Dictionary
2a906f8e-9cc7-4ddd-aa3d-088267fbe16b-ex1,2a906f8e-9cc7-4ddd-aa3d-088267fbe16b,kit,Dägmar a do peyang dan.,The spoon has a handle.,,Verbal Dictionary
68f83d5b-a4f5-4d5e-a8b4-78d9c5951313-ex1,68f83d5b-a4f5-4d5e-a8b4-78d9c5951313,kit,Ngämi dodo dagirni.,We (excl.) were living there.,,Verbal Dictionary
e6680392-57f2-4c1c-b8f4-1a3e66cbfa09-ex1,e6680392-57f2-4c1c-b8f4-1a3e66cbfa09,kit,Nikki bo kaptte da dronendronen dag.,Nikki's clothes are slipping off.,,Verbal Dictionary
08b7d50c-ac22-4877-83e8-9d645d66ba60-ex1,08b7d50c-ac22-4877-83e8-9d645d66ba60,kit,Kollba da tämamae dadrowän a be kottllam aebe ttam dagirnän.,The fish all died but the turtle lived on.,WE-ST031 2.7,Verbal Dictionary
5f4feb67-263b-4838-b3fa-ca37e73dce27-ex1,5f4feb67-263b-4838-b3fa-ca37e73dce27,kit,Bogo llan de komlla deyadurowän mermerae.,She washed her two ears well.,,Verbal Dictionary
0183b6e7-951d-4805-b983-f80a372a758b-ex1,0183b6e7-951d-4805-b983-f80a372a758b,kit,Dom nägagan ttang de.,He clenched his fist.,,Verbal Dictionary
5f52718a-df50-418e-a960-8675f7cb6e26-ex1,5f52718a-df50-418e-a960-8675f7cb6e26,kit,Ngäna gall de domoe eran.,I am pushing the boat.,,Verbal Dictionary
b6aec007-eaf3-4051-9c1e-d28cb538e871-ex1,b6aec007-eaf3-4051-9c1e-d28cb538e871,kit,Ge baba bäne digol dompa popoatt dan.,Father made this dompa out of digol tree.,SE-LE054 61.1,Verbal Dictionary
7f1ab1d5-6432-4634-a31b-4bdefcf2a6c4-ex1,7f1ab1d5-6432-4634-a31b-4bdefcf2a6c4,kit,Wällän a dädär me gondokalmällnegän.,The roots ended on the rock.,,Verbal Dictionary
2429e054-3297-4ce8-8ddb-e59c1c3c88be-ex1,2429e054-3297-4ce8-8ddb-e59c1c3c88be,kit,Sana dor de adingoll däpittaemeya.,We weaved the sago stalks like this.,,Verbal Dictionary
9f8d368c-9aae-47cc-adbc-b5675a1d4100-ex1,9f8d368c-9aae-47cc-adbc-b5675a1d4100,kit,sana dorko,dry sago,,Verbal Dictionary
9f8d368c-9aae-47cc-adbc-b5675a1d4100-ex2,9f8d368c-9aae-47cc-adbc-b5675a1d4100,kit,Ekaklle da dorko dan.,The ground is dry.,,Verbal Dictionary
226d1655-e237-4d3c-bff3-7e311420c770-ex1,226d1655-e237-4d3c-bff3-7e311420c770,kit,ekaklle me dämadäme dowadowae,sitting on the ground next to each other,,Verbal Dictionary
71644bcd-93aa-487d-91e3-28d3fc89c027-ex1,71644bcd-93aa-487d-91e3-28d3fc89c027,kit,Ngäna ibi allan wup dowae e.,I am walking towards the banana.,,Verbal Dictionary
71644bcd-93aa-487d-91e3-28d3fc89c027-ex2,71644bcd-93aa-487d-91e3-28d3fc89c027,kit,Grace obo zegatt ebdo dowae me dan.,Grace's birthday is soon.,,Verbal Dictionary
0166f929-e347-4301-ad9a-5308efcbd5dc-ex1,0166f929-e347-4301-ad9a-5308efcbd5dc,kit,Obo masar a dowattäm da Kulläntti.,"Her ancestor is from there, Kurunti.",,Verbal Dictionary
80f047ab-4806-4e46-a302-a4303224fa1d-ex1,80f047ab-4806-4e46-a302-a4303224fa1d,kit,Käsre ada gognegän doweae Bundae bälle yagyagag.,Then they went like this straight to find Bundae.,,Verbal Dictionary
fe85bc22-4128-4944-a371-59e60c761faa-ex1,fe85bc22-4128-4944-a371-59e60c761faa,kit,Ngäna obom dädre.,I dressed him.,,Verbal Dictionary
c3c4c149-2d41-4290-b4fa-fa7e24c8950e-ex1,c3c4c149-2d41-4290-b4fa-fa7e24c8950e,kit,Ngäna ud de druwem nägawan.,I knocked on the door.,,Verbal Dictionary
17b6e7cd-5ed5-438d-936b-521d27afb0ea-ex1,17b6e7cd-5ed5-438d-936b-521d27afb0ea,kit,Däräng a ine de naduaban.,The dog knocked the water over.,,Verbal Dictionary
17b6e7cd-5ed5-438d-936b-521d27afb0ea-ex2,17b6e7cd-5ed5-438d-936b-521d27afb0ea,kit,Llo de duduaibnegnän a dattkaemnegän.,Wind blew down the trees and broke them.,WE-ST052 3.4,Verbal Dictionary
7538c425-3109-487d-9102-1e470b3cff5a-ex1,7538c425-3109-487d-9102-1e470b3cff5a,kit,Llɨg a duduli ibi allan.,The boy is going that way.,,Verbal Dictionary
02b0d862-9d59-43df-b930-a894c52a0d8e-ex1,02b0d862-9d59-43df-b930-a894c52a0d8e,kit,Obo ma da duli dan kona me dan.,His house is over there on the corner.,,Verbal Dictionary
02b0d862-9d59-43df-b930-a894c52a0d8e-ex2,02b0d862-9d59-43df-b930-a894c52a0d8e,kit,Duli dan ddob ttängäm me dan.,"She is over there, somewhere else.",,Verbal Dictionary
e4a0e8ff-cca4-4d00-ba51-83e8f208b574-ex1,e4a0e8ff-cca4-4d00-ba51-83e8f208b574,kit,Ine da däbe llɨg kälsre de dätramän duli.,The water carried the little boy away.,,Verbal Dictionary
e4a0e8ff-cca4-4d00-ba51-83e8f208b574-ex2,e4a0e8ff-cca4-4d00-ba51-83e8f208b574,kit,Duli abäll bibi.,"You all, go away.",,Verbal Dictionary
4af4f37c-c0cd-4165-824f-38bd313d8880-ex1,4af4f37c-c0cd-4165-824f-38bd313d8880,kit,Ubi duliduli gobällän a ako duliballe ngäsmäll eran.,They had migrated far away and are now returning from there.,,Verbal Dictionary
ea0e96cf-2a60-474f-888d-5674ebd8ff76-ex1,ea0e96cf-2a60-474f-888d-5674ebd8ff76,kit,Obo masar a dulibatta deyarän gänyaolle.,His grandfather came here from over there.,,Verbal Dictionary
dde7c4ee-6137-413d-bfe5-a4762dd5a312-ex1,dde7c4ee-6137-413d-bfe5-a4762dd5a312,kit,dum papek,wall spanning the width of a building,,Verbal Dictionary
c2bb6185-298b-4a62-9627-be61366d6daa-ex1,c2bb6185-298b-4a62-9627-be61366d6daa,kit,Lla gul ulle da obom dandumeyo.,The large crowd surrounded him.,,Verbal Dictionary
290f6b14-1ac2-45ab-aab0-282bd9405b1d-ex1,290f6b14-1ac2-45ab-aab0-282bd9405b1d,kit,Ubi tämamae duwem gognegän.,They all ate.,,Verbal Dictionary
290f6b14-1ac2-45ab-aab0-282bd9405b1d-ex2,290f6b14-1ac2-45ab-aab0-282bd9405b1d,kit,Duwem bägaeya.,We ate it.,,Verbal Dictionary
6f50b115-30ff-41b6-9610-ddcbbd1a224d-ex1,6f50b115-30ff-41b6-9610-ddcbbd1a224d,kit,"Ada gogon, ""Ddone, ge ade ngämo da yäbdo duwem e a toto duwem e.""","‎He said, ""No, this is for my lunch and for my dinner.""",SE-TN029 9.1,Verbal Dictionary
6f50b115-30ff-41b6-9610-ddcbbd1a224d-ex2,6f50b115-30ff-41b6-9610-ddcbbd1a224d,kit,yäbdo duwem,lunch,,Verbal Dictionary
6f50b115-30ff-41b6-9610-ddcbbd1a224d-ex3,6f50b115-30ff-41b6-9610-ddcbbd1a224d,kit,toto duwem,dinner,,Verbal Dictionary
6a832a56-205f-478e-a12d-80014c294b98-ex1,6a832a56-205f-478e-a12d-80014c294b98,kit,Bangeseya ibi duwemduwem de.,We (incl.) will make a feast.,,Verbal Dictionary
34908cb9-f1c9-48dc-ae99-7a1d72cb0ab9-ex1,34908cb9-f1c9-48dc-ae99-7a1d72cb0ab9,kit,Kuddäll lla da bäne ma de däddellɨgallo.,They destroy the house of the dead man.,,Verbal Dictionary
107a11a5-568c-4209-8368-bb1c95aa89bc-ex1,107a11a5-568c-4209-8368-bb1c95aa89bc,kit,Ngäna mɨnyi mälla de bäddebän.,I will divorce my wife.,,Verbal Dictionary
b100ab8b-3d94-454f-a6cf-ea71a9cbb1a9-ex1,b100ab8b-3d94-454f-a6cf-ea71a9cbb1a9,kit,Ngäna Jepet bom ngämlle llɨg de däddebän.,I adopted Jepet as my son.,,Verbal Dictionary
779b5e65-bf22-4b11-a386-997fcd7a915a-ex1,779b5e65-bf22-4b11-a386-997fcd7a915a,kit,Kollko ddage me godämenän.,He sat on the breadfruit tree branch.,,Verbal Dictionary
5033fdac-4360-433a-8fc6-862a855bfb49-ex1,5033fdac-4360-433a-8fc6-862a855bfb49,kit,Ngämi däbe ddage de danttogeya.,We (excl.) followed that stream.,,Verbal Dictionary
378544fe-540e-46aa-9203-122d80aa7105-ex1,378544fe-540e-46aa-9203-122d80aa7105,kit,ddage bun e,downstream,,Verbal Dictionary
065d0702-7875-45ce-afde-26f9546ee749-ex1,065d0702-7875-45ce-afde-26f9546ee749,kit,Bäne sana da zäme ddageddage gogon.,Your sago palm is already forming flowers.,Winson Warama,Verbal Dictionary
2d49f269-560f-4916-9667-56f8f631fb91-ex1,2d49f269-560f-4916-9667-56f8f631fb91,kit,Ge manggo da ddageddage dan.,That mango tree has too many branches.,,Verbal Dictionary
6e3cecb6-3dd7-48b0-93e1-8bdd71149b24-ex1,6e3cecb6-3dd7-48b0-93e1-8bdd71149b24,kit,ddage llätt e,upstream,,Verbal Dictionary
6927f6e4-955a-4e05-9472-789c55a4f2a3-ex1,6927f6e4-955a-4e05-9472-789c55a4f2a3,kit,Andrew Yuga bom era tongoe e daddengoenän.,Andrew was forcing Yuga to play a game.,,Verbal Dictionary
8b735a55-a99e-43ec-99a2-cfe109d6b5ed-ex1,8b735a55-a99e-43ec-99a2-cfe109d6b5ed,kit,Ddapall a siremang gogon.,The sky got dark.,,Verbal Dictionary
a3a2109a-aee9-46e4-a654-59810701b4b6-ex1,a3a2109a-aee9-46e4-a654-59810701b4b6,kit,Ddapall e ibi allan.,I am going to heaven.,,Verbal Dictionary
3815c29b-11ec-49f3-8ee9-499c44b5d08f-ex1,3815c29b-11ec-49f3-8ee9-499c44b5d08f,kit,Yäbäd de ddapall käkan da dakonewän.,Clouds covered the sun.,,Verbal Dictionary
33923b81-a161-4dd7-9358-f9be2ed0a5f4-ex1,33923b81-a161-4dd7-9358-f9be2ed0a5f4,kit,Ddapall ma da kili ma ttängäm dan.,Heaven is a place of happiness.,,Verbal Dictionary
4cfdfc0f-ef0f-4b34-ba3d-43d2fbc97779-ex1,4cfdfc0f-ef0f-4b34-ba3d-43d2fbc97779,kit,Ngäna ma papek de näddägaban.,I removed the walls.,,Verbal Dictionary
d0578e5c-cbef-45e6-94f5-2bd0d0409cdf-ex1,d0578e5c-cbef-45e6-94f5-2bd0d0409cdf,kit,Bogo ddäddäg de dokonggän oblle.,He cut the meat for her.,,Verbal Dictionary
a9886f33-f786-4a73-abde-a38ae6074779-ex1,a9886f33-f786-4a73-abde-a38ae6074779,kit,Ddob ddägnan ma gullem a dadeg.,There are some edible snakes.,,Verbal Dictionary
a9886f33-f786-4a73-abde-a38ae6074779-ex2,a9886f33-f786-4a73-abde-a38ae6074779,kit,Ge ddia de däbänya wa däddägaebeya.,We cut this deer and ate it.,,Verbal Dictionary
a9886f33-f786-4a73-abde-a38ae6074779-ex3,a9886f33-f786-4a73-abde-a38ae6074779,kit,Llɨg a ddäddäg de näddägan.,The boy ate the meat.,,Verbal Dictionary
a9886f33-f786-4a73-abde-a38ae6074779-ex4,a9886f33-f786-4a73-abde-a38ae6074779,kit,Käza da ge ttang me daddägän ngänäm.,The crocodile bit me in this hand.,,Verbal Dictionary
a9886f33-f786-4a73-abde-a38ae6074779-ex5,a9886f33-f786-4a73-abde-a38ae6074779,kit,"Da bam kungge da naddägän, bongo mɨnyi ttattlle ampug.","If a spider bites you, you will become very ill.",,Verbal Dictionary
8cd755c3-18db-41b5-bd2f-4ae8b96e514f-ex1,8cd755c3-18db-41b5-bd2f-4ae8b96e514f,kit,Ddob llayabira komo ddäddäg a malla ttällanenang dan.,"For some people, the centiepede's bite isn't painful.",,Verbal Dictionary
d1c2dddd-3276-4231-8a88-e9f51949683b-ex1,d1c2dddd-3276-4231-8a88-e9f51949683b,kit,Ngämim ddäddäg abal da deyagnän.,We (excl.) were very hungry for meat (lit. hunger got us).,,Verbal Dictionary
3bb00747-d712-4c88-9d21-e75bd8d6d5b8-ex1,3bb00747-d712-4c88-9d21-e75bd8d6d5b8,kit,Sana dor däpittaemeya a däddägaemeya.,We wove and bound the sago stalks.,,Verbal Dictionary
27fbf435-8426-47c9-865c-e1ac1a491f10-ex1,27fbf435-8426-47c9-865c-e1ac1a491f10,kit,Ge ute da naddägnan ngänäm.,This sore is hurting me.,,Verbal Dictionary
d0739f3a-91dd-4daa-9711-f82612e46f14-ex1,d0739f3a-91dd-4daa-9711-f82612e46f14,kit,ddäddäg ttoe nyäng,leather bag,,Verbal Dictionary
9e59dada-57b9-4f9d-9b0c-d12f61f8bb4f-ex1,9e59dada-57b9-4f9d-9b0c-d12f61f8bb4f,kit,Ddia ddäg de nällɨt.,[You] cut the back of the deer.,,Verbal Dictionary
7e7fea48-52ab-43fb-a2ee-25e9692a298c-ex1,7e7fea48-52ab-43fb-a2ee-25e9692a298c,kit,Bongo polle ddäg me nagrine.,[You] stay outside the fence.,,Verbal Dictionary
b5811624-b61f-4a19-89a7-608e5a362ea4-ex1,b5811624-b61f-4a19-89a7-608e5a362ea4,kit,Amo ingoll anykeanyke da bin peyang goddgenegän gänya mani me?,Whose likeness and name are inscribed on this coin?,,Verbal Dictionary
78de33a2-f41f-4a78-af96-062191ac3e80-ex1,78de33a2-f41f-4a78-af96-062191ac3e80,kit,ttongo pazi ddägatt,one year later,,Verbal Dictionary
78de33a2-f41f-4a78-af96-062191ac3e80-ex2,78de33a2-f41f-4a78-af96-062191ac3e80,kit,au ddägattalle,after the burial,,Verbal Dictionary
025fe7d3-50c4-4fc8-bb8f-22af88886312-ex1,025fe7d3-50c4-4fc8-bb8f-22af88886312,kit,Bogo ddägddäg deyarän.,He came from behind.,,Verbal Dictionary
defe4c2d-b2f5-48a0-93c7-b4865e834102-ex1,defe4c2d-b2f5-48a0-93c7-b4865e834102,kit,Pa bo ddäkop a ddäddäg ma dan.,The kidney of a bird is edible.,,Verbal Dictionary
f9120f59-7435-461a-b9db-ed42e5ac1104-ex1,f9120f59-7435-461a-b9db-ed42e5ac1104,kit,Ubi ddob ttängäm atta guddällmamän.,They arrived from another village.,,Verbal Dictionary
9ee80655-da79-4d23-a16a-99227857a541-ex1,9ee80655-da79-4d23-a16a-99227857a541,kit,Llɨg kälsre da mälla bo ddäll me dan.,The child is on the woman's chest.,,Verbal Dictionary
972c2a87-53cf-4798-b195-37aa0f9ea058-ex1,972c2a87-53cf-4798-b195-37aa0f9ea058,kit,Llo käkäp a goddälläbnalle.,Half of the tree fell over.,,Verbal Dictionary
f0b8ef97-bdc5-46fb-8ecf-8891c1c08d81-ex1,f0b8ef97-bdc5-46fb-8ecf-8891c1c08d81,kit,Lla da däräng peyang tawa de daddällgoeneyo.,The man perused the swamp together with the dog.,,Verbal Dictionary
e3cf1f07-0116-4376-a793-97b818ea6d39-ex1,e3cf1f07-0116-4376-a793-97b818ea6d39,kit,Bogo nyongo de nanddällbogan.,He missed the road.,,Verbal Dictionary
e3cf1f07-0116-4376-a793-97b818ea6d39-ex2,e3cf1f07-0116-4376-a793-97b818ea6d39,kit,Bogo angde tuk i nallnan mo de nanddällbogan ttongo.,She missed a step going up the ladder.,,Verbal Dictionary
457b05f9-d7d4-440c-861e-d3f119452d0e-ex1,457b05f9-d7d4-440c-861e-d3f119452d0e,kit,Naomi bo llɨg a ddäma me dan angällbänan.,Naomi's baby woke up in the baby basket.,SE-LE054 46.1,Verbal Dictionary
1181bd37-1e93-4eef-a267-a2c74fbbb951-ex1,1181bd37-1e93-4eef-a267-a2c74fbbb951,kit,Ngämi ngäma pope aba pate zime ddäma mu de dangeseya.,We (excl.) already paid our uncles the basket payment.,,Verbal Dictionary
9bc52877-5f17-441e-9e6d-0671a14e0369-ex1,9bc52877-5f17-441e-9e6d-0671a14e0369,kit,Dädme ddob wayati de däddaebeya.,We harvested some watermelons there.,,Verbal Dictionary
a959f025-e6aa-4d32-9bec-1e266dfa496d-ex1,a959f025-e6aa-4d32-9bec-1e266dfa496d,kit,Baet a llo ddage me gonddälän.,The cuscus climbed on the tree branch.,,Verbal Dictionary
dce9eccb-3027-4f90-9ce6-d4423c32e44b-ex1,dce9eccb-3027-4f90-9ce6-d4423c32e44b,kit,"Obom dandämoyän ttu we, angde obom ttu we dandämoyän bogo ddone dängllawän, be bogo gonddämän.","She pushed him into the deep, and when she pushed him into the deep, he didn't swim; he drowned.",WE-ST010 2.2,Verbal Dictionary
dce9eccb-3027-4f90-9ce6-d4423c32e44b-ex2,dce9eccb-3027-4f90-9ce6-d4423c32e44b,kit,"Kauga angde Matthew bom ikop dägagän ddänddäm me, bogo mängalae gogbänän walle we, Matthew bom dirängänän.","When Kauga saw Matthew drowning, he quickly jumped into the water and lifted Matthew out.",WE-ST010 3.2,Verbal Dictionary
52972770-5728-4d75-836d-8aab908b9b92-ex1,52972770-5728-4d75-836d-8aab908b9b92,kit,Kok a de ddänddäm allan.,The moon is setting.,,Verbal Dictionary
83c3cd2d-c761-4c01-b011-eed7ef19f43c-ex1,83c3cd2d-c761-4c01-b011-eed7ef19f43c,kit,"Kollba da ddone dan, ede enda nett de nänddäman?","There are no fish, so what sank the net?",,Verbal Dictionary
a6da9e0a-0393-4441-91bb-ea029917cd79-ex1,a6da9e0a-0393-4441-91bb-ea029917cd79,kit,Bogo ereya gagäll de bällnan eran. Diba ttoen da obo näkäp de ddänddäm eran.,She's remembering bad news. This thing makes her worry.,,Verbal Dictionary
49be8308-41e1-4ca6-a7ac-053cd59716c9-ex1,49be8308-41e1-4ca6-a7ac-053cd59716c9,kit,Ngäna ddänddängeny me gogäbän gall atta.,I jumped out of the canoe immediately.,,Verbal Dictionary
04d134fa-2eaf-4054-8037-26ee233d2184-ex1,04d134fa-2eaf-4054-8037-26ee233d2184,kit,Ngäna gall bllablle we däddänmällneg.,I struggled to find the canoe.,,Verbal Dictionary
439ce679-cd6a-4f00-a398-65ce1e6e7894-ex1,439ce679-cd6a-4f00-a398-65ce1e6e7894,kit,Sɨmell a ngoi alle ere ada dänddgabän.,The pig held it with its teeth.,,Verbal Dictionary
147c1070-641d-4bf5-9a17-4768efaa4fc5-ex1,147c1070-641d-4bf5-9a17-4768efaa4fc5,kit,Yesu bom llo tärpamatt toko me danddgeyo.,They crucified Jesus on a wooden cross.,,Verbal Dictionary
36a340e6-4c4c-4cfc-abd7-bab372573a34-ex1,36a340e6-4c4c-4cfc-abd7-bab372573a34,kit,Martin käza de danddgewän.,Martin trapped the crocodile.,,Verbal Dictionary
a28b987a-b2ee-4199-bb46-77a318d2387a-ex1,a28b987a-b2ee-4199-bb46-77a318d2387a,kit,Obo kollmällang aba pate bogo tämamae eka midd de däddelnegnän.,He was explaining all the meanings to his disciples.,,Verbal Dictionary
660ccd7d-44c3-41d4-8037-5246e44d8fe6-ex1,660ccd7d-44c3-41d4-8037-5246e44d8fe6,kit,Ddia da dindu allan.,The deer is running.,,Verbal Dictionary
6df8d735-44b4-421e-afef-32c7834e09b0-ex1,6df8d735-44b4-421e-afef-32c7834e09b0,kit,Ngämira ddob kollba de deyasiyu.,They gave us (excl.) some fish.,,Verbal Dictionary
9c664300-ae87-4587-807c-5fc48ef0c8d5-ex1,9c664300-ae87-4587-807c-5fc48ef0c8d5,kit,Ako ddob kemibi ttoen a dadeg ngasnen ma da.,There are also many other things to do.,,Verbal Dictionary
63014a44-17e9-46ef-a1d2-338c9115a225-ex1,63014a44-17e9-46ef-a1d2-338c9115a225,kit,ddobae mangallang lla,very strong person,,Verbal Dictionary
63014a44-17e9-46ef-a1d2-338c9115a225-ex2,63014a44-17e9-46ef-a1d2-338c9115a225,kit,ddobae melemang lla,very hardworking person,,Verbal Dictionary
7380c0d0-8dbc-454d-acb9-e7267b3dd34a-ex1,7380c0d0-8dbc-454d-acb9-e7267b3dd34a,kit,Bundae ddobaeddobae mikutt gogon.,"Bundae was very, very angry.",WE-ST025 23.1,Verbal Dictionary
ae1f59d4-0993-4f6a-9a4e-495d433daaf4-ex1,ae1f59d4-0993-4f6a-9a4e-495d433daaf4,kit,"Ddobag a Ende eka de panypeny erallo, ddobag a kllokloe panypeny erallo.",Some are speaking Ende; others are speaking a mix.,,Verbal Dictionary
91c6cad1-6df8-4a4e-932e-9bf75f069c77-ex1,91c6cad1-6df8-4a4e-932e-9bf75f069c77,kit,Bogo auma me do wattällang a endagaeya däbem ddoddollem dägnegän.,He used the those things left at the grave to make noise.,,Verbal Dictionary
eb3487af-9c61-4fcb-8c3f-4960276b06d8-ex1,eb3487af-9c61-4fcb-8c3f-4960276b06d8,kit,"Angde tine pittnen a gottamänän, dibaballe ddäganen de dängkam.","After the sago leaf weaving finished, I started putting together the roof.",WE-ST013 3.1,Verbal Dictionary
eb3487af-9c61-4fcb-8c3f-4960276b06d8-ex2,eb3487af-9c61-4fcb-8c3f-4960276b06d8,kit,Lla da päre abo gobällan kottllam bo gollob pallkepallke de dänglläbeyo a kottllam bo patme däddäganeyo.,"Then the people sadly went to the turtle, collected all the pieces of his shell, and put him back together.",WE-ST031 2.24,Verbal Dictionary
61a610c6-b62a-464d-94c5-a341644cd238-ex1,61a610c6-b62a-464d-94c5-a341644cd238,kit,Tongle da addgollan.,The leech is stuck.,,Verbal Dictionary
958ff831-be94-4b72-a386-c3da91225939-ex1,958ff831-be94-4b72-a386-c3da91225939,kit,Ngäna goddägol.,I joined.,,Verbal Dictionary
73c8a29e-3ce7-4fb0-ae01-a6c147bf3397-ex1,73c8a29e-3ce7-4fb0-ae01-a6c147bf3397,kit,Llo pätt me ddogollag dan.,It's leaning on the tree trunk.,,Verbal Dictionary
5cded717-8dcf-43fe-ab30-7d25a795ecea-ex1,5cded717-8dcf-43fe-ab30-7d25a795ecea,kit,Tätäm ibik a ddokddok gogon.,"Yesterday, the digging stick got blunt.",,Verbal Dictionary
d679e21e-1293-487c-ab50-305b373a2b02-ex1,d679e21e-1293-487c-ab50-305b373a2b02,kit,"Ttongo lla da ddone mullae dan sisor gärep kae ine de gudne nyäng e banzämaeyän, adawatta gärep kae ine da mɨnyi ddol bogon a nyäng de bungolltän.","A man cannot pour new wine into an old bag, because the wine will become gassy and it will make the bag explode.",,Verbal Dictionary
69719900-a163-4319-9b78-b378c5dfc678-ex1,69719900-a163-4319-9b78-b378c5dfc678,kit,"Tame eka de da ngäna bäpany, da erame ngäna banddollbog, ede mäzi ngänäm ttättle bageyo.","When I speak Taeme, whenever I make mistakes, they will correct me.",,Verbal Dictionary
70a46742-a9fb-4cf0-b06c-7f02273ce422-ex1,70a46742-a9fb-4cf0-b06c-7f02273ce422,kit,Ngämi bam ge ddobae ddonddo nalla.,We (excl.) are very proud of you for this.,,Verbal Dictionary
58c5c150-b1b8-44f7-b95d-5a31b50d1f97-ex1,58c5c150-b1b8-44f7-b95d-5a31b50d1f97,kit,Ubi oba mängall de gonddoneyo.,They were boasting about their strength.,,Verbal Dictionary
efa1f703-5a08-4ac0-b913-f282965651b1-ex1,efa1f703-5a08-4ac0-b913-f282965651b1,kit,― Bäne kokok a daden? ― Ddone.,― Do you have grandchildren? ― No.,,Verbal Dictionary
efa1f703-5a08-4ac0-b913-f282965651b1-ex2,efa1f703-5a08-4ac0-b913-f282965651b1,kit,Be bogo ddone allan.,But he said no.,,Verbal Dictionary
f06e611b-ff3e-48d3-a453-02541ae8ea7c-ex1,f06e611b-ff3e-48d3-a453-02541ae8ea7c,kit,"Da bongo ddone kandärmang ekag, bäne ikop a säremang bognegnän.","If you don't say sorry, you will go blind.",,Verbal Dictionary
b9846301-9e41-4ffb-8ecc-f83199eafb9b-ex1,b9846301-9e41-4ffb-8ecc-f83199eafb9b,kit,Llamda da ddone ada mikutt gogon obo pate.,The old man got very angry at them.,,Verbal Dictionary
63db1a1f-441d-45c6-b4b0-b02f3ce1323c-ex1,63db1a1f-441d-45c6-b4b0-b02f3ce1323c,kit,Ubi ddone amom ikop dägaeyo.,They didn't see anyone.,,Verbal Dictionary
c69573a0-c063-424e-bee5-93a27787ce28-ex1,c69573a0-c063-424e-bee5-93a27787ce28,kit,Ddone any a lel gogalle.,She wasn't afraid of anything.,,Verbal Dictionary
9b38c8cc-526e-4d26-a876-8cbe2cae5bc9-ex1,9b38c8cc-526e-4d26-a876-8cbe2cae5bc9,kit,Ddone aya mɨnyi ngänäm batramän ttongo ttängäm e.,No one will take me away to another village.,,Verbal Dictionary
c7208b7d-2ec0-4f02-8db3-ace8ee866ca9-ex1,c7208b7d-2ec0-4f02-8db3-ace8ee866ca9,kit,Zon bom inkätt danddugän.,He decapitated John.,,Verbal Dictionary
e691fb8a-01ac-4397-8d6f-d320d31ba039-ex1,e691fb8a-01ac-4397-8d6f-d320d31ba039,kit,Iba kame da e kollba we gopänaeyän.,We (incl.) don't know which fish she turned into.,,Verbal Dictionary
f7faa34a-144b-48c7-89b3-a34058916e8b-ex1,f7faa34a-144b-48c7-89b3-a34058916e8b,kit,E pazi me ka?,In which year?,,Verbal Dictionary
f7faa34a-144b-48c7-89b3-a34058916e8b-ex2,f7faa34a-144b-48c7-89b3-a34058916e8b,kit,Bongo e bin dan ma me?,What is his position in the community?,,Verbal Dictionary
c4a547fa-1a3b-445c-a10e-84baa6bb8432-ex1,c4a547fa-1a3b-445c-a10e-84baa6bb8432,kit,Mälla da maket e nallan.,The woman goes to the market.,,Verbal Dictionary
c4a547fa-1a3b-445c-a10e-84baa6bb8432-ex2,c4a547fa-1a3b-445c-a10e-84baa6bb8432,kit,Ngämo näkäp e gongttagän ada ngaska zime iddob amänong agan.,It came to my mind that maybe it was already midnight.,,Verbal Dictionary
c4a547fa-1a3b-445c-a10e-84baa6bb8432-ex3,c4a547fa-1a3b-445c-a10e-84baa6bb8432,kit,Ngäna mɨnyi bäne eka de bäpänaeneg Ingglis e.,I'm going to translate your words into English.,,Verbal Dictionary
4f6b5613-d41d-4a97-8c4e-b05025c3c634-ex1,4f6b5613-d41d-4a97-8c4e-b05025c3c634,kit,Ge mätta da känaebag e dan.,This yam is for tomorrow.,,Verbal Dictionary
4f6b5613-d41d-4a97-8c4e-b05025c3c634-ex2,4f6b5613-d41d-4a97-8c4e-b05025c3c634,kit,Obo moko da gäbän e dan.,He wants to jump (lit. his desire is to jump).,,Verbal Dictionary
4f6b5613-d41d-4a97-8c4e-b05025c3c634-ex3,4f6b5613-d41d-4a97-8c4e-b05025c3c634,kit,Alla täräp me ibi ge nge de ibeny e dan?,At what time are we going to plant this coconut?,,Verbal Dictionary
4f6b5613-d41d-4a97-8c4e-b05025c3c634-ex4,4f6b5613-d41d-4a97-8c4e-b05025c3c634,kit,Gäddgädd e nängkaman.,He started to fight.,,Verbal Dictionary
0e23fdb9-2122-4164-8c9a-fae6fa0860cf-ex1,0e23fdb9-2122-4164-8c9a-fae6fa0860cf,kit,ebdo ulle,all day,,Verbal Dictionary
64e7edb5-5277-4205-a2a5-7912b92cb55c-ex1,64e7edb5-5277-4205-a2a5-7912b92cb55c,kit,"Be ngämo ttɨle da attkaman, ede ngämlle ddone mullae dan, ngäna tongoe e beyar.","But my leg broke, so I can't go play.",,Verbal Dictionary
8b8c43bf-50bf-4cc8-aad3-df11d2c94bca-ex1,8b8c43bf-50bf-4cc8-aad3-df11d2c94bca,kit,"Da obo ngoe a mamam gognegän, ede Yokon a bäne mätta de notan.","If her teeth are red, then Yokon has eaten your yam.",,Verbal Dictionary
8132983a-e491-4d37-87e7-ca7fae498ceb-ex1,8132983a-e491-4d37-87e7-ca7fae498ceb,kit,"Motu eka, pällämpälläm eka","Hiri Motu, English",,Verbal Dictionary
8132983a-e491-4d37-87e7-ca7fae498ceb-ex2,8132983a-e491-4d37-87e7-ca7fae498ceb,kit,"Ngämo Ende eka da umllang dan, be bäne ddone mäzi umllang dan.","My Ende is fluent, but yours isn't.",,Verbal Dictionary
3222c995-5517-41c5-bcc0-7c12ac2606d8-ex1,3222c995-5517-41c5-bcc0-7c12ac2606d8,kit,Ngäna mɨnyi bäne eka de bäpänaeneg Ingglis e.,I'm going to translate your words into English.,,Verbal Dictionary
3222c995-5517-41c5-bcc0-7c12ac2606d8-ex2,3222c995-5517-41c5-bcc0-7c12ac2606d8,kit,Komlla o kumuddäga lla da mɨnyi utt alle eka de bängaeyo.,Two or three men will send word with the conch shell.,,Verbal Dictionary
4d6a434f-fd1b-4adb-9fd9-093e7bea1382-ex1,4d6a434f-fd1b-4adb-9fd9-093e7bea1382,kit,Ge eka da gongesän ngattong.,This story happened first.,,Verbal Dictionary
4d6a434f-fd1b-4adb-9fd9-093e7bea1382-ex2,4d6a434f-fd1b-4adb-9fd9-093e7bea1382,kit,Ngämo eka kälsre da däbe.,That was my little story.,,Verbal Dictionary
0bd865f6-948b-4aee-949e-f9c63e18a96b-ex1,0bd865f6-948b-4aee-949e-f9c63e18a96b,kit,Gontomoneyo wutt eka we.,They were waiting for the sound of the conch shell.,,Verbal Dictionary
0bd865f6-948b-4aee-949e-f9c63e18a96b-ex2,0bd865f6-948b-4aee-949e-f9c63e18a96b,kit,Alläp de eka eran.,He plays the drum.,,Verbal Dictionary
1fbcbc8a-8b82-4415-a38c-5e14e17c16d2-ex1,1fbcbc8a-8b82-4415-a38c-5e14e17c16d2,kit,Ngäna mɨnyi ada eka bog.,I will say so.,,Verbal Dictionary
1fbcbc8a-8b82-4415-a38c-5e14e17c16d2-ex2,1fbcbc8a-8b82-4415-a38c-5e14e17c16d2,kit,"Män a llɨg de ada eka dägagän, ""Ma we nalle.""","The girl told the boy, ""Go home.""",,Verbal Dictionary
1931a606-817c-4292-9eb1-3f2a84f7ec19-ex1,1931a606-817c-4292-9eb1-3f2a84f7ec19,kit,Borale da eran ttongo ekaeka ma za dan.,The flute is a thing that makes noise.,,Verbal Dictionary
b070e5f1-58ad-43d5-a634-95c302548b6b-ex1,b070e5f1-58ad-43d5-a634-95c302548b6b,kit,Ddia da ge ulle abal ddäddäg dan iba ekaklle me.,Deer is a major animal in our (excl.) land.,,Verbal Dictionary
d1dfb574-cba4-44e2-8e08-ea70243adaaa-ex1,d1dfb574-cba4-44e2-8e08-ea70243adaaa,kit,Ekaklle da llokttang dan.,The ground is hard.,,Verbal Dictionary
b9e5f7fc-095d-4533-ab20-0bc47efa8c87-ex1,b9e5f7fc-095d-4533-ab20-0bc47efa8c87,kit,Kok ekaklle de nganaenen eran.,The moon rotates around Earth.,,Verbal Dictionary
0edd511e-3a13-4a1c-8387-3e79f6126209-ex1,0edd511e-3a13-4a1c-8387-3e79f6126209,kit,De nyonga da ekaklle abal me paplläg eran.,That cockatoo is flying very low.,,Verbal Dictionary
ffd263d7-830c-4c5b-b963-86446e514a31-ex1,ffd263d7-830c-4c5b-b963-86446e514a31,kit,Mälla papa da buddo ulle dan Papua Niugini mi a be kemibi ngättma me ge ekaklle ulle me ako.,Beating one's wife is a big issue in Papua New Guinea but also in many places in the world.,,Verbal Dictionary
38047bd8-a190-403f-bdc5-704f9012f055-ex1,38047bd8-a190-403f-bdc5-704f9012f055,kit,Gudae masamasar aba eka kutt panypeny da kälakälae sapasapang gognegän.,The words of our ancestors were slightly different.,,Verbal Dictionary
51e11cdd-0ecb-4719-b1b9-4102f2773320-ex1,51e11cdd-0ecb-4719-b1b9-4102f2773320,kit,Eka golaemeyo.,They argued.,,Verbal Dictionary
25a6c48a-cba6-4f16-ade9-1942cdbe405d-ex1,25a6c48a-cba6-4f16-ade9-1942cdbe405d,kit,Bogo Adi bäne ttongo llɨtɨtang dan.,He is one of God's messengers. / He is a prophet.,,Verbal Dictionary
cea9574f-a423-42d8-aa05-d1ce27e78475-ex1,cea9574f-a423-42d8-aa05-d1ce27e78475,kit,Oba pate bogo tämamae eka midd de däddelnegnän,He was explaining all the meanings to them.,,Verbal Dictionary
f5191ff1-56b6-4900-b0e5-5f49746dfded-ex1,f5191ff1-56b6-4900-b0e5-5f49746dfded,kit,Ngäna ubim eka mu anggan Mägayam eka walle.,I answer them in Makayam.,,Verbal Dictionary
f5191ff1-56b6-4900-b0e5-5f49746dfded-ex2,f5191ff1-56b6-4900-b0e5-5f49746dfded,kit,"Kottllam a ada eka mu gogän, ""Kandärmang.""","Turtle replied, ""Sorry.""",,Verbal Dictionary
c7e0f165-4997-46e7-8eaf-a9f971eb7e5b-ex1,c7e0f165-4997-46e7-8eaf-a9f971eb7e5b,kit,Ddone ngänäm mulldae allan eka panypeny e.,I am unable to speak.,,Verbal Dictionary
c7e0f165-4997-46e7-8eaf-a9f971eb7e5b-ex2,c7e0f165-4997-46e7-8eaf-a9f971eb7e5b,kit,Ge Llimollang a alla ingollang eka däpanyneyo.,This is how Limol people spoke it.,,Verbal Dictionary
bd3d73df-9ebb-4136-9af3-85913fc2f6be-ex1,bd3d73df-9ebb-4136-9af3-85913fc2f6be,kit,Ge Ende eka panypenyang lla dan.,This is an Ende speaker.,,Verbal Dictionary
8bab8e6c-5d2b-42d9-be47-b7bb7a6ed84c-ex1,8bab8e6c-5d2b-42d9-be47-b7bb7a6ed84c,kit,Ngäna eka panypenyang dan kominiti mi.,I am a spokesperson in the community.,,Verbal Dictionary
1a0602fd-99f0-43da-9e40-ebdb2df170b3-ex1,1a0602fd-99f0-43da-9e40-ebdb2df170b3,kit,Ngämo nagnag aba kämall eka gontemenyne.,I was conversing with my friends.,,Verbal Dictionary
f37f3859-0560-4886-bc1e-cf613210ba5c-ex1,f37f3859-0560-4886-bc1e-cf613210ba5c,kit,Ubi ngämim gänya eka walle mae eka deyantemenynegnän.,They were only speaking to us in this language.,,Verbal Dictionary
359a4449-91f6-497e-9356-0147ecce67a7-ex1,359a4449-91f6-497e-9356-0147ecce67a7,kit,"Angde Yesu a sedusi lla da eka täp me gognegnän, ttongo zuu llayaba sabi tamenyang a dallän oba pate.","When Jesus and the Sadducee were debating, a Pharisee (lit. teacher of the Jewish law) came towards them.",,Verbal Dictionary
a657ce5e-3f34-4c0b-bf1f-93e624926fae-ex1,a657ce5e-3f34-4c0b-bf1f-93e624926fae,kit,Bongo em skul de dättemän?,Which level of school did you finish?,,Verbal Dictionary
f0240feb-b495-45c8-a0f2-d22d2a9f7590-ex1,f0240feb-b495-45c8-a0f2-d22d2a9f7590,kit,"Dageya, emaemae pa de dägäddaebeyo.",They went and killed many different types of birds.,WE-ST025 8.1,Verbal Dictionary
2cc00cc9-c325-49f9-afc6-853ffaabebec-ex1,2cc00cc9-c325-49f9-afc6-853ffaabebec,kit,Ngämo kame dan ematta bongo mikutt alle.,I don't know why you're mad.,,Verbal Dictionary
2cc00cc9-c325-49f9-afc6-853ffaabebec-ex2,2cc00cc9-c325-49f9-afc6-853ffaabebec,kit,"Bogo gongosalle ag me ma we a llabunda bim, umllang dägnegalle ewatta kuddäll gogon lla da.",He would return to the house of the relatives in the morning and inform them why the person died.,,Verbal Dictionary
22ed0099-76bf-428d-889b-27b97a39c6f6-ex1,22ed0099-76bf-428d-889b-27b97a39c6f6,kit,Bongo ematta däräng de nazuwalle?,Why did you shoot the dog?,,Verbal Dictionary
22ed0099-76bf-428d-889b-27b97a39c6f6-ex2,22ed0099-76bf-428d-889b-27b97a39c6f6,kit,Bibi komlla ewatta käptang abal agalla?,Why are you two so wet?,,Verbal Dictionary
56c94c8e-a2db-456e-8915-6b58b7023049-ex1,56c94c8e-a2db-456e-8915-6b58b7023049,kit,Llɨg kälsre de ine da enanae dae dätramän do ddob llayaba pate dängttägän.,The water carried the small boy straight through and he arrived near some people.,,Verbal Dictionary
8e9b7b43-b034-4ec7-b1b9-0619557b252f-ex1,8e9b7b43-b034-4ec7-b1b9-0619557b252f,kit,Obo ttängäm de enanae dowansegän.,He left his village forever.,,Verbal Dictionary
ba286ca0-bb58-4674-9226-3b72f923c7d6-ex1,ba286ca0-bb58-4674-9226-3b72f923c7d6,kit,God bo enanane ttoen pallängkmeny,God's final judgment,,Verbal Dictionary
ba286ca0-bb58-4674-9226-3b72f923c7d6-ex2,ba286ca0-bb58-4674-9226-3b72f923c7d6,kit,Enanae abal ako ngäna gongkäbämenyne.,"Then, at long last, I was diving.",,Verbal Dictionary
6ac4d75b-35cc-4d8a-8644-709442ad95a2-ex1,6ac4d75b-35cc-4d8a-8644-709442ad95a2,kit,"Era lla da bongnonggän ddone mɨnyi kuddäll bogän, be enanaeenanae ttam de bälldän.","He who believes will not die, but will receive eternal life.",,Verbal Dictionary
70c86102-be7d-497e-a1b1-014e6c70414a-ex1,70c86102-be7d-497e-a1b1-014e6c70414a,kit,Ge enda?,What is this?,,Verbal Dictionary
521cdc7e-143f-4ec1-b0af-12ca54e4bb4f-ex1,521cdc7e-143f-4ec1-b0af-12ca54e4bb4f,kit,Diba eka bo bin a endaeya?,What was the name of that language?,,Verbal Dictionary
5629744b-bc95-4460-9580-a06652db1893-ex1,5629744b-bc95-4460-9580-a06652db1893,kit,Bäne eka muu da endag ubira?,What answers do you have for them?,,Verbal Dictionary
fc06b392-9bbe-4b2d-9da5-f7a28e27283b-ex1,fc06b392-9bbe-4b2d-9da5-f7a28e27283b,kit,Bogo tämamae wäte endagaeya mermerae dänggllämnegän.,"Whatever wounds there were, she cleaned them all properly.",,Verbal Dictionary
5934da66-0b65-45b3-84af-01460f548998-ex1,5934da66-0b65-45b3-84af-01460f548998,kit,Bäne mokowang melem a endan?,What is your favorite work?,,Verbal Dictionary
c13fa286-d0b8-4098-bcc8-85d01f8db918-ex1,c13fa286-d0b8-4098-bcc8-85d01f8db918,kit,"Sisri iddob e, bongo ende ngasnges e dan?",What are you doing tonight?,,Verbal Dictionary
d4355d2e-142e-4b45-86ff-f86448d43654-ex1,d4355d2e-142e-4b45-86ff-f86448d43654,kit,Tatuma da enddäna me dan.,The washing place is in the clearing.,,Verbal Dictionary
aa576d16-4eef-4040-924e-6f3882717c0e-ex1,aa576d16-4eef-4040-924e-6f3882717c0e,kit,"Bogo llameny känyärtto ttängäm me dagirnän, ddone enddnaenddna taon e dallnän.",He was staying in quiet places without people; he wasn't going openly into town.,,Verbal Dictionary
6d7b07a9-5b8d-4569-bc79-571128b6a03e-ex1,6d7b07a9-5b8d-4569-bc79-571128b6a03e,kit,Bam era mälla da papa nagan ngämo nag dan.,The woman that hit you is my friend.,,Verbal Dictionary
6d7b07a9-5b8d-4569-bc79-571128b6a03e-ex2,6d7b07a9-5b8d-4569-bc79-571128b6a03e,kit,"Däräng a bam era da naddägan, ngämo dan.",The dog that bit you is mine.,,Verbal Dictionary
6d7b07a9-5b8d-4569-bc79-571128b6a03e-ex3,6d7b07a9-5b8d-4569-bc79-571128b6a03e,kit,Era lla da bongnonggän ddone mɨnyi kuddäll bogän.,The man who believes will not die.,,Verbal Dictionary
b7e4fd34-06b4-4c4e-bde4-4ee4b431772a-ex1,b7e4fd34-06b4-4c4e-bde4-4ee4b431772a,kit,Ibi ngasekäma era nyongo ibi wi dag?,Which road might we (incl.) take?,,Verbal Dictionary
b7e4fd34-06b4-4c4e-bde4-4ee4b431772a-ex2,b7e4fd34-06b4-4c4e-bde4-4ee4b431772a,kit,Bäne era eka dag umllang a?,What languages do you speak?,,Verbal Dictionary
fab3152a-43f7-49c3-a417-202e61566e8d-ex1,fab3152a-43f7-49c3-a417-202e61566e8d,kit,Bongo era Adi bo llɨg dan.,YOU are the son of God.,,Verbal Dictionary
b9463240-7956-41b2-97b6-2cf3dec3918b-ex1,b9463240-7956-41b2-97b6-2cf3dec3918b,kit,nyäng iatt mälla da eraballe za kemibi bokomän,bag with which women carry many things,,Verbal Dictionary
efc36814-51d9-4378-892b-3c0e7f15dbee-ex1,efc36814-51d9-4378-892b-3c0e7f15dbee,kit,Kilikiliangae dinduag a ada gogeyo do oba mokowang abal tatuma da eraeya.,They ran happily like this to where their favorite washing place was.,,Verbal Dictionary
cb30848b-b325-43b2-9fff-3d96ab0edbf9-ex1,cb30848b-b325-43b2-9fff-3d96ab0edbf9,kit,Gagäll rabis wattällnen ma da erag duli utale mae.,The places that are for discarding rubbish are far away.,,Verbal Dictionary
cb30848b-b325-43b2-9fff-3d96ab0edbf9-ex2,cb30848b-b325-43b2-9fff-3d96ab0edbf9,kit,"Ngattong ddone ada deya, ddäddäg a erag?",Before there were lots of them; where are the animals?,,Verbal Dictionary
92c6f53b-8396-4be8-b087-157cf4ec488d-ex1,92c6f53b-8396-4be8-b087-157cf4ec488d,kit,"Ddob kollba da ngäma eragaeya, ddob llayabira dasiaemeya.","Some of the fish that were ours (excl.), we gave them away to other people.",,Verbal Dictionary
201a4787-bd10-4af5-a053-4860eda8af8c-ex1,201a4787-bd10-4af5-a053-4860eda8af8c,kit,"Oba tämamae ttoen bällam ngasnen a eragwaeya, llame dagwaeya.","Everything that the two of them did, they did together.",,Verbal Dictionary
c430fdec-e7a8-45a3-900c-d8f6cf41c426-ex1,c430fdec-e7a8-45a3-900c-d8f6cf41c426,kit,Llimoll a ttängäm dan ngäna erame gozeg.,Limol is the place where I was born.,,Verbal Dictionary
c430fdec-e7a8-45a3-900c-d8f6cf41c426-ex2,c430fdec-e7a8-45a3-900c-d8f6cf41c426,kit,Ngämo kame dan däbe pazi da ngäna erame gozeg.,I do not know in which year I was born.,,Verbal Dictionary
d850f81e-78a1-4202-abc4-8dc663c0ffb5-ex1,d850f81e-78a1-4202-abc4-8dc663c0ffb5,kit,Erame bibi sana de nattkoealla?,Where did you (pl.) cut the sago?,,Verbal Dictionary
5a988bef-96e6-4083-b90e-d8123640852d-ex1,5a988bef-96e6-4083-b90e-d8123640852d,kit,"Däbe abo igi mi eran, däbe bamllamän.",Then she will hold that one that's on the bottom.,,Verbal Dictionary
5a988bef-96e6-4083-b90e-d8123640852d-ex2,5a988bef-96e6-4083-b90e-d8123640852d,kit,Obo sana da eran?,Where is his sago? / Which is his sago?,,Verbal Dictionary
5a988bef-96e6-4083-b90e-d8123640852d-ex3,5a988bef-96e6-4083-b90e-d8123640852d,kit,Bäne eka da eran?,What is your language?,,Verbal Dictionary
f89027db-05e9-4b9c-98bb-d35e1729b6bd-ex1,f89027db-05e9-4b9c-98bb-d35e1729b6bd,kit,Ngämlle erang a ddone dan.,I don't have an exchange sibling.,,Verbal Dictionary
2cf317db-f3a8-4d37-a83e-5c32153e5c57-ex1,2cf317db-f3a8-4d37-a83e-5c32153e5c57,kit,Ngäna erany de dandär.,I heard a scream.,,Verbal Dictionary
c9985f15-5908-44c1-b7dc-0b8a99f1dc45-ex1,c9985f15-5908-44c1-b7dc-0b8a99f1dc45,kit,Bogo erany allan.,He is screaming.,,Verbal Dictionary
c9985f15-5908-44c1-b7dc-0b8a99f1dc45-ex2,c9985f15-5908-44c1-b7dc-0b8a99f1dc45,kit,Lla da män kälsre de erany nägawan.,The man shouted at the little girl.,,Verbal Dictionary
c5994ee0-c8af-4b32-92fc-fb181b188949-ex1,c5994ee0-c8af-4b32-92fc-fb181b188949,kit,Tos de dägazen nyäng ik att de a batri käp de dazer. Angde daerängg mermer gogllayän.,"I took out the torch from inside my bag and put in the batteries. When I tested it, it properly shone.",WE-ST008 2.1,Verbal Dictionary
c5994ee0-c8af-4b32-92fc-fb181b188949-ex2,c5994ee0-c8af-4b32-92fc-fb181b188949,kit,"Be ami ddäddägeyo, mokwang abal daeränggeyo.",But those who tried eating it found that it tasted delicious.,,Verbal Dictionary
fecd4d5c-0bd9-4ed6-88bf-753002525e52-ex1,fecd4d5c-0bd9-4ed6-88bf-753002525e52,kit,Ngäma pemli makäp me gänyan ge ernan erallo.,"Here in our (excl.) family, we are passing on this name.",,Verbal Dictionary
fecd4d5c-0bd9-4ed6-88bf-753002525e52-ex2,fecd4d5c-0bd9-4ed6-88bf-753002525e52,kit,Ngämo kame dan aeya ngämo bin di ge daerän.,I don't know who gave me this name.,,Verbal Dictionary
92b90637-e2a9-40e4-b323-cf400c5119b0-ex1,92b90637-e2a9-40e4-b323-cf400c5119b0,kit,Ge za da llo ernan ma dan.,This thing is for measuring trees.,,Verbal Dictionary
626a1993-17b5-4ee6-a0f5-956f1a374ab5-ex1,626a1993-17b5-4ee6-a0f5-956f1a374ab5,kit,"Angde ubi gongoseyo, ubi ikop dägageyo mamam mätta da Meri erem de dibeyän audaban.","When they returned, they saw that the red yam that Mary had planted disappeared.",,Verbal Dictionary
626a1993-17b5-4ee6-a0f5-956f1a374ab5-ex2,626a1993-17b5-4ee6-a0f5-956f1a374ab5,kit,"Ngäna gem eka de ttättle anggan, ge ddob lla da erem gomoenen amallo.",I correct these words that some people mispronounce.,,Verbal Dictionary
7b7c7b64-1372-43d5-b1ad-6e356aae7c47-ex1,7b7c7b64-1372-43d5-b1ad-6e356aae7c47,kit,Erem mätta de bongo moko eralle?,Which yam do you like?,,Verbal Dictionary
7b7c7b64-1372-43d5-b1ad-6e356aae7c47-ex2,7b7c7b64-1372-43d5-b1ad-6e356aae7c47,kit,dade eremde,whichever,,Verbal Dictionary
076d8422-d393-4320-9176-6477e1606ecb-ex1,076d8422-d393-4320-9176-6477e1606ecb,kit,Llɨg kälsre da ergodnen allan.,The child is crawling.,,Verbal Dictionary
41f9dcdf-8e02-476e-a5d3-955963547b74-ex1,41f9dcdf-8e02-476e-a5d3-955963547b74,kit,Kawam eria me dan oba ttängäm a duli.,"Their land is there, in the Kawam area.",,Verbal Dictionary
89f4540b-9c7c-4ebe-ac9e-f8cf9a3ad457-ex1,89f4540b-9c7c-4ebe-ac9e-f8cf9a3ad457,kit,"Bongo ngänäm dangelbne, ddone ikop dagne, erkoll a dangttawalle.",You were looking for me and didn't see me; the dirty water hid me.,,Verbal Dictionary
821e0c8e-4b11-45e9-b25e-b409fa412836-ex1,821e0c8e-4b11-45e9-b25e-b409fa412836,kit,Dirom de ngäna däbe darälgoe do llo da ulle da ero daeya.,I dragged that cassowary to where that big tree was.,,Verbal Dictionary
af394df6-031b-41af-b149-011f338a8ffd-ex1,af394df6-031b-41af-b149-011f338a8ffd,kit,Ero dan ma da?,Where is the house?,,Verbal Dictionary
efa255c7-6871-4ecc-b17b-29c6b1d21b33-ex1,efa255c7-6871-4ecc-b17b-29c6b1d21b33,kit,"Essie nga wiya-o, bongo ngämo naerongg tater de.","Essie, you come and start weaving my mat.",,Verbal Dictionary
d040d52f-6340-4afc-8cfa-a1b57741a8cd-ex1,d040d52f-6340-4afc-8cfa-a1b57741a8cd,kit,Ddone aya umllang gogon ada erowattäm da ge za da gogezän.,No one knew from where these things came out.,,Verbal Dictionary
69091ce6-451b-47dc-8038-b18a0e2350e5-ex1,69091ce6-451b-47dc-8038-b18a0e2350e5,kit,Ge lla da erowattäm da ngänttägmäll allan?,From where is this man arriving?,,Verbal Dictionary
97f46efe-2708-48da-a335-55fa44daf081-ex1,97f46efe-2708-48da-a335-55fa44daf081,kit,Ge mälla da iba kame da erowede ibi allan.,We (incl.) don't know where this woman is going.,,Verbal Dictionary
baa651a1-dd93-4021-93bb-c38239de32fc-ex1,baa651a1-dd93-4021-93bb-c38239de32fc,kit,Bongo erowe ibi alle?,Where are you going?,,Verbal Dictionary
446d38eb-fdcf-4abd-b01f-ec21f0654f3b-ex1,446d38eb-fdcf-4abd-b01f-ec21f0654f3b,kit,Eso eka nägagan.,He thanked him.,,Verbal Dictionary
446d38eb-fdcf-4abd-b01f-ec21f0654f3b-ex2,446d38eb-fdcf-4abd-b01f-ec21f0654f3b,kit,Eso ulle.,Thank you very much.,,Verbal Dictionary
446d38eb-fdcf-4abd-b01f-ec21f0654f3b-ex3,446d38eb-fdcf-4abd-b01f-ec21f0654f3b,kit,Eso ulle bänene kandärmang e.,Thank you for the gift.,,Verbal Dictionary
446d38eb-fdcf-4abd-b01f-ec21f0654f3b-ex4,446d38eb-fdcf-4abd-b01f-ec21f0654f3b,kit,Eso ulle bänene ngämingg e.,Thank you for the help.,,Verbal Dictionary
65cc6b7b-2568-4cdc-8c01-e52c8b2c6926-ex1,65cc6b7b-2568-4cdc-8c01-e52c8b2c6926,kit,"Census, ddob ako ttoen a dadegaeya, ewede deyaralle patrol a.","There was the census, and also other things: that's why the patrol came.",,Verbal Dictionary
6504b7b2-42eb-4c5c-b224-8f979d519f1a-ex1,6504b7b2-42eb-4c5c-b224-8f979d519f1a,kit,Ewede bongo bäne känyer yununin alle?,Why are you sleeping by yourself?,,Verbal Dictionary
3f07ada1-df15-4d15-a35b-72d6c16afb38-ex1,3f07ada1-df15-4d15-a35b-72d6c16afb38,kit,Obo gablle mättnan ma källän a ddäddäg ttoe dädär alle ngasngesatt daeya.,The belt he wore around his waist was made from animal hide.,,Verbal Dictionary
aa083500-227c-4c55-ab30-b9d28d029b60-ex1,aa083500-227c-4c55-ab30-b9d28d029b60,kit,ttongo gabma bo bin,a white man's name,,Verbal Dictionary
36941da8-5082-45aa-9045-433e5467a363-ex1,36941da8-5082-45aa-9045-433e5467a363,kit,Mätta de gaguma we dägagaeballo.,They stored the yams in the yamhouse.,,
6013ad19-3a17-47ca-b28a-95307bf12776-ex1,6013ad19-3a17-47ca-b28a-95307bf12776,kit,Ubi Ende eka de gagägagäll däpanyallo.,They spoke the Ende language poorly.,,Verbal Dictionary
200aed8a-bbb3-4e9c-9be1-b67eb1775896-ex1,200aed8a-bbb3-4e9c-9be1-b67eb1775896,kit,Ge kollba da gagäll dan.,This fish is bad.,,Verbal Dictionary
200aed8a-bbb3-4e9c-9be1-b67eb1775896-ex2,200aed8a-bbb3-4e9c-9be1-b67eb1775896,kit,"Da ngäna bol de ttang alle bäbädd, ngämo tupi di mɨnyi gagäll bäga.","If I hit the ball with my hand, I will hurt my index finger.",,Verbal Dictionary
200aed8a-bbb3-4e9c-9be1-b67eb1775896-ex3,200aed8a-bbb3-4e9c-9be1-b67eb1775896,kit,Ngämo giddoll a ngattong ai daeyag a be ngäna sisri gagäll ttam e azenan.,"My life was good at first, but now, I have entered a bad life.",,Verbal Dictionary
200aed8a-bbb3-4e9c-9be1-b67eb1775896-ex4,200aed8a-bbb3-4e9c-9be1-b67eb1775896,kit,Panya dae ddone gagäll gogon.,Only the pineapple did not go bad.,,Verbal Dictionary
4b341fc3-9838-4d11-959a-a5962dd58637-ex1,4b341fc3-9838-4d11-959a-a5962dd58637,kit,Ngämo kameny me de gagäll gogon.,He died during my absence.,,Verbal Dictionary
21b451be-b065-4bcd-82d6-888d6d684d7f-ex1,21b451be-b065-4bcd-82d6-888d6d684d7f,kit,Ibim deyanglläbnegän gagäll kup att de.,He brought us out of the depths of sin.,,Verbal Dictionary
c5127aeb-1ec1-4dcc-a2a1-67d40c7f119f-ex1,c5127aeb-1ec1-4dcc-a2a1-67d40c7f119f,kit,Mäkat llɨgllɨgag a dan bäne gaguma me.,There is a rat with babies in your yamhouse.,,Verbal Dictionary
dfed4866-f7be-4468-88d1-270195b1b5b9-ex1,dfed4866-f7be-4468-88d1-270195b1b5b9,kit,Amo gall sisor da däbe?,Whose new canoe is this?,SE-LE054 19.1,Verbal Dictionary
a1f7d883-30d8-40a0-b729-48313c9453dc-ex1,a1f7d883-30d8-40a0-b729-48313c9453dc,kit,"Eka tameny a bongo abo mudan, kälae ttatt gallab a mudan.",You are not allowed to speak or open your jaw even a little.,WE-ST031 2.19,Verbal Dictionary
a1f7d883-30d8-40a0-b729-48313c9453dc-ex2,a1f7d883-30d8-40a0-b729-48313c9453dc,kit,Abo ttatt de gallab a mudan.,Don't you say a word.,,Verbal Dictionary
4db6aeac-39e1-4284-9baf-f4a2f036b2ed-ex1,4db6aeac-39e1-4284-9baf-f4a2f036b2ed,kit,Ubi komlla apte walle gallgall e dängkällneneyo.,The two of them climbed onto the other shore.,,Verbal Dictionary
4db6aeac-39e1-4284-9baf-f4a2f036b2ed-ex2,4db6aeac-39e1-4284-9baf-f4a2f036b2ed,kit,Sämell a dizmollän gälgälag Geleli walle we guspullän a tämamae gomänddnegän.,"The pigs ran to the banks of the Sea of Galilee and fell in, and all of them drowned.",,Verbal Dictionary
b553a929-bc28-4df7-b4b9-f8f6430d82de-ex2,b553a929-bc28-4df7-b4b9-f8f6430d82de,kit,Angde pos ganen a gottamänän ngäna sipel gog.,"When the post planting finished, I took a rest.",WE-ST013 1.6,Verbal Dictionary
ca2d3626-cb39-45fc-a055-82de2a21ad9c-ex1,ca2d3626-cb39-45fc-a055-82de2a21ad9c,kit,Llan de ngämi däganyeya eka we.,We tuned our ears for the sound.,,Verbal Dictionary
2e2c9921-3481-440f-964e-3845da6b3851-ex1,2e2c9921-3481-440f-964e-3845da6b3851,kit,Nag wiya agezän.,"Friend, come out.",SE-TN016 29.2,Verbal Dictionary
2e2c9921-3481-440f-964e-3845da6b3851-ex2,2e2c9921-3481-440f-964e-3845da6b3851,kit,Bogo ma ik atta gogezänän wälläng e dindugän.,He got out from inside and ran into the bush.,,Verbal Dictionary
2e2c9921-3481-440f-964e-3845da6b3851-ex3,2e2c9921-3481-440f-964e-3845da6b3851,kit,"Kandärmang, yu da daollemae llamda da bälle gazenma da ddone mullae gogon.","Sadly, the fire got closer to the old man and he didn't have a way he could escape.",,Verbal Dictionary
d13ade30-1408-4db6-82d4-dcf1a5face7e-ex1,d13ade30-1408-4db6-82d4-dcf1a5face7e,kit,Yäbäd a mermer abal gogezänän.,"The sun came out, shining nicely.",,Verbal Dictionary
d13ade30-1408-4db6-82d4-dcf1a5face7e-ex2,d13ade30-1408-4db6-82d4-dcf1a5face7e,kit,Kok a gazen allan.,The moon is rising.,,Verbal Dictionary
d8af8b3c-96e6-47b1-85fd-2a98690ecb9d-ex1,d8af8b3c-96e6-47b1-85fd-2a98690ecb9d,kit,Käsre tos de dägazen nyäng ik att de a batri käp de dazer.,Then I took the torch out from the bag and put in the batteries.,,Verbal Dictionary
d8af8b3c-96e6-47b1-85fd-2a98690ecb9d-ex2,d8af8b3c-96e6-47b1-85fd-2a98690ecb9d,kit,Aeya obom bigezänän?,Who will come take him out?,,Verbal Dictionary
6ff354ab-c021-4e49-88bf-0dc6e0adcf74-ex1,6ff354ab-c021-4e49-88bf-0dc6e0adcf74,kit,Alläp de era gazibra ttoe alle ttoe amallo.,Drums are skinned with gazibra snake skin.,SE-LE054 143.1,Verbal Dictionary
cd6a0624-8fe9-4c88-b2b0-a09ef6756688-ex1,cd6a0624-8fe9-4c88-b2b0-a09ef6756688,kit,"Kottllam a bogo ada gongnomenynän adaka ddia da zäme ngattong agan, be bogo de amne me gotarnän llo gäba me.","Turtle thought that Deer was already first, but he was in the middle sleeping in the shade of a tree.",WE-ST024 18.1,Verbal Dictionary
cd6a0624-8fe9-4c88-b2b0-a09ef6756688-ex2,cd6a0624-8fe9-4c88-b2b0-a09ef6756688,kit,Ubi ttoenttoen gogneyo llo gäba me.,They were telling stories in the shade.,,Verbal Dictionary
0926b670-ba06-41a8-bf65-c694cc1c7b48-ex1,0926b670-ba06-41a8-bf65-c694cc1c7b48,kit,Män a kädkädag walle we mɨnyi bogbaebän.,The girl will jump into the cold water.,,Verbal Dictionary
0966be7d-b5b5-498d-8b01-38ea3b8373d0-ex1,0966be7d-b5b5-498d-8b01-38ea3b8373d0,kit,Llo gäbagäba de ikop dägagän.,He saw a shady tree.,WE-ST024 15.1,Verbal Dictionary
10fdc32e-7c7f-4aa0-91b6-5261103d2274-ex1,10fdc32e-7c7f-4aa0-91b6-5261103d2274,kit,Gäbänmällang dan.,He is hopping.,,Verbal Dictionary
10fdc32e-7c7f-4aa0-91b6-5261103d2274-ex2,10fdc32e-7c7f-4aa0-91b6-5261103d2274,kit,Män a gall att agäbänan.,The girl jumped out of the canoe.,,Verbal Dictionary
4f41df8f-0d38-4ec2-8a9c-9dbbf5a4d9ba-ex1,4f41df8f-0d38-4ec2-8a9c-9dbbf5a4d9ba,kit,Bogo gäbmäll allan.,He is skipping.,,Verbal Dictionary
4f41df8f-0d38-4ec2-8a9c-9dbbf5a4d9ba-ex2,4f41df8f-0d38-4ec2-8a9c-9dbbf5a4d9ba,kit,Ubi gäbmäll anggan.,They are skipping.,,Verbal Dictionary
f0021f67-0991-410f-8d85-be31587a88c7-ex1,f0021f67-0991-410f-8d85-be31587a88c7,kit,Bogo ttäle gäbmällgäbmäll ibi allan.,"He goes, skipping.",,Verbal Dictionary
e883fbaa-5778-45bf-a543-9e4642ce8a2c-ex1,e883fbaa-5778-45bf-a543-9e4642ce8a2c,kit,Beyawaebe dägdene.,"Alone, he beat sago.",,Verbal Dictionary
0b9bb7ce-f69a-42f8-8cd1-f9130ea06e56-ex1,0b9bb7ce-f69a-42f8-8cd1-f9130ea06e56,kit,Ngäna tri pos dae dägdeneg.,I only sharpened three posts.,,Verbal Dictionary
0c842c89-f34d-4b4f-86ee-e87d43e25d7f-ex1,0c842c89-f34d-4b4f-86ee-e87d43e25d7f,kit,Lla da gäddgädd e bobllabän.,The men go to fight.,,Verbal Dictionary
0c842c89-f34d-4b4f-86ee-e87d43e25d7f-ex2,0c842c89-f34d-4b4f-86ee-e87d43e25d7f,kit,Bongo sämell aba peyang gäddgädd alle.,You are fighting with the pig.,,Verbal Dictionary
0c842c89-f34d-4b4f-86ee-e87d43e25d7f-ex3,0c842c89-f34d-4b4f-86ee-e87d43e25d7f,kit,Ubi gogäddän.,They fought.,,Verbal Dictionary
c9a9ddbc-4463-4529-98af-717a812f199d-ex1,c9a9ddbc-4463-4529-98af-717a812f199d,kit,Mälla da sisri ag me kok de nägäddaeballo kollba tokong e.,"This morning, the women caught grasshopers for bait.",,Verbal Dictionary
cefd6472-9f2a-4ff1-9d7b-0f111060e9de-ex1,cefd6472-9f2a-4ff1-9d7b-0f111060e9de,kit,Ngäma Dowabunang me gällall de ke ami dägäddaebeyo?,Who cut our (excl.) pandanus leaves in Dowabunang?,,Verbal Dictionary
54df402b-7e8a-47fd-802e-6c2417f17255-ex1,54df402b-7e8a-47fd-802e-6c2417f17255,kit,Tutu we dirngäneyo a ubi dägabllabän.,"She pulled her to land, and they stood.",SE-TN019 15.1,Verbal Dictionary
54df402b-7e8a-47fd-802e-6c2417f17255-ex2,54df402b-7e8a-47fd-802e-6c2417f17255,kit,"Dibaya kälepalle danyroene, angde dowae mäse diga, ddia da dam dindugän a dägabällän.","I crept slowly towards it, and when I got close, the deer ran away and stood.",WE-ST008 3.2,Verbal Dictionary
54df402b-7e8a-47fd-802e-6c2417f17255-ex3,54df402b-7e8a-47fd-802e-6c2417f17255,kit,Oba ulle binang a dägabälleyo ada ddia bo sawe ttang alle a kottllam bo ttätt ttang alle.,Their big bosses stood like this: the deer's on the left hand side and the turtle's on the right hand side.,WE-ST024 7.1,Verbal Dictionary
4bd7c4c4-5ee1-4caf-9631-2c52e5f0e092-ex1,4bd7c4c4-5ee1-4caf-9631-2c52e5f0e092,kit,Apapi da llo ttam me gägäb ine nanong dan.,The butterfly drinks the dew on leaves.,,Verbal Dictionary
696d8dce-01fd-44d5-84a1-b5f396af974f-ex1,696d8dce-01fd-44d5-84a1-b5f396af974f,kit,Däräng a ddia de diglibiyu Madura pate.,"The dogs chased the deer, steering it towards Madura.",,Verbal Dictionary
696d8dce-01fd-44d5-84a1-b5f396af974f-ex2,696d8dce-01fd-44d5-84a1-b5f396af974f,kit,Ngäna käza de nägliban.,I scared away the crocodile.,,Verbal Dictionary
2179ecd5-93a3-4cb2-92c8-2772e0cfd5e8-ex1,2179ecd5-93a3-4cb2-92c8-2772e0cfd5e8,kit,"Pa kom de dägläbaebeyo, tot do dangesaemeyo.",They plucked the bird's feathers and made a mess there.,,Verbal Dictionary
9e582137-c969-45c5-b770-c406657a34f7-ex1,9e582137-c969-45c5-b770-c406657a34f7,kit,"Polle ma ik i angde gozenän, up wo gälbänanatt de ikop dägagän.","When he went inside the fence, he saw the fallen ripe banana.",,Verbal Dictionary
6c020940-9886-4902-bb32-65fe51292d12-ex1,6c020940-9886-4902-bb32-65fe51292d12,kit,Ngäma Dowabunang me gällall de ke ami dägäddaebeyo?,Who cut our pandanus leaves at Dowabunang?,SE-LE054 194.1,Verbal Dictionary
2cc33574-1d4c-47d5-8362-71222fdeebe9-ex1,2cc33574-1d4c-47d5-8362-71222fdeebe9,kit,Ngämo llimba da agällbänan.,My fingernail broke.,,Verbal Dictionary
dc7161e1-cff5-4a5b-a720-4d364762ed8d-ex1,dc7161e1-cff5-4a5b-a720-4d364762ed8d,kit,gämällang lla,thief,,Verbal Dictionary
dc7161e1-cff5-4a5b-a720-4d364762ed8d-ex2,dc7161e1-cff5-4a5b-a720-4d364762ed8d,kit,mälla gämäll,adultery (lit. 'wife-stealing'),,Verbal Dictionary
dc7161e1-cff5-4a5b-a720-4d364762ed8d-ex3,dc7161e1-cff5-4a5b-a720-4d364762ed8d,kit,Ngäna sana de gämäll agan bänene.,I stole the sago from you.,,Verbal Dictionary
dc7161e1-cff5-4a5b-a720-4d364762ed8d-ex4,dc7161e1-cff5-4a5b-a720-4d364762ed8d,kit,Ngäna sana de gämäll agan bablle.,I stole the sago for you.,,Verbal Dictionary
a45910b6-0b47-4258-b2de-290f246cd918-ex1,a45910b6-0b47-4258-b2de-290f246cd918,kit,"Da bongo ddone otät de nonttog, bam mɨnyi gämäll nantägegän.","If you do not give him food, he will steal from you.",,Verbal Dictionary
9e460628-5af9-49cd-ad73-a1c86cbf55e2-ex1,9e460628-5af9-49cd-ad73-a1c86cbf55e2,kit,Ngäna bam danggebänängg.,I made you stand.,,Verbal Dictionary
070e1037-f61e-40e0-8548-f0daddd9ccd4-ex1,070e1037-f61e-40e0-8548-f0daddd9ccd4,kit,Ddia de ddone dagmoe bazu.,"Shooting the deer, I didn't miss.",,Verbal Dictionary
070e1037-f61e-40e0-8548-f0daddd9ccd4-ex2,070e1037-f61e-40e0-8548-f0daddd9ccd4,kit,Ttongo eka nagmoeyan.,I forgot to say one thing.,,Verbal Dictionary
075f510a-05e7-41a5-bc0b-f4cd91244a62-ex1,075f510a-05e7-41a5-bc0b-f4cd91244a62,kit,Ngäna bam gämoe nallan.,I am missing you.,,Verbal Dictionary
16fa77f2-6744-4050-9d11-c92c11a0b20d-ex1,16fa77f2-6744-4050-9d11-c92c11a0b20d,kit,Ddob mälla da pane moepang de ikrol alle gällämnan amallo.,Some women wash dirty pots with ash.,,Verbal Dictionary
16fa77f2-6744-4050-9d11-c92c11a0b20d-ex2,16fa77f2-6744-4050-9d11-c92c11a0b20d,kit,Bogo pilatt de dängllämnegan.,He washed the dishes.,,Verbal Dictionary
16fa77f2-6744-4050-9d11-c92c11a0b20d-ex3,16fa77f2-6744-4050-9d11-c92c11a0b20d,kit,"Da bongo källama atta angos, ttang anggälläm.","If you come back from the toilet, wash your hands.",,Verbal Dictionary
e0ff9912-f729-42f2-a686-08b7e4e19d92-ex1,e0ff9912-f729-42f2-a686-08b7e4e19d92,kit,Ge lla da dämen ma toko me inunin allan a mälläng gänggllam allan.,This man is sleeping on a chair and snoring.,,Verbal Dictionary
cfd6a06e-7539-4b61-aff3-fd86e609acbf-ex1,cfd6a06e-7539-4b61-aff3-fd86e609acbf,kit,Ngäna sɨmell de duduli dänggllädalle.,I shoved the pig that way.,,Verbal Dictionary
d157cfde-7809-4510-92be-619f99f1b89c-ex1,d157cfde-7809-4510-92be-619f99f1b89c,kit,Bogo gänya angttägan.,He is coming here.,,Verbal Dictionary
d157cfde-7809-4510-92be-619f99f1b89c-ex2,d157cfde-7809-4510-92be-619f99f1b89c,kit,Ngäna sisri gänya bäne peyang eka tameny allan.,Now I am here talking with you.,,Verbal Dictionary
fa966914-8ca7-41c2-94d8-8303539506f4-ex1,fa966914-8ca7-41c2-94d8-8303539506f4,kit,Bogo gänya nyongo me ibiag da.,He often walks on this road.,,Verbal Dictionary
fa966914-8ca7-41c2-94d8-8303539506f4-ex2,fa966914-8ca7-41c2-94d8-8303539506f4,kit,"Da ngäna ddone yu bipellknegalle bablle, bongo ddone gänya mer yu mi kallkäll bongllaegalle.","If I hadn't chopped this wood for you, you wouldn't have this nice fire to warm up by.",,Verbal Dictionary
727cbb3e-229c-4629-96e5-7030fcfaaa12-ex1,727cbb3e-229c-4629-96e5-7030fcfaaa12,kit,Gänyaballe dallän do we.,"From here, he went there.",,Verbal Dictionary
727cbb3e-229c-4629-96e5-7030fcfaaa12-ex2,727cbb3e-229c-4629-96e5-7030fcfaaa12,kit,"Iba ge kollba da mullae dag, ibi gänyaballe ma we bängäsmäll.",We (incl.) have enough fish; from here we shall return home.,,Verbal Dictionary
1ca1d2ac-c18d-4e49-9f9c-39e6ffdff514-ex1,1ca1d2ac-c18d-4e49-9f9c-39e6ffdff514,kit,Ngämo eka da gänyaeben Ende eka da ge ngäna ere eka allan.,The only language that I speak is this Ende language.,,Verbal Dictionary
9754ec9e-11bb-458a-8571-007b117902ab-ex1,9754ec9e-11bb-458a-8571-007b117902ab,kit,Ede ngämo ttoenttoen llätt a gänyaeya.,So here was the end of my story.,,Verbal Dictionary
10753698-d4df-4e86-811c-13407d00d15e-ex1,10753698-d4df-4e86-811c-13407d00d15e,kit,Oba za da gänyag.,Here are their things.,,Verbal Dictionary
6ea01225-225b-4b11-be32-0cd413f746dc-ex1,6ea01225-225b-4b11-be32-0cd413f746dc,kit,"Oba bin a gänyagaeya ada, Samson, Wawase, a Pedro.","Here were their names: Samson, Wawase, and Pedro.",,Verbal Dictionary
2b1247e7-7367-4076-ac42-3687215d3c4a-ex1,2b1247e7-7367-4076-ac42-3687215d3c4a,kit,"Ge lla komlla da gänyageyo, ibnin allo.","These two people here, they are going.",,Verbal Dictionary
ca80f7f7-6c58-4fb1-84a5-ff0ac5215a87-ex1,ca80f7f7-6c58-4fb1-84a5-ff0ac5215a87,kit,Tätäm ubi komlla gänyagwaeya gonzämeyo.,"Yesterday, the two of them were here passing through.",,Verbal Dictionary
9b7bdf4c-1afb-4233-bb62-d5f2bf784cd6-ex1,9b7bdf4c-1afb-4233-bb62-d5f2bf784cd6,kit,Mälla gänyamasäm dan.,The woman is from here.,,Verbal Dictionary
9b7bdf4c-1afb-4233-bb62-d5f2bf784cd6-ex2,9b7bdf4c-1afb-4233-bb62-d5f2bf784cd6,kit,Gänyamasäm a ddone mermer Ende eka de panypeny erallo.,Here's why they aren't speaking Ende well.,,Verbal Dictionary
50a305c8-e602-469d-bf0e-6196bf0ecaf2-ex1,50a305c8-e602-469d-bf0e-6196bf0ecaf2,kit,Gänyan obo sana da.,Here is his sago.,,Verbal Dictionary
7f7f3456-35eb-4da9-be8c-3d45dbdd7b7b-ex1,7f7f3456-35eb-4da9-be8c-3d45dbdd7b7b,kit,Bäne za de gänyaolle ikom.,Bring your things over here.,,Verbal Dictionary
7f7f3456-35eb-4da9-be8c-3d45dbdd7b7b-ex2,7f7f3456-35eb-4da9-be8c-3d45dbdd7b7b,kit,Eka sasapang a gänyaolle llɨtaem eran mälla walle.,Various languages are arriving here along with women.,,Verbal Dictionary
dd0e2b16-7580-4274-bf19-5f54a86edcea-ex1,dd0e2b16-7580-4274-bf19-5f54a86edcea,kit,Bongo gänyaollemae wiya.,You come over here.,,Verbal Dictionary
b235cbd1-95d0-4a24-a725-fdcd4e6c64cf-ex1,b235cbd1-95d0-4a24-a725-fdcd4e6c64cf,kit,"Ngämo mäda gänyeri guddällän, gänyeri mälla de dällädän.",My father came over here and got a local wife.,,Verbal Dictionary
22751cb5-c2dd-44ce-9675-bf6b41b4530a-ex1,22751cb5-c2dd-44ce-9675-bf6b41b4530a,kit,"Wendy, mamal gänyeriballe yaupe adawatta da mo da bäne peyang bottkamän.","Wendy, jump quickly to this side in case the bridge breaks with you.",,Verbal Dictionary
e64205cb-4e92-4fd7-8bf2-9871c4bb6abc-ex1,e64205cb-4e92-4fd7-8bf2-9871c4bb6abc,kit,Bongo wiya gänyerimae.,You come over here.,,Verbal Dictionary
0d3f1d2e-c98d-406e-ac12-4a1bb21a8690-ex1,0d3f1d2e-c98d-406e-ac12-4a1bb21a8690,kit,Kemu bo llabun a gänyme a Malläm me dadeg.,Kemu has relatives here and in Malam.,,Verbal Dictionary
0d3f1d2e-c98d-406e-ac12-4a1bb21a8690-ex2,0d3f1d2e-c98d-406e-ac12-4a1bb21a8690,kit,Tämamae lla da Ende eka de gänyme Llimoll me panypeny erallo.,All people here in Limol speak Ende.,,Verbal Dictionary
57d1cfc2-d498-43a4-974d-e7f84fb7f7ae-ex1,57d1cfc2-d498-43a4-974d-e7f84fb7f7ae,kit,Emaemae pa de dägäddaebeyo.,They killed many different types of birds.,WE-ST025 8.1,Verbal Dictionary
57d1cfc2-d498-43a4-974d-e7f84fb7f7ae-ex2,57d1cfc2-d498-43a4-974d-e7f84fb7f7ae,kit,Ge lla da sisri gäz e dan.,This man is to be killed now.,,Verbal Dictionary
e5e350fe-8c14-4a4a-b033-d77ed8fe1012-ex1,e5e350fe-8c14-4a4a-b033-d77ed8fe1012,kit,Ge lla da mälla da bom näbäddan.,This man beat his wife.,,Verbal Dictionary
e5e350fe-8c14-4a4a-b033-d77ed8fe1012-ex2,e5e350fe-8c14-4a4a-b033-d77ed8fe1012,kit,Bibi komllaebe gäddnan a mudageyo.,"You two, don't fight.",,Verbal Dictionary
ed222914-bc8a-4dfc-b19d-1913de110122-ex1,ed222914-bc8a-4dfc-b19d-1913de110122,kit,Ge wätät a ddobae moko dan.,This food is delicious.,,Verbal Dictionary
ed222914-bc8a-4dfc-b19d-1913de110122-ex2,ed222914-bc8a-4dfc-b19d-1913de110122,kit,Ge obo mälla dan.,This is his wife.,,Verbal Dictionary
310a6dfa-483a-4567-a5f1-ea249707eee2-ex1,310a6dfa-483a-4567-a5f1-ea249707eee2,kit,"Dagirne ge-e, dirom a daeya känyärdae gongttägän.","I stayed there for a long time, the cassowary came up quietly.",RE_EN061-Warama2017j 30.1,
f3712abe-8bc5-4154-b7ab-0972bc66856e-ex1,f3712abe-8bc5-4154-b7ab-0972bc66856e,kit,Gem de nɨpnae.,You will turn this around.,,Verbal Dictionary
f3712abe-8bc5-4154-b7ab-0972bc66856e-ex2,f3712abe-8bc5-4154-b7ab-0972bc66856e,kit,Ngäna gem eka de ttättle anggan.,I correct these words.,,Verbal Dictionary
1bba724b-2a19-41d8-b778-f1630f5d3d72-ex1,1bba724b-2a19-41d8-b778-f1630f5d3d72,kit,Ddia da däbe ddobae gi daeya.,That deer was fatty.,,Verbal Dictionary
1a31aa0b-38d9-4199-9cca-8aa646356727-ex1,1a31aa0b-38d9-4199-9cca-8aa646356727,kit,"Oba giddoll makäp me ubi ttoen de mermerangae dangesnegneyo, wätät yagnen a,","In their life, they did all things properly.",SE-TN016 4.1,Verbal Dictionary
1a31aa0b-38d9-4199-9cca-8aa646356727-ex2,1a31aa0b-38d9-4199-9cca-8aa646356727,kit,Bäne giddoll a mɨnyi ada bogon ddobae llayaba za gämällangag.,"Your life will be like this, stealing things from people.",SE-TN016 55.1,Verbal Dictionary
5aefd0c6-1911-4717-b4b2-1e20bd6603a2-ex1,5aefd0c6-1911-4717-b4b2-1e20bd6603a2,kit,"Ttongo ause bo bin a Madima, Kinkin ttängäm me giddollag daeya.","An old woman, her name is Madima, was living in Kinkin village.",WE_SN006 1.1,Verbal Dictionary
5aefd0c6-1911-4717-b4b2-1e20bd6603a2-ex2,5aefd0c6-1911-4717-b4b2-1e20bd6603a2,kit,Män a Daru me dagirnän.,The girl lived in Daru.,,Verbal Dictionary
4361b7fe-1077-4613-b344-9f8614cf3cfc-ex1,4361b7fe-1077-4613-b344-9f8614cf3cfc,kit,"Bongo polle ddäg me nagirne, ngäna do amne we balle.",You stay outside the fence; I will go in the middle.,,Verbal Dictionary
4361b7fe-1077-4613-b344-9f8614cf3cfc-ex2,4361b7fe-1077-4613-b344-9f8614cf3cfc,kit,Ende eka da ddone budabän be bagirnän enanae enanae.,"The Ende language will not be lost, but will remain forever.",,Verbal Dictionary
3f77f753-31f4-41d0-9c3f-6c9336db6f34-ex1,3f77f753-31f4-41d0-9c3f-6c9336db6f34,kit,Ge lla da nyäng de giri alle papoe eran.,This man is piercing the bag with a knife.,,Verbal Dictionary
3f77f753-31f4-41d0-9c3f-6c9336db6f34-ex2,3f77f753-31f4-41d0-9c3f-6c9336db6f34,kit,Ngäna giri de dipirngän.,I took out the knife.,,Verbal Dictionary
8ca5c54a-810d-4299-8bd4-0a5c91e4c1a9-ex1,8ca5c54a-810d-4299-8bd4-0a5c91e4c1a9,kit,"Nogat bom ubony a ere daeränggeyo, gudae enanae dɨnggɨgeyo.","When bees started biting Nogat, they really attacked him.",SE-LE054 207.1,Verbal Dictionary
b76178a6-85d1-4460-a4bc-7df0e2a6b3d7-ex1,b76178a6-85d1-4460-a4bc-7df0e2a6b3d7,kit,Aya ngämo up näglebän?,Who took my banana?,,Verbal Dictionary
dd96c222-b4f9-4883-84a3-1ee5df8fb5e5-ex1,dd96c222-b4f9-4883-84a3-1ee5df8fb5e5,kit,Net a gllaenen allan.,The net is floating.,,Verbal Dictionary
dd96c222-b4f9-4883-84a3-1ee5df8fb5e5-ex2,dd96c222-b4f9-4883-84a3-1ee5df8fb5e5,kit,"Ngämi angde gogllaenalla, däbe za da dibeya ka ili därän.","When we paddled, that thing almost disappeared.",,Verbal Dictionary
11cfe131-f9a4-4758-84c1-ee8ac0cb8920-ex1,11cfe131-f9a4-4758-84c1-ee8ac0cb8920,kit,Ngäna mɨnyi gall de bogllae.,I will paddle the canoe.,,Verbal Dictionary
11cfe131-f9a4-4758-84c1-ee8ac0cb8920-ex2,11cfe131-f9a4-4758-84c1-ee8ac0cb8920,kit,"Ngämi kili gogman, kili peyang gall de dagllaeya do Upiara dälltam.","We (excl.) were so happy, with joy we paddled the canoe until we arrived at Upiara.",WE-ST016 4.1,Verbal Dictionary
11cfe131-f9a4-4758-84c1-ee8ac0cb8920-ex3,11cfe131-f9a4-4758-84c1-ee8ac0cb8920,kit,"Ngäna gall de mängamängall dagllae ddia koenmäll e, gall alle gumbiebmeny.",I paddled the canoe quickly to chase the deer with the boat.,WE-ST018 1.10,Verbal Dictionary
fb6bd243-e10e-4e65-aae3-e5cdb35bc2cd-ex1,fb6bd243-e10e-4e65-aae3-e5cdb35bc2cd,kit,"Gällae de dängkamalle, dagllaealle dagllaealle.",They started digging; they dug and dug.,,Verbal Dictionary
8d66189b-0ab2-4b0e-9140-b89979a26763-ex1,8d66189b-0ab2-4b0e-9140-b89979a26763,kit,Yäbäd a mermerae gogllaewän.,The sun shined nicely.,,Verbal Dictionary
beb0c4af-016d-4a21-8926-362098ead489-ex1,beb0c4af-016d-4a21-8926-362098ead489,kit,Ngäna ttall ttoe de nägllewan.,I removed the wallaby skin.,,Verbal Dictionary
ea4089a7-cd2f-4127-b9a8-97549a7aa2c7-ex1,ea4089a7-cd2f-4127-b9a8-97549a7aa2c7,kit,Gällanggälla eran.,He is swimming.,,Verbal Dictionary
ea4089a7-cd2f-4127-b9a8-97549a7aa2c7-ex2,ea4089a7-cd2f-4127-b9a8-97549a7aa2c7,kit,"Tätam ngämi bun i dängallaebeya, ako mutt i dingllaebeya.","Yesterday, we (excl.) swam down the river and then back up the river.",,Verbal Dictionary
dba2c150-16f2-465b-ae72-63e81aaee391-ex1,dba2c150-16f2-465b-ae72-63e81aaee391,kit,Däräng källa de ma ngätt att de baglloaebnalla.,We will take dog poop out from the yards.,,Verbal Dictionary
f2adbe6f-a6da-448a-8c93-2096d748177b-ex1,f2adbe6f-a6da-448a-8c93-2096d748177b,kit,Mälla da go bangesnegnän ine da eramae bizmollnän.,The women will make drains so that the water will run.,,Verbal Dictionary
e3ede3fb-0ff3-44e3-a5e1-1dfd5a6ad636-ex1,e3ede3fb-0ff3-44e3-a5e1-1dfd5a6ad636,kit,Godd ibim deyangesnegän.,God created us (incl.).,,Verbal Dictionary
6b200d5e-b965-453b-b625-feead1434a46-ex1,6b200d5e-b965-453b-b625-feead1434a46,kit,goeg kuddäll,old garden,,Verbal Dictionary
6b200d5e-b965-453b-b625-feead1434a46-ex2,6b200d5e-b965-453b-b625-feead1434a46,kit,Lla da goeg melem anggan.,People do garden work.,Kauga Dobola,Verbal Dictionary
e9180679-f10e-4da3-b842-fb78f283c387-ex1,e9180679-f10e-4da3-b842-fb78f283c387,kit,Lla llɨg a dandärmom mänmän abaene gogäle de.,The boys heard the noise from the girls.,,Verbal Dictionary
4713a6b1-7cf0-40df-92a3-d7fb3858f583-ex1,4713a6b1-7cf0-40df-92a3-d7fb3858f583,kit,Ma de gogo eran.,He is building the house.,,Verbal Dictionary
4713a6b1-7cf0-40df-92a3-d7fb3858f583-ex2,4713a6b1-7cf0-40df-92a3-d7fb3858f583,kit,Nogowallo.,They built it.,,Verbal Dictionary
4713a6b1-7cf0-40df-92a3-d7fb3858f583-ex3,4713a6b1-7cf0-40df-92a3-d7fb3858f583,kit,Ttongo täräp me ngäna ngämo ma gogo we gotäbane.,"One time, I planned to build my house.",WE-ST013 1.1,Verbal Dictionary
4713a6b1-7cf0-40df-92a3-d7fb3858f583-ex4,4713a6b1-7cf0-40df-92a3-d7fb3858f583,kit,Abo bongo ttongo ma sisor de nogo.,You must build a new house.,SE-LE054 13.1,Verbal Dictionary
454057e5-d8a3-4449-8274-2373b8f66a07-ex1,454057e5-d8a3-4449-8274-2373b8f66a07,kit,Pa bo gogodd a malla ddäddäg ma dan.,The bird's spleen is not edible.,,Verbal Dictionary
a8d60d37-7000-4fcc-8efa-a636373b368b-ex1,a8d60d37-7000-4fcc-8efa-a636373b368b,kit,Ibi kumuddäga ine kutt de dogollaebaebeya.,We (incl.) poured out three water buckets.,,Verbal Dictionary
a8d60d37-7000-4fcc-8efa-a636373b368b-ex2,a8d60d37-7000-4fcc-8efa-a636373b368b,kit,Nogollaeb.,[You] pour it.,,Verbal Dictionary
b1525d84-ca8c-47e3-bd7c-9fb8735dcd99-ex1,b1525d84-ca8c-47e3-bd7c-9fb8735dcd99,kit,Gaem ai tater gollaeb de inen anggan.,Gaem is weaving many good mats.,,Verbal Dictionary
951d45cc-b66b-4c8b-976f-df349f4777a0-ex1,951d45cc-b66b-4c8b-976f-df349f4777a0,kit,Mänmän mängalae ine walle danggollaebägeyo.,The girls quickly poured water on someone.,,Verbal Dictionary
de8fe108-4ea5-458e-984b-cb3c415a653f-ex1,de8fe108-4ea5-458e-984b-cb3c415a653f,kit,wit gollob,wheat hull,,Verbal Dictionary
de8fe108-4ea5-458e-984b-cb3c415a653f-ex2,de8fe108-4ea5-458e-984b-cb3c415a653f,kit,Lla da päre abo gobällan kottllam bo gollob pallkepallke de dänglläbeyo.,Then the people sadly went to the turtle and collected all the pieces of his shell.,WE-ST031 2.24,Verbal Dictionary
383979c1-49b0-4c5a-a2a1-8598f4002036-ex1,383979c1-49b0-4c5a-a2a1-8598f4002036,kit,Llamda da gudae dallän polle we gozenän a up golloll me gotogolän.,The old man went through the fence early in the morning and hid behind the banana tree.,,Verbal Dictionary
a0582dae-6661-4496-92f9-4f92869ee997-ex1,a0582dae-6661-4496-92f9-4f92869ee997,kit,"Ngäna gem eka de ttättle anggan, ge ddob lla da erem gomoenen amallo.","I correct these words, which other people mispronounce.",,Verbal Dictionary
fa8300c6-b62d-4d3d-96f6-6de56f24a510-ex1,fa8300c6-b62d-4d3d-96f6-6de56f24a510,kit,"Bongo nalle, otät e nognen.","You, go and cook the food.",,Verbal Dictionary
a0ee16d8-aea1-4b4f-bdb6-efb3307e7c3c-ex1,a0ee16d8-aea1-4b4f-bdb6-efb3307e7c3c,kit,Llo mit de dugonaeballo.,They burned the tree bases.,,Verbal Dictionary
7c5545f5-6957-4ea8-9dc2-83dd9a59bb80-ex1,7c5545f5-6957-4ea8-9dc2-83dd9a59bb80,kit,Ngäna ine ttämttämang yu dägag a ngämo ttäle de dogonaeya.,I boiled water and heated my leg.,,Verbal Dictionary
16b05c31-ce1a-457c-bca2-df1c794d175f-ex1,16b05c31-ce1a-457c-bca2-df1c794d175f,kit,Buk nyäng a gonz alle inenatt a mer abal dan.,Gonz reed is very good to weave book bags with.,SE-LE054 201.1,Verbal Dictionary
2de9a050-0523-4d50-a19f-1fbfb912105b-ex1,2de9a050-0523-4d50-a19f-1fbfb912105b,kit,Gongglem daeben yäbäd ttänttämang me nane ma da.,Immature coconuts are the best when drunk in the hot sun.,Tonny Warama,Verbal Dictionary
abd384be-7c16-41a0-b526-f21d9339a60e-ex1,abd384be-7c16-41a0-b526-f21d9339a60e,kit,greid siks me,in grade six,,Verbal Dictionary
f9c922af-add0-4c6c-91dd-6b3bf01ce261-ex1,f9c922af-add0-4c6c-91dd-6b3bf01ce261,kit,Wayati da duli ge ttängäm gudae ada enddäna gogon wayati dae gogon.,"There were so many watermelon there, this place was like a clearing of only watermelon.",SE_PN010 15.1,Verbal Dictionary
c33b27d8-b970-4243-a307-76041d0f4833-ex1,c33b27d8-b970-4243-a307-76041d0f4833,kit,Gudae ag särem abal me ngäma ngämi otat de mängalae yu dägaebeya.,"In the darkness of early morning, we (excl.) quickly cooked our food.",,Verbal Dictionary
c33b27d8-b970-4243-a307-76041d0f4833-ex2,c33b27d8-b970-4243-a307-76041d0f4833,kit,Bogo gudae abal angällbänan.,He woke up very early in the morning.,,Verbal Dictionary
57c306e5-f43f-4a06-a2b2-950825b6628f-ex1,57c306e5-f43f-4a06-a2b2-950825b6628f,kit,Ngäma ddob gudae att gagäll de dämbälaebnalla.,Some of us (excl.) were remembering bad things from the past.,,Verbal Dictionary
b703ebf6-ce6f-44ba-b6fa-79aebf275d0a-ex1,b703ebf6-ce6f-44ba-b6fa-79aebf275d0a,kit,gudae gudae täräp me,"long, long ago",,Verbal Dictionary
b703ebf6-ce6f-44ba-b6fa-79aebf275d0a-ex2,b703ebf6-ce6f-44ba-b6fa-79aebf275d0a,kit,Komlla nag a dadegwaeya ami gudae deyagirneyo walle ddage menae me.,There were two friends who used to live on the side of the stream.,,Verbal Dictionary
b703ebf6-ce6f-44ba-b6fa-79aebf275d0a-ex3,b703ebf6-ce6f-44ba-b6fa-79aebf275d0a,kit,Dedme mɨnyi bibi obom ikop nägaeyo ada ingollang bogo alla umllang deyagnegän bibim gudae.,"You (pl.) will see him there, just like how he told you before.",,Verbal Dictionary
e6af3530-6ee5-4cec-9cd4-999947a064b3-ex1,e6af3530-6ee5-4cec-9cd4-999947a064b3,kit,gudne lla,old man,,Verbal Dictionary
e6af3530-6ee5-4cec-9cd4-999947a064b3-ex2,e6af3530-6ee5-4cec-9cd4-999947a064b3,kit,Ge ma da gudne dan.,This house is old.,,Verbal Dictionary
eead5503-2d3f-493a-9ce8-6d35078b09b9-ex1,eead5503-2d3f-493a-9ce8-6d35078b09b9,kit,Däräng a gudne ulle gänyaolle ngäsangngäsang allan.,The dog grew up here a long time ago and is always returning.,,Verbal Dictionary
209f427d-74cf-457d-bad4-00ef2d9e6646-ex2,209f427d-74cf-457d-bad4-00ef2d9e6646,kit,Dedme bugimällämän lla da.,People will be standing there.,,Verbal Dictionary
a6311484-d139-46c6-9965-261da50ff3d9-ex1,a6311484-d139-46c6-9965-261da50ff3d9,kit,Bogo lla gul ulle de ikop dägagän.,He saw the big mob of people.,,Verbal Dictionary
a6311484-d139-46c6-9965-261da50ff3d9-ex2,a6311484-d139-46c6-9965-261da50ff3d9,kit,Ngämo yae a ngämo baba gogezäneyo Ende gul att.,My mother and my father came from the Ende crowd.,,Verbal Dictionary
62f5e5a9-bb31-4add-8ce5-86d22390b399-ex1,62f5e5a9-bb31-4add-8ce5-86d22390b399,kit,Ngäna Senti bom umllang däga ngämlle gulag e.,I told Senti to accompany me.,,Verbal Dictionary
4d3d7253-d627-4188-a54c-4f7f38a6af2c-ex1,4d3d7253-d627-4188-a54c-4f7f38a6af2c,kit,Mälla da kemibi kollba de nägäddallo gull alle.,The women caught many fish with the net.,SE-LE054 49.1,Verbal Dictionary
4d3d7253-d627-4188-a54c-4f7f38a6af2c-ex2,4d3d7253-d627-4188-a54c-4f7f38a6af2c,kit,"Angde ngäna gull de ik i däga, käza da gull ik i gozenän.","When I lifted the net up, the crocodile went inside it.",,Verbal Dictionary
0d8f7905-bec7-4d00-883d-1568a8777bf7-ex1,0d8f7905-bec7-4d00-883d-1568a8777bf7,kit,"Ngäna sɨmell de yagnen anggan, käm gullabgullab a.","I'm looking for a pig, one with a fat belly.",,Verbal Dictionary
483feea7-0c4f-407e-b740-84549c0a93ef-ex1,483feea7-0c4f-407e-b740-84549c0a93ef,kit,gullbe da walle,couple,,Verbal Dictionary
483feea7-0c4f-407e-b740-84549c0a93ef-ex2,483feea7-0c4f-407e-b740-84549c0a93ef,kit,Bäne gullbe da daden?,Do you have a husband (lit. does your husband exist)?,,Verbal Dictionary
483feea7-0c4f-407e-b740-84549c0a93ef-ex3,483feea7-0c4f-407e-b740-84549c0a93ef,kit,Gullbeda däban.,That's her husband.,,Verbal Dictionary
e5e1d73c-662f-411b-9606-bc6f73848239-ex1,e5e1d73c-662f-411b-9606-bc6f73848239,kit,"ddia gullbe, sɨmell gullbe","buck, boar",,Verbal Dictionary
1c7ac2ff-a21c-4079-abf1-0bd64a965317-ex1,1c7ac2ff-a21c-4079-abf1-0bd64a965317,kit,Wel gullbe da gongttägän a mägda bo pite de däzinän.,A big wind blew and lifted his mother's skirt.,,Verbal Dictionary
1c7ac2ff-a21c-4079-abf1-0bd64a965317-ex2,1c7ac2ff-a21c-4079-abf1-0bd64a965317,kit,Ngämi yu dägaebnalla angde yogoll gullbe da dipliwän abo.,We (excl.) were cooking them when a rainstorm started.,,Verbal Dictionary
875f6efc-6393-4f6c-93f3-0a9a4b560343-ex1,875f6efc-6393-4f6c-93f3-0a9a4b560343,kit,Bäne yae auli gullbe peyang daeya?,How many husbands does your mother have?,,Verbal Dictionary
42321e8a-370c-4faa-b742-8f0a4b3f588c-ex1,42321e8a-370c-4faa-b742-8f0a4b3f588c,kit,"Ge ekaklle ulle me, gullem sapasapang a dadeg.","In this world, there are many kinds of snakes.",WE-ST007 1.1,Verbal Dictionary
42321e8a-370c-4faa-b742-8f0a4b3f588c-ex2,42321e8a-370c-4faa-b742-8f0a4b3f588c,kit,Gullem llɨg a däbe agezänan tatuma me.,A baby snake came out in that washing place.,,Verbal Dictionary
9fdcf1b5-d15f-4b86-83e3-8fa3fc303be1-ex1,9fdcf1b5-d15f-4b86-83e3-8fa3fc303be1,kit,"Mälla da gänyan, kaptte gullun alle obo bun di omllawan.","The wife is here, her head is wrapped with old cloth.",SE_PI035 18.1,Verbal Dictionary
bdaea47a-ad2d-4a03-bcf2-12e1fb2ba48b-ex1,bdaea47a-ad2d-4a03-bcf2-12e1fb2ba48b,kit,"Angde Kwalde kuddäll agan, Kidarga ako mosen da bäne mik di nanggugan.","When Kwalde died, Kidarga married his older brother's (i.e. Kwalde's) widow.",,Verbal Dictionary
1d374a30-f423-41e2-96e4-4a0ad27ff758-ex1,1d374a30-f423-41e2-96e4-4a0ad27ff758,kit,Yesu lla yaba guwo watt gagäll anyke yuwog de däkällttanegnän.,Jesus cast many evil spirits out from the hearts of men.,,Verbal Dictionary
1d374a30-f423-41e2-96e4-4a0ad27ff758-ex2,1d374a30-f423-41e2-96e4-4a0ad27ff758,kit,Sali bo guwo watt dirom llɨg de ekaekong digezänän.,Out of Sali's chest came a chirping cassowary chick.,,Verbal Dictionary
2318f046-6494-4f6f-bec4-d00af67e0d02-ex1,2318f046-6494-4f6f-bec4-d00af67e0d02,kit,Bogo dadiweya gall guwo me dämenang dagirnän.,He was sitting in the canoe.,,Verbal Dictionary
a896eeac-3e39-433d-b837-6a0e00e42114-ex1,a896eeac-3e39-433d-b837-6a0e00e42114,kit,Bogo guzi de daittän.,She caught a crayfish.,,Verbal Dictionary
c2d73344-d187-4b01-8232-f7fa00f675d9-ex1,c2d73344-d187-4b01-8232-f7fa00f675d9,kit,Baba bo sana da gwaga käpang gogon kikib me.,Dad's sago palm is already producing fruit.,Winson Warama,Verbal Dictionary
c2d73344-d187-4b01-8232-f7fa00f675d9-ex2,c2d73344-d187-4b01-8232-f7fa00f675d9,kit,Llɨg kälekäle da sana gwaga käp alle gotongoenegnän.,The children were playing with the sago fruit.,,Verbal Dictionary
0b4fc24f-f743-4436-bc58-10d6c1845d38-ex1,0b4fc24f-f743-4436-bc58-10d6c1845d38,kit,"Moses adawatta ge gwell de dadräbnegän bibra, bina tikop a llokollokott dag Adi bäne Mer Eka malaem e.","Moses wrote these laws for you all, because your hearts are stubborn to obey God's gospel.",,Verbal Dictionary
9f4c75ee-eaef-4efd-9d53-cb35e24550ee-ex1,9f4c75ee-eaef-4efd-9d53-cb35e24550ee,kit,Gwell eka de ngäna llɨtɨt eran.,I'm telling a secret story.,,Verbal Dictionary
0345e0a6-97a1-44f0-b9e3-fafd644fe74a-ex1,0345e0a6-97a1-44f0-b9e3-fafd644fe74a,kit,"A atka gogon, [obo obo känae] obo känaebag ingäsmäll.","And he said, ""Come back tomorrow.""",WE-ST025 24.1,Verbal Dictionary
0345e0a6-97a1-44f0-b9e3-fafd644fe74a-ex2,0345e0a6-97a1-44f0-b9e3-fafd644fe74a,kit,Llɨg a ddone ako dingäsmällän Bundae bälle yagyag.,The boys didn't return to Bundae.,WE-ST025 46.1,Verbal Dictionary
0345e0a6-97a1-44f0-b9e3-fafd644fe74a-ex3,0345e0a6-97a1-44f0-b9e3-fafd644fe74a,kit,"Däräng käsre dallän do ma we gogon, a täl pallkoll de diwenyän, käsre [adaka] adaka gänyaolle nagda Baet bo llan de täräpnan anggan.","Dog then went to his house, and brought a piece of bamboo. Then, he cut his friend Cuscus's ears.",WE-ST020 1.36,Verbal Dictionary
0345e0a6-97a1-44f0-b9e3-fafd644fe74a-ex4,0345e0a6-97a1-44f0-b9e3-fafd644fe74a,kit,"Dindugän, do täl pallkoll dingällbällnän.",He ran and got a piece of bamboo.,SE-TN016 40.3,Verbal Dictionary
eb7b05bd-5ec8-40ba-9a13-643437aeca74-ex1,eb7b05bd-5ec8-40ba-9a13-643437aeca74,kit,Bogo nyäng de i eran.,She is weaving the basket.,,Verbal Dictionary
eb7b05bd-5ec8-40ba-9a13-643437aeca74-ex2,eb7b05bd-5ec8-40ba-9a13-643437aeca74,kit,Tater de aya diwän?,Who wove the mat?,,Verbal Dictionary
eb7b05bd-5ec8-40ba-9a13-643437aeca74-ex3,eb7b05bd-5ec8-40ba-9a13-643437aeca74,kit,Ngämo yae era lla ngänäm polle dinignän.,"My mother, she used to build sturdy fences like a man.",,Verbal Dictionary
88f9d76c-e33c-4c51-8e53-70e29dfc0850-ex1,88f9d76c-e33c-4c51-8e53-70e29dfc0850,kit,Iba nag ttoen a alla ingoll utale ballän?,How far will our friendship go?,,Verbal Dictionary
b4af4655-da91-4df5-9757-8faceab8e5c8-ex1,b4af4655-da91-4df5-9757-8faceab8e5c8,kit,Bogo ibeny eran.,He is planting.,,Verbal Dictionary
b4af4655-da91-4df5-9757-8faceab8e5c8-ex2,b4af4655-da91-4df5-9757-8faceab8e5c8,kit,Biye de bongo ai dan ibik alle nibe.,You can plant taro with the ibik stick.,,Verbal Dictionary
b4af4655-da91-4df5-9757-8faceab8e5c8-ex3,b4af4655-da91-4df5-9757-8faceab8e5c8,kit,"Ttängäm e gongttägeyo, misdae up daebegaeya ibebatta.",They arrived at the garden; only bananas were planted there.,,Verbal Dictionary
c8d309c8-e5ec-4f8f-9350-548c702ba555-ex1,c8d309c8-e5ec-4f8f-9350-548c702ba555,kit,"Koe, ai dan ibi gänyme beyagernalla.","Koe, it's good the two of us will be living here.",,Verbal Dictionary
58ba4b9f-7523-43d4-8586-e9a2f519ab1e-ex1,58ba4b9f-7523-43d4-8586-e9a2f519ab1e,kit,Ngämi ttongo ebdo me Karama we gobllab inu wi.,"One day, we (excl.) went to Karama to sleep.",,Verbal Dictionary
58ba4b9f-7523-43d4-8586-e9a2f519ab1e-ex2,58ba4b9f-7523-43d4-8586-e9a2f519ab1e,kit,Ngäna maket e ibi allan.,I am going to the market.,,Verbal Dictionary
58ba4b9f-7523-43d4-8586-e9a2f519ab1e-ex3,58ba4b9f-7523-43d4-8586-e9a2f519ab1e,kit,Mälla da gobällän ttängäm e melem e.,The women went to the garden to work.,,Verbal Dictionary
58ba4b9f-7523-43d4-8586-e9a2f519ab1e-ex4,58ba4b9f-7523-43d4-8586-e9a2f519ab1e,kit,Duli abäll bibi.,You all go away.,,Verbal Dictionary
d3c930d5-9f40-4922-a25d-f70ecb9123c8-ex1,d3c930d5-9f40-4922-a25d-f70ecb9123c8,kit,Ge lla da udu peyang ibiag dan.,This man walks with a stick.,,Verbal Dictionary
d3c930d5-9f40-4922-a25d-f70ecb9123c8-ex2,d3c930d5-9f40-4922-a25d-f70ecb9123c8,kit,Män kälsäre da dägabällän a ibnin de gongkamän.,The little girl stood up and began to walk.,,Verbal Dictionary
e92c8d51-3bf2-48c0-a327-139b148b44b8-ex1,e92c8d51-3bf2-48c0-a327-139b148b44b8,kit,Däräng aba mäda Kwalde bäne ibiatt de dongkollmälleyo.,The dogs followed their owner Kwalde's footprints.,,Verbal Dictionary
c00e765c-dfc6-4fda-8a56-1ccc25e11f24-ex1,c00e765c-dfc6-4fda-8a56-1ccc25e11f24,kit,Tätäm ibik a ddokddok gogon.,"Yesterday, the digging stick became blunt.",,Verbal Dictionary
c00e765c-dfc6-4fda-8a56-1ccc25e11f24-ex2,c00e765c-dfc6-4fda-8a56-1ccc25e11f24,kit,Biye de bongo ai dan ibik alle nibe.,You can plant taro with the ibik stick.,SE-LE054 92.1,Verbal Dictionary
8a8a57c3-7f1a-4d05-b18c-d424f0610ab8-ex1,8a8a57c3-7f1a-4d05-b18c-d424f0610ab8,kit,"Ai dan, käza da ddone ibim beyaddägän.","It's alright, the crocodile won't bite us.",,Verbal Dictionary
03f4cd50-85f0-4c96-8cb8-512eb34484bf-ex1,03f4cd50-85f0-4c96-8cb8-512eb34484bf,kit,"Bongo nalle sana ma, ngäna tudi ma balle ibra kollba ma.","You go for sago, and I will go fishing to get fish for us.",,Verbal Dictionary
b1da0fb8-a5fb-4ef2-833c-03b434efaf0c-ex1,b1da0fb8-a5fb-4ef2-833c-03b434efaf0c,kit,Ubi mɨnyi mätta de bidaebneyo.,They will dig up the yams and bring them over.,,Verbal Dictionary
b1da0fb8-a5fb-4ef2-833c-03b434efaf0c-ex2,b1da0fb8-a5fb-4ef2-833c-03b434efaf0c,kit,Ada wayati da moko alle dädeyo.,[You] pick watermelons as you please.,,Verbal Dictionary
76128d14-ffa6-48a6-8ed6-b84ee9e4d447-ex1,76128d14-ffa6-48a6-8ed6-b84ee9e4d447,kit,Ubi ada ka bogo idd daeya.,They thought she was a ghost.,,Verbal Dictionary
f7edbbda-1632-449c-aa60-00719d51a602-ex1,f7edbbda-1632-449c-aa60-00719d51a602,kit,"Angde iddob gogon, ngäna inu wi dalle.","When night came, I went to sleep.",,Verbal Dictionary
f7edbbda-1632-449c-aa60-00719d51a602-ex2,f7edbbda-1632-449c-aa60-00719d51a602,kit,"Bäne moko daden ibi kollba ma sisiri beyareya, ako iddob abal e bonttägmällnalla.","You want for us to go fishing now, so we will arrive late at night.",,Verbal Dictionary
f7edbbda-1632-449c-aa60-00719d51a602-ex3,f7edbbda-1632-449c-aa60-00719d51a602,kit,Däbe ttall a iddob me guddällän.,That wallaby arrived at night.,,Verbal Dictionary
8df28c5b-9fa0-4432-a68a-638f4c0e78b0-ex1,8df28c5b-9fa0-4432-a68a-638f4c0e78b0,kit,Ttongdae mɨnyi awi alle do iddob amnong a ttongo ako iddob amnong alle do bädab bagirnän.,"One will stay from evening to midnight, and another will stay from midnight until dawn.",,Verbal Dictionary
0127d084-6e89-4e33-9995-821199a00e32-ex1,0127d084-6e89-4e33-9995-821199a00e32,kit,Ttongo mälla da iddpo de nällpäganegnan.,One woman was hanging the clothes.,,Verbal Dictionary
0127d084-6e89-4e33-9995-821199a00e32-ex2,0127d084-6e89-4e33-9995-821199a00e32,kit,Obo iddpo da pällämpälläm a gombenmällnegnän.,His clothes were white and shining.,,Verbal Dictionary
6a6a6276-5329-46b7-88cf-8a7bf9a75ca4-ex1,6a6a6276-5329-46b7-88cf-8a7bf9a75ca4,kit,"Tuk me gogäbaebän dowede ada gogon, ine ik gongkäbägän do igi abal.","On top he jumped like this into the water, down to the very bottom.",SE-TN016 46.1,Verbal Dictionary
6a6a6276-5329-46b7-88cf-8a7bf9a75ca4-ex2,6a6a6276-5329-46b7-88cf-8a7bf9a75ca4,kit,Igi me era däbe namllam.,[You] grab the one on the bottom.,,Verbal Dictionary
3cd7f633-83bf-42fb-add7-a307dc4d3e13-ex1,3cd7f633-83bf-42fb-add7-a307dc4d3e13,kit,Ge dädär de igi me era ekaklle da dakonenegän.,"These rocks underneath, the soil covered them.",,Verbal Dictionary
e32e66c2-70ab-42c8-9188-f2940d19f2f0-ex1,e32e66c2-70ab-42c8-9188-f2940d19f2f0,kit,"Ge lla da aeya ngämo imnealle beyarän, bogo mängallang abal dan, ngäna obo igiigi me dan.","The man that will come after me, he is very powerful; I am beneath him.",,Verbal Dictionary
aefe1171-7b89-457f-991d-e913c7ace498-ex1,aefe1171-7b89-457f-991d-e913c7ace498,kit,Bongo bäne igi pite de zäme amättalle?,Did you already put on your underpants?,SE-LE054 67.1,Verbal Dictionary
b34f6c84-026b-4eef-acc2-6f966efad93c-ex1,b34f6c84-026b-4eef-acc2-6f966efad93c,kit,Bogo dindugän do kukiny mama de ikop dägagän dibaeya däbe ik e gotärakän do gotägolän.,"He ran to a pile of tall grass that he saw, went inside, and hid there.",SE-TN016 22.1,Verbal Dictionary
b34f6c84-026b-4eef-acc2-6f966efad93c-ex2,b34f6c84-026b-4eef-acc2-6f966efad93c,kit,Lama wa Mana ubi kandärmang me goensegäneyo adawatta Emi aoli kuddäll de ine ik me ikop dägagän.,Lama and Mana were both feeling sorry because they saw that Emi almost died in the water.,SE-TN019 32.1,Verbal Dictionary
b34f6c84-026b-4eef-acc2-6f966efad93c-ex3,b34f6c84-026b-4eef-acc2-6f966efad93c,kit,"Bogo poper gogon, ma ik atta gogezänän wälläng e dindugän.","He was shocked, got out from inside, and ran into the bush.",,Verbal Dictionary
e0c2d8bb-5c5e-4ddf-bfbc-458cb4272714-ex1,e0c2d8bb-5c5e-4ddf-bfbc-458cb4272714,kit,Ngänäm ikikib da nallan.,My head is spinning (lit. dizziness has gotten me).,,Verbal Dictionary
aa2cf0fa-2709-4716-91a2-d704e39b8124-ex1,aa2cf0fa-2709-4716-91a2-d704e39b8124,kit,Yu ikllo da ttongo eka ngangema ttoen dan.,Smoke is one way of sending a message.,,Verbal Dictionary
80e075a6-e983-45c9-a27d-2064c1c7dbde-ex1,80e075a6-e983-45c9-a27d-2064c1c7dbde,kit,Ubi abo diba ikoll me ma we dängäsmällän.,They then returned home from the incident.,WE-ST023 17.1,Verbal Dictionary
80e075a6-e983-45c9-a27d-2064c1c7dbde-ex2,80e075a6-e983-45c9-a27d-2064c1c7dbde,kit,"Bongo adawede eka dändärmeny agnalle, ikoll a nagan.","You weren't listening, so it came back to bite you (lit. 'the trouble got you').",,Verbal Dictionary
01377817-87a1-47b8-8b0d-4cd94210e615-ex1,01377817-87a1-47b8-8b0d-4cd94210e615,kit,Llamäg o mällause täräp me iba ikop a mɨnyi säremang bognegän.,"During old age, our (incl.) eyes will go dim.",SE-LE054 80.1,Verbal Dictionary
9a35eeae-6106-4d04-bfe0-307311be60cc-ex1,9a35eeae-6106-4d04-bfe0-307311be60cc,kit,Lla da lla de ikop eran.,A person sees a person.,,Verbal Dictionary
9a35eeae-6106-4d04-bfe0-307311be60cc-ex2,9a35eeae-6106-4d04-bfe0-307311be60cc,kit,Ngäna ddia de ikop nägagan a nazuan.,I saw a deer and shot it.,,Verbal Dictionary
805085f1-5459-4f34-9f29-d4b7490fea3f-ex1,805085f1-5459-4f34-9f29-d4b7490fea3f,kit,Ikopag imne we.,(You) look back.,,Verbal Dictionary
805085f1-5459-4f34-9f29-d4b7490fea3f-ex2,805085f1-5459-4f34-9f29-d4b7490fea3f,kit,Omägag a obo nyäng e ikop gogon.,The fortune-teller looked into her bag.,,Verbal Dictionary
805085f1-5459-4f34-9f29-d4b7490fea3f-ex3,805085f1-5459-4f34-9f29-d4b7490fea3f,kit,Lla da däbe ikop dägneyo käza de.,People were looking at that crocodile.,,Verbal Dictionary
805085f1-5459-4f34-9f29-d4b7490fea3f-ex4,805085f1-5459-4f34-9f29-d4b7490fea3f,kit,Ge lla de ikop nägayaebeyo!,(You all) look at these people!,,Verbal Dictionary
c30a6e5b-397a-4ed7-9de0-ecd8570b1a0b-ex1,c30a6e5b-397a-4ed7-9de0-ecd8570b1a0b,kit,Llɨg a wa män a ubi ikop goddägneyo.,The boy and the girl looked at each other.,,Verbal Dictionary
55de06f6-f34f-4ab6-95f7-83657e8ed05b-ex1,55de06f6-f34f-4ab6-95f7-83657e8ed05b,kit,Masar era ngämim ikop deyaddägnän.,"Grandfather, he was watching us.",,Verbal Dictionary
0926485b-6925-4cf4-b05b-d8f4100c5675-ex1,0926485b-6925-4cf4-b05b-d8f4100c5675,kit,kämbmeny ma ikop glas,diving goggles,,Verbal Dictionary
ceb61354-f476-4b49-abf8-7531a0c47039-ex1,ceb61354-f476-4b49-abf8-7531a0c47039,kit,Ubi ikopikop gogaebne.,They were watching.,,Verbal Dictionary
ceb61354-f476-4b49-abf8-7531a0c47039-ex2,ceb61354-f476-4b49-abf8-7531a0c47039,kit,Ge lla da obom ikoikop eran.,This person is watching him.,,Verbal Dictionary
20045e0d-c363-4dd7-bcbb-96fcbe7cfc4e-ex1,20045e0d-c363-4dd7-bcbb-96fcbe7cfc4e,kit,"Steven a Kange, däräng de dällädeyo, pakos de dängkäneyo, ikop ku att de, däräng a ttam gogän.","Steven and Kange grabbed the dog, pulled out the arrow from his pupil, and the dog lived.",,Verbal Dictionary
fdb8732a-2dc7-45af-bc4a-62373ba99400-ex1,fdb8732a-2dc7-45af-bc4a-62373ba99400,kit,"Eiz itrell a ikopmeny dan, lla bo mam me dan.",HIV is invisible; it's in a person's blood.,,Verbal Dictionary
fdb8732a-2dc7-45af-bc4a-62373ba99400-ex2,fdb8732a-2dc7-45af-bc4a-62373ba99400,kit,Ause da kollba we gopnaeyän a ine ik mi ikopmeny gogän.,The woman turned into a fish and disappeared into the water.,,Verbal Dictionary
0fd710be-d7a2-4c6b-87e4-1e69ae2297d4-ex1,0fd710be-d7a2-4c6b-87e4-1e69ae2297d4,kit,"Ubi mɨnyi ikop särem atta buspullnän nyongo me, adawatta ma we ibima da utale abal dan.",They will faint and fall on the road because going home is a very long journey.,,Verbal Dictionary
e63e2c7a-1305-47e5-afab-841a0a984628-ex1,e63e2c7a-1305-47e5-afab-841a0a984628,kit,"Känaebag, ngäna mɨnyi ikopse we beyar, ikopse ttamänatt me mɨnyi Upiara we bongos.","Tomorrow, I am going to go pray, and after I finish praying, I will return to Upiara.",,Verbal Dictionary
54a77ca3-8ffa-4982-9043-1bec0b331671-ex1,54a77ca3-8ffa-4982-9043-1bec0b331671,kit,Bongo mɨnyi mikutt mi iba ikopse ma de nälläk?,Will you burn our (incl.) church in anger?,,Verbal Dictionary
1661c0ed-0b2b-45fe-9f93-cc390dd14fde-ex1,1661c0ed-0b2b-45fe-9f93-cc390dd14fde,kit,Oba masamasar abaene ttoen de zuu aba ikopse ma ma me däntamenyaemneyo.,They learned the ways of their ancestors in the Jewish temple.,,Verbal Dictionary
00fdddbc-9ebb-4d8c-ac38-13005e4e054f-ex1,00fdddbc-9ebb-4d8c-ac38-13005e4e054f,kit,"Däbe ikop songgorag lla da ada eka dägagän, ""Ngämo moko da mermer ikopang e dan.""","That blind man said, ""I wish to see properly.""",,Verbal Dictionary
ab320453-1c7d-4863-9b36-b0e24470b55d-ex1,ab320453-1c7d-4863-9b36-b0e24470b55d,kit,Llamda da up golloll me gotogolän a ikop su gognän känyertto ubira ikop e ami obo up de gämäll alle däglebneyo.,The old man hid behind the banana tree and peeked quietly to see those who were stealing his banana.,,Verbal Dictionary
efd2be3b-9703-48e4-8638-41fe6adc9ef5-ex3,efd2be3b-9703-48e4-8638-41fe6adc9ef5,kit,Ikrol da duwamänän.,The ash dissipated.,,Verbal Dictionary
479bae39-b336-4c80-9f27-ff4128b4e18d-ex1,479bae39-b336-4c80-9f27-ff4128b4e18d,kit,Ngämi ili ibi eran mondre ma dan.,It's where we (excl.) go gardening.,,Verbal Dictionary
479bae39-b336-4c80-9f27-ff4128b4e18d-ex2,479bae39-b336-4c80-9f27-ff4128b4e18d,kit,"Da duli melem e ballän, ili Mospi o ili ballän, ede Ingglis eka de mɨnyi bäpanyän.","If she goes away for work, in Port Moresby or wherever she goes, then she will speak English.",,Verbal Dictionary
eace7060-1c2d-4e2b-bf1d-984ea1a887c9-ex1,eace7060-1c2d-4e2b-bf1d-984ea1a887c9,kit,Bongo ili kanyekanye gogäne?,Where have you travelled to?,,Verbal Dictionary
755489ad-b9e2-4996-b136-72200f6ce9d5-ex1,755489ad-b9e2-4996-b136-72200f6ce9d5,kit,"Da ilibattäm lla da bogon, da ada Upiara watt, ngäna obom era ede mɨnyi pällämpälläm eka walle eka bäntameny.","If the person is from elsewhere (i.e. non-Ende villages), then I would speak with him using English.",,Verbal Dictionary
e0d928a6-bd20-4ad5-a50a-019b9e68ec07-ex1,e0d928a6-bd20-4ad5-a50a-019b9e68ec07,kit,"Gall me bogo ngattong e, ngäna imne we, käza da amne me daeya.","She was in front of the canoe, I was in the rear, and the crocodile was in the middle.",,Verbal Dictionary
e0d928a6-bd20-4ad5-a50a-019b9e68ec07-ex2,e0d928a6-bd20-4ad5-a50a-019b9e68ec07,kit,"Ddia da säre imne gogon, kottllam a ngattong gongttägän ttamän ma ngättma we.","Sadly, Deer was behind; Turtle had arrived to the finish line first.",,Verbal Dictionary
e0d928a6-bd20-4ad5-a50a-019b9e68ec07-ex3,e0d928a6-bd20-4ad5-a50a-019b9e68ec07,kit,Ddob lla da ami imne dongkollmällaemneyo lel gognegnän,The others who were following in the back were scared.,,Verbal Dictionary
e0d928a6-bd20-4ad5-a50a-019b9e68ec07-ex4,e0d928a6-bd20-4ad5-a50a-019b9e68ec07,kit,Ngäna bäne imne ballne.,I will walk behind you.,,Verbal Dictionary
37dd5f00-4c6b-4991-8233-4e1fbb6f7acf-ex1,37dd5f00-4c6b-4991-8233-4e1fbb6f7acf,kit,"Ngäma mäda gagäll gogon, ngäma mäg ako imne gagäll gogon.","Our (excl.) father passed away; later, our mother passed away too.",,Verbal Dictionary
37dd5f00-4c6b-4991-8233-4e1fbb6f7acf-ex2,37dd5f00-4c6b-4991-8233-4e1fbb6f7acf,kit,"Imne duwem ag, ngattong ttang de anggälläm.",Eat after you wash your hands first.,,Verbal Dictionary
bbe72949-c2bf-4b19-8235-2dceb4e2c9b4-ex1,bbe72949-c2bf-4b19-8235-2dceb4e2c9b4,kit,däbe imnealle,after that,,Verbal Dictionary
bbe72949-c2bf-4b19-8235-2dceb4e2c9b4-ex2,bbe72949-c2bf-4b19-8235-2dceb4e2c9b4,kit,kumuddäga pazi imnealle,three years later,,Verbal Dictionary
49528d76-9dc4-403d-af0a-ce3f5a5a4a14-ex1,49528d76-9dc4-403d-af0a-ce3f5a5a4a14,kit,Yäbäd imneimne gongbeabogän ddone dingmenän.,"Sun chased him from behind, but did not reach him.",SE-TN029 27.1,Verbal Dictionary
6f76e6dc-8b4f-416e-9183-f2fcdc8e98e3-ex1,6f76e6dc-8b4f-416e-9183-f2fcdc8e98e3,kit,Ngämo nag zäme angttägan be ngäna mɨnyi imneimne bongttäg.,"My friend already arrived, but I will arrive later.",,Verbal Dictionary
11c0ca83-151b-4919-a106-16bafd6246fc-ex1,11c0ca83-151b-4919-a106-16bafd6246fc,kit,Imnong e ubi dädmawän sipel e.,"After a while, they sat down to rest.",,Verbal Dictionary
1a2488cf-27a7-41b8-b832-aa6ccf0ede8a-ex1,1a2488cf-27a7-41b8-b832-aa6ccf0ede8a,kit,Ngäna bibim imomdae de umllang anggan.,I am telling you (pl.) truths.,,Verbal Dictionary
1a2488cf-27a7-41b8-b832-aa6ccf0ede8a-ex2,1a2488cf-27a7-41b8-b832-aa6ccf0ede8a,kit,Bongo imomdae de ekalle.,You are speaking the truth.,,Verbal Dictionary
01d7139a-1e7a-4ec4-870f-e16742d13232-ex1,01d7139a-1e7a-4ec4-870f-e16742d13232,kit,Ge gänyan Ende imomdae eka dan.,This here is the true Ende language.,,Verbal Dictionary
01d7139a-1e7a-4ec4-870f-e16742d13232-ex2,01d7139a-1e7a-4ec4-870f-e16742d13232,kit,"Ubi anykeanyke dae ikop dägageyo, ubi ddone imomdae up pätt de ikop dägageyo.",They saw only the reflection; they did not see the actual banana plant.,,Verbal Dictionary
01d7139a-1e7a-4ec4-870f-e16742d13232-ex3,01d7139a-1e7a-4ec4-870f-e16742d13232,kit,"Sos me ada eka anggan, ""Iba pätt a God bo imomdae giddoll ma dan.""","They say in church, ""Our (incl.) bodies is where God truly resides.""",,Verbal Dictionary
06a143ec-416e-431f-b851-9796ead44c6a-ex1,06a143ec-416e-431f-b851-9796ead44c6a,kit,"Bongo imomdae abal de ekalle ada, Adi da ttongdae dan.",You are very right in saying that God is one.,,Verbal Dictionary
6c84e60f-9ba4-4e33-b667-9ecb02bcc728-ex1,6c84e60f-9ba4-4e33-b667-9ecb02bcc728,kit,"Bogo ddone komlla näkäpang bogon obo tikop me, be imomdae bägagän.","He will not be doubtful (lit. two-minded) in his heart, but will believe it.",,Verbal Dictionary
a5f3be8e-cd97-4bac-b132-943818a6bd58-ex1,a5f3be8e-cd97-4bac-b132-943818a6bd58,kit,Ngäma umllang dan bongo imomdae ttättlle panypenyang dan.,We (excl.) know that you speak honestly.,,Verbal Dictionary
f43c1c19-7ab9-415b-bb16-43351ec342a4-ex1,f43c1c19-7ab9-415b-bb16-43351ec342a4,kit,Imomdae ttoen peyang ikopse dae ada ingollang gagäll anyke de bäkällttanegän.,Only with faith and prayer can the evil spirits be cast out.,,Verbal Dictionary
a655c3e7-2ef9-40f6-8b81-9aa2d4f6a848-ex1,a655c3e7-2ef9-40f6-8b81-9aa2d4f6a848,kit,Tämamae ttoen a kuddukuddull dag oblle aeya imomdae ttoenang bognän.,Everything is easy for he who may be a believer.,,Verbal Dictionary
e9f12541-0f85-4418-9d15-789c695f1287-ex1,e9f12541-0f85-4418-9d15-789c695f1287,kit,Mosenda kaptte de dängllämnegnän a mänyanda bi komllaebe tupi imonzimonz gotngoeneyo walle ik mi.,The oldest washed the clothes and the younger two played tag in the water.,WE-ST023 5.1,Verbal Dictionary
8f97aceb-becb-4932-9ae6-e331f1b87d29-ex1,8f97aceb-becb-4932-9ae6-e331f1b87d29,kit,Bogo obom daimullgoeyän.,She pushed him over.,,Verbal Dictionary
5c35b5bc-4d5b-4645-9e05-1ce747c25a8f-ex1,5c35b5bc-4d5b-4645-9e05-1ce747c25a8f,kit,Ekaklle kok de mɨnyi enanae binamän.,Earth will completely cover the moon (i.e. during a lunar eclipse).,,Verbal Dictionary
eef4d319-47e6-4ad1-b02b-96cf65b1ecbf-ex1,eef4d319-47e6-4ad1-b02b-96cf65b1ecbf,kit,Ngäna sɨmell de dinam ekaklle we.,I weighed the pig down to the ground.,,Verbal Dictionary
d1eb3288-e735-428f-91fe-fbc3899ffe0e-ex1,d1eb3288-e735-428f-91fe-fbc3899ffe0e,kit,Mak ibim indraindrang umllang anggan ada Yesu era Adi bo llɨg aenen.,Mark told us (incl.) clearly that Jesus is the Son of God.,,Verbal Dictionary
bd321943-a5c4-4dc8-bbd3-9b767db5ca78-ex1,bd321943-a5c4-4dc8-bbd3-9b767db5ca78,kit,Ngäna ngämo tos indrang de dɨs.,I put out my flashlight.,,Verbal Dictionary
bd321943-a5c4-4dc8-bbd3-9b767db5ca78-ex2,bd321943-a5c4-4dc8-bbd3-9b767db5ca78,kit,Indrang a ngämo dowae me gogllaeyän.,The light shined close to me.,,Verbal Dictionary
439284ea-6021-4cfd-99e2-341c046d3b41-ex1,439284ea-6021-4cfd-99e2-341c046d3b41,kit,ttongo mer indrang ag,one very bright morning,,Verbal Dictionary
439284ea-6021-4cfd-99e2-341c046d3b41-ex2,439284ea-6021-4cfd-99e2-341c046d3b41,kit,Yäbäd a mɨnyi säremang bogon ebdo me a kok a ade mɨnyi ddone indrang bognän iddob me.,"The sun will be dark during the day and also, the moon will not be bright at night.",,Verbal Dictionary
aff4945f-f89e-4794-a28f-d828782e96dc-ex1,aff4945f-f89e-4794-a28f-d828782e96dc,kit,Ngäna Adi lla bo mer de indrang eran.,I am showing God's goodness.,WE-ST006 3.5,Verbal Dictionary
aff4945f-f89e-4794-a28f-d828782e96dc-ex2,aff4945f-f89e-4794-a28f-d828782e96dc,kit,Aeya ge eka de indrang eran?,Who is announcing this news?,,Verbal Dictionary
68b0c433-aa42-4c60-ae76-e4cc4552716a-ex1,68b0c433-aa42-4c60-ae76-e4cc4552716a,kit,"Bongo gagäll anyke, ngäna bam indugoeg nallan, agezän obo guwo watta.","You evil spirit, I command you to come out of his heart.",,Verbal Dictionary
68b0c433-aa42-4c60-ae76-e4cc4552716a-ex2,68b0c433-aa42-4c60-ae76-e4cc4552716a,kit,Mägda män de naindugoegan kaptte mättmätt e.,The girl's mother commanded her to put on clothes.,,Verbal Dictionary
92099373-79a3-466e-9e72-d7105a00c90f-ex1,92099373-79a3-466e-9e72-d7105a00c90f,kit,nge ine,coconut water,,Verbal Dictionary
92099373-79a3-466e-9e72-d7105a00c90f-ex2,92099373-79a3-466e-9e72-d7105a00c90f,kit,Ge ine da nanott dan.,This water has been drunk.,,Verbal Dictionary
92099373-79a3-466e-9e72-d7105a00c90f-ex3,92099373-79a3-466e-9e72-d7105a00c90f,kit,Bogo mängalae gogbaebän ine ik e oblle ngämingg e.,She quickly jumped into the water to help him.,,Verbal Dictionary
51b5a6fb-cfd4-43fc-b898-179cbce73ca9-ex1,51b5a6fb-cfd4-43fc-b898-179cbce73ca9,kit,Ubira mer näkäpngon a ddone dan adawatta ubi ine de nanen amallo.,They don't have good judgment because they are drinking alcohol.,,Verbal Dictionary
7c72eb54-a415-4d6b-8dbf-312a05118a2a-ex1,7c72eb54-a415-4d6b-8dbf-312a05118a2a,kit,Ngäna bänene ine kutt de yuwetyuwet yuwenyan.,I borrowed your bucket.,,Verbal Dictionary
e3771678-cddb-445f-88d1-a3ce8bf39c81-ex1,e3771678-cddb-445f-88d1-a3ce8bf39c81,kit,Bongo ine ma nalle oba bongo ine neyatan.,"You, go to the well and fetch water.",,Verbal Dictionary
70b13439-cad6-4cad-a2a4-3c77370f0e87-ex1,70b13439-cad6-4cad-a2a4-3c77370f0e87,kit,Ngämi bam ge ddobae ddonddo nalla adawatta bäne ge mer abal inkäm dan.,We are very proud of you because of your very nice voice.,,Verbal Dictionary
606ef74c-99f4-4b72-8162-9d5dd95bf9c9-ex1,606ef74c-99f4-4b72-8162-9d5dd95bf9c9,kit,Obo inkäm a tubutubu dan.,His neck is short.,,Verbal Dictionary
6b0ee78e-612d-4ade-a908-754833218e6f-ex1,6b0ee78e-612d-4ade-a908-754833218e6f,kit,Pa bo inkäm tär a ddäddäg ma dan.,A bird's throat is edible.,,Verbal Dictionary
42621859-b050-47d2-99b3-d1daa44692a1-ex1,42621859-b050-47d2-99b3-d1daa44692a1,kit,Bogo Zon ine kämbägag bom inkätt danddugän.,He sliced through the throat of John the Baptist.,,Verbal Dictionary
3add9663-c5fa-43d9-b020-56c37507e4da-ex1,3add9663-c5fa-43d9-b020-56c37507e4da,kit,Ddapall a säremang gogon a deyainmollän.,The sky got dark and overcast.,,Verbal Dictionary
ed6db6cb-f0d4-4cc0-9a39-69bd780b1b31-ex1,ed6db6cb-f0d4-4cc0-9a39-69bd780b1b31,kit,Ngäna bäne mäkang lla de mängallmeny bägneg a bäne ttäle koll igiigi me bowattäll ubira inmoll e.,"I will make your enemies powerless and put them beneath your feet, vanquished.",,Verbal Dictionary
caa11e60-2276-45dd-8de4-54eb86b2c523-ex1,caa11e60-2276-45dd-8de4-54eb86b2c523,kit,Ngämi tätäm era inngoeinngoe mo dae daupeya.,"Yesterday, we (excl.) crossed a shaky bridge.",,Verbal Dictionary
79b2aadd-abb9-4c29-86c3-ef795d6a16fd-ex1,79b2aadd-abb9-4c29-86c3-ef795d6a16fd,kit,"Eka tamenyatt me, ubi guinttemänggeyo a oba ma we deyareyo.","After discussing, they parted ways and went to their own homes.",,Verbal Dictionary
e32fe37f-8b97-49ed-b776-040bdbd208f1-ex1,e32fe37f-8b97-49ed-b776-040bdbd208f1,kit,Kottllam bom dätrameyo bem ulle we dainttemonggeyo.,They carried the turtle to the ocean and set him free.,,Verbal Dictionary
fcec7111-3997-4c32-b2ce-dabd80626863-ex1,fcec7111-3997-4c32-b2ce-dabd80626863,kit,Ngäna inunin allan.,I am sleeping.,,Verbal Dictionary
fcec7111-3997-4c32-b2ce-dabd80626863-ex2,fcec7111-3997-4c32-b2ce-dabd80626863,kit,Gänyme inuag!,[You] sleep here!,,Verbal Dictionary
fcec7111-3997-4c32-b2ce-dabd80626863-ex3,fcec7111-3997-4c32-b2ce-dabd80626863,kit,Bogo gotarnän pollon me.,He was sleeping in a bush.,,Verbal Dictionary
35dbeb5d-65ed-4da0-8125-f2c43eb0bbf5-ex1,35dbeb5d-65ed-4da0-8125-f2c43eb0bbf5,kit,Bogo inu atta angällbänan.,He awoke from sleep.,,Verbal Dictionary
a05fea7c-dbeb-418b-b3b0-7f4b7e452544-ex1,a05fea7c-dbeb-418b-b3b0-7f4b7e452544,kit,Bundae inu dan.,Bundae is asleep.,,Verbal Dictionary
d0b7b47a-1181-441c-8994-551c5950740f-ex1,d0b7b47a-1181-441c-8994-551c5950740f,kit,Dädme ngämi kumuddäga inu gogmam.,We (excl.) stayed there three nights.,,Verbal Dictionary
56bd0808-74ca-408d-b235-eacace22cdfb-ex1,56bd0808-74ca-408d-b235-eacace22cdfb,kit,Ngäna bam inuinu nallan.,I'm making you sleepy.,,Verbal Dictionary
9e94eb1b-c60a-4061-9b6d-262bbaf67aaf-ex1,9e94eb1b-c60a-4061-9b6d-262bbaf67aaf,kit,Llamäg a inu kuddäll daeya.,The old man was fast asleep.,,Verbal Dictionary
0c79a24f-db5e-47e1-99e3-a2d04d86e3c7-ex1,0c79a24f-db5e-47e1-99e3-a2d04d86e3c7,kit,Bongo nainungoenalleǃ,You were shaking!,,Verbal Dictionary
71222784-667c-4797-888c-6f67f2644b06-ex1,71222784-667c-4797-888c-6f67f2644b06,kit,Bogo ingellabang dan.,He rises up in attention,,Verbal Dictionary
3b6e102b-09b7-437d-86ff-4372ca445cda-ex1,3b6e102b-09b7-437d-86ff-4372ca445cda,kit,Ende walle inggoemeny amalla.,We are making jokes in Ende.,,Verbal Dictionary
3b6e102b-09b7-437d-86ff-4372ca445cda-ex2,3b6e102b-09b7-437d-86ff-4372ca445cda,kit,"Ngäna Ingglis eka walle de eka bogne, buinggoemenyne.","I will speak in English, making jokes.",,Verbal Dictionary
dc48af07-fbcd-4e52-b24c-f7eb326d9dd9-ex1,dc48af07-fbcd-4e52-b24c-f7eb326d9dd9,kit,Bogo Adi bom inggoemeny eran.,He is blaspheming God.,,Verbal Dictionary
dc48af07-fbcd-4e52-b24c-f7eb326d9dd9-ex2,dc48af07-fbcd-4e52-b24c-f7eb326d9dd9,kit,Sabi tamenyang a inggoemeny eka de däpanyaemneyo.,The teachers of the law were saying insults.,,Verbal Dictionary
0630bad1-3a7c-4ec5-a0ce-7b0cca489cb1-ex1,0630bad1-3a7c-4ec5-a0ce-7b0cca489cb1,kit,"Mälla da angde ikop dägagän, llɨg bo dowae e guinggolän.","When the woman saw it, she moved closer to the boy.",,Verbal Dictionary
ab93e963-5cc0-44a1-a9e8-f98538d0be4d-ex1,ab93e963-5cc0-44a1-a9e8-f98538d0be4d,kit,Bogo ingnenignen giddollag dan.,He lives dancing about.,,Verbal Dictionary
ab93e963-5cc0-44a1-a9e8-f98538d0be4d-ex2,ab93e963-5cc0-44a1-a9e8-f98538d0be4d,kit,Ngäna ingnenignenang ibi allan gänyaolle.,I am coming this way dancing.,,Verbal Dictionary
739b5ea3-5136-47cc-89ee-2fa67e46ea6c-ex1,739b5ea3-5136-47cc-89ee-2fa67e46ea6c,kit,"Angde bongo bäne mälla bo ingoll papa eralle, bongo God bo ingoll papa eralle.","When you hit your wife in the face, you are hitting God in the face.",,Verbal Dictionary
739b5ea3-5136-47cc-89ee-2fa67e46ea6c-ex2,739b5ea3-5136-47cc-89ee-2fa67e46ea6c,kit,Ubi obo ingoll de iddpo alle dämllaeyo.,They tied his face with cloth (i.e. they blindfolded him).,,Verbal Dictionary
ea0e25e8-997d-4c2f-abf3-21c39cd2e60b-ex1,ea0e25e8-997d-4c2f-abf3-21c39cd2e60b,kit,Ttongo lla da agbänmällnan a ttongo lla da nindugan obo ingoll me.,One man was jumping and another man ran in front of him.,,Verbal Dictionary
ea0e25e8-997d-4c2f-abf3-21c39cd2e60b-ex2,ea0e25e8-997d-4c2f-abf3-21c39cd2e60b,kit,Ulle binang itrel peyang lla bo ingoll alle eka tameny a mudan.,Don't converse in front of a very sick man.,,Verbal Dictionary
d448644e-4f95-4057-922f-090587a47a1c-ex1,d448644e-4f95-4057-922f-090587a47a1c,kit,Bänz a pam nidol ingoll dagaeya.,The mosquitoes were like needles.,,Verbal Dictionary
d448644e-4f95-4057-922f-090587a47a1c-ex2,d448644e-4f95-4057-922f-090587a47a1c,kit,Täme da käza ingoll ddäddäg be ap me giddollag dan.,The goanna is crocodile-like animal but it lives in the grassland.,,Verbal Dictionary
fa5930b2-c802-42d7-96f1-5516d54f1507-ex1,fa5930b2-c802-42d7-96f1-5516d54f1507,kit,ingong täräp,dance time,,Verbal Dictionary
b6ba75f2-2195-40ab-baf0-e474e86b2877-ex1,b6ba75f2-2195-40ab-baf0-e474e86b2877,kit,Obo moko da ingong e dan.,He wants to dance.,,Verbal Dictionary
b6ba75f2-2195-40ab-baf0-e474e86b2877-ex2,b6ba75f2-2195-40ab-baf0-e474e86b2877,kit,Ngäna gänyaolle bengne.,I will dance this way.,,Verbal Dictionary
b6ba75f2-2195-40ab-baf0-e474e86b2877-ex3,b6ba75f2-2195-40ab-baf0-e474e86b2877,kit,Ngäna bam ingongang nallan.,I am making you dance.,,Verbal Dictionary
b6ba75f2-2195-40ab-baf0-e474e86b2877-ex4,b6ba75f2-2195-40ab-baf0-e474e86b2877,kit,Lla da ada dänyängnän menae me adawatta bogo ngattong abal gongttägän ttamän ma ngättma we.,People were dancing like this on the sides because he got to the finish line first.,,Verbal Dictionary
e440e1dd-9c47-4235-86b4-f48c4c46e1db-ex1,e440e1dd-9c47-4235-86b4-f48c4c46e1db,kit,Lla da ine ik atta guirängänän.,The man came out from the water.,,Verbal Dictionary
81a58799-1032-4b56-856f-04691a075449-ex1,81a58799-1032-4b56-856f-04691a075449,kit,"Angde ngäna net de tuk i dirängän, käza da net ik i gozenän.","When I lifted the net up, a crocodile went inside it.",,Verbal Dictionary
81a58799-1032-4b56-856f-04691a075449-ex2,81a58799-1032-4b56-856f-04691a075449,kit,"Mana ddone mullae gogon obo känyer, ede adawatta bogo Lama bälle wälle gogon, Emi bälle yirngän e.","Mana wasn't able to herself, so she called for Lama to lift Emi out.",,Verbal Dictionary
5c8d2658-dce6-45f0-a420-f58e00262749-ex1,5c8d2658-dce6-45f0-a420-f58e00262749,kit,"Bogo ine me gongkäbägän, ede obo inggol iräpang agan.","He dived into the water, so his face is dirty.",,Verbal Dictionary
9d635e72-584d-4aad-ab15-c7537114a4a8-ex1,9d635e72-584d-4aad-ab15-c7537114a4a8,kit,"Ngämlle ge kaptte da ibonmällang agnegan, ede ngänäm tatuma natram.","These clothes got dirty on me, so [you] show me to the washing place.",,Verbal Dictionary
3837cdb5-fc5f-43bc-846c-dffb8e5f1ab6-ex1,3837cdb5-fc5f-43bc-846c-dffb8e5f1ab6,kit,Kandärmang säre bablle pätt a ddone abal agan itrell atta.,Sorry that the illness has made your body so unwell.,,Verbal Dictionary
f9f44df6-08bb-4266-8d41-ff39fb8c5103-ex1,f9f44df6-08bb-4266-8d41-ff39fb8c5103,kit,"Da ubi gullem de bänglläbaebneyo, ubi mɨnyi ddone buitrellnegnän.","If they pick up the snakes, they won't get hurt.",,Verbal Dictionary
89e74bb8-22e1-4a87-a8c1-d1fc03808d91-ex1,89e74bb8-22e1-4a87-a8c1-d1fc03808d91,kit,Yesu yuwog abal itrellang lla de ai dägnegnän.,Jesus healed many sick men.,,Verbal Dictionary
0afcdd64-6044-4bcf-8dd7-7157da970b4f-ex1,0afcdd64-6044-4bcf-8dd7-7157da970b4f,kit,Kaptte da ittananang da pätanan e.,The clothes are hanging to dry.,,Verbal Dictionary
0afcdd64-6044-4bcf-8dd7-7157da970b4f-ex2,0afcdd64-6044-4bcf-8dd7-7157da970b4f,kit,Mälla da net de mɨnyi bonyän baittallän.,The woman will take the net and hang it.,,Verbal Dictionary
0afcdd64-6044-4bcf-8dd7-7157da970b4f-ex3,0afcdd64-6044-4bcf-8dd7-7157da970b4f,kit,Molemoleg a llo ttam me itraenen anggan.,Caterpillars hang from tree leaves.,,Verbal Dictionary
b2658b0f-27c2-4b66-b640-93e41b8d46ed-ex1,b2658b0f-27c2-4b66-b640-93e41b8d46ed,kit,Ngäna Wagibo bo peyang buittall.,I will stalk Wagibo.,,Verbal Dictionary
1e77b5d8-222c-4608-bc66-cb1b9a84a90c-ex1,1e77b5d8-222c-4608-bc66-cb1b9a84a90c,kit,"Angde toto gognän, Kila a Wala gall alle tudi ittaenen e deyareyo bem e.","When evening came, Kila and Wala went to the sea to fish with the canoe.",WE-ST019 1.2,Verbal Dictionary
1e77b5d8-222c-4608-bc66-cb1b9a84a90c-ex2,1e77b5d8-222c-4608-bc66-cb1b9a84a90c,kit,Bogo komlla guzi de deyaittän.,She caught two crawfish.,,Verbal Dictionary
1e77b5d8-222c-4608-bc66-cb1b9a84a90c-ex3,1e77b5d8-222c-4608-bc66-cb1b9a84a90c,kit,Ttongdae kollba da guittän.,One fish was caught.,WE-ST019 1.6,Verbal Dictionary
37dd5384-4f79-41a3-b82c-6f4d2d845427-ex1,37dd5384-4f79-41a3-b82c-6f4d2d845427,kit,ittma we zan,ceremony in which a woman enters her husband's household,,Verbal Dictionary
2b4691cb-29e6-4839-88ee-72f27fc90e12-ex1,2b4691cb-29e6-4839-88ee-72f27fc90e12,kit,"Ngämaene gall a ada ka bopänayän, adawatta däbe za da ngämim deyangkollmällnän.","We thought our (excl.) boat was going to capsize, because that thing was following us.",,Verbal Dictionary
2b4691cb-29e6-4839-88ee-72f27fc90e12-ex2,2b4691cb-29e6-4839-88ee-72f27fc90e12,kit,Ddia da ttam agan adawatta ngäna bam ada ka bongo walle we aspunalle.,The deer is alive because I thought that you fell into the water.,,Verbal Dictionary
2b4691cb-29e6-4839-88ee-72f27fc90e12-ex3,2b4691cb-29e6-4839-88ee-72f27fc90e12,kit,"Mer llo popo alle bongo darbänen alle, ada ka män duwar da bun mi popo de nowattällan.",You decorate with nice tree flowers like a young girl puts flowers in her hair.,,Verbal Dictionary
2b4691cb-29e6-4839-88ee-72f27fc90e12-ex4,2b4691cb-29e6-4839-88ee-72f27fc90e12,kit,"Da klloklloe eka bäpanyeyo, ka Ende eka mɨnyi budabän.","If they speak a mixed language, it seems the Ende language will be lost.",,Verbal Dictionary
425472e8-67cb-4494-94f2-c0a2ae40ccf9-ex1,425472e8-67cb-4494-94f2-c0a2ae40ccf9,kit,E pazi me ka?,In what year?,,Verbal Dictionary
73f5c8d3-7646-4368-a4b3-d402186e82bf-ex1,73f5c8d3-7646-4368-a4b3-d402186e82bf,kit,Däbe tätämatt winy a ka tomowangtomowang moko allan.,"That honey from yesterday, it's tasting a bit bitter.",,Verbal Dictionary
9faa3b56-4f29-4cc2-9108-995c94ba8b49-ex1,9faa3b56-4f29-4cc2-9108-995c94ba8b49,kit,"― Skul e angosan. ― Ka, ma me daden.","― He returned to school. ― No, he's at home.",,Verbal Dictionary
ad3c0ac7-55c8-4574-8b60-5c629d9c4afe-ex1,ad3c0ac7-55c8-4574-8b60-5c629d9c4afe,kit,kab llatet att tär,string made from twisted fiber,,Verbal Dictionary
ad3c0ac7-55c8-4574-8b60-5c629d9c4afe-ex2,ad3c0ac7-55c8-4574-8b60-5c629d9c4afe,kit,Ddone aeya mullae gogalle oblle kab alle mällamälla we.,No one was able to tie him up with a rope.,,Verbal Dictionary
0932660e-5285-4bd8-879a-eb2f6b93f1e0-ex1,0932660e-5285-4bd8-879a-eb2f6b93f1e0,kit,gärep kabkab,grapevine,,Verbal Dictionary
8a48681a-9700-48d1-95ee-69ea83bfe5c2-ex1,8a48681a-9700-48d1-95ee-69ea83bfe5c2,kit,"Gae da nge ingollae dan, be obo täma da kaekep ma dan.","The gae palm is like coconut, but its husk is for chewing.",,Verbal Dictionary
c2784963-9bca-4c3b-9e4c-bd30df40b739-ex1,c2784963-9bca-4c3b-9e4c-bd30df40b739,kit,"Kaemne de ttang alle mällam a mudan, adawatta da bam ttang me naddägän.","Don't hold bees with your hand, because they might sting you in the hand.",SE-LE054 210.1,Verbal Dictionary
f241bc08-1cf1-460c-a6a8-924d6099b585-ex1,f241bc08-1cf1-460c-a6a8-924d6099b585,kit,"Ngämi käza de net alle kaen eralla, mängallmeny agan zime käza da.",We (excl.) wrap up the crocodile with the net; the crocodile is already weak.,,Verbal Dictionary
21d28183-9605-4c78-b757-4e2be805e6dc-ex1,21d28183-9605-4c78-b757-4e2be805e6dc,kit,Kak säre zäme ause abal allan.,Grandmother is already growing very old.,SE-LE054 119.1,Verbal Dictionary
aa103f2d-e3bc-47d0-9df4-9bfb233baa8d-ex1,aa103f2d-e3bc-47d0-9df4-9bfb233baa8d,kit,Ddob kakab de dowattälleya ttongo ebdo we.,They left some leftovers for another day.,,Verbal Dictionary
086d3ce5-0957-4a05-909e-38cc585cc346-ex1,086d3ce5-0957-4a05-909e-38cc585cc346,kit,up wo kakab,remaining ripe bananas,,Verbal Dictionary
75c76439-9dc7-409a-944d-694a72219186-ex1,75c76439-9dc7-409a-944d-694a72219186,kit,Kok a wa piro da ddapall me kakakän giddollnen eran.,The moon and stars are in space.,,Verbal Dictionary
60fe2c8c-a4b6-45ed-80aa-454b81dbafc6-ex1,60fe2c8c-a4b6-45ed-80aa-454b81dbafc6,kit,nil kakakän,loose nail,,Verbal Dictionary
60fe2c8c-a4b6-45ed-80aa-454b81dbafc6-ex2,60fe2c8c-a4b6-45ed-80aa-454b81dbafc6,kit,Kollba da kakakän ibnin allan.,The fish is floating on the water.,,Verbal Dictionary
60fe2c8c-a4b6-45ed-80aa-454b81dbafc6-ex3,60fe2c8c-a4b6-45ed-80aa-454b81dbafc6,kit,Ttongdae kui kälsre dae obo känyer kakänkakän gognän.,A small island was all alone.,,Verbal Dictionary
8dc100e9-1e84-4a4e-9c36-bf49972f651b-ex1,8dc100e9-1e84-4a4e-9c36-bf49972f651b,kit,Bogo gall e gokakalän.,She got in the canoe.,,Verbal Dictionary
8dc100e9-1e84-4a4e-9c36-bf49972f651b-ex2,8dc100e9-1e84-4a4e-9c36-bf49972f651b,kit,Ngäna sɨmell lelang atta llo we okakalan.,"I was afraid of the pig, so I went in the tree.",,Verbal Dictionary
aae52332-365c-4ae0-9596-355b75b5619e-ex1,aae52332-365c-4ae0-9596-355b75b5619e,kit,Ttongdae kui kälsre dae obo känyer kakänkakän gognän.,One small island was floating by itself.,,Verbal Dictionary
80118d76-d567-4eaa-9ff1-cbbb285c5cd7-ex1,80118d76-d567-4eaa-9ff1-cbbb285c5cd7,kit,Bam tutu kälngkäl me ttäle kakep a nallan?,Are your legs hurting (lit. is the leg pain getting you) from climbing the mountain?,,Verbal Dictionary
918cb5c2-142d-4ff5-bd2a-3bf34fcd1ba5-ex1,918cb5c2-142d-4ff5-bd2a-3bf34fcd1ba5,kit,kakne mättnan ma iddpo,cloak (lit. 'garment for wearing loose'),,Verbal Dictionary
708f50b8-c371-4122-97f5-8554c7a9a7be-ex1,708f50b8-c371-4122-97f5-8554c7a9a7be,kit,Ttongo lla da ttongo za de nanyagaenan kakoll me.,A man was stirring something in a dish.,,Verbal Dictionary
1e9f6eba-96ec-45a9-aae1-1e3219132b9c-ex1,1e9f6eba-96ec-45a9-aae1-1e3219132b9c,kit,ine nane ma kakoll,cup for drinking water,,Verbal Dictionary
59ec09b5-2f68-42cf-8521-7a9e762afafe-ex1,59ec09b5-2f68-42cf-8521-7a9e762afafe,kit,Ngäna ag me kala de yu nägnegan.,I boiled the pigments in the morning.,,Verbal Dictionary
231291d5-85af-49fd-8bb1-a9168147fd5b-ex1,231291d5-85af-49fd-8bb1-a9168147fd5b,kit,Ngämo yae lla kalmokalmoe deya.,My mother was a welcoming person.,,Verbal Dictionary
4d7d0ad5-9d24-4eb6-b41b-a1583db5b91b-ex1,4d7d0ad5-9d24-4eb6-b41b-a1583db5b91b,kit,Ngäna obom dangkallängg.,I made him lie down.,,Verbal Dictionary
5dee18c6-c9be-4e01-9b01-9808dd4b1251-ex1,5dee18c6-c9be-4e01-9b01-9808dd4b1251,kit,Bogo mätta ulleulle de deyangkälltägalle.,She split the big yams.,,Verbal Dictionary
d5f21548-4155-4c2c-b22b-429010affbcc-ex1,d5f21548-4155-4c2c-b22b-429010affbcc,kit,Sɨmell de mɨnyi bangkallɨgiyu.,They will kill the pig.,,Verbal Dictionary
104cdba7-b076-419f-8f5b-972e76d50981-ex1,104cdba7-b076-419f-8f5b-972e76d50981,kit,Kallkäll ngänäm dagän.,I got cold (lit. the cold got me).,,Verbal Dictionary
104cdba7-b076-419f-8f5b-972e76d50981-ex2,104cdba7-b076-419f-8f5b-972e76d50981,kit,"Gongkäbägän, abo kallkäll atta guiringänän.","He dived, then got out because of the cold.",,Verbal Dictionary
b276b1b4-ce4e-4ad2-b8aa-37548301cfec-ex1,b276b1b4-ce4e-4ad2-b8aa-37548301cfec,kit,Bogo yu me kallkäll gonggllaemenynän.,He was warming up by the fire.,,Verbal Dictionary
b276b1b4-ce4e-4ad2-b8aa-37548301cfec-ex2,b276b1b4-ce4e-4ad2-b8aa-37548301cfec,kit,"Da ngäna ddone yu bipellknegalle bablle, bongo ddone gänya mer yu mi kallkäll bonggllaegalle.","If I hadn't chopped wood for you, you couldn't get warm by this nice fire.",,Verbal Dictionary
e9725bfa-4dd2-4f3f-a2ae-db64ef13b6d4-ex1,e9725bfa-4dd2-4f3f-a2ae-db64ef13b6d4,kit,Keta da sanador kalltaematt dan.,A roof post is a split sago stalk.,,Verbal Dictionary
3cfa5def-cd7d-4d58-a3df-8582e8ed6c1f-ex1,3cfa5def-cd7d-4d58-a3df-8582e8ed6c1f,kit,kam ma ngättma,place for starting (i.e. starting line),,Verbal Dictionary
3cfa5def-cd7d-4d58-a3df-8582e8ed6c1f-ex2,3cfa5def-cd7d-4d58-a3df-8582e8ed6c1f,kit,Yogoll a gongkamän.,The rain started.,,Verbal Dictionary
3cfa5def-cd7d-4d58-a3df-8582e8ed6c1f-ex3,3cfa5def-cd7d-4d58-a3df-8582e8ed6c1f,kit,Obo ma we ibi we kam allan.,He is starting to go home.,,Verbal Dictionary
ea4c1e83-5c5c-4851-898c-fc65c3150410-ex1,ea4c1e83-5c5c-4851-898c-fc65c3150410,kit,Edeb a ine kämbmeny de dängkamän.,Edeb started diving in the water.,,Verbal Dictionary
8c574b32-4dee-4ebd-9fa1-3f0e1b40992d-ex1,8c574b32-4dee-4ebd-9fa1-3f0e1b40992d,kit,Ngäna ngämo tupi di nakaman.,I cut my index finger.,,Verbal Dictionary
ffb795e8-2fdb-497f-a4b0-804e32b5b5dc-ex1,ffb795e8-2fdb-497f-a4b0-804e32b5b5dc,kit,Ngäna ddäddäg de näkamänan.,I killed the animal straight off.,,Verbal Dictionary
96ed26cf-a09e-4d29-ab6e-35353aa418ae-ex1,96ed26cf-a09e-4d29-ab6e-35353aa418ae,kit,Ngäna gänyeri angkebägan.,I fled this way.,,Verbal Dictionary
7702ac90-293f-46d8-a956-97c0e8f5fd62-ex1,7702ac90-293f-46d8-a956-97c0e8f5fd62,kit,Ende eka kame lla,person who doesn't speak Ende,,Verbal Dictionary
7702ac90-293f-46d8-a956-97c0e8f5fd62-ex2,7702ac90-293f-46d8-a956-97c0e8f5fd62,kit,Obo kame dan amom bällädän.,She doesn't know (lit. her ignorance is) whom she will marry.,,Verbal Dictionary
7702ac90-293f-46d8-a956-97c0e8f5fd62-ex3,7702ac90-293f-46d8-a956-97c0e8f5fd62,kit,Ngäma kame da ada käza da daden walle ik mi.,We (excl.) don't realize (lit. it's our ignorance) that there's a crocodile in the water.,,Verbal Dictionary
7702ac90-293f-46d8-a956-97c0e8f5fd62-ex4,7702ac90-293f-46d8-a956-97c0e8f5fd62,kit,Ngämo kame dan ematta bongo mikutt alle.,I don't see (lit. my incomprehension is) why you're mad.,,Verbal Dictionary
23dfcf62-13b2-48ba-989d-448afc99f4ee-ex1,23dfcf62-13b2-48ba-989d-448afc99f4ee,kit,kame lla,stranger,,Verbal Dictionary
23dfcf62-13b2-48ba-989d-448afc99f4ee-ex2,23dfcf62-13b2-48ba-989d-448afc99f4ee,kit,"Da kame ttängämang lla de bognegän, ede ngäna mɨnyi Ingglis eka walle bäntameny.","If it's a man from an unfamiliar village, then I will converse using English.",,Verbal Dictionary
6a4f46ee-3c2f-48cf-a3b2-72827ffe7dec-ex1,6a4f46ee-3c2f-48cf-a3b2-72827ffe7dec,kit,Kame ge ttoen bongo ddone mɨnyi nanges.,You must not do this thing again.,,Verbal Dictionary
6a4f46ee-3c2f-48cf-a3b2-72827ffe7dec-ex2,6a4f46ee-3c2f-48cf-a3b2-72827ffe7dec,kit,Kumuddäga we ebdo me bogo mɨnyi kame ttam bogon kuddäll atta.,"In three days, he will rise from the dead and live again.",,Verbal Dictionary
9509f7cd-d48b-43b6-8cc2-002b80d50896-ex1,9509f7cd-d48b-43b6-8cc2-002b80d50896,kit,Kameka da mudan.,Listen up (lit. Don't ignore!).,,Verbal Dictionary
76c48fd1-aa71-4a5f-baf1-c03c703eb994-ex1,76c48fd1-aa71-4a5f-baf1-c03c703eb994,kit,Ngämi kamekame ada ka up a walle ik mi dan.,We (excl.) mistakenly thought the banana was inside the water.,,Verbal Dictionary
84864d35-acc0-4e04-8640-7444f5df51a9-ex1,84864d35-acc0-4e04-8640-7444f5df51a9,kit,"Mosen da angde kamekong gogon kaptte gllämnan me, mänyan da bi komllaebe ada tongoenen me kamekong gogeyo.","While the eldest was busy washing clothes, the two younger ones were busy playing.",SE-TN019 6.1,Verbal Dictionary
590b52f7-6b4c-45ff-911e-578b34f678d3-ex1,590b52f7-6b4c-45ff-911e-578b34f678d3,kit,Ngämo kameny me de ngämo masar a gagäll gogon.,My grandfather passed away in my absence (i.e. before I was born).,,Verbal Dictionary
4260d436-b05f-42ad-bb2f-bb0b5a767dc5-ex1,4260d436-b05f-42ad-bb2f-bb0b5a767dc5,kit,Masamasar täräp me ngattong kanas toboll de dokomneyo.,"In the old times, people first carried kanas spears.",SE-LE054 55.1,Verbal Dictionary
212e8eb7-0314-40d6-b353-bf38c2263abe-ex1,212e8eb7-0314-40d6-b353-bf38c2263abe,kit,Kandärmang nägagallo.,They were feeling sorry for them.,,Verbal Dictionary
212e8eb7-0314-40d6-b353-bf38c2263abe-ex2,212e8eb7-0314-40d6-b353-bf38c2263abe,kit,"Kandärmang allan ngäna bäne pate, ddone mulldae dan.","I feel sorry towards you, but I'm unable.",,Verbal Dictionary
212e8eb7-0314-40d6-b353-bf38c2263abe-ex3,212e8eb7-0314-40d6-b353-bf38c2263abe,kit,Bogo kandärmang me dan.,She's feeling regretful.,,Verbal Dictionary
9116a2c2-5a0c-4d76-beb5-6076825f1345-ex1,9116a2c2-5a0c-4d76-beb5-6076825f1345,kit,Kandärmang a era ulle ttoen dan.,Sympathy is an important habit.,,Verbal Dictionary
730d3522-8382-468b-8184-3def351626f5-ex1,730d3522-8382-468b-8184-3def351626f5,kit,"Ge lla ddobae kandärmang dan, bogo ekameny dan, llan ttomoll dan.",This man is very unfortunate; he is mute and deaf.,,Verbal Dictionary
730d3522-8382-468b-8184-3def351626f5-ex2,730d3522-8382-468b-8184-3def351626f5,kit,"Kandärmang, llamda da bälle gazen ma da ddone mullae gogon.","Sadly, the old man didn't have a way to get out.",,Verbal Dictionary
730d3522-8382-468b-8184-3def351626f5-ex3,730d3522-8382-468b-8184-3def351626f5,kit,Emi ngänaeka gogon kandärmang ingoll gogon.,Emi cried pitifully.,,Verbal Dictionary
ec6f2bbb-4f1b-4b3c-a647-61c3c4dae8c5-ex1,ec6f2bbb-4f1b-4b3c-a647-61c3c4dae8c5,kit,Ngämo kandärmang a gänyan bablle.,My present for you is here.,,Verbal Dictionary
ec6f2bbb-4f1b-4b3c-a647-61c3c4dae8c5-ex2,ec6f2bbb-4f1b-4b3c-a647-61c3c4dae8c5,kit,Eso ulle bänene kandärmang de.,Thanks a lot for your gift.,,Verbal Dictionary
180f4158-3e56-4959-bba5-742c9c67d723-ex1,180f4158-3e56-4959-bba5-742c9c67d723,kit,Ngäna bänene kandärmang eka de malam eran.,I accept your apology.,,Verbal Dictionary
9f54933b-d95b-4bb5-bec7-f9ebe1a3768d-ex1,9f54933b-d95b-4bb5-bec7-f9ebe1a3768d,kit,Kak sana kang de ttaengän eran.,Grandmother pulls a sago sucker.,Winson Warama,Verbal Dictionary
a80b208d-d38e-44b6-8a1c-f6c60abed220-ex1,a80b208d-d38e-44b6-8a1c-f6c60abed220,kit,Lla da yuwog abal dagaeya a dazirnän ada sip a alla ubira pänggmenyang llameny kanyekanye bognegnän.,"There were so many people gathered, there like how sheep will move around without a shepherd.",,Verbal Dictionary
a80b208d-d38e-44b6-8a1c-f6c60abed220-ex2,a80b208d-d38e-44b6-8a1c-f6c60abed220,kit,"Ngämo kanyekanye att a ngättma da gänyag ada, Balimo, Daru, Mospi.","Here are the places I've travelled to: Balimo, Daru, and Port Moresby.",,Verbal Dictionary
fce16cb8-78a5-4082-a8aa-9f7788de57f7-ex1,fce16cb8-78a5-4082-a8aa-9f7788de57f7,kit,Ngäna iddob kanyekanye we gotäba.,I planned to go on a hunt at night.,,Verbal Dictionary
0f2a8609-fda2-4e5c-8c9d-3a6c20c1708d-ex1,0f2a8609-fda2-4e5c-8c9d-3a6c20c1708d,kit,Ngämlle kapalla ttam alle sana yuatt a ddobae moko dan.,I like to eat sago wrapped in kapalla leaves.,SE-LE054 204.1,Verbal Dictionary
c1f61dfe-4f9b-46af-90c2-179efd414f7f-ex1,c1f61dfe-4f9b-46af-90c2-179efd414f7f,kit,Mälla da kaptte gullun alle obo bun di dɨmllawän.,The woman tied her head with an old cloth.,,Verbal Dictionary
6c2682a8-f10f-4c41-baf5-c16b21af6f34-ex1,6c2682a8-f10f-4c41-baf5-c16b21af6f34,kit,Kaptte de kotang de ngäsangngäsang de mättnan a mudan.,Don't wear dirty clothes over and over.,,Verbal Dictionary
6c2682a8-f10f-4c41-baf5-c16b21af6f34-ex2,6c2682a8-f10f-4c41-baf5-c16b21af6f34,kit,Ngämo kaptte da era komlla dageyo.,I have two pieces of clothing.,,Verbal Dictionary
9cfefd3b-fab1-4a3d-a3b3-19b58e730f71-ex1,9cfefd3b-fab1-4a3d-a3b3-19b58e730f71,kit,Lama kamekong gogon kaptte gällämnan me.,Lama was busy doing the laundry.,,Verbal Dictionary
26b16ee7-4e5f-45b5-96fd-292f4eb8a6d9-ex1,26b16ee7-4e5f-45b5-96fd-292f4eb8a6d9,kit,Ngäna llɨg di kapu iran.,I am carrying the baby.,,Verbal Dictionary
3e966cb5-c25d-4413-8a1c-2781447a9a70-ex1,3e966cb5-c25d-4413-8a1c-2781447a9a70,kit,"Ngämi ttongo ebdo me Karama we gobllab inu we, Eramang gall tapma we ddob llayaba kämäll.","One day, we went to Karama to sleep, to the canoe place with some people.",WE-ST009 1.1,Verbal Dictionary
3e966cb5-c25d-4413-8a1c-2781447a9a70-ex2,3e966cb5-c25d-4413-8a1c-2781447a9a70,kit,Karama kona me giddollag dan.,He lives in Karama district.,WE-ST012 1.2,Verbal Dictionary
3e966cb5-c25d-4413-8a1c-2781447a9a70-ex3,3e966cb5-c25d-4413-8a1c-2781447a9a70,kit,Bobag daya dedam karama walle da adawatta yogoll ulle da dämanän.,Karama river was flooded because there had been big rains.,WE-ST018 1.6,Verbal Dictionary
fce3a538-37ab-415c-bf57-4d45cbf53a69-ex1,fce3a538-37ab-415c-bf57-4d45cbf53a69,kit,Karama da ade petapeta abal gogon.,The swamp also became very shallow.,WE-ST031 2.5,Verbal Dictionary
ec267ff5-5b46-4a47-8d27-f22da2e4035a-ex1,ec267ff5-5b46-4a47-8d27-f22da2e4035a,kit,Llɨg a katre me dämanenang nazernan.,The children were sitting on the floor.,,Verbal Dictionary
c9c5d280-8df1-4012-940a-54fea44a900e-ex1,c9c5d280-8df1-4012-940a-54fea44a900e,kit,"Yesu ubim dokomän obo peyang ada Pita, Zeims, a Zon tuk abal tutu katre we.","Jesus took Peter, James, and John with him up a very tall mountain.",,Verbal Dictionary
c90c649d-977f-445f-8ec7-8fe38977aebb-ex1,c90c649d-977f-445f-8ec7-8fe38977aebb,kit,Mälla da kakoll de katkatre toko me naspunan.,The woman threw the plate onto the table.,,Verbal Dictionary
d61d6f35-bd11-4473-9c6b-9c42a0a1182a-ex1,d61d6f35-bd11-4473-9c6b-9c42a0a1182a,kit,Abo ddäddäg de nokomeyo a katrekatre toko me nowattälleyo.,You (pl.) must take the meat and put it on the shelf.,SE-LE054 89.1,Verbal Dictionary
4fad3fe3-5118-4be9-96ac-f7db626fa58d-ex1,4fad3fe3-5118-4be9-96ac-f7db626fa58d,kit,Bogo ikop täbaeb e katre ma de dogowän adawatta lla da gämäll bognegnän.,"He built a raised house for keeping watch, because people would steal.",,Verbal Dictionary
47a5c8d6-f7d6-4ebb-8d55-b25a2de3217d-ex1,47a5c8d6-f7d6-4ebb-8d55-b25a2de3217d,kit,kawawang lla,preacher,,Verbal Dictionary
47a5c8d6-f7d6-4ebb-8d55-b25a2de3217d-ex2,47a5c8d6-f7d6-4ebb-8d55-b25a2de3217d,kit,"Komllakomlla melem agnan ada, ag me medicine melem, toto we God bäne eka kawa gogalle.","They did both jobs: medicine in the morning, and preaching God's word in the evening.",,Verbal Dictionary
e93bea97-70ba-4628-8701-d1557c5da644-ex1,e93bea97-70ba-4628-8701-d1557c5da644,kit,Bogo käba walle ddäddäg gäzag deya.,He killed animals on hunts.,,Verbal Dictionary
e93bea97-70ba-4628-8701-d1557c5da644-ex2,e93bea97-70ba-4628-8701-d1557c5da644,kit,Ngäna käba ma ibi allan.,I'm going hunting.,,Verbal Dictionary
d746492a-450a-4c4c-b2cf-069ea99fcb80-ex1,d746492a-450a-4c4c-b2cf-069ea99fcb80,kit,Ngämo moko da käbab e dan.,I want to stop.,,Verbal Dictionary
d746492a-450a-4c4c-b2cf-069ea99fcb80-ex2,d746492a-450a-4c4c-b2cf-069ea99fcb80,kit,Okbab.,[You] stop.,,Verbal Dictionary
9e3a729b-0e31-4a74-a36d-82fde8623ad9-ex1,9e3a729b-0e31-4a74-a36d-82fde8623ad9,kit,Näkbabeyo!,[You all] stop it!,,Verbal Dictionary
6f1442c6-a290-44a0-ab64-3a047f06a84b-ex1,6f1442c6-a290-44a0-ab64-3a047f06a84b,kit,Ngämi nazernan gänyme käban namoeaemnalla.,"We were here, hunting lice.",,Verbal Dictionary
56e1a015-db05-4efc-95da-e91e094443e0-ex1,56e1a015-db05-4efc-95da-e91e094443e0,kit,Ngäna nge de dakdab.,I split the coconut open.,,Verbal Dictionary
56e1a015-db05-4efc-95da-e91e094443e0-ex2,56e1a015-db05-4efc-95da-e91e094443e0,kit,Mälla da lla de bun dakdaebaebneyo.,The women broke the men's skulls.,,Verbal Dictionary
d853a68b-e079-4d92-b3f2-d69ef569099e-ex1,d853a68b-e079-4d92-b3f2-d69ef569099e,kit,Wayati de nakdab.,[You] portion the watermelon.,,Verbal Dictionary
d853a68b-e079-4d92-b3f2-d69ef569099e-ex2,d853a68b-e079-4d92-b3f2-d69ef569099e,kit,"Ttängäm dakdaeballo ada ttongdae bo gänyan, ttongdae bo gänyan, do tämamae lla da mullae täräp gogmallo.","They split the garden like here's one for him, one for him, until everyone got their fair share.",,Verbal Dictionary
d00a9bb7-62d9-496d-bdc3-3fa84a1cc8ef-ex1,d00a9bb7-62d9-496d-bdc3-3fa84a1cc8ef,kit,sana kädakäde,pieces of sago,,Verbal Dictionary
3f767cd8-b5a4-4dfc-9066-a456e024464d-ex1,3f767cd8-b5a4-4dfc-9066-a456e024464d,kit,Ddia midd de kälakälae dakädbaeneyo.,"Little by little, they tried the deer meat.",,Verbal Dictionary
c4c54cb8-2d12-4920-9bf7-77ad8a7cdd0e-ex1,c4c54cb8-2d12-4920-9bf7-77ad8a7cdd0e,kit,Ngäna put de näkädan.,I removed the bark.,,Verbal Dictionary
2d129ceb-c6b0-48ec-8007-cd97f3f32155-ex1,2d129ceb-c6b0-48ec-8007-cd97f3f32155,kit,Bobzag a kädkäd de oba zime ngasnges allo.,Bobzag clan already did their kädkäd.,,Verbal Dictionary
7689bd3e-8b8d-4f5a-be4d-4e896f91eace-ex1,7689bd3e-8b8d-4f5a-be4d-4e896f91eace,kit,Män a kädkädag walle we agäbänan.,The girl jumped in the cold water.,,Verbal Dictionary
7689bd3e-8b8d-4f5a-be4d-4e896f91eace-ex2,7689bd3e-8b8d-4f5a-be4d-4e896f91eace,kit,Ngämo ttäle da kädkädag agallo.,My legs got cold.,,Verbal Dictionary
62549309-6b7b-4b1e-8e79-21ba492b156f-ex1,62549309-6b7b-4b1e-8e79-21ba492b156f,kit,Llɨg a walle menae me mälla da käg toko me daeya.,A boy was beside the water; a woman was on top of the käg palm.,,Verbal Dictionary
88bb4ee1-7e86-47c1-86dc-5439b9fffb88-ex1,88bb4ee1-7e86-47c1-86dc-5439b9fffb88,kit,Llɨg a käg me nädämawan.,The children sat on the floor.,,Verbal Dictionary
e911680e-656b-45b5-b044-341c23d222f1-ex1,e911680e-656b-45b5-b044-341c23d222f1,kit,sana käg,sago container,,Verbal Dictionary
e911680e-656b-45b5-b044-341c23d222f1-ex2,e911680e-656b-45b5-b044-341c23d222f1,kit,Däbe llɨg kälsre de däbe käg ik i däzanän.,She put that small boy in the container.,,Verbal Dictionary
e911680e-656b-45b5-b044-341c23d222f1-ex3,e911680e-656b-45b5-b044-341c23d222f1,kit,Bogo käg me adämenan ekaklle me dɨba katkatre toko dowae me.,"He sat in the seat on the floor, near the tabletop.",,Verbal Dictionary
5d28dd9b-a3ce-4313-983e-56ee45c0d58a-ex1,5d28dd9b-a3ce-4313-983e-56ee45c0d58a,kit,Käg tater de dikomeyo.,They brought a floor mat.,,Verbal Dictionary
f2160dc0-137c-4fdd-9e52-1f8a20a3fcfc-ex1,f2160dc0-137c-4fdd-9e52-1f8a20a3fcfc,kit,Obo enda käk agnan walle mäg me.,Something is making bubbles in the creek.,,Verbal Dictionary
a04fd9bc-5e0f-4406-aefd-b47793d78658-ex1,a04fd9bc-5e0f-4406-aefd-b47793d78658,kit,"bällma käkan, ddapall käkan","saliva, cloud",,Verbal Dictionary
3aceab2e-028e-4ac4-81f3-580693e73099-ex1,3aceab2e-028e-4ac4-81f3-580693e73099,kit,Mäse ada llo me gomllamalle llo käkäp ada goddälläbnalle.,"I tried to hold onto the tree, but it broke in half.",,Verbal Dictionary
a511b19a-1906-46b5-ae7a-69314b9332ab-ex1,a511b19a-1906-46b5-ae7a-69314b9332ab,kit,Bogo ttängäm de bäklläpän.,He will weed the garden.,,Verbal Dictionary
a511b19a-1906-46b5-ae7a-69314b9332ab-ex2,a511b19a-1906-46b5-ae7a-69314b9332ab,kit,Ngämo mokowang melem a klläpnan.,My favorite work is easy weeding.,,Verbal Dictionary
1b0f87bf-4d83-4b2e-9b9d-764d80037a1a-ex1,1b0f87bf-4d83-4b2e-9b9d-764d80037a1a,kit,Ngäna tätäm towall de däkllätt.,"Yesterday, I roughly weeded the grass.",,Verbal Dictionary
39e1391e-2192-46e7-aeea-5a21d3cef75d-ex1,39e1391e-2192-46e7-aeea-5a21d3cef75d,kit,Tätäm däkllättnegeya ngämo mäg alle.,"Yesterday, my mother and I had an argument.",,Verbal Dictionary
20a55a43-5147-49bf-a035-ce887d2371a3-ex1,20a55a43-5147-49bf-a035-ce887d2371a3,kit,ttoenttoen kälae,short little story,,Verbal Dictionary
20a55a43-5147-49bf-a035-ce887d2371a3-ex2,20a55a43-5147-49bf-a035-ce887d2371a3,kit,Däbe källäm a ade yäbäd ulle atta dallän do kälae abal gowensegän ine da.,That pond became very small from the strong sun.,WE-ST031 2.6,Verbal Dictionary
544d202d-b1c6-434a-a83b-956d1ed3d3d0-ex1,544d202d-b1c6-434a-a83b-956d1ed3d3d0,kit,kälae eka kutt,a few words,,Verbal Dictionary
544d202d-b1c6-434a-a83b-956d1ed3d3d0-ex2,544d202d-b1c6-434a-a83b-956d1ed3d3d0,kit,Ine da kälae dan.,The amount of water is little.,,Verbal Dictionary
972cf42e-031a-4680-8cf3-8da6c4bd9365-ex1,972cf42e-031a-4680-8cf3-8da6c4bd9365,kit,Kälaepot alle ibi allan.,She's tiptoeing.,,Verbal Dictionary
6f895108-7d23-4df3-9107-9fa4ed5c519e-ex1,6f895108-7d23-4df3-9107-9fa4ed5c519e,kit,Ngäna kälakälae gontämon do yäbäd a angde goklawän dam ngäna ibi de gongkam.,I waited a little until the sun set; then I started walking.,,Verbal Dictionary
6f895108-7d23-4df3-9107-9fa4ed5c519e-ex2,6f895108-7d23-4df3-9107-9fa4ed5c519e,kit,Ende eka da kälakälae duli mäzi budabän.,The Ende language might get lost in the near future.,,Verbal Dictionary
6f895108-7d23-4df3-9107-9fa4ed5c519e-ex3,6f895108-7d23-4df3-9107-9fa4ed5c519e,kit,Eka kutt a ddob kälakälae sapasapang a dadegaeya.,There were other slight differences in their words.,,Verbal Dictionary
289a751d-744f-4b9e-83a1-6c790b482848-ex1,289a751d-744f-4b9e-83a1-6c790b482848,kit,Gollab a ekaklle we enanae gollomän kälakälae.,The turtle shell got smashed into pieces on the ground.,,Verbal Dictionary
bcf4cf11-1faf-4183-8e4a-b2e4c1666b78-ex1,bcf4cf11-1faf-4183-8e4a-b2e4c1666b78,kit,Yäbäd a goklanän.,The sun was setting.,,Verbal Dictionary
53ea531c-2de0-4c1a-8b64-5881ae9ed8e7-ex1,53ea531c-2de0-4c1a-8b64-5881ae9ed8e7,kit,Lla da llo de kälngkäl eran.,The man is climbing the tree.,,Verbal Dictionary
efae51e3-b987-40d0-807a-ad7cdcca3669-ex1,efae51e3-b987-40d0-807a-ad7cdcca3669,kit,"Mälla da ttägäll baugän bottamänän, mätta de bakälbeaebneyo.","The woman will make mumu, finish, and then singe the yams.",,Verbal Dictionary
9a8b97d4-1210-4e40-86e9-960fee55366a-ex1,9a8b97d4-1210-4e40-86e9-960fee55366a,kit,ngämi angde käkle dagaeya,when we (excl.) were little,,Verbal Dictionary
9a8b97d4-1210-4e40-86e9-960fee55366a-ex2,9a8b97d4-1210-4e40-86e9-960fee55366a,kit,Ge nyäng a klekle dag.,These bags are small.,WE-ST025 6.1,Verbal Dictionary
9a8b97d4-1210-4e40-86e9-960fee55366a-ex3,9a8b97d4-1210-4e40-86e9-960fee55366a,kit,Oba llɨg kälekäle tämamae ma me dowattälleyo.,They left all their small children at home.,WE-ST055 3.2,Verbal Dictionary
3735edb2-f3d3-45a4-ab47-65e699c17012-ex1,3735edb2-f3d3-45a4-ab47-65e699c17012,kit,"Ngäna kälepalle danyroene, angde dowae mäse däga, ddia da  dindugän.","I was creeping slowly, and when I almost had it, the deer fled.",,Verbal Dictionary
a5409fca-2a84-4bc3-97e4-a128a41f3acf-ex1,a5409fca-2a84-4bc3-97e4-a128a41f3acf,kit,Ngäna obo pallall kälkäl eran.,I'm making up stories about her.,,Verbal Dictionary
dd62379e-c2c3-4ec8-9d8d-bbdf2f82c2ee-ex1,dd62379e-c2c3-4ec8-9d8d-bbdf2f82c2ee,kit,Ge mätta da käläsre dan be nge da ulle dan.,This yam is smaller than the coconut.,,Verbal Dictionary
17860f6d-a960-4333-b13e-53ea1348d97c-ex1,17860f6d-a960-4333-b13e-53ea1348d97c,kit,Däräng källa de ngätt att de baglloeabnalla.,We will take dog poop out from the yards.,,Verbal Dictionary
17860f6d-a960-4333-b13e-53ea1348d97c-ex2,17860f6d-a960-4333-b13e-53ea1348d97c,kit,Däräng a yuwog ngätt me källa bebeyag dan.,The dog takes craps in many yards.,,Verbal Dictionary
ca0f9c02-dd3c-461b-b6c4-1a8e344b7bff-ex1,ca0f9c02-dd3c-461b-b6c4-1a8e344b7bff,kit,"Sɨmell de enanae dukolldänegän idoidog alle, källa de tämamae däträpnegän.",He shot the pig dead with the spear; its guts were all cut open.,,Verbal Dictionary
dfeda6b9-d257-4416-ad1c-10298eb61377-ex1,dfeda6b9-d257-4416-ad1c-10298eb61377,kit,walle kllaklle,to poison the river,,Verbal Dictionary
c1a8eb06-c4a2-49a0-b268-dc73f605e806-ex1,c1a8eb06-c4a2-49a0-b268-dc73f605e806,kit,Bogo källkällong dindu allanǃ,He's running like he needs to poop!,,Verbal Dictionary
c1a8eb06-c4a2-49a0-b268-dc73f605e806-ex2,c1a8eb06-c4a2-49a0-b268-dc73f605e806,kit,Ubi tätäm ddia de kapu digeyo källakällong ma we.,"Yesterday, they carried the deer all the way home.",,Verbal Dictionary
6cd29feb-2df2-4f65-95ac-4c14bc093da6-ex1,6cd29feb-2df2-4f65-95ac-4c14bc093da6,kit,Kottllam a wa kollba da ttongo källäm me dazernän.,Turtles and fish were living in a pond.,,Verbal Dictionary
e9788e2c-a0d3-4271-971a-de003b6e9d8f-ex1,e9788e2c-a0d3-4271-971a-de003b6e9d8f,kit,Zon bo gablle mättnan ma källän a ddäddäg ttoe dädär alle ngasngesatt daeya.,John's belt for wearing around his waist was made from dry animal hide.,,Verbal Dictionary
c6115843-4838-44f2-aa20-3d0d341dd744-ex1,c6115843-4838-44f2-aa20-3d0d341dd744,kit,Ende tän a ako ngänam eran ada llɨg klekle a komuniti da bo källkae dag.,The Ende tribe also understands that children are the community's future.,,Verbal Dictionary
6b1689c3-90d6-4dd5-86b7-54b10dbb6c4d-ex1,6b1689c3-90d6-4dd5-86b7-54b10dbb6c4d,kit,Aska källkae ngämo llɨg a mɨnyi pällämpälläm eka de bepänyneyo.,I think my children will speak in English in the future.,,Verbal Dictionary
1390bd33-541f-4357-8f7e-b7bcdb6e1960-ex1,1390bd33-541f-4357-8f7e-b7bcdb6e1960,kit,"Da ttongo kantri me lla da bompallängkmenynegän obaoba komlla kullum e, obaoba däbe kantri da mɨnyi ddone bakällmewän.","If the people in a country divide themselves into two groups, that country will not survive.",,Verbal Dictionary
d16fba28-47b8-4abe-b449-eacccd2bfad5-ex1,d16fba28-47b8-4abe-b449-eacccd2bfad5,kit,Yesu gagäll anyke de däkällttawän lla bo guwo watt de.,Jesus cast the bad spirit out from the man's heart.,,Verbal Dictionary
1e945313-6951-4842-b2da-d6783e2a9422-ex1,1e945313-6951-4842-b2da-d6783e2a9422,kit,Ngämo käm a ulle agan.,I'm full (lit. my stomach got big).,,Verbal Dictionary
1e945313-6951-4842-b2da-d6783e2a9422-ex2,1e945313-6951-4842-b2da-d6783e2a9422,kit,Sɨmell bo käm de dupotän.,He sliced the pig's stomach open.,,Verbal Dictionary
1e945313-6951-4842-b2da-d6783e2a9422-ex3,1e945313-6951-4842-b2da-d6783e2a9422,kit,Kämang mälla da gänya itrell peyang a mänyi oba käm me llɨg abira basiaemneyo.,Pregnant women with this disease will give it to their children in their womb.,,Verbal Dictionary
f5050836-5327-4c1a-ab7d-fda92b970809-ex1,f5050836-5327-4c1a-ab7d-fda92b970809,kit,Kämang mälla da gänya itrell peyang a mänyi oba käm me llɨg abira basiaemneyo.,Pregnant women with this disease will give it to their children in their womb.,,Verbal Dictionary
3fdc5ec7-0191-4beb-87bf-c3a2a7b846f4-ex1,3fdc5ec7-0191-4beb-87bf-c3a2a7b846f4,kit,eka kämang,talkative,,Verbal Dictionary
3fdc5ec7-0191-4beb-87bf-c3a2a7b846f4-ex2,3fdc5ec7-0191-4beb-87bf-c3a2a7b846f4,kit,Ddobae togotogol tongoe kämang dagwaeya.,They (du.) really loved to play hide-and-seek.,,Verbal Dictionary
8d87a2d6-79f1-4da2-838d-36a89b90d686-ex1,8d87a2d6-79f1-4da2-838d-36a89b90d686,kit,Mälla da ma käm me dan.,The woman is beneath the house.,,Verbal Dictionary
252c0f23-023e-4974-85ee-6f3d56578b8c-ex1,252c0f23-023e-4974-85ee-6f3d56578b8c,kit,Käma bogo skulatt dan.,Maybe she went to school.,,Verbal Dictionary
cd67ea67-ba58-4201-8983-26ff67271e72-ex1,cd67ea67-ba58-4201-8983-26ff67271e72,kit,kämag ingong,a dance from the west,,Verbal Dictionary
136c6eb7-6b68-480e-a989-5635fd3cd53d-ex1,136c6eb7-6b68-480e-a989-5635fd3cd53d,kit,Tɨtɨm kämag peyang daeya.,"Yesterday, there was a windy storm.",,Verbal Dictionary
9f03a581-50dd-4e94-8e6f-abf1cf8c8d0b-ex1,9f03a581-50dd-4e94-8e6f-abf1cf8c8d0b,kit,"Kämag amne me, bängnameyo abo ada mätta da zäme redi allan.","In the middle of kämag, they will understand that the yams are ready.",,Verbal Dictionary
8c879c58-c4e2-4c97-b346-03e986c82b60-ex1,8c879c58-c4e2-4c97-b346-03e986c82b60,kit,Kämag wel a era za gagällang dan a ai dan lla de ade bäbäddän.,This big wind is a bad thing and it can kill people.,SE-LE054 185.1,Verbal Dictionary
1d6245d4-3195-44ff-8200-a5c09cd4de0d-ex1,1d6245d4-3195-44ff-8200-a5c09cd4de0d,kit,Itrellang lla de omäg alle dakämeyo.,They healed the sick man with magic.,,Verbal Dictionary
c72ee147-97c1-42a8-bb94-fb62835d0a37-ex1,c72ee147-97c1-42a8-bb94-fb62835d0a37,kit,Deyarän däba ine nanen e oba kämall.,He went there to drink water with them.,,Verbal Dictionary
c72ee147-97c1-42a8-bb94-fb62835d0a37-ex2,c72ee147-97c1-42a8-bb94-fb62835d0a37,kit,Ge lla da ngäna ama kämall skul att dan.,These people are who I went to school with.,,Verbal Dictionary
c72ee147-97c1-42a8-bb94-fb62835d0a37-ex3,c72ee147-97c1-42a8-bb94-fb62835d0a37,kit,Ngämi gobllab Eramang gall tapma we ddob llayaba kämall.,We (excl.) went to Eramang canoe dock with some other people.,,Verbal Dictionary
777ae42e-8959-42d8-85da-885555c06b16-ex1,777ae42e-8959-42d8-85da-885555c06b16,kit,"Da män a kämang allan, ede llɨg a zeg allan.","If a woman gets preganant, a child will be born.",,Verbal Dictionary
1f176407-bbf0-4c74-aef9-a21b9cdb24c2-ex1,1f176407-bbf0-4c74-aef9-a21b9cdb24c2,kit,Ngämi ine kämbmeny de dängkameya.,We (excl.) started diving.,,Verbal Dictionary
1f176407-bbf0-4c74-aef9-a21b9cdb24c2-ex2,1f176407-bbf0-4c74-aef9-a21b9cdb24c2,kit,Wiya angkäbäg!,[You] come dive!,,Verbal Dictionary
69c43690-3288-4869-80f9-82b434bff525-ex1,69c43690-3288-4869-80f9-82b434bff525,kit,Zon ine kämbägag,John the Baptist,,Verbal Dictionary
69c43690-3288-4869-80f9-82b434bff525-ex2,69c43690-3288-4869-80f9-82b434bff525,kit,Pasta da obom ine dängkäbägän dedme.,The pastor baptized him there.,,Verbal Dictionary
f9b3c06d-818f-4bb6-b844-07708a837c73-ex1,f9b3c06d-818f-4bb6-b844-07708a837c73,kit,Kämlla da täkäll peyang dan.,The echidna has spines.,,Verbal Dictionary
e28c4848-0517-401c-976b-d5bfc256cc43-ex1,e28c4848-0517-401c-976b-d5bfc256cc43,kit,Ngäna skul atta gongkän greid paeb me.,I withdrew from school in grade five.,,Verbal Dictionary
3a4aa9de-dffb-47cc-815b-4990000a6e9c-ex1,3a4aa9de-dffb-47cc-815b-4990000a6e9c,kit,Bäne sod de nängkän.,Take off your shirt.,,Verbal Dictionary
3a4aa9de-dffb-47cc-815b-4990000a6e9c-ex2,3a4aa9de-dffb-47cc-815b-4990000a6e9c,kit,Ngäna net de apte tär nängkänan.,I undid the string on one side of the net.,,Verbal Dictionary
3a4aa9de-dffb-47cc-815b-4990000a6e9c-ex3,3a4aa9de-dffb-47cc-815b-4990000a6e9c,kit,Gänyme nge kopnen ma patt de aeya dängkänän?,Who took out the coconut dehusker (from the ground) here?,,Verbal Dictionary
ec98fe8b-1439-4583-a289-803107258a2d-ex1,ec98fe8b-1439-4583-a289-803107258a2d,kit,Abo känazbag ikop bogmam.,We will see each other tomorrow.,,Verbal Dictionary
5edd2987-c5c2-4c75-a4d2-14452f510b7a-ex1,5edd2987-c5c2-4c75-a4d2-14452f510b7a,kit,Ngäna ine de käntrokäntrom nänawan.,I gulped the water.,,Verbal Dictionary
63df3652-f089-48a3-84b1-a668b2edde75-ex1,63df3652-f089-48a3-84b1-a668b2edde75,kit,Bogo mɨnyi tuk me ulle abal känttatt de yantepägän.,He will show you (pl.) a very big room above.,,Verbal Dictionary
4b4cac01-27fb-42d0-9183-734747600a16-ex1,4b4cac01-27fb-42d0-9183-734747600a16,kit,Bogo llo gäbagäba de ikop dägagän a dädme towall gongkäzän a ttäle gottkewän.,He saw a shady tree and went off into the grass there and folded his legs.,,Verbal Dictionary
11deb681-546d-4b75-9fac-0471b9791842-ex1,11deb681-546d-4b75-9fac-0471b9791842,kit,Yäbäd a dingkälän tuk e.,The sun rose up into the sky.,,Verbal Dictionary
600068a4-2c5a-4424-aae5-e51113ae488e-ex1,600068a4-2c5a-4424-aae5-e51113ae488e,kit,Lla da llo de kälngkäl eran.,The man is climbing the tree.,,Verbal Dictionary
600068a4-2c5a-4424-aae5-e51113ae488e-ex2,600068a4-2c5a-4424-aae5-e51113ae488e,kit,Bogo manggo de dängkälän.,She climbed the mango tree.,,Verbal Dictionary
cb9c2485-8269-422f-a804-1fa35b62a442-ex1,cb9c2485-8269-422f-a804-1fa35b62a442,kit,Ge kup a gärep käp yid kämnan e dan.,This hole is for pressing grape juice (i.e. a winepress).,,Verbal Dictionary
cb9c2485-8269-422f-a804-1fa35b62a442-ex2,cb9c2485-8269-422f-a804-1fa35b62a442,kit,Ubi sana kämnanang dag.,They are squeezing sago.,,Verbal Dictionary
1fe99453-75d3-4998-867e-ec23bf2a9aa5-ex1,1fe99453-75d3-4998-867e-ec23bf2a9aa5,kit,Dagirne dirom a känyär dae gongttägän.,I stayed there and a cassowary came up quietly.,,Verbal Dictionary
1fe99453-75d3-4998-867e-ec23bf2a9aa5-ex2,1fe99453-75d3-4998-867e-ec23bf2a9aa5,kit,Känyär giddollag be ddobae melemang deya.,He was humble (lit. one who lives quietly) but hardworking.,,Verbal Dictionary
7d2c2d69-9a4f-4b24-900c-e75d2c6f299f-ex1,7d2c2d69-9a4f-4b24-900c-e75d2c6f299f,kit,"Bongo känyär nonttog, Godd aebe umllang bogon.","If you give it secretly, only God will know.",,Verbal Dictionary
7d2c2d69-9a4f-4b24-900c-e75d2c6f299f-ex2,7d2c2d69-9a4f-4b24-900c-e75d2c6f299f,kit,Obo pate oba känyär me gobällän a obom dangnoeyo.,They went to him in secret and asked him.,,Verbal Dictionary
480a6dcd-7100-45ec-a663-9bed9b1cdde3-ex1,480a6dcd-7100-45ec-a663-9bed9b1cdde3,kit,Ngämi ngäma känyär ulleulle gogmam.,We (excl.) grew up by ourselves.,,Verbal Dictionary
480a6dcd-7100-45ec-a663-9bed9b1cdde3-ex2,480a6dcd-7100-45ec-a663-9bed9b1cdde3,kit,Bogo ma me daeya obo känyär.,He was home alone.,,Verbal Dictionary
480a6dcd-7100-45ec-a663-9bed9b1cdde3-ex3,480a6dcd-7100-45ec-a663-9bed9b1cdde3,kit,Bina känyär wiyamom ge ngättma we.,Come by yourselves to this place.,,Verbal Dictionary
c520573f-1dee-4510-8f6c-4d8f122dcf72-ex1,c520573f-1dee-4510-8f6c-4d8f122dcf72,kit,Tämamae oba tatuma ibi ttoen de täbetäbe de dätäbeyo känyärkänyär.,They all secretly planned a way to go to their washing place.,,Verbal Dictionary
3282c983-0f9b-4aab-8d00-573ca3d2a45c-ex1,3282c983-0f9b-4aab-8d00-573ca3d2a45c,kit,"Ause da llɨg kälsre de mäse känyerkänyer dägnän, be ddone mullae gogon.","The old woman was trying to soothe the boy, but she couldn't.",,Verbal Dictionary
74e57e6f-d001-4e81-b239-d5511272ef9e-ex1,74e57e6f-d001-4e81-b239-d5511272ef9e,kit,Imanuel gall guwo me känyärtto gogän.,Imanuel was silent in the heart of the canoe.,WE-ST018 1.11,Verbal Dictionary
74e57e6f-d001-4e81-b239-d5511272ef9e-ex2,74e57e6f-d001-4e81-b239-d5511272ef9e,kit,Yuwog abal lla da obom umllang dägaeyo känyärtto we.,Many people told him to be quiet.,,Verbal Dictionary
d321cd5f-daac-429c-9a8e-86303ee72dea-ex1,d321cd5f-daac-429c-9a8e-86303ee72dea,kit,[Be Lama] [Be Mana mäse] Be Lama mäse obo känyer yärngän ede ada dägnän tutu we ddone mullae gognän.,But Mana tried to save her herself but she could not.,SE-TN019 13.1,Verbal Dictionary
d321cd5f-daac-429c-9a8e-86303ee72dea-ex2,d321cd5f-daac-429c-9a8e-86303ee72dea,kit,"Mana ddone mullae gogon [abo] obo känyer, ede adawatta bogo Lama bälle wälle gogon, Emi bälle yärngän e.","Mana wasn't able by her self, and so she called for Lama to save Emi.",WE-ST023 12.1,Verbal Dictionary
fdb8ef26-3258-4384-af83-ffa09adfe685-ex1,fdb8ef26-3258-4384-af83-ffa09adfe685,kit,Llɨg a llo käp de notan.,The boy ate the fruit.,,Verbal Dictionary
0b458dcf-dbc4-48ab-9082-8ab3df44f4f7-ex1,0b458dcf-dbc4-48ab-9082-8ab3df44f4f7,kit,Ge pa da käp tumang zazeag dan.,This bird lays many eggs.,,Verbal Dictionary
a4b66ffb-7dc6-420d-bf6d-d4d5fa26f009-ex1,a4b66ffb-7dc6-420d-bf6d-d4d5fa26f009,kit,"wayati käp, dädär käp, ttägäll käp, batri käp, tudi käp","watermelon, rock, money, battery, fish hook",,Verbal Dictionary
a4b66ffb-7dc6-420d-bf6d-d4d5fa26f009-ex2,a4b66ffb-7dc6-420d-bf6d-d4d5fa26f009,kit,"Malla ngäna tumang kollba de naittnegan, tri käpdae.","I didn't catch many fish, only three.",,Verbal Dictionary
c7dc654e-76aa-463c-bbd3-5aa34ca57671-ex1,c7dc654e-76aa-463c-bbd3-5aa34ca57671,kit,Tomato da ddone käpang gogon.,The tomato plant had no fruit.,,Verbal Dictionary
6a2b6c9c-47e4-474a-ae07-043c7c7c0cba-ex1,6a2b6c9c-47e4-474a-ae07-043c7c7c0cba,kit,"Bogo walle we guspunän, käsre ma we käptakäptae gongosän.","He fell in the water, so he came back home soaking wet.",,Verbal Dictionary
19eeae96-ae5f-4f4f-bbb6-6ebceea9d578-ex1,19eeae96-ae5f-4f4f-bbb6-6ebceea9d578,kit,Ngämo tater a käptang agan.,My mat get wet.,,Verbal Dictionary
ac673049-23c3-4016-8f93-4f7a476435d7-ex1,ac673049-23c3-4016-8f93-4f7a476435d7,kit,Kärakäralmeny agnan wel a.,The wind was swirling.,,Verbal Dictionary
5ab795d4-16bc-480a-b3da-605186673dd6-ex1,5ab795d4-16bc-480a-b3da-605186673dd6,kit,"Polle da popang gogän, käsre ge ddäddäg a gazgez de gongkaemnegän.","The fence got a hole, and then this animal started to escape.",,Verbal Dictionary
9e4bd082-975f-4389-92ac-55f5d29078c0-ex1,9e4bd082-975f-4389-92ac-55f5d29078c0,kit,Tärko da mängalae källa gokätaemän.,The small fish quickly splashed its tail.,,Verbal Dictionary
0c0bde54-559b-4a3d-a2da-9ac5f732ee4f-ex1,0c0bde54-559b-4a3d-a2da-9ac5f732ee4f,kit,Obo ikop kätäräl bätbät att a opnaeyan pällampällam e.,His eyes changed from black to white.,,Verbal Dictionary
4037aa8d-d472-4d46-9477-862a2b736826-ex1,4037aa8d-d472-4d46-9477-862a2b736826,kit,Apapi da ddob erag käträkäträl dag.,There are some butterflies which are multicolored.,,Verbal Dictionary
234b11db-dd5c-48bc-853c-4f9657656402-ex1,234b11db-dd5c-48bc-853c-4f9657656402,kit,tubukätt,kneecap,,Verbal Dictionary
3642aceb-648f-46c4-b27b-32cbc95937bf-ex1,3642aceb-648f-46c4-b27b-32cbc95937bf,kit,Ibetty tätäm wipellgallagallab alle nyäng de däkättän.,"Yesterday, Ibetty switched from the wipellgallagallab design to a new one.",,Verbal Dictionary
97718564-3fac-432b-a7a8-f4aecf4ee397-ex1,97718564-3fac-432b-a7a8-f4aecf4ee397,kit,Ngäna polle de käg alle kättkätt eran.,I'm making a fence with the palm.,,Verbal Dictionary
97718564-3fac-432b-a7a8-f4aecf4ee397-ex2,97718564-3fac-432b-a7a8-f4aecf4ee397,kit,Bogo dädär alle polle de däkättän.,He built a wall out of stone.,,Verbal Dictionary
fd70450e-2546-433c-8007-a1e785050154-ex1,fd70450e-2546-433c-8007-a1e785050154,kit,Ngäna käza de nägliban.,I scared away the crocodile.,,Verbal Dictionary
361ea350-f48d-4493-a0e0-d8953e00f4e7-ex1,361ea350-f48d-4493-a0e0-d8953e00f4e7,kit,Niki sisri ag me käza wirwir agnan walle menae me.,"This morning, Niki was calling the crocodile on the side of the water.",,Verbal Dictionary
9efd696b-e20c-4a08-a6e0-82e455627586-ex1,9efd696b-e20c-4a08-a6e0-82e455627586,kit,Ewatta ke bibi ddobaeddobae lel amalla?,Why are you all so afraid?,,Verbal Dictionary
9efd696b-e20c-4a08-a6e0-82e455627586-ex2,9efd696b-e20c-4a08-a6e0-82e455627586,kit,Aenen ke ngämo mäg a?,Who is my mother?,,Verbal Dictionary
95bae930-cdde-4154-b988-6edc91e6cadf-ex1,95bae930-cdde-4154-b988-6edc91e6cadf,kit,Ngäma ma me nongg a kemibi abal dag.,"In my house, there are many geckos.",,Verbal Dictionary
448c08f5-c13e-4723-a60b-779387b2995f-ex1,448c08f5-c13e-4723-a60b-779387b2995f,kit,Täne pittnen e keta da dagaya ottamänan.,The stalk weaving has finished for the roof.,SE-LE054 34.1,Verbal Dictionary
88faf136-8594-45b6-b62d-558e6fb4ef5f-ex1,88faf136-8594-45b6-b62d-558e6fb4ef5f,kit,Bogo mɨnyi yogoll de ketrop bägagän.,She will stop the rain.,,Verbal Dictionary
5e45d11d-aa4c-4d8d-aed3-8314587df741-ex1,5e45d11d-aa4c-4d8d-aed3-8314587df741,kit,Kili da daden.,There is joy.,,Verbal Dictionary
ee39206c-39f3-4e6f-af4c-bbcb5503bc2f-ex1,ee39206c-39f3-4e6f-af4c-bbcb5503bc2f,kit,Ngämi tämamae ddone ada kili gogmam.,We (excl.) were all so happy.,,Verbal Dictionary
ee39206c-39f3-4e6f-af4c-bbcb5503bc2f-ex2,ee39206c-39f3-4e6f-af4c-bbcb5503bc2f,kit,Ngäna bäne pate ddone kili allan.,I am not happy with you.,,Verbal Dictionary
669ebfae-7302-4c12-849b-3188930a9c32-ex1,669ebfae-7302-4c12-849b-3188930a9c32,kit,Bogo kili nägagan.,He praised him.,,Verbal Dictionary
bf1efa14-4dd6-4a0e-9a6c-d8cb54739f8a-ex1,bf1efa14-4dd6-4a0e-9a6c-d8cb54739f8a,kit,Obo ingoll a ddone kiliang agan.,His face was not happy.,,Verbal Dictionary
138a6c31-82bb-4945-a633-77166e8423f8-ex1,138a6c31-82bb-4945-a633-77166e8423f8,kit,Bogo mɨnyi ballän kilikili bägawän a ttang bänttepägän.,He will go greet him and shake his hand.,,Verbal Dictionary
019ec32f-32ba-495e-95d7-afa7c9443f42-ex1,019ec32f-32ba-495e-95d7-afa7c9443f42,kit,Däbe amom de kilikili nägnallo didri?,Whom are they celebrating?,,Verbal Dictionary
019ec32f-32ba-495e-95d7-afa7c9443f42-ex2,019ec32f-32ba-495e-95d7-afa7c9443f42,kit,Lla da bobällnän kilikili bägayaebneyo.,People will go and celebrate.,,Verbal Dictionary
ad27b24f-7311-4590-b1e4-98017e4e9192-ex1,ad27b24f-7311-4590-b1e4-98017e4e9192,kit,Meri ma we kilikiliangae dallän.,Mary went home happily.,,Verbal Dictionary
724b41d7-78df-402b-9b91-da7c14e4249c-ex1,724b41d7-78df-402b-9b91-da7c14e4249c,kit,Män kälsre da kilimeny agan.,The little girl was sad.,,Verbal Dictionary
724b41d7-78df-402b-9b91-da7c14e4249c-ex2,724b41d7-78df-402b-9b91-da7c14e4249c,kit,Bogo kilimeny gongäsän ma we.,He went home unhappy.,,Verbal Dictionary
d532ecce-563b-4274-b4d3-069f4b160ceb-ex1,d532ecce-563b-4274-b4d3-069f4b160ceb,kit,Bogo kilimeny nägagan.,He insulted him.,,Verbal Dictionary
7eede46c-4860-43b1-bafe-2062d4eb958c-ex1,7eede46c-4860-43b1-bafe-2062d4eb958c,kit,llo kip,treetop,,Verbal Dictionary
261b0b80-d5c3-429f-a670-24bb79ed8efa-ex1,261b0b80-d5c3-429f-a670-24bb79ed8efa,kit,Ngäna kɨllɨll di näddägan.,I ate the killill snake.,,Verbal Dictionary
370eac4e-7de3-4f9e-89eb-50a7fc430107-ex1,370eac4e-7de3-4f9e-89eb-50a7fc430107,kit,Auma däkällallo.,They dig a grave.,SE-TN021 5.1,Verbal Dictionary
370eac4e-7de3-4f9e-89eb-50a7fc430107-ex2,370eac4e-7de3-4f9e-89eb-50a7fc430107,kit,Gottamänän dibaballe kup di däkällneg a pos de däganeg.,"I finished, and then I dug the holes and put the posts in.",WE-ST013 1.5,Verbal Dictionary
0e3153b9-65d4-4f1d-a9ba-a093703d29f4-ex1,0e3153b9-65d4-4f1d-a9ba-a093703d29f4,kit,Ubi goklloeyän Malläm ttängäm e.,They gathered in Malam village.,,Verbal Dictionary
513e59d0-3091-4e36-9eb2-75e5b67acdb5-ex1,513e59d0-3091-4e36-9eb2-75e5b67acdb5,kit,"Chairman a obo melem a ada dan ge, lla de baklloenegnän eka tameny e.",This is the chairman's job: he will gather the people for discussions.,,Verbal Dictionary
513e59d0-3091-4e36-9eb2-75e5b67acdb5-ex2,513e59d0-3091-4e36-9eb2-75e5b67acdb5,kit,Ngämi eka de klloklloe panynen eralla.,We are speaking mixing languages.,,Verbal Dictionary
b2a4e72f-6bf9-4860-892a-977d110aa590-ex1,b2a4e72f-6bf9-4860-892a-977d110aa590,kit,"Däräng dedme dinduag a ada gogon, wel kllomokllomoll dallän.",Dog went running like this; he went downwind.,WE-ST020 1.20,Verbal Dictionary
9b40cabd-8abc-4226-9a12-469da2d40bd2-ex1,9b40cabd-8abc-4226-9a12-469da2d40bd2,kit,ekaklle kodor,plot of land,,Verbal Dictionary
9b40cabd-8abc-4226-9a12-469da2d40bd2-ex2,9b40cabd-8abc-4226-9a12-469da2d40bd2,kit,Alla ubira sana kodor de basiaemeya?,Can you give them a piece of sago?,,Verbal Dictionary
d96d6881-7444-451d-b266-91066b04a1a8-ex1,d96d6881-7444-451d-b266-91066b04a1a8,kit,Ngäna llowam atta koen allan.,I'm turning back due to fatigue.,,Verbal Dictionary
f0f7febf-312e-4263-8ced-d75eb53de5d3-ex1,f0f7febf-312e-4263-8ced-d75eb53de5d3,kit,Bogo obom nängkoenmällan.,He chased him.,,Verbal Dictionary
f0f7febf-312e-4263-8ced-d75eb53de5d3-ex2,f0f7febf-312e-4263-8ced-d75eb53de5d3,kit,Ttongo täräp me llɨg kälekäle da gotäbanegän pa koenmäll e.,"One time, little boys planned to chase birds.",WE-ST025 6.1,Verbal Dictionary
f0f7febf-312e-4263-8ced-d75eb53de5d3-ex3,f0f7febf-312e-4263-8ced-d75eb53de5d3,kit,"Dadabi, mäsemäse llɨg a dongkoenmällaemneyo.",The boys chased them naked.,WE-ST055 3.17,Verbal Dictionary
f0f7febf-312e-4263-8ced-d75eb53de5d3-ex4,f0f7febf-312e-4263-8ced-d75eb53de5d3,kit,Lla da poura de nängkoenmällnegan.,The man chased four chickens.,,Verbal Dictionary
1d2a8d36-405a-4aa9-b301-1675b0477394-ex1,1d2a8d36-405a-4aa9-b301-1675b0477394,kit,Ddob sana gudne da koepangkoepang mokowang dag.,Some old pieces of sago taste sour.,,Verbal Dictionary
93de2dae-cb36-4fe8-8139-5d80fd118025-ex1,93de2dae-cb36-4fe8-8139-5d80fd118025,kit,Kok ekaklle de nganaenen eran.,The moon spins around Earth.,,Verbal Dictionary
0e4c1639-9db0-4b12-85c7-612d0893de08-ex1,0e4c1639-9db0-4b12-85c7-612d0893de08,kit,"Ada gongnomenyne, ada ka ttongdae kok me daeya sukul a.",I used to think that school was one month long.,,Verbal Dictionary
1335119b-e5c1-4207-9b61-1574776e562c-ex1,1335119b-e5c1-4207-9b61-1574776e562c,kit,Mälla da sisri ag me kok de nägäddaeballo kollba tokong e.,"This morning, the women caught grasshoppers for fishing bait.",,Verbal Dictionary
821ba72c-c398-47a3-aa21-831e153e3640-ex1,821ba72c-c398-47a3-aa21-831e153e3640,kit,Ngäna nge de kokllo eran.,I'm scraping a coconut.,,Verbal Dictionary
821ba72c-c398-47a3-aa21-831e153e3640-ex2,821ba72c-c398-47a3-aa21-831e153e3640,kit,Lla ulle da bandrabandrog bun akllonan.,The big man was scratching his head while dancing.,,Verbal Dictionary
3fe13c25-594d-4684-8bfa-bc4bd2bfcccc-ex1,3fe13c25-594d-4684-8bfa-bc4bd2bfcccc,kit,Kokngal e ibi täräp a eran yogoll täräp me dan.,The time to go kokngal hunting is when it's rainy.,,Verbal Dictionary
77edd0b1-5c02-4a24-a03b-edde7927de2c-ex1,77edd0b1-5c02-4a24-a03b-edde7927de2c,kit,Mätta koko da dade de nganae eran.,The yam shoot is wrapping around the yam stick.,Joshua Ben Danipa,Verbal Dictionary
a2aea3df-2146-4493-8d87-055a77985ce0-ex1,a2aea3df-2146-4493-8d87-055a77985ce0,kit,Bogo ddäddäg de dokonggän oblle.,He cut the meat for her.,,Verbal Dictionary
a2aea3df-2146-4493-8d87-055a77985ce0-ex2,a2aea3df-2146-4493-8d87-055a77985ce0,kit,Ddia koko we ngäna llɨg di dokom.,I took the boys to butcher the deer.,,Verbal Dictionary
edf04d88-1ecd-4c3c-96b9-d759ed535a6e-ex1,edf04d88-1ecd-4c3c-96b9-d759ed535a6e,kit,Ge lla da nae de kokop eran.,This man is peeling a sweet potato.,,Verbal Dictionary
edf04d88-1ecd-4c3c-96b9-d759ed535a6e-ex2,edf04d88-1ecd-4c3c-96b9-d759ed535a6e,kit,Ttongo lla ulle da up o de näkopnan.,A big man peeled a ripe banana.,,Verbal Dictionary
a85cd4eb-8dfe-432e-9bac-74db8b89c2f2-ex1,a85cd4eb-8dfe-432e-9bac-74db8b89c2f2,kit,Nge kokowang a ibeny ma dan a ddob otnan ma dag.,Some sprouted cocounts are for planting and others are for eating.,Tonny Warama,Verbal Dictionary
ce1237e1-6645-4f21-be8e-43c672e087d8-ex1,ce1237e1-6645-4f21-be8e-43c672e087d8,kit,Kokta da näbdaban.,Moonlight is dawning.,WE-ST001 22.1,Verbal Dictionary
ce1237e1-6645-4f21-be8e-43c672e087d8-ex2,ce1237e1-6645-4f21-be8e-43c672e087d8,kit,Kokta da indrang abal bogon.,Moon shines so bright.,WE-ST001 22.2,Verbal Dictionary
d420d189-0083-4bc6-a01c-4012c7e1b323-ex1,d420d189-0083-4bc6-a01c-4012c7e1b323,kit,Ubi mɨnyi kok tärangg me bazärnän ge wik me.,They will be fasting this week.,,Verbal Dictionary
7a5bf201-d118-4749-82a0-f1c6d4630567-ex1,7a5bf201-d118-4749-82a0-f1c6d4630567,kit,"Ngäna gall e godagal, ine dokto.",I got in the canoe and bailed the water out.,,Verbal Dictionary
83a3eff4-b7fb-4b41-a1a9-3d9013514346-ex1,83a3eff4-b7fb-4b41-a1a9-3d9013514346,kit,"ttang, ttang koll","hand, palm",,Verbal Dictionary
1ca27c99-869f-4d5d-b046-bb72e3e66caa-ex1,1ca27c99-869f-4d5d-b046-bb72e3e66caa,kit,Ngäna ma de dakollam.,I stood the house up.,,Verbal Dictionary
7fafdcbe-a10e-4a67-ba18-2136b169fc67-ex1,7fafdcbe-a10e-4a67-ba18-2136b169fc67,kit,Bäne kollba mu da auli dan?,How much for the fish?,,Verbal Dictionary
7fafdcbe-a10e-4a67-ba18-2136b169fc67-ex2,7fafdcbe-a10e-4a67-ba18-2136b169fc67,kit,Ngämo kollba mu da ttongo ttang lläpät dan.,My fish is five kina.,,Verbal Dictionary
7fafdcbe-a10e-4a67-ba18-2136b169fc67-ex3,7fafdcbe-a10e-4a67-ba18-2136b169fc67,kit,Kollba da tämamae dadrowän a be kottllam aebe ttam dagirnän.,The fish all died but the turtle lived on.,WE-ST031 2.7,Verbal Dictionary
7fafdcbe-a10e-4a67-ba18-2136b169fc67-ex4,7fafdcbe-a10e-4a67-ba18-2136b169fc67,kit,Bogo komlla kollba ulle de deyaittän.,He caught two big fish.,,Verbal Dictionary
9cd5798c-febe-4d63-a236-8e58a4217fda-ex1,9cd5798c-febe-4d63-a236-8e58a4217fda,kit,Sɨmell de enanae dukollädnegän pakos alle.,He shot the pig straight through with the arrow.,,Verbal Dictionary
917dd137-c7a7-48f4-84ca-a5b3e62fa3af-ex1,917dd137-c7a7-48f4-84ca-a5b3e62fa3af,kit,kollmällang e ebdo,the following day,,Verbal Dictionary
917dd137-c7a7-48f4-84ca-a5b3e62fa3af-ex2,917dd137-c7a7-48f4-84ca-a5b3e62fa3af,kit,Llɨg a mänmän de dongkollmällaemeyo.,The boys followed the girls.,,Verbal Dictionary
917dd137-c7a7-48f4-84ca-a5b3e62fa3af-ex3,917dd137-c7a7-48f4-84ca-a5b3e62fa3af,kit,Abo bongo mamamamall ngämim yangkollmällneg.,You must follow us quickly.,,Verbal Dictionary
917dd137-c7a7-48f4-84ca-a5b3e62fa3af-ex4,917dd137-c7a7-48f4-84ca-a5b3e62fa3af,kit,Lama ngämo kollmällang dan.,Lama is the second child after me (lit. Lama's following me).,,Verbal Dictionary
79339d6b-868d-4170-bd62-c3545c6c21e2-ex1,79339d6b-868d-4170-bd62-c3545c6c21e2,kit,Yesu duwem gognän obo kolmällang aba peyang.,Jesus ate with his disciples.,,Verbal Dictionary
98347425-27c6-4c5c-9a00-9ca03c2c4200-ex1,98347425-27c6-4c5c-9a00-9ca03c2c4200,kit,Ngämo kollmos ttam de nänddämän kuddäll ngättma we.,It sunk my spirit to a place of death.,,Verbal Dictionary
1c6268c7-8e5f-41a0-a8ba-df997e335ff8-ex1,1c6268c7-8e5f-41a0-a8ba-df997e335ff8,kit,Pakätt de llo ngoeang me dukullwenyallo.,They hung the robe on the tree branch.,,Verbal Dictionary
e149f9d5-d8c6-44d3-aca7-d9537b33d5b6-ex1,e149f9d5-d8c6-44d3-aca7-d9537b33d5b6,kit,"bun kom, ttatt kom, mätta kom","hair on head, beard, yam root hair",,Verbal Dictionary
23e2bec3-2458-493b-b0dc-77c4f75a990b-ex1,23e2bec3-2458-493b-b0dc-77c4f75a990b,kit,Bogo ansi gogon a kom a pädrällag gognegän.,He sneezed and the feathers flew.,,Verbal Dictionary
1896b8c8-fc0c-48f0-824a-4e18d68387ab-ex1,1896b8c8-fc0c-48f0-824a-4e18d68387ab,kit,Mänyanda bi komllaebe ade tatu de gongkameyo.,The younger two also started to wash.,SE-TN019 5.1,Verbal Dictionary
33aa3a9c-0d03-4224-b8a8-4b42fb565398-ex1,33aa3a9c-0d03-4224-b8a8-4b42fb565398,kit,Bogo komllakomlla panypenyang deya ada Tame eka da wa Ende eka da.,She spoke both Taeme and Ende languages.,,Verbal Dictionary
f7a456d8-d02e-48b2-9c66-44e90d2c37ef-ex1,f7a456d8-d02e-48b2-9c66-44e90d2c37ef,kit,Komlla we nge da ngäna notan.,This is the second coconut I ate today.,,Verbal Dictionary
c5575483-7d58-4a3f-944a-6f0b0dcdaf7c-ex1,c5575483-7d58-4a3f-944a-6f0b0dcdaf7c,kit,Maryanne bom komo da näddägan.,Maryanne was bit by a centipede.,,Verbal Dictionary
5b8c893c-7f0f-43eb-970e-79baea79d615-ex1,5b8c893c-7f0f-43eb-970e-79baea79d615,kit,Grace ngänäm gull de dangkomonggän.,Grace had me bring the net.,,Verbal Dictionary
5b8c893c-7f0f-43eb-970e-79baea79d615-ex2,5b8c893c-7f0f-43eb-970e-79baea79d615,kit,Bong obo pope sɨmell midd de dangkomonggän.,Bong brought the pork for his uncle.,,Verbal Dictionary
5b8c893c-7f0f-43eb-970e-79baea79d615-ex3,5b8c893c-7f0f-43eb-970e-79baea79d615,kit,Ttall a obo za de dangkämonggän.,The wallaby took her thing.,,Verbal Dictionary
673becbf-7d51-4b14-8eb4-82afaff45b21-ex1,673becbf-7d51-4b14-8eb4-82afaff45b21,kit,Obo ma da duli kona me dan.,"His house is over there, on the corner.",,Verbal Dictionary
78690339-243e-4877-b89f-c081f8dd2096-ex1,78690339-243e-4877-b89f-c081f8dd2096,kit,Ngäna sisri Llimoll me giddollnen allan Basido kona me.,"I am now living in Limol, in the Basido district.",,Verbal Dictionary
a5f1fb6b-0bd1-4d33-aaf5-f4f71a36c227-ex1,a5f1fb6b-0bd1-4d33-aaf5-f4f71a36c227,kit,Yäbäd de ddapall käkan da dakonewän.,Clouds covered the sun.,WE-ST052 3.2,Verbal Dictionary
b84137cf-6bd1-44ee-a4b7-33fcb20aa408-ex1,b84137cf-6bd1-44ee-a4b7-33fcb20aa408,kit,Däbe män a konakone alle gokonewän.,That girl covered up with a blanket.,,Verbal Dictionary
2f1e3261-bb6a-40d0-9bd8-e33a789c478c-ex1,2f1e3261-bb6a-40d0-9bd8-e33a789c478c,kit,Ge ause da konkonang daeya.,This old woman was crazy.,,Verbal Dictionary
2f1e3261-bb6a-40d0-9bd8-e33a789c478c-ex2,2f1e3261-bb6a-40d0-9bd8-e33a789c478c,kit,Ngäna konkon allan.,I'm getting mad.,,Verbal Dictionary
2f1e3261-bb6a-40d0-9bd8-e33a789c478c-ex3,2f1e3261-bb6a-40d0-9bd8-e33a789c478c,kit,Ngämo yae konkonang gogon.,My mother became mentally ill.,,Verbal Dictionary
c08ddf59-4af2-4369-9573-4433016610d2-ex1,c08ddf59-4af2-4369-9573-4433016610d2,kit,"Ngäna konkonang dan, ngämo kame dan bina eka da.",I am ignorant; I don't know your (pl.) language.,,Verbal Dictionary
ddb5edaf-d825-49ad-af17-d168a388c22e-ex1,ddb5edaf-d825-49ad-af17-d168a388c22e,kit,ine konkon me,drunk,,Verbal Dictionary
ddb5edaf-d825-49ad-af17-d168a388c22e-ex2,ddb5edaf-d825-49ad-af17-d168a388c22e,kit,Ine da ngänäm gagäll konkonang dagän.,The drink made me really drunk.,,Verbal Dictionary
7d3b4599-a66f-4a2b-a011-27370db8285c-ex1,7d3b4599-a66f-4a2b-a011-27370db8285c,kit,Llimollang a kopae därängmeny e Wim e abällan.,Limol people went to Wim to trade.,Joshua Ben Danipa,Verbal Dictionary
4f523448-6c47-408e-b51b-a7d7940339d6-ex1,4f523448-6c47-408e-b51b-a7d7940339d6,kit,Ngängälatt dädär a mänyi tutu atta bolldaeyän kopek e.,A round rock will roll from the hill to the valley.,,Verbal Dictionary
28acdbdc-2d0d-40a6-9864-658cf0f2e3f8-ex1,28acdbdc-2d0d-40a6-9864-658cf0f2e3f8,kit,källama kopek,toilet (lit. 'hole for pooping'),,Verbal Dictionary
78f377f1-e8ce-4afa-b34a-9ab3e9caeaa8-ex1,78f377f1-e8ce-4afa-b34a-9ab3e9caeaa8,kit,ttang kotang peyang duwem,eating with dirty hands,,Verbal Dictionary
78f377f1-e8ce-4afa-b34a-9ab3e9caeaa8-ex2,78f377f1-e8ce-4afa-b34a-9ab3e9caeaa8,kit,Ngäna sisri kaptte kotang de gällämnan anggan.,I'm cleaning the dirty clothes now.,,Verbal Dictionary
ff8aa65b-cd11-41ad-8a3b-dd4274132aad-ex1,ff8aa65b-cd11-41ad-8a3b-dd4274132aad,kit,Lla da kote gottkamän.,The man hung his head.,,Verbal Dictionary
e218db7a-a725-44e1-8592-a855cae9bcaf-ex1,e218db7a-a725-44e1-8592-a855cae9bcaf,kit,gagäll kotkot anyke,"bad, unclean spirit",,Verbal Dictionary
b90330a1-f956-43e8-9e9b-ad4b6540cd38-ex1,b90330a1-f956-43e8-9e9b-ad4b6540cd38,kit,"Ngämo umllang dan bongo aenen, bongo Adi bo Kotmeny dan!",I know who you are; you are God's pure one!,,Verbal Dictionary
3a809054-945c-466d-a36c-22c8a6fa7ff3-ex1,3a809054-945c-466d-a36c-22c8a6fa7ff3,kit,Kottllam a ttongo källäm me dazernän.,The turtles were living in a pond.,,Verbal Dictionary
0e42f66d-d79b-4e1b-b657-c5d98c75e82d-ex1,0e42f66d-d79b-4e1b-b657-c5d98c75e82d,kit,nyongo ku me,in the middle of the road,,Verbal Dictionary
b1ea1618-f6c5-4302-8889-aabbca3404cb-ex1,b1ea1618-f6c5-4302-8889-aabbca3404cb,kit,Ddia da dukunegalle inu atta.,The deer woke up.,,Verbal Dictionary
93014b19-37ef-48c6-80c4-161beb39d4b8-ex1,93014b19-37ef-48c6-80c4-161beb39d4b8,kit,Masar ine kube de ngämo nangesan.,Grandfather made me a water bucket.,,Verbal Dictionary
17a8af3d-0853-4480-b119-317ab618c83a-ex1,17a8af3d-0853-4480-b119-317ab618c83a,kit,Mätta da kuddällkuddäll bognegän.,The yams will become soft.,,Verbal Dictionary
037518a9-b012-4754-bfe5-7453a53f73c9-ex1,037518a9-b012-4754-bfe5-7453a53f73c9,kit,Orpmang eka da kuddäkuddäll a era ngäna ai dan bondär.,Wipi language is easy; I can understand it.,,Verbal Dictionary
037518a9-b012-4754-bfe5-7453a53f73c9-ex2,037518a9-b012-4754-bfe5-7453a53f73c9,kit,Kuddällkuddäll dan baob wätät e.,It's easy to eat waterlily.,,Verbal Dictionary
02609fa4-cc4f-4426-b25f-88c4a62eb4c1-ex1,02609fa4-cc4f-4426-b25f-88c4a62eb4c1,kit,Gagäll dan lla da bem e buspunän kuddäll e.,It is bad for a man to throw himself into the ocean to his death.,,Verbal Dictionary
dbf2ea33-d845-4a95-a221-c847f001fb08-ex1,dbf2ea33-d845-4a95-a221-c847f001fb08,kit,Gullem a kuddäll agan.,The snake died.,,Verbal Dictionary
8804f8b6-4a1c-418e-9fa5-41361ac9ae8b-ex1,8804f8b6-4a1c-418e-9fa5-41361ac9ae8b,kit,sɨmell kuddäll,dead pig,,Verbal Dictionary
8804f8b6-4a1c-418e-9fa5-41361ac9ae8b-ex2,8804f8b6-4a1c-418e-9fa5-41361ac9ae8b,kit,kuddäll pätt,dead body,,Verbal Dictionary
3553f19b-59f5-4c03-893f-2e3ae20503df-ex1,3553f19b-59f5-4c03-893f-2e3ae20503df,kit,"ma kuddäll, ttängäm kuddäll","abandoned house, abandoned garden",,Verbal Dictionary
d3828212-73e8-4d5d-8b8e-c31498cac8d3-ex1,d3828212-73e8-4d5d-8b8e-c31498cac8d3,kit,Kuddäll ttam ngäna dindug.,I ran for my life.,,Verbal Dictionary
d3828212-73e8-4d5d-8b8e-c31498cac8d3-ex2,d3828212-73e8-4d5d-8b8e-c31498cac8d3,kit,Ubi kuddäll ttam gotongoenegnän.,They were laughing to death.,,Verbal Dictionary
03cd6f48-bc8b-4ae0-af0f-f4493575a535-ex1,03cd6f48-bc8b-4ae0-af0f-f4493575a535,kit,Ubi deagerneyo ttongo kui me.,They (two) lived on an island.,SE-TN029 2.2,Verbal Dictionary
191c91ef-e7b2-45e2-b3ef-1af530d0b06f-ex1,191c91ef-e7b2-45e2-b3ef-1af530d0b06f,kit,"Llɨg kälekäle, towall e ibnin a mudag, kuibiag a amom bäddägän.","Children, do not walk in the grass; Papuan black snacks will bite anyone.",SE-LE054 140.1,Verbal Dictionary
036760bc-b337-43a5-9f96-c21f2fefe825-ex1,036760bc-b337-43a5-9f96-c21f2fefe825,kit,Obo ma ud de kuimang dägagän.,She knocked on his door.,,Verbal Dictionary
c60af7fb-0a7b-454e-ad7c-ca45d7996634-ex1,c60af7fb-0a7b-454e-ad7c-ca45d7996634,kit,kuki ttoen,trick,,Verbal Dictionary
c60af7fb-0a7b-454e-ad7c-ca45d7996634-ex2,c60af7fb-0a7b-454e-ad7c-ca45d7996634,kit,kukiang keriso,false messiah,,Verbal Dictionary
8c97c294-7ee3-4b58-9db2-89d9966d99f9-ex1,8c97c294-7ee3-4b58-9db2-89d9966d99f9,kit,Bogo gongnamän ada mälla da obom era kuki dägagän.,He realized that the woman deceived him.,,Verbal Dictionary
8c97c294-7ee3-4b58-9db2-89d9966d99f9-ex2,8c97c294-7ee3-4b58-9db2-89d9966d99f9,kit,Ddob kukiang lla da mɨnyi bälltaemnän.,Other deceiving men will be coming.,,Verbal Dictionary
8c97c294-7ee3-4b58-9db2-89d9966d99f9-ex3,8c97c294-7ee3-4b58-9db2-89d9966d99f9,kit,Ai dan God ngänäm märal bagän da kuki allan.,I swear to God I'm not lying (lit. God can curse me if I'm lying).,,Verbal Dictionary
efae8779-9287-4256-824e-42bc1d4d42fb-ex1,efae8779-9287-4256-824e-42bc1d4d42fb,kit,Ubi sapasapang kuki eka de däpanyaemeyo Yesu bo pallall.,They told various lies about Jesus.,,Verbal Dictionary
2a2eeec6-7548-4575-9526-bdae4997c577-ex1,2a2eeec6-7548-4575-9526-bdae4997c577,kit,Kutt a kukollang ekaklle me guspullän a mermerae mängallang kukollang däpäddän.,The seed fell to the fertile ground and sprouted vibrantly.,,Verbal Dictionary
7cdc51b0-373f-4687-bb64-2fdebe73e377-ex1,7cdc51b0-373f-4687-bb64-2fdebe73e377,kit,Ubi tätäm nge kukrub doklloaebeyo a nge dädär peyang gongkänemenynegnän.,"Yesterday, they scratched water-filled coconuts and ate them with dry coconut.",Tonny Warama,Verbal Dictionary
eb58bc96-ac3a-431b-8e11-517b524bbce6-ex1,eb58bc96-ac3a-431b-8e11-517b524bbce6,kit,Pamker a mätta de kul bägayaebneyo.,They will be smashing the yams and pumpkins together.,,Verbal Dictionary
f0bd084f-bcee-4bf5-93de-311cedd812f0-ex1,f0bd084f-bcee-4bf5-93de-311cedd812f0,kit,Kullkull a dallän llamda pate.,The grassfire moved towards the old man.,WE-ST051 31.1,Verbal Dictionary
f0bd084f-bcee-4bf5-93de-311cedd812f0-ex2,f0bd084f-bcee-4bf5-93de-311cedd812f0,kit,Ngäna deyarne kullkull att dae.,I was returning to the burnt grass.,,Verbal Dictionary
1e4b5538-4725-4840-a0a9-8cb48061f15f-ex1,1e4b5538-4725-4840-a0a9-8cb48061f15f,kit,Ttongo däräng a kullkullat enddäna me pollpoll dängkamän.,A dog started the bark in the burnt-up clearing.,,Verbal Dictionary
9be75d31-9b53-4c20-9b02-aa2a64b76d88-ex1,9be75d31-9b53-4c20-9b02-aa2a64b76d88,kit,"Da ttongo kantri me lla da bompallängkmenynegän obaoba komlla kullum e a bogäddeyo obaoba, däbe kantri da mɨnyi ddone bakällmewän.","If in a country, the people divide themselves into two groups and fight each other, that country will not survive.",,Verbal Dictionary
fd45de6e-1c94-4e08-b2df-b9c671f4501c-ex1,fd45de6e-1c94-4e08-b2df-b9c671f4501c,kit,Mätta bo kum a angttägan matu ik dae.,The base of the yam comes up through the ground.,,Verbal Dictionary
7c4f1c09-3607-4478-8171-6f1260152e6e-ex1,7c4f1c09-3607-4478-8171-6f1260152e6e,kit,Bogo kumattkumatt gongosän.,He turned and went back.,,Verbal Dictionary
e4958fe2-6ab8-4912-9954-53e7393d4f89-ex1,e4958fe2-6ab8-4912-9954-53e7393d4f89,kit,Llamda da kumiye agan.,The old man coughed.,,Verbal Dictionary
d1156efa-0b58-41ec-9f50-81c559e13410-ex1,d1156efa-0b58-41ec-9f50-81c559e13410,kit,Ag mullaemullae kumuddäga täräp pauro eka watt me.,"Every morning, I wake up after the third rooster crow.",,Verbal Dictionary
2ab7f2f1-841d-4bb8-b13e-c3f8bb703278-ex1,2ab7f2f1-841d-4bb8-b13e-c3f8bb703278,kit,"Nikol angde walle menae e nallan, ddone ada kollba nukuaemallo.","When Nikol went to the side of the river, many fish scattered away.",,Verbal Dictionary
b59d3b87-d194-4c58-af07-61d2026d7af6-ex1,b59d3b87-d194-4c58-af07-61d2026d7af6,kit,Ttongo lla da kunur däm kutt de ekaklle me bibewän.,A man will plant the corn kernels in the ground.,,Verbal Dictionary
85e5b48f-79e3-4f90-97ed-c26533e9d0ae-ex1,85e5b48f-79e3-4f90-97ed-c26533e9d0ae,kit,"Da bam kungge da naddägän, bongo mɨnyi ttattlle ampug.","If a spider bites you, you will be very ill.",SE-LE054 176.1,Verbal Dictionary
592a8e5a-8c9a-4695-ba87-765204df706d-ex1,592a8e5a-8c9a-4695-ba87-765204df706d,kit,"Ngäna ngämo män kälsäre de umllang dägag, ada ibi sisri mɨnyi kup di bäklleya.",I told my little girl that we are going to dig a hole now.,,Verbal Dictionary
36f21af0-e9e5-4bbe-a5ae-1cd6fb9321e4-ex1,36f21af0-e9e5-4bbe-a5ae-1cd6fb9321e4,kit,Ine da bodo dan kup mi.,The well is full of water.,,Verbal Dictionary
d3d4999c-1a46-484e-9a0a-aeb9225ad0b6-ex1,d3d4999c-1a46-484e-9a0a-aeb9225ad0b6,kit,Obo ma duli dan kup mi.,His house is there in the valley.,,Verbal Dictionary
5ae34edd-bb02-4d62-b979-8b0a1f39cac9-ex1,5ae34edd-bb02-4d62-b979-8b0a1f39cac9,kit,Kut a ddone bogon.,They aren't rainclouds.,,Verbal Dictionary
a15d7482-e02e-4dd7-a627-230573a790e5-ex1,a15d7482-e02e-4dd7-a627-230573a790e5,kit,ddäg kutt,backbone,,Verbal Dictionary
a15d7482-e02e-4dd7-a627-230573a790e5-ex2,a15d7482-e02e-4dd7-a627-230573a790e5,kit,Lepresi da kutt ngämnanang itrell dan.,Leprosy is a disease that can affect the bones.,,Verbal Dictionary
cb3580f5-28ee-474b-b0fe-5cad2219a7d6-ex1,cb3580f5-28ee-474b-b0fe-5cad2219a7d6,kit,Yokon kutt di dibewän.,Yokon plants the seeds.,,Verbal Dictionary
5a210bb7-ed05-4a94-ab7d-67aa53b015d5-ex1,5a210bb7-ed05-4a94-ab7d-67aa53b015d5,kit,"ine kutt, pane kutt","water bucket, pan",,Verbal Dictionary
f8630711-beb2-483e-a8c1-68bf67409a6f-ex1,f8630711-beb2-483e-a8c1-68bf67409a6f,kit,Ikopse agaebne adawede ge ttoen a ddone kutt tataemang kallkällang abal täräp me bongesän.,[You all] pray that this thing doesn't happen at a shiveringly cold time.,,Verbal Dictionary
62ea8720-dcbc-4859-9f27-e10bed2eab02-ex1,62ea8720-dcbc-4859-9f27-e10bed2eab02,kit,Ge däräng a kwaratang abal dan.,This dog is very thin.,,Verbal Dictionary
6f6259d2-9e65-49aa-9908-e818e587fa32-ex1,6f6259d2-9e65-49aa-9908-e818e587fa32,kit,"Angde ubi bibim kwatt e yatraemneyo, mudag näkäp ttomoenen a.","When they take you all to court, do not worry.",,Verbal Dictionary
6f6259d2-9e65-49aa-9908-e818e587fa32-ex2,6f6259d2-9e65-49aa-9908-e818e587fa32,kit,Yesu bom dämllaeyo a diba imnealle Paelet pate dätrameyo kwatt e.,"They tied up Jesus and after that, they took him to Pilate in court.",,Verbal Dictionary
b4815f64-3f5b-4a6f-a22c-5dab3a3c66d4-ex1,b4815f64-3f5b-4a6f-a22c-5dab3a3c66d4,kit,"Yäbäd angde ttänttämang abal gogon, däbe lla da obo labalaba de dängkänän ttänttäm atta.","When the sun got very hot, that man took off his lap-lap because of the heat.",,Verbal Dictionary
ff74bfa4-4845-4806-aaf6-944eb7571382-ex1,ff74bfa4-4845-4806-aaf6-944eb7571382,kit,laemnenatt otät,"rolled food, wrap",,Verbal Dictionary
ff74bfa4-4845-4806-aaf6-944eb7571382-ex2,ff74bfa4-4845-4806-aaf6-944eb7571382,kit,Bogo ttäkäll de dälemnegän.,She rolled up balls of yam and coconut.,,Verbal Dictionary
e5c483af-77e9-4bb2-b81e-44377f1f5b34-ex1,e5c483af-77e9-4bb2-b81e-44377f1f5b34,kit,Ubira tämamae lla yaba läponang gogon.,All of them were amazed.,,Verbal Dictionary
e5c483af-77e9-4bb2-b81e-44377f1f5b34-ex2,e5c483af-77e9-4bb2-b81e-44377f1f5b34,kit,Ubi daläponeyo.,They were amazed.,,Verbal Dictionary
0ff472d8-0590-41fe-9cbb-7f4daf11a2ac-ex1,0ff472d8-0590-41fe-9cbb-7f4daf11a2ac,kit,Ubi dindugeyo lel me.,They ran in fear.,,Verbal Dictionary
8dda3cec-6db9-4d56-9675-8e66ff60d72c-ex1,8dda3cec-6db9-4d56-9675-8e66ff60d72c,kit,Lla da sɨmell de lel dägagän.,The man feared the pig.,,Verbal Dictionary
8dda3cec-6db9-4d56-9675-8e66ff60d72c-ex2,8dda3cec-6db9-4d56-9675-8e66ff60d72c,kit,Ge kungge da bäne lel ma za dan.,This spider is what you fear.,,Verbal Dictionary
6a88c1d5-791d-44a0-a751-2a7122d263f5-ex1,6a88c1d5-791d-44a0-a751-2a7122d263f5,kit,Bogo lel allan ngämo mit me.,She is ashamed because of me.,,Verbal Dictionary
6a88c1d5-791d-44a0-a751-2a7122d263f5-ex2,6a88c1d5-791d-44a0-a751-2a7122d263f5,kit,Baba da mɨnyi obom lel bägagän.,Father will be ashamed of him.,,Verbal Dictionary
f5baafcf-8a4d-4979-b776-f19edec335c8-ex1,f5baafcf-8a4d-4979-b776-f19edec335c8,kit,Bogo deya lelang llo toko e gogäbänän.,He was so scared he jumped into the treetop.,,Verbal Dictionary
deb614e5-fb19-4ec3-a96e-dd20c9d97073-ex1,deb614e5-fb19-4ec3-a96e-dd20c9d97073,kit,Däbe mɨnyi ddobae lelang abal ttoen da bogalle obo kuki tab e.,"If he broke the promise, that would be a very shameful thing.",,Verbal Dictionary
1de1509f-476c-4672-91e3-5d161e3aec58-ex1,1de1509f-476c-4672-91e3-5d161e3aec58,kit,Bogo liglig eran.,He is having sex.,,Verbal Dictionary
1de1509f-476c-4672-91e3-5d161e3aec58-ex2,1de1509f-476c-4672-91e3-5d161e3aec58,kit,Ubi do me alignallo.,They two had sex there.,,Verbal Dictionary
1de1509f-476c-4672-91e3-5d161e3aec58-ex3,1de1509f-476c-4672-91e3-5d161e3aec58,kit,Ubi iddob me ddone bulignegnän.,They will not be having sex at night.,,Verbal Dictionary
d91b72f7-455a-4ec3-872a-4df1d21a80b7-ex1,d91b72f7-455a-4ec3-872a-4df1d21a80b7,kit,Bäne gullbe o mälla walle mae liglig ttoen de nangesnegneyo.,Only have sexual relations with your husband or wife.,,Verbal Dictionary
23a9e82c-7ae8-4087-95ec-f19e7c340c30-ex1,23a9e82c-7ae8-4087-95ec-f19e7c340c30,kit,Ngämo ine kutt a daeya yu da lɨklɨk eran.,Fire is melting my water container.,,Verbal Dictionary
1c9c901b-00ca-48d8-8994-a9ac9c0031e6-ex1,1c9c901b-00ca-48d8-8994-a9ac9c0031e6,kit,"Llɨg obaene longgo de dändär, gongällbän a.",I heard the kids making noise and woke up.,,Verbal Dictionary
42535986-82a5-4ab5-8725-5b69d0ebd56e-ex1,42535986-82a5-4ab5-8725-5b69d0ebd56e,kit,Luluang lla da ai dan gagäll ud de bätramän.,One who gossips can open the door to bad things.,,Verbal Dictionary
42535986-82a5-4ab5-8725-5b69d0ebd56e-ex2,42535986-82a5-4ab5-8725-5b69d0ebd56e,kit,Ngäna dandärmällnegne mälla de ami bam daluneyo.,I heard the women who were gossiping about you.,,Verbal Dictionary
8d997980-a92a-44fe-a19e-541a3eb13ae7-ex1,8d997980-a92a-44fe-a19e-541a3eb13ae7,kit,Lla pättäpättäk a Meri bom dangnoeyän llädäd e.,The short man asked Mary to marry him.,,Verbal Dictionary
f33ddf01-9434-42ba-bdf6-4ffad92f5302-ex1,f33ddf01-9434-42ba-bdf6-4ffad92f5302,kit,Obo pallall lla da ddone ada kilikili gognegnän a tuk i gogäbnän.,The people next to him were so happy and were jumping in the air.,,Verbal Dictionary
9cbae42d-0345-436d-8c50-3e35bfc16542-ex1,9cbae42d-0345-436d-8c50-3e35bfc16542,kit,Ewatta ke gänya täräp me lla bombllo da wasnen anggan ttowamang ttoen tonton ikop e ddapall att?,Why does the current generation beg to directly see miraculous things from heaven?,,Verbal Dictionary
4bb50684-8933-49fd-b215-abe208609fcf-ex1,4bb50684-8933-49fd-b215-abe208609fcf,kit,Kemu bo llabun a gänyme a Malläm me dadeg.,Kemu has relatives here and in Malam.,SE-LE054 137.1,Verbal Dictionary
f0d6cf17-1865-4ae0-bcc7-cc772e57f766-ex1,f0d6cf17-1865-4ae0-bcc7-cc772e57f766,kit,"Ddobag a bi dingismällalle täräb ma we, lla gulag a erame dag.","The others return to the funeral home, where the crowd is.",,Verbal Dictionary
10d9c99b-9ae9-4100-ba1b-ce2effb93ca6-ex1,10d9c99b-9ae9-4100-ba1b-ce2effb93ca6,kit,Särem a ollakan.,Darkness collapses.,WE-ST001 19.1,Verbal Dictionary
0dc3b990-b4a0-4b4d-abbb-54eed9593b24-ex1,0dc3b990-b4a0-4b4d-abbb-54eed9593b24,kit,Tätäm ttäle bun parga de bob a era dällekän.,Yesterday the flood destroyed the Ttäle Bun bridge.,SE-LE054 179.1,Verbal Dictionary
d8963d08-c861-4cb0-8ad7-488b770f5fe2-ex1,d8963d08-c861-4cb0-8ad7-488b770f5fe2,kit,Zon lla llɨg dan.,John is a boy.,,Verbal Dictionary
cb68a755-e82d-4529-9edf-bc21cd75e0a9-ex1,cb68a755-e82d-4529-9edf-bc21cd75e0a9,kit,Kwalde säre llama näkäp me gongosmällnän.,Kwalde sadly returned unsatisfied.,,Verbal Dictionary
a99af6fc-1b27-484c-8cbb-c471d6c02f27-ex1,a99af6fc-1b27-484c-8cbb-c471d6c02f27,kit,Däräng a llama näkäp me gongezänmällnän mama watta.,The dog was coming out of the grass pile hesitantly.,,Verbal Dictionary
f8bccbfc-c9c4-4183-aa5d-8a41cb88a444-ex1,f8bccbfc-c9c4-4183-aa5d-8a41cb88a444,kit,"Ende eka da ngäma eka dan, Ingglis a llama eka dan.",Ende is our (excl.) language; English is the language of other people.,,Verbal Dictionary
f8bccbfc-c9c4-4183-aa5d-8a41cb88a444-ex2,f8bccbfc-c9c4-4183-aa5d-8a41cb88a444,kit,"Llama ttoen da ge, be ngämi zäme ngämira dägageya ge ttoen de.","This is another people's custom, but we are already doing this custom.",,Verbal Dictionary
b698c9e2-cc93-4519-a55f-9fe89b9e58e6-ex1,b698c9e2-cc93-4519-a55f-9fe89b9e58e6,kit,llamäg a auseause,old men and women,,Verbal Dictionary
f2518f23-ef3e-42c2-9854-cb6ceeff85dc-ex1,f2518f23-ef3e-42c2-9854-cb6ceeff85dc,kit,Llamda da kumiye agan.,The old man coughed.,,Verbal Dictionary
952d2b97-7bd6-4e4e-bf8e-9775aa588382-ex1,952d2b97-7bd6-4e4e-bf8e-9775aa588382,kit,Ngämi llame deyareya mamoema.,We (excl.) went hunting together.,WE-ST018 1.4,Verbal Dictionary
952d2b97-7bd6-4e4e-bf8e-9775aa588382-ex2,952d2b97-7bd6-4e4e-bf8e-9775aa588382,kit,Ngämi llameae gobällne.,We (excl.) were going together.,,Verbal Dictionary
952d2b97-7bd6-4e4e-bf8e-9775aa588382-ex3,952d2b97-7bd6-4e4e-bf8e-9775aa588382,kit,Oba za sinen a llamealle mae.,They shared their things together.,,Verbal Dictionary
8166f266-6a8e-41c9-928d-c1340810b34d-ex1,8166f266-6a8e-41c9-928d-c1340810b34d,kit,Obo llan a ulle abal dan.,His ear is very big.,,Verbal Dictionary
22510080-d4e2-4cdd-b7d0-592917f95703-ex1,22510080-d4e2-4cdd-b7d0-592917f95703,kit,Oblle nyongo de dallendneyo.,They were clearing the road for her.,,Verbal Dictionary
d1809af2-fe67-4159-a321-6bd14104f316-ex1,d1809af2-fe67-4159-a321-6bd14104f316,kit,Bogo eka midd de dallendän.,He clarified the meaning.,,Verbal Dictionary
ee6e2ce7-7b13-440e-afb7-f17870741a58-ex1,ee6e2ce7-7b13-440e-afb7-f17870741a58,kit,Bongo mɨnyi llandräg ag?,Are you going to listen?,,Verbal Dictionary
ee6e2ce7-7b13-440e-afb7-f17870741a58-ex2,ee6e2ce7-7b13-440e-afb7-f17870741a58,kit,Abo llandräg ag Malläm att eka we.,Expect some news from Malam.,,Verbal Dictionary
ee6e2ce7-7b13-440e-afb7-f17870741a58-ex3,ee6e2ce7-7b13-440e-afb7-f17870741a58,kit,Daeya do llandär gognän.,She was there listening.,,Verbal Dictionary
417fcc45-603f-49bc-a23e-dfe700c5996c-ex1,417fcc45-603f-49bc-a23e-dfe700c5996c,kit,Ubi tätäm kaemne de llan donggoeyo.,"Yesterday, they listened intently to the bee.",,Verbal Dictionary
8261172f-6ea7-4eb7-8561-8798d17f10de-ex1,8261172f-6ea7-4eb7-8561-8798d17f10de,kit,Gull a kab llatnenatt alle iatt kollba gäddnan ma dan.,"A net is a thing for catching fish, woven from twisted string.",,Verbal Dictionary
77076852-9fa2-45c3-978b-01f32bb4330b-ex1,77076852-9fa2-45c3-978b-01f32bb4330b,kit,"Gongosän ma we, däräng a wa kumuddäga lla da dokomän, ddia llatat e.","He returned home, and took his dog and three men to track the deer.",WE-ST003 1.2,Verbal Dictionary
ad847a26-bb1a-41ac-97d6-00ef5411bffb-ex1,ad847a26-bb1a-41ac-97d6-00ef5411bffb,kit,Kungge da llo ttam dädär ik i golläbän.,The spider went under the dry tree leaves.,,Verbal Dictionary
35fe47c7-4a24-4dc0-9f13-f4e31e26ed7b-ex1,35fe47c7-4a24-4dc0-9f13-f4e31e26ed7b,kit,Llɨg a bal de llädaenen eran.,The boy is rolling the ball.,,Verbal Dictionary
35fe47c7-4a24-4dc0-9f13-f4e31e26ed7b-ex2,35fe47c7-4a24-4dc0-9f13-f4e31e26ed7b,kit,Ubi dädär ulle de dalldaeyo auma ud de däpakeyo.,They rolled a large rock and blocked the grave entrance.,,Verbal Dictionary
fab18296-11f1-4bf9-ba20-bcd4617e548b-ex1,fab18296-11f1-4bf9-ba20-bcd4617e548b,kit,Ngäna walle we gäbän allan ddia llädäd e.,I am jumping in the water to grab the deer.,WE-ST018 2.4,Verbal Dictionary
fab18296-11f1-4bf9-ba20-bcd4617e548b-ex2,fab18296-11f1-4bf9-ba20-bcd4617e548b,kit,"Ubi guspullän, be ubi obaoba gollädnegän.","They fell, but they caught themselves.",,Verbal Dictionary
fab18296-11f1-4bf9-ba20-bcd4617e548b-ex3,fab18296-11f1-4bf9-ba20-bcd4617e548b,kit,"Iba pätt a ttongdae dan, ako kame ddone bällädeya.",We (incl.) only have one body; we don't get another.,,Verbal Dictionary
b45ebff2-6ca6-4775-89d5-41246d82fde9-ex1,b45ebff2-6ca6-4775-89d5-41246d82fde9,kit,"Da ttongo lla da bäne baba bälle ten taosen mani bonttogän, ende bogo bällädän?","If someone gave your dad ten thousand kina, what would he buy?",,Verbal Dictionary
b45ebff2-6ca6-4775-89d5-41246d82fde9-ex2,b45ebff2-6ca6-4775-89d5-41246d82fde9,kit,Tu andred alle dällädeyo ttoe de.,He bought the skin for two hundred.,,Verbal Dictionary
5aea0b6c-369b-416e-8e99-015dc4bc0f49-ex1,5aea0b6c-369b-416e-8e99-015dc4bc0f49,kit,E mälla de ke bongo dälläd?,Which woman did you marry?,,Verbal Dictionary
5aea0b6c-369b-416e-8e99-015dc4bc0f49-ex2,5aea0b6c-369b-416e-8e99-015dc4bc0f49,kit,"Da bongo lla tupi di nälläd, bongo mɨnyi llɨg kamebiag ag.","If you marry the tall man, you will have many children.",,Verbal Dictionary
74b6aca9-ca8b-437c-99b4-520669672472-ex1,74b6aca9-ca8b-437c-99b4-520669672472,kit,"Angde obo täräp a ngäs e dällädalle, bogo mɨnyi do alle olle gogalle oba pate.","When his time to return came, he would call out to them.",,Verbal Dictionary
8a020708-16b9-4abe-b349-51c666c2d939-ex1,8a020708-16b9-4abe-b349-51c666c2d939,kit,Lläkäm a mamall zozoang dan.,A mushroom goes rotten quickly.,,Verbal Dictionary
71591366-272a-45b1-a845-390769e4bf79-ex1,71591366-272a-45b1-a845-390769e4bf79,kit,Sali yu di mermerae lläklläk eran.,Sali is spreading the fire nicely.,,Verbal Dictionary
6168a2d0-639e-4d89-9e73-b51953905563-ex1,6168a2d0-639e-4d89-9e73-b51953905563,kit,Gullem a sisri ag me towall llällallällamang yaran.,This morning the snake came rustling the grass.,,Verbal Dictionary
6168a2d0-639e-4d89-9e73-b51953905563-ex2,6168a2d0-639e-4d89-9e73-b51953905563,kit,Däbaballe ine llällam de dandärän.,"From there, he heard the water roaring.",,Verbal Dictionary
8524783d-3176-40a1-b42c-4d2d72d1f29a-ex1,8524783d-3176-40a1-b42c-4d2d72d1f29a,kit,Golläntmenyän tämamae ngalen de.,He told him everything.,,Verbal Dictionary
9dc273d6-6757-4162-b20c-b49799e89b44-ex1,9dc273d6-6757-4162-b20c-b49799e89b44,kit,Ttam a ddobae lläng dag.,The leaves are very sharp.,,Verbal Dictionary
8ce2dca4-9d00-41c0-bc55-485238f9015b-ex1,8ce2dca4-9d00-41c0-bc55-485238f9015b,kit,Gudne giri da llängmeny dan.,The old knife is dull.,,Verbal Dictionary
8199cbab-5cb5-4744-9b9f-5433a0c3d7cc-ex1,8199cbab-5cb5-4744-9b9f-5433a0c3d7cc,kit,Mälla da dagaeya ttängäm e abällan mätta lläplläp e.,The women went to the garden to dig the yams.,,Verbal Dictionary
8199cbab-5cb5-4744-9b9f-5433a0c3d7cc-ex2,8199cbab-5cb5-4744-9b9f-5433a0c3d7cc,kit,Bogo biye kemibi dälläpnegalle.,He used to harvest many taro roots.,,Verbal Dictionary
90434021-4894-400a-a0ea-f55f8683332f-ex1,90434021-4894-400a-a0ea-f55f8683332f,kit,"ttang lläpät, nying lläpät","finger, toe",,Verbal Dictionary
a43cfcb6-9827-498b-8377-484d8aae40fd-ex1,a43cfcb6-9827-498b-8377-484d8aae40fd,kit,"Llɨg kälakäle, ttägäll käp de nälläteyoǃ","Small children, get rid of these mumu stones!",,Verbal Dictionary
2c5036dc-4cd2-468e-bd18-3c8e661aecd3-ex1,2c5036dc-4cd2-468e-bd18-3c8e661aecd3,kit,Bogo tuwelb lla de dällätmällnegän.,He chose twelve men.,,Verbal Dictionary
7bd89bd0-b2fe-4486-9600-3a0fe4a792be-ex1,7bd89bd0-b2fe-4486-9600-3a0fe4a792be,kit,ekaklle llätt e,to the ends of the earth,,Verbal Dictionary
7bd89bd0-b2fe-4486-9600-3a0fe4a792be-ex2,7bd89bd0-b2fe-4486-9600-3a0fe4a792be,kit,pazi llätt me,at the end of the year,,Verbal Dictionary
7bd89bd0-b2fe-4486-9600-3a0fe4a792be-ex3,7bd89bd0-b2fe-4486-9600-3a0fe4a792be,kit,Ge ttoen a llätt e gongttägän.,This story is coming to an end.,,Verbal Dictionary
5083e33a-e28b-40dd-98de-50d1ab34fa3f-ex1,5083e33a-e28b-40dd-98de-50d1ab34fa3f,kit,Oba abo dindu da dädme llätt gogon.,Their race stopped there.,,Verbal Dictionary
5083e33a-e28b-40dd-98de-50d1ab34fa3f-ex2,5083e33a-e28b-40dd-98de-50d1ab34fa3f,kit,Oba nag ttoen a llätt gogon.,Their friendship ended.,,Verbal Dictionary
5083e33a-e28b-40dd-98de-50d1ab34fa3f-ex3,5083e33a-e28b-40dd-98de-50d1ab34fa3f,kit,Llɨtt agmom!,(You all) stop!,,Verbal Dictionary
c377fffd-da6c-472b-89fc-bb8c1824b871-ex1,c377fffd-da6c-472b-89fc-bb8c1824b871,kit,Ngäna dinduangmeae gogne llättmenyae.,I was running nonstop.,,Verbal Dictionary
2fcc1e47-9c42-46ce-b469-e406d4eefe26-ex1,2fcc1e47-9c42-46ce-b469-e406d4eefe26,kit,Ngämo llimba da agällbänan.,My fingernail broke.,,Verbal Dictionary
55933f45-f2fa-4913-8077-9c3983ef7a01-ex1,55933f45-f2fa-4913-8077-9c3983ef7a01,kit,llɨg mänmän,boys and girls,,Verbal Dictionary
70bc471e-3fce-437f-80ca-fa1422b8d663-ex1,70bc471e-3fce-437f-80ca-fa1422b8d663,kit,Godd bo Llɨg indrang da.,The Son of God is light.,,Verbal Dictionary
e4bd4fa6-841e-44ec-bbcf-d01959259004-ex1,e4bd4fa6-841e-44ec-bbcf-d01959259004,kit,Bäne llɨg bo bin a ainin?,What is your child's name?,,Verbal Dictionary
5d816a2f-2d7b-4d3e-8d7f-8a9dfeab3759-ex1,5d816a2f-2d7b-4d3e-8d7f-8a9dfeab3759,kit,Mäkat llɨgllɨgag a dan bäne gaguma me.,There is a rat with babies in your yamhouse.,SE-LE054 162.1,Verbal Dictionary
5c0296c7-33b0-49f4-9bca-b3b8412230c2-ex1,5c0296c7-33b0-49f4-9bca-b3b8412230c2,kit,Ddäma da llɨg mapät komnen ma dan.,A basket is for carrying infants.,,Verbal Dictionary
c329e714-6f2d-41d1-82ac-69a1a22d091d-ex1,c329e714-6f2d-41d1-82ac-69a1a22d091d,kit,Ngäna llɨgmeny dan.,I don't have children. / I'm childless.,,Verbal Dictionary
34c6a4b9-881e-4d6c-aa04-6b16f3aa22ee-ex1,34c6a4b9-881e-4d6c-aa04-6b16f3aa22ee,kit,Bogo eka de llɨtɨtang meae nägnan.,He told the same story repeatedly.,,Verbal Dictionary
34c6a4b9-881e-4d6c-aa04-6b16f3aa22ee-ex2,34c6a4b9-881e-4d6c-aa04-6b16f3aa22ee,kit,Män a llɨg bälle tongoeang ttoen di dɨllɨtän.,The girl told the boy a funny story.,,Verbal Dictionary
34c6a4b9-881e-4d6c-aa04-6b16f3aa22ee-ex3,34c6a4b9-881e-4d6c-aa04-6b16f3aa22ee,kit,Ubi ddone amlle ende golläntmenynegän adawatta ddobaeddobae lel gognegnän.,They didn't say anything to anyone because they were very afraid.,,Verbal Dictionary
d19f113d-b5dd-40ce-a38d-8f232beecc29-ex1,d19f113d-b5dd-40ce-a38d-8f232beecc29,kit,Wagiba bandra de nɨllɨtnan sisri ag me.,Wagiba was singing this morning.,,Verbal Dictionary
7bcdc739-4689-4e3f-8c01-88cb42c111a4-ex1,7bcdc739-4689-4e3f-8c01-88cb42c111a4,kit,Ddia ddäg de nällɨt.,[You] cut the deer back.,,Verbal Dictionary
53a33632-7294-4d41-88f1-c616ed567975-ex1,53a33632-7294-4d41-88f1-c616ed567975,kit,"Lla da angde itrel a dägagalle, itrel atta bollɨttnän bollɨttnän angde ako kuddäll a damllamalle, kuddäll gogalle.","When a man gets sick, and he gets worse and worse, then death catches him and he dies.",SE-TN021 2.1,Verbal Dictionary
c8e64d6e-7b56-4341-8193-f8d82f71584e-ex1,c8e64d6e-7b56-4341-8193-f8d82f71584e,kit,Ngäna llo de plengg eran.,I am chopping down the tree.,,Verbal Dictionary
c8e64d6e-7b56-4341-8193-f8d82f71584e-ex2,c8e64d6e-7b56-4341-8193-f8d82f71584e,kit,Tätäm Matthew llo de dängkälän.,"Yesterday, Matthew climbed the tree.",,Verbal Dictionary
26930bdd-1ea6-44e9-8a67-4a09e1ec1781-ex1,26930bdd-1ea6-44e9-8a67-4a09e1ec1781,kit,llo pallkoll tubu,short piece of wood,,Verbal Dictionary
26930bdd-1ea6-44e9-8a67-4a09e1ec1781-ex2,26930bdd-1ea6-44e9-8a67-4a09e1ec1781,kit,"Melemang dag ubi, llo ma abällaban.",They are working; they went for wood.,,Verbal Dictionary
55ada875-5e93-4622-b0f7-a9356aac273d-ex1,55ada875-5e93-4622-b0f7-a9356aac273d,kit,Lla da llo alle ekaklle me dadräbän.,The man wrote on the ground with a stick.,,Verbal Dictionary
2966403c-fde3-49d0-955e-837cb83e4d73-ex1,2966403c-fde3-49d0-955e-837cb83e4d73,kit,Ngäna ttongo llo batt e dängällbän.,I got one stick.,,Verbal Dictionary
c9b38144-5131-4dad-b2df-5a81980eef6a-ex1,c9b38144-5131-4dad-b2df-5a81980eef6a,kit,Ngäna llo ddage me ingongang dan.,I am dancing on the tree branch.,,Verbal Dictionary
0eec06a1-ba2c-4293-ac35-66f051470018-ex1,0eec06a1-ba2c-4293-ac35-66f051470018,kit,Ngäna sɨmell de llokollokott dinam.,I pressed the pig down tightly.,,Verbal Dictionary
39883cad-52fa-4fee-b606-bc7b77bf5a90-ex1,39883cad-52fa-4fee-b606-bc7b77bf5a90,kit,mamlla llokollokott,hard rope,,Verbal Dictionary
97a24cf8-1d20-417f-ba25-c65ad32f908b-ex1,97a24cf8-1d20-417f-ba25-c65ad32f908b,kit,bo ttam llokollokott,her difficult life,,Verbal Dictionary
ef86e356-50c9-46f5-957f-876e9f078eb9-ex1,ef86e356-50c9-46f5-957f-876e9f078eb9,kit,Oba tikop a llokollokott dagaeya.,Their hearts were stubborn.,,Verbal Dictionary
f65a821a-9c98-4381-887f-746d967fa6fb-ex1,f65a821a-9c98-4381-887f-746d967fa6fb,kit,Ekaklle da llokttang dan.,The ground is hard.,,Verbal Dictionary
f65a821a-9c98-4381-887f-746d967fa6fb-ex2,f65a821a-9c98-4381-887f-746d967fa6fb,kit,Däbe lla da obo labalaba de llokttangae damllamän.,That man held his lap-lap firmly.,,Verbal Dictionary
d69ecb20-d68e-4737-88a9-95acc2eb8e6c-ex1,d69ecb20-d68e-4737-88a9-95acc2eb8e6c,kit,Oba Balimo me ttam giddoll a ddobae llokott daeya.,Their life in Balimo was very difficult.,,Verbal Dictionary
c2d95c9b-53e6-48f9-a9bb-9f02d51c5144-ex1,c2d95c9b-53e6-48f9-a9bb-9f02d51c5144,kit,"Imomdae lla da llokottang a ainin, ibi wi do ma.",He who is truly strong is going to the house.,,Verbal Dictionary
b52e4a5f-5b3b-453d-a4de-e682f15c4d8c-ex1,b52e4a5f-5b3b-453d-a4de-e682f15c4d8c,kit,Llabunda bi llollo e gobällaballe.,The relatives would go to pay their respects.,,Verbal Dictionary
e36c7641-ffab-4910-9e66-a89b1a345492-ex1,e36c7641-ffab-4910-9e66-a89b1a345492,kit,Ekaklle we enanae gollomän kälakälae.,"It hit the ground, smashing into pieces.",,Verbal Dictionary
7328ea75-c3a2-4bed-8f9d-d522b8e547de-ex1,7328ea75-c3a2-4bed-8f9d-d522b8e547de,kit,Bogo karpo inkätt de dullomän.,She broke the jar seal.,,Verbal Dictionary
5fe74432-4f33-454a-8f2f-9e12810f3f67-ex1,5fe74432-4f33-454a-8f2f-9e12810f3f67,kit,Ngäna llo patt toko me godmen.,I sat on the fallen tree.,,Verbal Dictionary
0e546bc0-5eb6-4685-af45-e4b7fb7c91e4-ex1,0e546bc0-5eb6-4685-af45-e4b7fb7c91e4,kit,Molemoleg a llo ttam otnanang dag.,Caterpillars eat tree leaves.,,Verbal Dictionary
caa221d7-4262-47ce-ba2b-4ce7b5921e43-ex1,caa221d7-4262-47ce-ba2b-4ce7b5921e43,kit,Mark bom llowam da dägagän.,Mark was tired (lit. fatigue got Mark).,,Verbal Dictionary
3eea66d8-2071-47ba-b92e-9a2f8278b4b8-ex1,3eea66d8-2071-47ba-b92e-9a2f8278b4b8,kit,Ngänäm llowam da nallan sana wätät a.,I don't want to eat sago (lit. disdain to eat sago gets me).,,Verbal Dictionary
690c4452-db77-4de8-86e0-9d083c20dbc8-ex1,690c4452-db77-4de8-86e0-9d083c20dbc8,kit,Ngämo pätt a llowamang gogon.,My body got tired.,,Verbal Dictionary
17047657-cb03-48b0-abeb-11c91a9585d4-ex1,17047657-cb03-48b0-abeb-11c91a9585d4,kit,Ddob llayabira sosoga sana kängkäm a ddobae llowamang dan.,Squeezing sosoga sago is really unpleasant to some people.,,Verbal Dictionary
17047657-cb03-48b0-abeb-11c91a9585d4-ex2,17047657-cb03-48b0-abeb-11c91a9585d4,kit,"Ngämlle llowamang dan gänya llɨg bo peyang eka tameny a, be de maigag de aya näbäddan.","I don't want to talk with this boy (lit. talking with this boy is unpreferable to me), but with the one who killed the bandicoot.",,Verbal Dictionary
c8640bc0-9651-49ad-89b1-7047e1aca35e-ex1,c8640bc0-9651-49ad-89b1-7047e1aca35e,kit,Meri dallän Yokon pate ako llowamang dägagän obom.,Mary went to Yokon and then got upset at her.,,Verbal Dictionary
c746bfef-f18e-4aa8-91f6-edeb9209463e-ex1,c746bfef-f18e-4aa8-91f6-edeb9209463e,kit,Llune ddäddäg a dadegaeya.,There were wild animals.,,Verbal Dictionary
6e91e3bb-20ef-4cf9-ad3a-d6aed8797c33-ex1,6e91e3bb-20ef-4cf9-ad3a-d6aed8797c33,kit,Mälla da llupi de mɨnyi bäträpnegnän giri alle.,The woman will cut the branches with a knife.,,Verbal Dictionary
2d9cc9b4-5c85-4ead-889a-26a0c09c130f-ex1,2d9cc9b4-5c85-4ead-889a-26a0c09c130f,kit,Ngänäm wän a nying me nalluwaman Malläm e ibi we.,This boil on my foot has made me unable to walk to Malam.,,Verbal Dictionary
9127283e-aa77-4517-ba25-f670ee78f6fd-ex1,9127283e-aa77-4517-ba25-f670ee78f6fd,kit,Ubi dadeg ma me?,Are they home?,,Verbal Dictionary
9127283e-aa77-4517-ba25-f670ee78f6fd-ex2,9127283e-aa77-4517-ba25-f670ee78f6fd,kit,Abo bongo ttongo ma sisor de nogo.,You must build a new house.,,Verbal Dictionary
f24b22b2-a444-4499-930b-c11a27b091fc-ex1,f24b22b2-a444-4499-930b-c11a27b091fc,kit,"kwatt ma, ine ma, Ende ma","courthouse, well, Ende-speaking place",,Verbal Dictionary
8c096cd3-776e-4de2-91ef-bf217c534c25-ex1,8c096cd3-776e-4de2-91ef-bf217c534c25,kit,Bin lla da mer de ngasnen erallo ma makäp me.,Law enforcers do good in the community.,,Verbal Dictionary
13fcbb9e-0eec-4869-a694-b82ed7413eda-ex1,13fcbb9e-0eec-4869-a694-b82ed7413eda,kit,"ddäddäg, ddäddäg ma","eat, edible",,Verbal Dictionary
13fcbb9e-0eec-4869-a694-b82ed7413eda-ex2,13fcbb9e-0eec-4869-a694-b82ed7413eda,kit,"ikopse, ikopse ma ma","prayer, house for prayer",,Verbal Dictionary
13fcbb9e-0eec-4869-a694-b82ed7413eda-ex3,13fcbb9e-0eec-4869-a694-b82ed7413eda,kit,Widere da gall gllae ma ttoen dan.,An oar is a thing to paddle a canoe.,,Verbal Dictionary
961dadf7-9d80-4752-abed-46b4086f07ba-ex1,961dadf7-9d80-4752-abed-46b4086f07ba,kit,"kaptte ittall, kaptte ittall ma","hanging clothes, clothesline",,Verbal Dictionary
26c75228-8e21-409b-942a-ceb6a9ffdeab-ex1,26c75228-8e21-409b-942a-ceb6a9ffdeab,kit,Bogo tätäm mab de däddänän.,"Yesterday, he picked pandanus.",,Verbal Dictionary
6f1fe1a8-f127-410a-acfc-781508e0302e-ex1,6f1fe1a8-f127-410a-acfc-781508e0302e,kit,Obo mabun a dirom.,Her totem is cassowary.,,Verbal Dictionary
b4a52345-d6f8-4aa3-980c-264d557795f3-ex1,b4a52345-d6f8-4aa3-980c-264d557795f3,kit,mabun ttoen,sacred story,,Verbal Dictionary
66c8d2e2-7798-4e67-9782-5275c3be93e7-ex1,66c8d2e2-7798-4e67-9782-5275c3be93e7,kit,Obo dindugän Llimoll maduma we.,He ran to Limol village.,,Verbal Dictionary
83551b8a-27a7-467b-a311-cc7d71b4599e-ex1,83551b8a-27a7-467b-a311-cc7d71b4599e,kit,Däbe dirom ulle de dazu kuddäll e mae.,I shot that big cassowary to death.,,Verbal Dictionary
87785ec8-896e-42ff-b863-8e1e856acdac-ex1,87785ec8-896e-42ff-b863-8e1e856acdac,kit,Ngäna Ende eka walle mae eka allan.,I only speak in Ende.,,Verbal Dictionary
825fece0-8638-4b22-97b5-1f571bfad4b9-ex1,825fece0-8638-4b22-97b5-1f571bfad4b9,kit,Ubi komllaebmae llo de mak dägaeyo.,They each chose a tree.,,Verbal Dictionary
4b054606-ae7b-4845-a15f-d6a4267c90b2-ex1,4b054606-ae7b-4845-a15f-d6a4267c90b2,kit,Ngämi makäm me gägaebllaeb eran.,We (excl.) are standing underneath the house.,,Verbal Dictionary
7d6c62b9-b93a-4670-bfc9-68812bad649e-ex1,7d6c62b9-b93a-4670-bfc9-68812bad649e,kit,"Kumuddäga ebdo makäp me, melem bättemän.",I will finish the work in three days.,,Verbal Dictionary
7d6c62b9-b93a-4670-bfc9-68812bad649e-ex2,7d6c62b9-b93a-4670-bfc9-68812bad649e,kit,Mɨnyi bina tuwelb makäp att ttongo da sänge bagän ngänäm.,One among you twelve will betray me.,,Verbal Dictionary
7d6c62b9-b93a-4670-bfc9-68812bad649e-ex3,7d6c62b9-b93a-4670-bfc9-68812bad649e,kit,"Angde dälltamän, ngäna wayati de dänye ngämo nagnag aba makäp me.","When they arrived, I shared the watermelon with my friends.",,Verbal Dictionary
1b007479-a57d-41c1-a8e9-aaa507d4d67d-ex1,1b007479-a57d-41c1-a8e9-aaa507d4d67d,kit,"Diba mamoe makäp me, ngämi misde ddäddäg abaene towall llälläm emae lländräg gogaebne.","During the hunt, we were just listening for the rustling of the animals in the grass.",,Verbal Dictionary
1b007479-a57d-41c1-a8e9-aaa507d4d67d-ex2,1b007479-a57d-41c1-a8e9-aaa507d4d67d,kit,"Bogo dallnän yuwog abal dektta yaba pate oblle ngämingg e, be bogo ako orwa gognän oba ngämingg makäp me.","She would go to many doctors so they could help her, but during their treatment, she would suffer again.",,Verbal Dictionary
95e74559-e7e9-45e9-8840-cd554f2219de-ex1,95e74559-e7e9-45e9-8840-cd554f2219de,kit,Ngäna maket me melemang dan.,I work in the market.,,Verbal Dictionary
578b517d-007e-4f1c-9952-31e95af472c8-ex1,578b517d-007e-4f1c-9952-31e95af472c8,kit,Lla da obäne eka de dämalaemneyo.,People used to obey his words.,,Verbal Dictionary
79ce31db-ec85-41f4-a680-82699642ba3e-ex1,79ce31db-ec85-41f4-a680-82699642ba3e,kit,Ngäna bänene kandärmang eka de malam eran.,I accept your apology.,,Verbal Dictionary
179b112c-d67d-41a7-936b-a6b0279c43d3-ex1,179b112c-d67d-41a7-936b-a6b0279c43d3,kit,Bobäll ttängäm malmal e.,Let's go mark a garden spot.,,Verbal Dictionary
179b112c-d67d-41a7-936b-a6b0279c43d3-ex2,179b112c-d67d-41a7-936b-a6b0279c43d3,kit,Ge ma de dämaleyo.,They chose to settle this area.,,Verbal Dictionary
742710bb-9eef-455c-bb86-39cfd8fdde7a-ex1,742710bb-9eef-455c-bb86-39cfd8fdde7a,kit,Ubi yuwog abal ttoen e bam malmal nallo.,They are accusing you of so many things.,,Verbal Dictionary
cf20057c-de04-44cf-ba3d-3416d96e9188-ex1,cf20057c-de04-44cf-ba3d-3416d96e9188,kit,Ngäna tatuma ibi allan be malla mɨnyi tatuma me de.,"I am going to wash, but not at the washing place.",,Verbal Dictionary
cf20057c-de04-44cf-ba3d-3416d96e9188-ex2,cf20057c-de04-44cf-ba3d-3416d96e9188,kit,Bogo malla gänyme zegatt dan.,He was not born here.,,Verbal Dictionary
c0a0e827-9218-4859-a4de-f041929492ec-ex1,c0a0e827-9218-4859-a4de-f041929492ec,kit,Ngäna ddia mam de dalltäne.,I was following the blood.,,Verbal Dictionary
ebee9f27-656f-4782-9075-d90a9f5da37d-ex1,ebee9f27-656f-4782-9075-d90a9f5da37d,kit,"Da ngäna volleyball botngoe känaebag, tupi da mɨnyi mam bogon.","If I play volleyball tomorrow, my pointer finger will bleed.",,Verbal Dictionary
77297e69-9c10-4e92-8f9c-987902191590-ex1,77297e69-9c10-4e92-8f9c-987902191590,kit,Emi ngänaeka gogon a obo ikop a mamang gognegän.,Emi cried and her eyes were red.,,Verbal Dictionary
80ed5faa-1398-43be-b9da-eae528cb5c73-ex1,80ed5faa-1398-43be-b9da-eae528cb5c73,kit,Däräng dallän ada kukiny mama de ikop dägagän.,The dog went and saw a pile of kukiny grass.,,Verbal Dictionary
30401f12-7081-42ee-aaac-ee238e0e9890-ex1,30401f12-7081-42ee-aaac-ee238e0e9890,kit,mamaemamae kanas,bloody spear,,Verbal Dictionary
17e39aaf-2c8b-4c9e-860f-2a2e97d71920-ex1,17e39aaf-2c8b-4c9e-860f-2a2e97d71920,kit,Lläkäm a ttongo mamall zozoang dan.,A mushroom goes rotten quickly.,,Verbal Dictionary
8972de18-3c7f-4614-a3dd-03a536f49d71-ex1,8972de18-3c7f-4614-a3dd-03a536f49d71,kit,Itrell me mamalldae meresin e gogmallo.,"In sickness, they go for medicine immediately.",,Verbal Dictionary
8972de18-3c7f-4614-a3dd-03a536f49d71-ex2,8972de18-3c7f-4614-a3dd-03a536f49d71,kit,Mamalldae wiyamom!,(You all) come right away!,,Verbal Dictionary
1af7aa1e-1df6-41e4-93f8-d42e94db521a-ex1,1af7aa1e-1df6-41e4-93f8-d42e94db521a,kit,Ngämo mamam mätta de aya notan?,Who ate my red yam?,,Verbal Dictionary
f1ff1cfc-31e6-41f3-902e-5a20d8133a63-ex1,f1ff1cfc-31e6-41f3-902e-5a20d8133a63,kit,Gabma yaba pätt a ai dan mamall yäbäd att a mamamamang bogon.,White people's bodies can quickly become red from the sun.,,Verbal Dictionary
4ce8358a-8b93-4488-bfca-be1407ea28c5-ex1,4ce8358a-8b93-4488-bfca-be1407ea28c5,kit,Abo bongo mamamamall ngämim yangkollmällneg.,You must follow us quickly.,,Verbal Dictionary
01ad45f1-2d63-4bba-bb35-261265d903ef-ex1,01ad45f1-2d63-4bba-bb35-261265d903ef,kit,Sali bi mambag de ttägäll ik mi näbäddallo.,Saly and them killed the mambag in the anthill.,SE-LE054 159.1,Verbal Dictionary
b23cc058-1002-4046-9967-78a1c4649ecb-ex1,b23cc058-1002-4046-9967-78a1c4649ecb,kit,Yogoll ulle da dämanän.,It was raining a lot.,,Verbal Dictionary
2c3d25ce-4cc1-43c0-9cae-896a6be6b924-ex1,2c3d25ce-4cc1-43c0-9cae-896a6be6b924,kit,Obo llan de mamlla walle dämällanegän.,He tied his ears with string.,,Verbal Dictionary
00e92828-a070-4bb1-8fb6-c35197751cbd-ex1,00e92828-a070-4bb1-8fb6-c35197751cbd,kit,Obo moko da mamoe e dan.,He wants to go hunting.,,Verbal Dictionary
00e92828-a070-4bb1-8fb6-c35197751cbd-ex2,00e92828-a070-4bb1-8fb6-c35197751cbd,kit,Ubi därängmeny damoenegnän.,They were hunting without dogs.,,Verbal Dictionary
00e92828-a070-4bb1-8fb6-c35197751cbd-ex3,00e92828-a070-4bb1-8fb6-c35197751cbd,kit,Namoeaemnalla.,We were hunting them.,,Verbal Dictionary
0b3f68fd-827c-4429-a65f-2e4e3b847f70-ex1,0b3f68fd-827c-4429-a65f-2e4e3b847f70,kit,"Mamoe a angde gongkamalle, ddob lla da mɨnyi po we ngattong e gobällalle.","When the hunt starts, some men will go first to block the way.",,Verbal Dictionary
9558ac06-e1b9-4e9e-a509-04adda96d288-ex1,9558ac06-e1b9-4e9e-a509-04adda96d288,kit,Tätäm ngäna bägäl de damon.,"Yesterday, I strung the bow.",,Verbal Dictionary
9558ac06-e1b9-4e9e-a509-04adda96d288-ex2,9558ac06-e1b9-4e9e-a509-04adda96d288,kit,Bägäl a zime amonan?,Is the bow strung?,,Verbal Dictionary
9558ac06-e1b9-4e9e-a509-04adda96d288-ex3,9558ac06-e1b9-4e9e-a509-04adda96d288,kit,Ttäle da amonan.,My leg is strung (i.e. it's tight and I can't flex it).,,Verbal Dictionary
70f54860-f978-457a-a9c8-59494a201f50-ex1,70f54860-f978-457a-a9c8-59494a201f50,kit,Mälla da mɨnyi abor de bamonän.,The woman will fashion a sago beater.,,Verbal Dictionary
a7c77382-0911-4a46-a436-32ca5e6d3973-ex1,a7c77382-0911-4a46-a436-32ca5e6d3973,kit,Mamos a ttängäm ikopang lla deya.,The constable was a man who looked after the village.,,Verbal Dictionary
57aef13a-827c-428e-a554-bbb1052d5e78-ex1,57aef13a-827c-428e-a554-bbb1052d5e78,kit,Bongo ge käza de mani muang nägag.,You should sell this crocodile for money.,,Verbal Dictionary
3fce34f3-dc2f-4cb5-a3c2-3a616f25426b-ex1,3fce34f3-dc2f-4cb5-a3c2-3a616f25426b,kit,Niki era Nikol bo mang dan.,Nicky is Nicole's brother.,SE-LE054 131.1,Verbal Dictionary
3457120c-cd1a-4164-ae14-cda92938f2b4-ex1,3457120c-cd1a-4164-ae14-cda92938f2b4,kit,manggo däg,bunch of mango,,Verbal Dictionary
2151e703-0778-4f32-a0bc-5aab7c624f7b-ex1,2151e703-0778-4f32-a0bc-5aab7c624f7b,kit,Ngäna ddia llɨg eka däga adawede oba manglle bäga.,I made baby deer sounds to lure her.,,Verbal Dictionary
b31eb8a0-15d2-45e8-927b-63621579cf30-ex1,b31eb8a0-15d2-45e8-927b-63621579cf30,kit,Ngäna lla bo peyang mangllong dan.,I am friendly with people.,,Verbal Dictionary
ed5a2e49-a434-41e7-a1d6-3fcd6d1adb5c-ex1,ed5a2e49-a434-41e7-a1d6-3fcd6d1adb5c,kit,Ngäna market me melemang dan.,I work in the market.,,Verbal Dictionary
ed5a2e49-a434-41e7-a1d6-3fcd6d1adb5c-ex2,ed5a2e49-a434-41e7-a1d6-3fcd6d1adb5c,kit,Ngäna market e ibi edan.,I need to go to the market.,,Verbal Dictionary
ed5a2e49-a434-41e7-a1d6-3fcd6d1adb5c-ex3,ed5a2e49-a434-41e7-a1d6-3fcd6d1adb5c,kit,Market me otät a yuwog dag.,There are many foods in the market.,,Verbal Dictionary
0908e18c-aea4-4cf9-a47a-6df532ad74e0-ex1,0908e18c-aea4-4cf9-a47a-6df532ad74e0,kit,Ngämo masamasar a ngämo pate gognegnän Ende eka walle de.,My grandparents spoke to me in Ende.,,Verbal Dictionary
0827bb70-9684-43d8-9031-2bed5f69d8ad-ex1,0827bb70-9684-43d8-9031-2bed5f69d8ad,kit,"God bo eka da angde Ende tän e gozenän, lla da Ende tän bo masamasar ngasnen de däpnaeaemeyo.","When God's word entered the Ende tribe, people turned away from the ways of the Ende tribe's ancestors.",,Verbal Dictionary
e8b5f678-2d1e-4b8d-8dad-373de695afe1-ex1,e8b5f678-2d1e-4b8d-8dad-373de695afe1,kit,"Masar, bablle ngoe a ddone dag.","Grandfather, you have no teeth.",,Verbal Dictionary
ff6c27b7-65e0-4f57-ab8c-aff90da3a8aa-ex1,ff6c27b7-65e0-4f57-ab8c-aff90da3a8aa,kit,masar täräp me,in the olden days,,Verbal Dictionary
ff6c27b7-65e0-4f57-ab8c-aff90da3a8aa-ex2,ff6c27b7-65e0-4f57-ab8c-aff90da3a8aa,kit,masar eka,ancestral language,,Verbal Dictionary
30dc3a2c-1adf-4da3-a129-0ba637693e63-ex1,30dc3a2c-1adf-4da3-a129-0ba637693e63,kit,Baet abo gongetamän matu we.,Cuscus came down to the ground.,,Verbal Dictionary
f5409d9e-3907-46ce-92cc-9d788d9a289e-ex1,f5409d9e-3907-46ce-92cc-9d788d9a289e,kit,Matu me kollko ddage me dedme gotogolän.,He hid there on the lowest branch.,,Verbal Dictionary
615b27b6-e7bd-4b47-9773-cd6adf42e542-ex1,615b27b6-e7bd-4b47-9773-cd6adf42e542,kit,"Angde llo täraem a gottamänän, ngäna dibaballe matta däganegne ma we.","When the tree cutting was finished, I then shouldered them to the house.",WE-ST013 2.1,Verbal Dictionary
2fd0c2d3-fbe5-4d2e-9429-642a3dd87151-ex1,2fd0c2d3-fbe5-4d2e-9429-642a3dd87151,kit,Yu de daudewän a otät de yu wi dämattgalän.,He lit a fire and put the food in the fire.,,Verbal Dictionary
76d471e0-2eab-41f2-a4d9-eab19db5d579-ex1,76d471e0-2eab-41f2-a4d9-eab19db5d579,kit,"Sɨmell gullbe de ddob sana peyang dazgiaebeya, ada dämetteyo ttägäll ik i.",We wrapped the boar with some sago and put it in the mumu.,,Verbal Dictionary
19033274-9cce-42cc-9bb3-07cbcf60cc91-ex1,19033274-9cce-42cc-9bb3-07cbcf60cc91,kit,mawa lla,"fairy, elf",,Verbal Dictionary
1f2d85e9-5052-4af8-a3df-848fd63a7587-ex1,1f2d85e9-5052-4af8-a3df-848fd63a7587,kit,Ge obo mäda wainen.,This is his father.,,Verbal Dictionary
85a0d3fe-ae05-4903-8870-6745abe48295-ex1,85a0d3fe-ae05-4903-8870-6745abe48295,kit,Däräng a oba mäda Kwalde bäne ibiatt de dongkollmälleyo.,The dogs followed their owner Kwalde's footprints.,,Verbal Dictionary
6e507aa2-faf5-44c7-85ff-f5c3456d2605-ex1,6e507aa2-faf5-44c7-85ff-f5c3456d2605,kit,Mädaulle daeya pu wi nallan.,Uncle went to the swamp garden.,SE-LE054 113.1,Verbal Dictionary
4ab33d2f-f424-4ef0-9a4a-f5fa79e9850d-ex1,4ab33d2f-f424-4ef0-9a4a-f5fa79e9850d,kit,Ngämo mäg bo bin a Sana.,My mother's name is Sana.,,Verbal Dictionary
54d20bde-0808-4e5b-bfae-9d448a4cc53a-ex1,54d20bde-0808-4e5b-bfae-9d448a4cc53a,kit,Ge buk a ibim taempmeny anggan mägda abal eka midd de.,This book shows us the original meaning.,,Verbal Dictionary
fac7a843-65b0-46e2-868a-0f3d67ad1bb3-ex1,fac7a843-65b0-46e2-868a-0f3d67ad1bb3,kit,Gaguma me mägda koll otät dag.,The very big yams can be preserved in the yam house.,,Verbal Dictionary
5281728d-5dfa-422d-87f3-b81a09b66ea9-ex1,5281728d-5dfa-422d-87f3-b81a09b66ea9,kit,"Ngäma yae bi dazernän, ge mäk a angde gongesän.",Our (excl.) mother lived there when this war happened.,,Verbal Dictionary
896775f2-7f64-415b-b266-cfeda8ed7394-ex1,896775f2-7f64-415b-b266-cfeda8ed7394,kit,Ibi ge up de mullamulla we mäkanen eralla.,We use this banana for medicine.,,Verbal Dictionary
38f025ba-7e02-4131-847a-5bcf7fad1816-ex1,38f025ba-7e02-4131-847a-5bcf7fad1816,kit,Ngämo mäkan a pällämpälläm eka umllang e dan.,I want (lit. my desire is) to learn English.,,Verbal Dictionary
532f5e37-006c-400a-9b70-73d46e399071-ex1,532f5e37-006c-400a-9b70-73d46e399071,kit,Mäkat llɨgllɨgag a dan bäne gaguma me.,There is a rat with babies in your yamhouse.,SE-LE054 162.1,Verbal Dictionary
aa2101cd-0efb-4f40-8231-9d278b04c955-ex1,aa2101cd-0efb-4f40-8231-9d278b04c955,kit,Paelet Yesu bom Rom mäk lla yaba pate däntäpeyamän.,Pilate handed Jesus over to the Roman soldiers.,,Verbal Dictionary
1f06807f-c8ae-4a21-b8c4-521194bd7f1b-ex1,1f06807f-c8ae-4a21-b8c4-521194bd7f1b,kit,"Känaebag, ngäna mɨnyi ute de bamle.","Tomorrow, I will dress the wound.",,Verbal Dictionary
c933c080-c6d9-414b-b2e1-67421c1ada8a-ex1,c933c080-c6d9-414b-b2e1-67421c1ada8a,kit,Bäne baba auli mälla peyang dan?,How many wives does your father have?,,Verbal Dictionary
c11b8f12-56f5-4ea2-bb66-cad49bcf2c24-ex1,c11b8f12-56f5-4ea2-bb66-cad49bcf2c24,kit,Rop de namllam ttang me.,[You] hold the rope in your hand.,,Verbal Dictionary
c11b8f12-56f5-4ea2-bb66-cad49bcf2c24-ex2,c11b8f12-56f5-4ea2-bb66-cad49bcf2c24,kit,Ttongo ngäna skul me tresära bin di mällaem eran.,I hold the position of treasurer at a school.,,Verbal Dictionary
c11b8f12-56f5-4ea2-bb66-cad49bcf2c24-ex3,c11b8f12-56f5-4ea2-bb66-cad49bcf2c24,kit,Bogo llo käp de naspunan nag da pate be nag da ddone namllaman.,She threw the fruit to her friend but they didn't catch it.,,Verbal Dictionary
c11b8f12-56f5-4ea2-bb66-cad49bcf2c24-ex4,c11b8f12-56f5-4ea2-bb66-cad49bcf2c24,kit,Kallkäll a damllamän obom.,He got cold (lit. the cold got him).,,Verbal Dictionary
9c97e472-2744-4c06-9bf4-e645325a86af-ex1,9c97e472-2744-4c06-9bf4-e645325a86af,kit,"Yu wi daspuniyu, mällamällawatt de, ada oba yu a bättämän.",They threw him on the fire and tied him so that the fire would burn him.,,Verbal Dictionary
9c97e472-2744-4c06-9bf4-e645325a86af-ex2,9c97e472-2744-4c06-9bf4-e645325a86af,kit,"Ttongo lla da ddone mullae dan mängallang lla bo ma we bozenän obo za gämäll e, be dam de da bogo ngattong däbe lla de bämllawän.",A person cannot enter the house of a powerful man to steal his things unless they tie that man up first.,,Verbal Dictionary
4115f17a-fe1f-42ba-a4b1-4a268bce6fcb-ex1,4115f17a-fe1f-42ba-a4b1-4a268bce6fcb,kit,Mällause bo auma da dan de.,The old woman's grave is there.,,Verbal Dictionary
c4ec4191-8a23-4de0-81bd-f7b4c63eed0e-ex1,c4ec4191-8a23-4de0-81bd-f7b4c63eed0e,kit,Lla zazer ma mälläll be obo pätt a ulle abal daeya.,"The size was so that a person could enter, but his body was really big.",,Verbal Dictionary
d975d721-a4bd-45e6-aaca-0e01dcc1e1ce-ex1,d975d721-a4bd-45e6-aaca-0e01dcc1e1ce,kit,Ngämo mälläng a nongonongorang dan.,My nose is itchy.,,Verbal Dictionary
78e9cdd0-173b-4e13-8bb9-d3f6f3ab423e-ex1,78e9cdd0-173b-4e13-8bb9-d3f6f3ab423e,kit,Obo mälläng ik a ulleulle abal dagaeya.,His nostrils were very big.,,Verbal Dictionary
3e62bb45-f2d3-4e14-b716-8606697c2492-ex1,3e62bb45-f2d3-4e14-b716-8606697c2492,kit,Sana da mällät käpang dan.,The sago is in its second stage of growth.,Winson Warama,Verbal Dictionary
20f6cecc-8188-4056-a1b0-a609723d8b3b-ex1,20f6cecc-8188-4056-a1b0-a609723d8b3b,kit,Ag me ibi näddägallo mällät käp gullem de.,"This morning, we (incl.) ate a mällät käp snake.",Winson Warama,Verbal Dictionary
8a994e1e-0f20-4cf7-9acb-c1be8c9a358d-ex1,8a994e1e-0f20-4cf7-9acb-c1be8c9a358d,kit,Kote dämällkaenän obo pate.,He was bowing his head (lit. bent nape) to her.,,Verbal Dictionary
9a1bca58-2206-4d6b-90ad-eaf65db31b85-ex1,9a1bca58-2206-4d6b-90ad-eaf65db31b85,kit,Kote gomällkamän ngänaeka de gongkamän.,He hung his head (lit. bent nape) and started to cry.,,Verbal Dictionary
e6429ce0-b914-4267-9121-c045afed1a1a-ex1,e6429ce0-b914-4267-9121-c045afed1a1a,kit,Bogo mämrem peyang eka gogon.,He spoke with a growl.,,Verbal Dictionary
46977cef-de87-4c0a-b0ec-4b4ab6b14c9d-ex1,46977cef-de87-4c0a-b0ec-4b4ab6b14c9d,kit,Ngäna ge män de dangem.,I adopted this girl.,,Verbal Dictionary
c5b78824-b8f5-4cb6-b7d8-c0a861636ca8-ex1,c5b78824-b8f5-4cb6-b7d8-c0a861636ca8,kit,mända ollong,five times,,Verbal Dictionary
19e215d9-c8d4-44f0-908d-1600ff6fe817-ex1,19e215d9-c8d4-44f0-908d-1600ff6fe817,kit,Ubi obom damändeyo.,They raised him.,,Verbal Dictionary
19e215d9-c8d4-44f0-908d-1600ff6fe817-ex2,19e215d9-c8d4-44f0-908d-1600ff6fe817,kit,Indonesia me gänya ddäddäg de damändaebneyo.,"In Indonesia, they tamed this animal.",,Verbal Dictionary
22d1f5a2-83a6-46bf-aa5a-fbaf61252c66-ex1,22d1f5a2-83a6-46bf-aa5a-fbaf61252c66,kit,Ngäna obom kumuddäga nge alle bamänd.,I will feed him three coconuts.,,Verbal Dictionary
b5f3eea0-b916-4e1e-a1f2-360324543a1b-ex1,b5f3eea0-b916-4e1e-a1f2-360324543a1b,kit,Män duwar da bun mi popo de nowattällan.,The young girl put flowers in her hair.,,Verbal Dictionary
d07d94fd-87cd-41e5-8e24-f140caba2fe2-ex1,d07d94fd-87cd-41e5-8e24-f140caba2fe2,kit,Bogo mänddmändd e gongkamän walle we.,She started to drown in the water.,SE-TN019 10.1,Verbal Dictionary
d07d94fd-87cd-41e5-8e24-f140caba2fe2-ex2,d07d94fd-87cd-41e5-8e24-f140caba2fe2,kit,Bogo aoli gomänddän walle me.,She almost drowned in the water.,,Verbal Dictionary
bd45af0f-e1d9-43cd-b985-9096add63dac-ex1,bd45af0f-e1d9-43cd-b985-9096add63dac,kit,Bogo ddia de ine dämänddän.,He drowned the deer in the water.,,Verbal Dictionary
5aa8feb4-1e47-4407-a133-518a9be6d26d-ex1,5aa8feb4-1e47-4407-a133-518a9be6d26d,kit,Mänmän a sana de zazaba we dändäraebeyo.,Girls stuffed sago into sago bags.,,Verbal Dictionary
5aa8feb4-1e47-4407-a133-518a9be6d26d-ex2,5aa8feb4-1e47-4407-a133-518a9be6d26d,kit,"Ngämo mänmän a aba bin a ada, Ina, Lulu, Jamila.","My sisters' names are Ina, Lulu, and Jamila.",,Verbal Dictionary
337fe1bb-7e9e-46d3-bffe-f86624977247-ex1,337fe1bb-7e9e-46d3-bffe-f86624977247,kit,Ge towall a mängalae penongg allan.,This grass is burning quickly.,,Verbal Dictionary
55ff117c-4976-4721-8b03-a7b3f043610d-ex1,55ff117c-4976-4721-8b03-a7b3f043610d,kit,Ngämi wätät de mängamängalae yu dägaebeya.,We (excl.) quickly cooked the food.,,Verbal Dictionary
cf22e8c0-5230-4c5c-80b8-6047144e0242-ex1,cf22e8c0-5230-4c5c-80b8-6047144e0242,kit,"Bäne mängall a ulle dan, be ngämo kälsre dan.","You are stronger than me (lit. your strength is big, but mine is small).",,Verbal Dictionary
bf9499e7-764c-4154-9312-0fb0b3c5085e-ex1,bf9499e7-764c-4154-9312-0fb0b3c5085e,kit,Däbe mälla da ada mängall gognän tudi nyongkoe e.,That woman was struggling to pull the fishing line.,,Verbal Dictionary
be27c6f2-6a86-4a99-8136-7f9ebec01a14-ex1,be27c6f2-6a86-4a99-8136-7f9ebec01a14,kit,ddobae mängallang lla,very strong person,,Verbal Dictionary
43ee566f-8a72-4333-a96d-ee22286bdd1e-ex1,43ee566f-8a72-4333-a96d-ee22286bdd1e,kit,Obo pallall lla da mäse obom mängall eka dägneyo.,His supporters tried to cheer him on.,,Verbal Dictionary
b1f811c9-a6a5-4f62-b2fe-c33f80d2f123-ex1,b1f811c9-a6a5-4f62-b2fe-c33f80d2f123,kit,Sisri obo pätt a mängallmeny allan.,His body is weak now.,,Verbal Dictionary
b1f811c9-a6a5-4f62-b2fe-c33f80d2f123-ex2,b1f811c9-a6a5-4f62-b2fe-c33f80d2f123,kit,Wel ulle da mängallmeny gogon.,The storm grew weak.,,Verbal Dictionary
02622b67-2e22-416d-a667-abfa5a5ce688-ex1,02622b67-2e22-416d-a667-abfa5a5ce688,kit,Bongo ikopse alle lla de ddone märal näga adawede obo kuddäll bogon.,You cannot curse a person in prayer so that they die.,,Verbal Dictionary
c203cbd9-4faa-439a-9b2b-5ed5b4d5c78a-ex1,c203cbd9-4faa-439a-9b2b-5ed5b4d5c78a,kit,allko märäl ziz,a fly-sized insect,,Verbal Dictionary
c203cbd9-4faa-439a-9b2b-5ed5b4d5c78a-ex2,c203cbd9-4faa-439a-9b2b-5ed5b4d5c78a,kit,Lla zazer ma mälläll be obo pätt a ulle abal daeya.,"The size was so that a person could enter, but his body was really big.",,Verbal Dictionary
3420d859-9112-41b9-a976-1b76fa56966e-ex1,3420d859-9112-41b9-a976-1b76fa56966e,kit,Warani ngämo märäl dan.,Warani is my age-mate.,,Verbal Dictionary
3420d859-9112-41b9-a976-1b76fa56966e-ex2,3420d859-9112-41b9-a976-1b76fa56966e,kit,Ngämo märäl a aenen ke?,Who's the same age as me (lit. my age-mate)?,,Verbal Dictionary
86af25c1-4530-4704-a06a-e57708ea5449-ex1,86af25c1-4530-4704-a06a-e57708ea5449,kit,"Ngäna ako mäse tutu de dängkälne, gänyaollemae ikop dige sɨmell da angttägan.","As I was about to climb the mountain, I saw a pig coming towards me.",,Verbal Dictionary
313195c1-19a6-4f1e-bf12-e2333d9bdf33-ex1,313195c1-19a6-4f1e-bf12-e2333d9bdf33,kit,Ngäna ngängälläb e mäse däga.,I tried to lift it.,,Verbal Dictionary
b8c619f5-803d-48d0-9c98-92fc64d595f5-ex1,b8c619f5-803d-48d0-9c98-92fc64d595f5,kit,"Ngämlle kame ako otät de nasi, ngämo käm a mäse agan.",Give me more food; my stomach isn't full yet.,,Verbal Dictionary
5e0d6664-dd88-49de-97f7-a18f39d78839-ex1,5e0d6664-dd88-49de-97f7-a18f39d78839,kit,"Dadabi, mäsemäse llɨg a dongkoenmällaemneyo.",The boys chased them naked.,WE-ST055 3.17,Verbal Dictionary
2e33ae24-2555-4f5b-b58b-89c23fadbdce-ex1,2e33ae24-2555-4f5b-b58b-89c23fadbdce,kit,Mäsemäse ma gongttägeya.,We arrived home empty-handed.,,Verbal Dictionary
8e1fda10-3293-4986-aaf5-c993807a1f2d-ex1,8e1fda10-3293-4986-aaf5-c993807a1f2d,kit,Tämamae ttängäm a mätaru abal gogon.,The whole place became very calm.,,Verbal Dictionary
44bb3616-9aa2-4347-8e23-910a5bff8471-ex1,44bb3616-9aa2-4347-8e23-910a5bff8471,kit,Mätta da nyäng de bodo dägagän.,Yams filled the basket.,,Verbal Dictionary
91b54104-0a0d-4a80-934d-f4455b50dfbc-ex1,91b54104-0a0d-4a80-934d-f4455b50dfbc,kit,Ngämo mälla bom mättaenen nängkaman.,I started to threaten my wife.,,Verbal Dictionary
91b54104-0a0d-4a80-934d-f4455b50dfbc-ex2,91b54104-0a0d-4a80-934d-f4455b50dfbc,kit,Ngäna obom damttaene.,I was threatening him.,,Verbal Dictionary
5171de29-aae2-41d5-871f-3a4092020109-ex1,5171de29-aae2-41d5-871f-3a4092020109,kit,Bogo banggu mättmätt allan.,He is wearing a headdress.,,Verbal Dictionary
5171de29-aae2-41d5-871f-3a4092020109-ex2,5171de29-aae2-41d5-871f-3a4092020109,kit,Mägda sisor kaptte amättan.,Mother put on new clothes.,,Verbal Dictionary
09834794-0478-40b5-b30d-79f0d74016c0-ex1,09834794-0478-40b5-b30d-79f0d74016c0,kit,Ngäna obom mättmätt eran.,I am dressing her.,,Verbal Dictionary
b6f02388-9709-4fdb-9c9e-ac48d82ba4d5-ex1,b6f02388-9709-4fdb-9c9e-ac48d82ba4d5,kit,Ngäna ngämo pällämpälläm palle de ngämo mittapa me nowattällan.,I put my white clay on my cheeks.,,Verbal Dictionary
b6f02388-9709-4fdb-9c9e-ac48d82ba4d5-ex2,b6f02388-9709-4fdb-9c9e-ac48d82ba4d5,kit,bem ulle me,in the big sea,,Verbal Dictionary
b6f02388-9709-4fdb-9c9e-ac48d82ba4d5-ex3,b6f02388-9709-4fdb-9c9e-ac48d82ba4d5,kit,däbe täräp me,at that time,,Verbal Dictionary
7021f2e6-9ed3-428a-b817-a762a8a4d72f-ex1,7021f2e6-9ed3-428a-b817-a762a8a4d72f,kit,Bogo iang me bandra allan.,He was singing while weaving.,,Verbal Dictionary
095fac2f-9ec0-42b4-a6aa-d428798f45da-ex1,095fac2f-9ec0-42b4-a6aa-d428798f45da,kit,Oba melem dättemäneyo a gongoseyo ma we.,They finished their work and returned home.,,Verbal Dictionary
095fac2f-9ec0-42b4-a6aa-d428798f45da-ex2,095fac2f-9ec0-42b4-a6aa-d428798f45da,kit,Obo peyang mɨnyi melem bog.,I will work with her.,,Verbal Dictionary
f3b95436-ddd5-467d-863d-8cd6beb5fca9-ex1,f3b95436-ddd5-467d-863d-8cd6beb5fca9,kit,Bogo ddobae melemang daeya.,He was very hardworking.,,Verbal Dictionary
59d9b330-45e6-43e8-95e4-fd145a586c93-ex1,59d9b330-45e6-43e8-95e4-fd145a586c93,kit,Ttängäm mondrog lla da melemang de dällädeyo a gagagäll duwebeyo.,The garden workers grabbed the servant and beat him badly.,,Verbal Dictionary
865a5886-fdf6-4ceb-9c3b-739ce7d78dbe-ex1,865a5886-fdf6-4ceb-9c3b-739ce7d78dbe,kit,Memram a dägagän.,He got sweaty (lit. sweat got him).,,Verbal Dictionary
d644693f-634e-42ee-b6cc-5675a57a4aaf-ex1,d644693f-634e-42ee-b6cc-5675a57a4aaf,kit,Yäbäd ttänttäm a sisor koko de dämenanegän.,The heat of the sun scorched the young shoots.,,Verbal Dictionary
53ac09cd-bda4-4dd9-88d0-ae878db313af-ex1,53ac09cd-bda4-4dd9-88d0-ae878db313af,kit,walle menae me,by the water,,Verbal Dictionary
53ac09cd-bda4-4dd9-88d0-ae878db313af-ex2,53ac09cd-bda4-4dd9-88d0-ae878db313af,kit,nyongo menae me,on the roadside,,Verbal Dictionary
2685c6c3-b079-4d4f-9a05-6c4498e8c956-ex1,2685c6c3-b079-4d4f-9a05-6c4498e8c956,kit,Nyäng goimänttmenyeyo deyarneyo abo ma we.,They put the baskets on their shoulders and headed home.,,Verbal Dictionary
13485fea-14ff-4890-9ec4-c840f674836d-ex1,13485fea-14ff-4890-9ec4-c840f674836d,kit,"mängall, mängallmeny; mu, miny","strength, weak; payment, in debt",,Verbal Dictionary
98baf822-ce7c-46e0-a59c-4c05ef426e9c-ex1,98baf822-ce7c-46e0-a59c-4c05ef426e9c,kit,Ngäna ttongo mer kollba de näddägan.,I ate one of the good fish.,,Verbal Dictionary
4600fe7c-fc8d-4647-9f3a-f444b0d18754-ex1,4600fe7c-fc8d-4647-9f3a-f444b0d18754,kit,Mer Anyke,Holy Spirit,,Verbal Dictionary
724fcb1d-a3b6-42e1-8efe-6b99beac66c0-ex1,724fcb1d-a3b6-42e1-8efe-6b99beac66c0,kit,Yesu llɨg kälekäle de mer dägnegän.,Jesus blessed the children.,,Verbal Dictionary
4cf8fec5-9508-426b-a1a3-94b3b24e025e-ex1,4cf8fec5-9508-426b-a1a3-94b3b24e025e,kit,Ge mätta da mermer allan.,This yam is shrinking.,,Verbal Dictionary
09200aad-1ccb-4f3a-9b0c-901929405d7c-ex1,09200aad-1ccb-4f3a-9b0c-901929405d7c,kit,Ngäna ngämo toboll de mermer met däganeg.,I sharpened my spears well.,,Verbal Dictionary
a7ddfe0b-5fb3-43d6-8f1c-052f23298c68-ex1,a7ddfe0b-5fb3-43d6-8f1c-052f23298c68,kit,Ttongo giri de met dägageyo.,They sharpened a knife.,,Verbal Dictionary
1ee9c605-e9ef-4e43-817d-413b6a0b1285-ex1,1ee9c605-e9ef-4e43-817d-413b6a0b1285,kit,Meyang daeya tatu ma nallan.,Uncle went to wash.,SE-LE054 110.1,Verbal Dictionary
5c0a5369-f472-4242-a487-9953cae691cd-ex1,5c0a5369-f472-4242-a487-9953cae691cd,kit,sɨmell midd,pork,,Verbal Dictionary
69a6f299-4cc8-41d5-9f9f-cbe489548638-ex1,69a6f299-4cc8-41d5-9f9f-cbe489548638,kit,eka bo midd,a word's meaning,,Verbal Dictionary
dc827172-88ce-439c-984c-cad3f7d26a0c-ex1,dc827172-88ce-439c-984c-cad3f7d26a0c,kit,Ttongo llɨgmeny mik da oblle damändän.,A childless widow raised him.,,Verbal Dictionary
0b3bef57-2154-425a-8438-2f8170c71487-ex1,0b3bef57-2154-425a-8438-2f8170c71487,kit,Ngäma eka da miks ingoll gogon.,Our (excl.) language has become like a mix.,,Verbal Dictionary
e93e8c1d-fe07-46f1-8a40-9555caa39063-ex1,e93e8c1d-fe07-46f1-8a40-9555caa39063,kit,Obo mikutt a ttäntämang e gopnaeän.,His anger made him hot.,,Verbal Dictionary
e93e8c1d-fe07-46f1-8a40-9555caa39063-ex2,e93e8c1d-fe07-46f1-8a40-9555caa39063,kit,"Da ttongo lla da bäne za de gämäll bogon, bongo mɨnyi mikutt ag.","If someone steals your thing, you will be angry.",,Verbal Dictionary
e93e8c1d-fe07-46f1-8a40-9555caa39063-ex3,e93e8c1d-fe07-46f1-8a40-9555caa39063,kit,Yae mikutt allan.,Mother is mad.,,Verbal Dictionary
e93e8c1d-fe07-46f1-8a40-9555caa39063-ex4,e93e8c1d-fe07-46f1-8a40-9555caa39063,kit,Bogo mikutt gogon.,He got angry.,,Verbal Dictionary
2fab8c90-08f6-44a5-b9c7-0b1da927a6f5-ex1,2fab8c90-08f6-44a5-b9c7-0b1da927a6f5,kit,Bogo era ddobae mikuttang lla dan.,He's a very angry person.,,Verbal Dictionary
f132dadc-7c06-4679-bbd9-675fbe623c04-ex1,f132dadc-7c06-4679-bbd9-675fbe623c04,kit,Mikuttang eran.,He hates him.,,Verbal Dictionary
ce9539ee-9f52-4aeb-97c7-346b0a2dfd1c-ex1,ce9539ee-9f52-4aeb-97c7-346b0a2dfd1c,kit,Nga bogo mikuttangae dagernän.,He stayed angry for a long time.,,Verbal Dictionary
e8aa0606-ee3e-4bbd-993d-1cb415243105-ex1,e8aa0606-ee3e-4bbd-993d-1cb415243105,kit,Bogo era mikuttmeny lla dan.,He's a calm fellow.,,Verbal Dictionary
49dfd880-1a80-4fff-bc69-575e07e97f60-ex1,49dfd880-1a80-4fff-bc69-575e07e97f60,kit,otät minyminy,crumbs of food,,Verbal Dictionary
49dfd880-1a80-4fff-bc69-575e07e97f60-ex2,49dfd880-1a80-4fff-bc69-575e07e97f60,kit,Ge masted däm kutt a minyminy abal dan.,These seeds of the mustard plant are teeny.,,Verbal Dictionary
4d787cae-c808-4dfb-8e96-00ce83a5ee1a-ex1,4d787cae-c808-4dfb-8e96-00ce83a5ee1a,kit,Ngänäm Malläm me mipdab dageyo.,They accomodated me in Malam.,,Verbal Dictionary
c0361a2c-2bed-4d1c-8136-593f64db727e-ex1,c0361a2c-2bed-4d1c-8136-593f64db727e,kit,Ngäna misdae ada dagerne.,I was just staying like this.,,Verbal Dictionary
c0361a2c-2bed-4d1c-8136-593f64db727e-ex2,c0361a2c-2bed-4d1c-8136-593f64db727e,kit,"Ttomoe a mudan, misdae känyer ag.","Don't you worry, just be quiet.",,Verbal Dictionary
f366db43-a945-4c40-978e-826a546d92cb-ex1,f366db43-a945-4c40-978e-826a546d92cb,kit,Ubi llo mit mi dagaeya.,They were at the base of the tree.,,Verbal Dictionary
ae19e948-8522-467c-932f-5a22b3727d5d-ex1,ae19e948-8522-467c-932f-5a22b3727d5d,kit,Mit a gänyan.,Here is the reason.,,Verbal Dictionary
ae19e948-8522-467c-932f-5a22b3727d5d-ex2,ae19e948-8522-467c-932f-5a22b3727d5d,kit,Ttongo lla da säremang ma me daeya kuddäll e lla gäz mit me.,A man was in prison because he beat someone to death.,,Verbal Dictionary
ae19e948-8522-467c-932f-5a22b3727d5d-ex3,ae19e948-8522-467c-932f-5a22b3727d5d,kit,Iba mit me däpleon.,He died for our (incl.) sake.,,Verbal Dictionary
eb8ad8f6-553e-4de7-ad17-759dede16f40-ex1,eb8ad8f6-553e-4de7-ad17-759dede16f40,kit,Ge Ende eka da bo mit eka dan.,This is the origin story of the Ende language.,,Verbal Dictionary
0f0b70d8-1acc-48d3-bc00-194aefdef2b0-ex1,0f0b70d8-1acc-48d3-bc00-194aefdef2b0,kit,Ngänäm mitamitang dagän.,They were blaming me.,,Verbal Dictionary
9481d925-da97-4a8c-9c24-45dc5a040c90-ex1,9481d925-da97-4a8c-9c24-45dc5a040c90,kit,Lla da obom ddobae ddobae mitmit nägagallo.,They were thinking of him when he left.,,Verbal Dictionary
9481d925-da97-4a8c-9c24-45dc5a040c90-ex2,9481d925-da97-4a8c-9c24-45dc5a040c90,kit,Da medäda erowe gopällttänalle llɨg da mɨnyi mitmit bäganän ngänaeka peyang.,"‎If father set off somewhere, the children will miss him in tears.",WE-ST018 6.1,Verbal Dictionary
f2a07a55-3229-47ff-92bc-ba3885e5ba4a-ex1,f2a07a55-3229-47ff-92bc-ba3885e5ba4a,kit,Mizi mällaeyaba dan ge melem a.,"Usually, this is women's work.",,Verbal Dictionary
f367a4f1-1c11-4241-9150-634099f86482-ex1,f367a4f1-1c11-4241-9150-634099f86482,kit,Mɨnyi mer abal bogon.,It will be very good.,,Verbal Dictionary
66676030-d95e-487a-a0fc-f8c3acdecaaa-ex1,66676030-d95e-487a-a0fc-f8c3acdecaaa,kit,Medäda mo toko alle ikop eran llɨgda bom.,The father is looking at his son from the top of the stairs.,,Verbal Dictionary
66676030-d95e-487a-a0fc-f8c3acdecaaa-ex2,66676030-d95e-487a-a0fc-f8c3acdecaaa,kit,Bogo gompedägän mo me.,She tripped on the stairs.,,Verbal Dictionary
21db91de-1d12-497d-ae25-7b8c62b6ca38-ex1,21db91de-1d12-497d-ae25-7b8c62b6ca38,kit,Ubi tätäm ttongo mo sisor de daulliyu.,"Yesterday, they crossed over a new bridge.",SE-LE054 22.1,Verbal Dictionary
c11a79c1-d56c-4295-993b-0c3befc4cc77-ex1,c11a79c1-d56c-4295-993b-0c3befc4cc77,kit,Bogo moepang agan.,He is all grown up.,,Verbal Dictionary
c3e5cb8d-4c3e-45c5-ae2f-9460041dd6e0-ex1,c3e5cb8d-4c3e-45c5-ae2f-9460041dd6e0,kit,"Ngäna market e ibi allan, bäne moko da ewe dan?",I am going to the market; do you want anything (lit. does your desire exist for anything)?,,Verbal Dictionary
c3e5cb8d-4c3e-45c5-ae2f-9460041dd6e0-ex2,c3e5cb8d-4c3e-45c5-ae2f-9460041dd6e0,kit,Endan bäne moko da ngäna bablle banges,What do you want me to do for you?,,Verbal Dictionary
c3e5cb8d-4c3e-45c5-ae2f-9460041dd6e0-ex3,c3e5cb8d-4c3e-45c5-ae2f-9460041dd6e0,kit,Ngämi moko gogeya.,We (excl.) two fell in love.,,Verbal Dictionary
c3e5cb8d-4c3e-45c5-ae2f-9460041dd6e0-ex4,c3e5cb8d-4c3e-45c5-ae2f-9460041dd6e0,kit,Ngäna up i moko allan.,I like bananas.,,Verbal Dictionary
3d66954b-5779-49d8-8f31-089d74e43683-ex1,3d66954b-5779-49d8-8f31-089d74e43683,kit,Solt bo moko da ddone budabän.,The salt won't lose its taste.,,Verbal Dictionary
3d66954b-5779-49d8-8f31-089d74e43683-ex2,3d66954b-5779-49d8-8f31-089d74e43683,kit,Sana gudne da koepang moko allan.,The old sago tastes sour.,,Verbal Dictionary
3d66954b-5779-49d8-8f31-089d74e43683-ex3,3d66954b-5779-49d8-8f31-089d74e43683,kit,Ngatengate da biratt a ddobe moko dan.,Roasted possum is very tasty.,,Verbal Dictionary
522beab5-04df-449d-a37f-95f7909b6fe4-ex1,522beab5-04df-449d-a37f-95f7909b6fe4,kit,Ngäna mokoang eran ngämo melem de.,I love my job.,,Verbal Dictionary
522beab5-04df-449d-a37f-95f7909b6fe4-ex2,522beab5-04df-449d-a37f-95f7909b6fe4,kit,Ngäna bam mokoang nallan.,I love you.,,Verbal Dictionary
522beab5-04df-449d-a37f-95f7909b6fe4-ex3,522beab5-04df-449d-a37f-95f7909b6fe4,kit,Ngäna ngämo mokowang bandra de llɨtnen eran.,I am singing my favorite song.,,Verbal Dictionary
7a293181-fef6-4181-a496-cf493c9313f7-ex1,7a293181-fef6-4181-a496-cf493c9313f7,kit,Ge wätät a mokoang dan.,This food is tasty.,,Verbal Dictionary
eb7cc332-936b-45ec-9e26-b9ec1be143dc-ex1,eb7cc332-936b-45ec-9e26-b9ec1be143dc,kit,Bogo itrellang lla de owel alle domokonmällaemneyo.,He was anointing the sick men with oil.,,Verbal Dictionary
b2270cd1-5936-4fbf-9dea-59fa8de8b4ab-ex1,b2270cd1-5936-4fbf-9dea-59fa8de8b4ab,kit,kuddäll molle,rotten smell,,Verbal Dictionary
b2270cd1-5936-4fbf-9dea-59fa8de8b4ab-ex2,b2270cd1-5936-4fbf-9dea-59fa8de8b4ab,kit,Llo popo molle da mer dan.,The scent of the flowers is good.,,Verbal Dictionary
b2270cd1-5936-4fbf-9dea-59fa8de8b4ab-ex3,b2270cd1-5936-4fbf-9dea-59fa8de8b4ab,kit,Ngäna otät molle de dändär eran.,I am smelling food.,,Verbal Dictionary
4d2e4b13-4e95-4e79-b085-f1c809c6660c-ex1,4d2e4b13-4e95-4e79-b085-f1c809c6660c,kit,mer molleang owel,fragrant oil,,Verbal Dictionary
d73ed679-e3bc-4fb8-a4fe-54d8de8d2fa9-ex1,d73ed679-e3bc-4fb8-a4fe-54d8de8d2fa9,kit,Ngäna sɨmell de gänyaollemae molle deyandärneg.,I smelled pigs coming this way.,,Verbal Dictionary
c406556d-89b3-45f5-83f2-e8ff9a550ea9-ex1,c406556d-89b3-45f5-83f2-e8ff9a550ea9,kit,Däräng a llɨg di mollemolle nägagan.,The dog sniffed the boy.,,Verbal Dictionary
1c426a05-b243-48c4-824f-2d806073a5ef-ex1,1c426a05-b243-48c4-824f-2d806073a5ef,kit,Ddob llaeyabaene momana ma alle dirom gädnanatt a kemibi dag.,Many people kill cassowaries by using a hideout.,,Verbal Dictionary
ea8fb090-0d40-409e-87e0-6275d43e3d21-ex1,ea8fb090-0d40-409e-87e0-6275d43e3d21,kit,Bogo mondre bognän.,She will be gardening.,,Verbal Dictionary
006644f9-ad8e-4f71-828e-50dd56114ad1-ex1,006644f9-ad8e-4f71-828e-50dd56114ad1,kit,Ddobae mondrog lla deya.,He was a great gardener.,,Verbal Dictionary
559a88bb-f476-4770-b35e-aaf08ee27c30-ex1,559a88bb-f476-4770-b35e-aaf08ee27c30,kit,Bäne ttang de ade mɨnyi mondremondre bägagän.,Your hand will also be moving (lit. movement will also get your hand).,,Verbal Dictionary
559a88bb-f476-4770-b35e-aaf08ee27c30-ex2,559a88bb-f476-4770-b35e-aaf08ee27c30,kit,Däbe lla da mondremondre gogon.,That man moved.,,Verbal Dictionary
481e337b-33d6-454f-9441-0f26953f3d87-ex1,481e337b-33d6-454f-9441-0f26953f3d87,kit,Paul ngämo mosen dan.,Paul is my older brother (said by a male speaker).,,Verbal Dictionary
97141fc2-0f67-40c3-9063-4aaae227d7f2-ex1,97141fc2-0f67-40c3-9063-4aaae227d7f2,kit,Ngäna mosen llɨg dan.,I'm the firstborn.,,Verbal Dictionary
494af50b-442a-4f0c-a9f6-5162bcdf6095-ex1,494af50b-442a-4f0c-a9f6-5162bcdf6095,kit,"Ngäma kame dan, be mosenmosen lla da mɨnyi ngämim umllang beyageyo.","We (excl.) don't know, but our elders will tell us.",,Verbal Dictionary
6d321d28-2893-4ae5-ac83-1a11f1923d04-ex1,6d321d28-2893-4ae5-ac83-1a11f1923d04,kit,skul mu,school fees,,Verbal Dictionary
6d321d28-2893-4ae5-ac83-1a11f1923d04-ex2,6d321d28-2893-4ae5-ac83-1a11f1923d04,kit,Bablle mɨnyi mu banttog.,I will pay you (lit. give you payment).,,Verbal Dictionary
6d321d28-2893-4ae5-ac83-1a11f1923d04-ex3,6d321d28-2893-4ae5-ac83-1a11f1923d04,kit,300 kina mu me dägageyo däbe käza ttoe de.,That crocodile skin sold for 300 kina.,,Verbal Dictionary
b8d1df26-6215-482d-b8ef-3e6c4681188c-ex1,b8d1df26-6215-482d-b8ef-3e6c4681188c,kit,Obo moko da mu wi dan.,He wants to respond.,,Verbal Dictionary
b8d1df26-6215-482d-b8ef-3e6c4681188c-ex2,b8d1df26-6215-482d-b8ef-3e6c4681188c,kit,"Polis a ngämo gullbe de namllamallo, ngämo mu di nangesallo.",The police got my husband; they carried out my revenge.,,Verbal Dictionary
80c907c3-73d7-4130-9106-d251c726b641-ex1,80c907c3-73d7-4130-9106-d251c726b641,kit,Obo ttoe a ddobae mu dan.,Its skin is very valuable.,,Verbal Dictionary
11f073a4-86f5-4af3-a3b0-1c439aaf682f-ex1,11f073a4-86f5-4af3-a3b0-1c439aaf682f,kit,Abo källkae ibi da mudag.,[You all] never go there again.,,Verbal Dictionary
11f073a4-86f5-4af3-a3b0-1c439aaf682f-ex2,11f073a4-86f5-4af3-a3b0-1c439aaf682f,kit,Bibi eka da mudag.,"You all, don't talk.",,Verbal Dictionary
6f16cc8d-3c86-4736-bd3c-5c4e1fc05bf2-ex1,6f16cc8d-3c86-4736-bd3c-5c4e1fc05bf2,kit,Bibi komllaebe gäddnan a mudageyo.,"You two, don't fight.",,Verbal Dictionary
a0288750-64e9-4cb7-855e-7247e786e4bf-ex1,a0288750-64e9-4cb7-855e-7247e786e4bf,kit,Ngänäm kollmäl a mudan.,[You] don't follow me.,,Verbal Dictionary
a0288750-64e9-4cb7-855e-7247e786e4bf-ex2,a0288750-64e9-4cb7-855e-7247e786e4bf,kit,Mudan lel a.,[You] don't be afraid.,,Verbal Dictionary
e114b0f9-7cc5-4d7f-b173-4bc05413bbf2-ex1,e114b0f9-7cc5-4d7f-b173-4bc05413bbf2,kit,Iba ge kollba da mullae dag.,We (incl.) have enough fish.,,Verbal Dictionary
63901972-1206-446d-84ed-04acaa728e0d-ex1,63901972-1206-446d-84ed-04acaa728e0d,kit,Llamda da bälle gazenma da ddone mullae gogon.,The old man was unable to escape.,,Verbal Dictionary
63901972-1206-446d-84ed-04acaa728e0d-ex2,63901972-1206-446d-84ed-04acaa728e0d,kit,Bäne ma me ngäna mullae dan bodmen?,Can I stay at your house?,,Verbal Dictionary
56751ba7-9f20-4ed1-8c21-bc0f4adb119f-ex1,56751ba7-9f20-4ed1-8c21-bc0f4adb119f,kit,Tämamae ttoen a dedme mullamullae dag.,There's enough of everything there.,,Verbal Dictionary
74504cbf-50af-485d-8b5e-f580e3a4aa28-ex1,74504cbf-50af-485d-8b5e-f580e3a4aa28,kit,Ngäna pazi mullamullae mänmän de ngällabnanangmeae anggan.,I pick up the girls every year.,,Verbal Dictionary
bc17789f-7be2-4b12-afd7-13d61fcfae9a-ex1,bc17789f-7be2-4b12-afd7-13d61fcfae9a,kit,Ngämo ttongo ttang lläpät a muminy dan.,I owe five. / I am five in debt.,,Verbal Dictionary
39e08120-bae9-41a7-8c67-5438f8a15b78-ex1,39e08120-bae9-41a7-8c67-5438f8a15b78,kit,Ngäna walle mutt i ibi allan.,I am going upstream.,,Verbal Dictionary
f234f436-a63d-4247-823e-7fb1913a41b0-ex1,f234f436-a63d-4247-823e-7fb1913a41b0,kit,Otät a kuddäll e nabäddan.,Food killed me.,WE-ST001 5.1,Verbal Dictionary
8b412c57-0f1a-4836-966b-cc7d8a684b35-ex1,8b412c57-0f1a-4836-966b-cc7d8a684b35,kit,Ngämo nadum a daden.,I have a namesake.,,Verbal Dictionary
c6a38047-b9b3-405d-86c6-061485dac368-ex1,c6a38047-b9b3-405d-86c6-061485dac368,kit,Oba nag ttoen a dädme llätt gogon.,Their friendship ended there.,,Verbal Dictionary
ce055bb1-a794-4645-be87-d1d5ddeca306-ex1,ce055bb1-a794-4645-be87-d1d5ddeca306,kit,Ngäna naigae pallall e ibi allan.,I am heading south.,,Verbal Dictionary
31fb39a9-35df-4fc6-a85b-eeb34b1f4bc7-ex1,31fb39a9-35df-4fc6-a85b-eeb34b1f4bc7,kit,Nensi bi nane alle känaebag mɨnyi tudi ma beyareyo,Nancy will go fishing tomorrow with her aunt.,SE-LE054 128.1,Verbal Dictionary
4163fd59-885c-4739-8a4e-77ac27564769-ex1,4163fd59-885c-4739-8a4e-77ac27564769,kit,Bogo nane eran.,He is drinking.,,Verbal Dictionary
4163fd59-885c-4739-8a4e-77ac27564769-ex2,4163fd59-885c-4739-8a4e-77ac27564769,kit,Ngäna konkonang ine de bäna.,I will drink the beer.,,Verbal Dictionary
4163fd59-885c-4739-8a4e-77ac27564769-ex3,4163fd59-885c-4739-8a4e-77ac27564769,kit,Ngämi dänaeyaemnalla.,We (excl.) were drinking.,,Verbal Dictionary
13128b7b-cb0d-4c60-a73a-5188620fa3cf-ex1,13128b7b-cb0d-4c60-a73a-5188620fa3cf,kit,Ngämo näkäp e gongttägän ada ngaska zime iddob amänong agan.,It came to my mind that maybe it's already past midnight.,,Verbal Dictionary
13128b7b-cb0d-4c60-a73a-5188620fa3cf-ex2,13128b7b-cb0d-4c60-a73a-5188620fa3cf,kit,Oblle mer näkäp a ddone ngänttägmäll allan.,He is not having good thoughts.,,Verbal Dictionary
36e3235f-17dd-4b83-bed7-6eca44febb91-ex1,36e3235f-17dd-4b83-bed7-6eca44febb91,kit,"Ngäna mäse karama we ibi we daeya, be näkäp de näpänaeyan wälläng e.","I was supposed to go to the canoe place, but I changed my mind to go to the bush.",,Verbal Dictionary
d5c31d2f-fa6b-435c-9a99-56db5ce58c9a-ex1,d5c31d2f-fa6b-435c-9a99-56db5ce58c9a,kit,Obo näkäpngon tämamae ai da erageya audaebnegan.,He lost all his thoughts that were good.,,Verbal Dictionary
d5c31d2f-fa6b-435c-9a99-56db5ce58c9a-ex2,d5c31d2f-fa6b-435c-9a99-56db5ce58c9a,kit,Obo näkäpngon alle eka panypeny eran.,She is speaking with wisdom.,,Verbal Dictionary
e3c9d86c-e11c-4eb9-8334-0b12f99b55fc-ex1,e3c9d86c-e11c-4eb9-8334-0b12f99b55fc,kit,Bogo näkäp ttomoenen me giddollnen allan.,He is living worrying.,,Verbal Dictionary
be00ae5d-adb5-4f86-88c3-700a1fb6cde5-ex1,be00ae5d-adb5-4f86-88c3-700a1fb6cde5,kit,Bogo ankom de näbäddan nälan ttang alle.,He accidentally killed the ant with his hand.,,Verbal Dictionary
5d1dc021-b95a-4bab-989f-a9fd69a6e826-ex1,5d1dc021-b95a-4bab-989f-a9fd69a6e826,kit,Ngäna ttongo net de dirängän ine watt.,I lifted a net out from the water.,,Verbal Dictionary
a2e7cc9c-aff2-4919-a460-8ed7460c750c-ex1,a2e7cc9c-aff2-4919-a460-8ed7460c750c,kit,"Angde llamda da togolag dagirnän, llayabaene eka nineyem de dandärän.","While the old man was hiding, he heard whispers from people.",,Verbal Dictionary
5df9592f-4aae-40fb-8669-3c13bb9369bd-ex1,5df9592f-4aae-40fb-8669-3c13bb9369bd,kit,Ngäma ma me nongg a kemibi abal dag.,In my house there are many geckos.,SE-LE054 165.1,Verbal Dictionary
50bdbdca-81a0-4671-af2b-7e3ab77c9c07-ex1,50bdbdca-81a0-4671-af2b-7e3ab77c9c07,kit,"Mälläng a nongonongorang gogon, käsre ansi gogon.",His nose got itchy; then he sneezed.,,Verbal Dictionary
b07fbf2b-004d-4cd2-a7a1-5a05bee1d88e-ex1,b07fbf2b-004d-4cd2-a7a1-5a05bee1d88e,kit,Nga yu ttätta de däbe gänyaolle iweny.,Now [you] bring that piece of burned wood over here.,,Verbal Dictionary
b07fbf2b-004d-4cd2-a7a1-5a05bee1d88e-ex2,b07fbf2b-004d-4cd2-a7a1-5a05bee1d88e,kit,Nga bibi ddone ngänaem amalla?,Are you all not understanding?,,Verbal Dictionary
0dff24b6-69e1-4d27-b588-1f0db5c417d9-ex1,0dff24b6-69e1-4d27-b588-1f0db5c417d9,kit,Bogo ngalbongalboe bognegnän.,He will be on the side.,,Verbal Dictionary
df61f678-d6a8-4476-b6c9-6e5a0d862154-ex1,df61f678-d6a8-4476-b6c9-6e5a0d862154,kit,Gabma yaba ngalen a gongttägän ngäma pate.,White people's customs came to us (excl.).,,Verbal Dictionary
ff0773b7-785f-4b16-870a-b6ced43afde3-ex1,ff0773b7-785f-4b16-870a-b6ced43afde3,kit,Golläntmenyän tämamae ngalen de.,He told him everything.,,Verbal Dictionary
14d01363-6f81-4c90-8fc8-a80d5c8d2482-ex1,14d01363-6f81-4c90-8fc8-a80d5c8d2482,kit,Llɨg ngallmeny a era kälsre meae dan mer a.,The best time to advise children is in childhood.,,Verbal Dictionary
2139a5e5-e97c-4125-9e8e-ad9424f4c984-ex1,2139a5e5-e97c-4125-9e8e-ad9424f4c984,kit,llɨg ngam sinenang mälla,breastfeeding woman,,Verbal Dictionary
f6f1bebe-bbe7-4b89-9cbe-b544251bcaf1-ex1,f6f1bebe-bbe7-4b89-9cbe-b544251bcaf1,kit,Mätta da dade de nganae eran.,The yam is coiling around the yam stick.,,Verbal Dictionary
0f1e0ca3-b123-4ebd-a967-54f92931b23c-ex1,0f1e0ca3-b123-4ebd-a967-54f92931b23c,kit,Ekaklle da nganaenen allan.,The earth is spinning.,,Verbal Dictionary
1f2bed02-9003-4d5b-8fda-0b85e691e33c-ex1,1f2bed02-9003-4d5b-8fda-0b85e691e33c,kit,"Ddia da angde inu kuddäll gogon, kottllam a deyanzigän.","While Deer was dead sleep, Tortoise passed right by him.",,Verbal Dictionary
8e474001-e9ac-43eb-ab6d-668beaca67ae-ex1,8e474001-e9ac-43eb-ab6d-668beaca67ae,kit,ngangema ttoen,method of communication,,Verbal Dictionary
8e474001-e9ac-43eb-ab6d-668beaca67ae-ex2,8e474001-e9ac-43eb-ab6d-668beaca67ae,kit,Lla da mɨnyi utt alle eka de bängaeyo.,Men will deliver the message with the conch shell.,,Verbal Dictionary
47ca4974-1c1d-4adc-ad0e-0751653dcf8d-ex1,47ca4974-1c1d-4adc-ad0e-0751653dcf8d,kit,Ngäna ge män de obaene de dangem.,I adopted this girl from them.,,Verbal Dictionary
77a6e464-227d-4af9-9edf-dd6afc99a40f-ex1,77a6e464-227d-4af9-9edf-dd6afc99a40f,kit,Ngangeyang abo umllang dägaeballo aeya kuddäll agan.,Then the messengers will say who died.,,Verbal Dictionary
f4054ae4-1e88-4693-9dcd-375eaae7a599-ex1,f4054ae4-1e88-4693-9dcd-375eaae7a599,kit,Lla da mälla de dängalbänän.,The man searched for the woman.,,Verbal Dictionary
4f3b615b-698e-417f-bb42-457521d4eddb-ex1,4f3b615b-698e-417f-bb42-457521d4eddb,kit,"Da ngäna lla de bangerängg nyongo me, mɨnyi Ende eka walle eka bäntameny.","If I encounter someone on the street, I will speak in Ende to them.",,Verbal Dictionary
4f3b615b-698e-417f-bb42-457521d4eddb-ex2,4f3b615b-698e-417f-bb42-457521d4eddb,kit,Gänya ngata me ddädddäg de ddone dangerängg.,I didn't encounter any animals at that spot.,,Verbal Dictionary
e5893260-079b-4e60-a18f-2791ac44f850-ex1,e5893260-079b-4e60-a18f-2791ac44f850,kit,Ngase ibi bobäll bem de apte menae e baupeya.,Let us go over to the other side of the sea.,,Verbal Dictionary
e5893260-079b-4e60-a18f-2791ac44f850-ex2,e5893260-079b-4e60-a18f-2791ac44f850,kit,Ngase Ende eka de mɨnyi mokowang bägawän.,Let them love to speak Ende.,SE_PI118-Geser2018k 273.1,Verbal Dictionary
d6e7fba1-366f-4e9b-8a5b-973e9210f6c7-ex1,d6e7fba1-366f-4e9b-8a5b-973e9210f6c7,kit,Erame dan ngasekäma?,Where could they be?,,Verbal Dictionary
d6e7fba1-366f-4e9b-8a5b-973e9210f6c7-ex2,d6e7fba1-366f-4e9b-8a5b-973e9210f6c7,kit,"Da ttongo lla da bäne baba bälle 1000 mani bonttogän, ende bäne baba ngasekäma bällädän?","If someone gave your father 1000 kina, what might he buy?",,Verbal Dictionary
fc9d89ea-fee7-4e48-a7cd-745ab61a2bbc-ex1,fc9d89ea-fee7-4e48-a7cd-745ab61a2bbc,kit,Mɨnyi ngaska llame duwem bognegnän oba peyang.,Maybe they will eat together with them.,,Verbal Dictionary
099292da-51e9-4675-826f-088e9c8830e6-ex1,099292da-51e9-4675-826f-088e9c8830e6,kit,"Ende bongo ngasnges eralle ttongo lla bo pate, bongo ngasnges eralle God bo pate.","What you do to another person, you do to God.",,Verbal Dictionary
099292da-51e9-4675-826f-088e9c8830e6-ex2,099292da-51e9-4675-826f-088e9c8830e6,kit,Bongo bäne kumuddäga melem de nangesneg.,Do your three chores.,,Verbal Dictionary
068ba9c1-aa67-4d69-b7ec-1cfb4c3461f3-ex1,068ba9c1-aa67-4d69-b7ec-1cfb4c3461f3,kit,Ibi ibra mɨnyi ttongo sisor bikwem de bangeseya.,We (excl.) will make a new fireplace for us.,,Verbal Dictionary
068ba9c1-aa67-4d69-b7ec-1cfb4c3461f3-ex2,068ba9c1-aa67-4d69-b7ec-1cfb4c3461f3,kit,Masar ine kube de ngämo nangesan.,Grandfather made my water bucket.,,Verbal Dictionary
d62c9f37-9c16-4b55-bf72-20b8dc862048-ex1,d62c9f37-9c16-4b55-bf72-20b8dc862048,kit,Ge ttoen a gongesän ngämo patme.,This thing happened to me.,,Verbal Dictionary
21c793a9-ba32-4519-8d2e-10f1c3813e17-ex1,21c793a9-ba32-4519-8d2e-10f1c3813e17,kit,Ge ttongo ngata me dädme gongkäbmenyne ako.,We dived again at this other spot.,,Verbal Dictionary
bf76b4b2-b295-465a-9920-5799d008a3af-ex1,bf76b4b2-b295-465a-9920-5799d008a3af,kit,Ngämi mɨnyi ngataenen e buddällmam.,We (excl.) will come to visit.,,Verbal Dictionary
12708ced-2cd2-450f-ad00-8d3791e033c3-ex1,12708ced-2cd2-450f-ad00-8d3791e033c3,kit,"Ngaska sikstis, däba ngata me ngäna gozeg.",Maybe sometime around the sixties I was born.,,Verbal Dictionary
12708ced-2cd2-450f-ad00-8d3791e033c3-ex2,12708ced-2cd2-450f-ad00-8d3791e033c3,kit,Sɨmell a tu taosen namba ngata me dagaeya.,There were about two thousand pigs.,,Verbal Dictionary
a69d954c-90a6-4b57-b931-400436cec603-ex1,a69d954c-90a6-4b57-b931-400436cec603,kit,Ngäna lla yaba ngatangata dae ibi allan.,I am going through a tight space crowded with people.,,Verbal Dictionary
769efa0a-343d-483b-8a58-50fefda76f3f-ex1,769efa0a-343d-483b-8a58-50fefda76f3f,kit,Ngatengate da biratt a ddobae moko dan.,Roasted possum is very tasty.,SE-LE054 152.1,Verbal Dictionary
58009034-19f2-4b00-bdb7-c25a6adc86d6-ex1,58009034-19f2-4b00-bdb7-c25a6adc86d6,kit,ngattong e ebdo me,on the first day,,Verbal Dictionary
58009034-19f2-4b00-bdb7-c25a6adc86d6-ex2,58009034-19f2-4b00-bdb7-c25a6adc86d6,kit,Ge obo ngattong täräp dan.,This is his first time.,,Verbal Dictionary
236462f8-ca63-4b4e-ab26-41f16a02829b-ex1,236462f8-ca63-4b4e-ab26-41f16a02829b,kit,Ngäna ngattong botogol.,I will hide first.,,Verbal Dictionary
236462f8-ca63-4b4e-ab26-41f16a02829b-ex2,236462f8-ca63-4b4e-ab26-41f16a02829b,kit,Ngattong skulmeny dagaeya.,"Before, there was no school.",,Verbal Dictionary
4a13e0c4-0ded-4985-a24d-f8a949ef814a-ex1,4a13e0c4-0ded-4985-a24d-f8a949ef814a,kit,ngattong att otät yu ngalen,cooking methods from the past,,Verbal Dictionary
4a13e0c4-0ded-4985-a24d-f8a949ef814a-ex2,4a13e0c4-0ded-4985-a24d-f8a949ef814a,kit,Ngattong att gagäll ttoen de bälnan amallo.,They're remembering bad things from before.,,Verbal Dictionary
18631217-83e7-4fe9-9b50-45941df6a621-ex1,18631217-83e7-4fe9-9b50-45941df6a621,kit,"Gall e ngämi godagaleya, ngäna imne we, ede Imanuel ngattong e godmenän.",We (excl.) boarded the canoe with me in the back; Imanuel sat in front.,,Verbal Dictionary
18631217-83e7-4fe9-9b50-45941df6a621-ex2,18631217-83e7-4fe9-9b50-45941df6a621,kit,Bogo tubutubu gogon obo ngattong alle.,He kneeled before him.,,Verbal Dictionary
410efe5b-1134-4985-a123-d13e0030abfd-ex1,410efe5b-1134-4985-a123-d13e0030abfd,kit,ngattongattong täräp me,in the very beginning,,Verbal Dictionary
e7c94533-ae20-4c73-9037-f91e364f9cdb-ex1,e7c94533-ae20-4c73-9037-f91e364f9cdb,kit,Ddob imneimne dag a ddob ngattongattong dag.,Some are behind and some are ahead.,,Verbal Dictionary
e7c94533-ae20-4c73-9037-f91e364f9cdb-ex2,e7c94533-ae20-4c73-9037-f91e364f9cdb,kit,Obo ngattong täräp daeya ngattongattong ibnin e.,It was his first time going in front.,,Verbal Dictionary
da1ba0e9-5a75-44cc-ab59-dc0999f15cfa-ex1,da1ba0e9-5a75-44cc-ab59-dc0999f15cfa,kit,ngattong mullmull e,at the very beginning,,Verbal Dictionary
da1ba0e9-5a75-44cc-ab59-dc0999f15cfa-ex2,da1ba0e9-5a75-44cc-ab59-dc0999f15cfa,kit,Ngäna mɨnyi bongkam ngattong mullmull abal ttängäm de alla ingollang ngasnges erallo.,I will start from the very beginning and show how we make a garden.,,Verbal Dictionary
fc8b4265-95e0-4380-9b9f-4bc62e62b34c-ex1,fc8b4265-95e0-4380-9b9f-4bc62e62b34c,kit,Gullem a gongädän.,The snake coiled up.,,Verbal Dictionary
03c440da-e481-4d13-96f5-8872ac7b319a-ex1,03c440da-e481-4d13-96f5-8872ac7b319a,kit,Ngämi tater nängädaeballa.,We (excl.) rolled up the mats.,,Verbal Dictionary
2eee6b33-1792-45be-b1ba-47a2a83220f3-ex1,2eee6b33-1792-45be-b1ba-47a2a83220f3,kit,Bogo ttang nängädnegan.,She folded her arms.,,Verbal Dictionary
a79b57e5-9d8c-4dbd-97b6-fd0093ca73c7-ex1,a79b57e5-9d8c-4dbd-97b6-fd0093ca73c7,kit,Ngälngälatt dädär a mänyi tutu atta bolldaeyan kopek e.,A round rock will roll from the hill to the valley.,,Verbal Dictionary
2e3636e4-c8f1-4ff0-a8f3-ad8a28d3df5a-ex1,2e3636e4-c8f1-4ff0-a8f3-ad8a28d3df5a,kit,Ngäna ngllae allan.,I am looking back.,,Verbal Dictionary
2e3636e4-c8f1-4ff0-a8f3-ad8a28d3df5a-ex2,2e3636e4-c8f1-4ff0-a8f3-ad8a28d3df5a,kit,"Bogo mäse dinduag me ako gongllaeyän däräng bälle, be ddone obom ikop dägagän.","While running, she tried to look back for the dog, but she couldn't see him.",,Verbal Dictionary
c28258a3-06d5-4255-9d6a-a7ee809d317c-ex1,c28258a3-06d5-4255-9d6a-a7ee809d317c,kit,Ine ulle da gongälllbänmällnän.,The big wave was rising.,,Verbal Dictionary
f843b600-fd38-44cc-aa1a-f5df363da204-ex1,f843b600-fd38-44cc-aa1a-f5df363da204,kit,Ddobag a gudae ngällbaenen eran yunu atta.,Some wake up from sleep early.,,Verbal Dictionary
819014b7-eeed-4492-a291-bf9882f2f984-ex1,819014b7-eeed-4492-a291-bf9882f2f984,kit,Kottllam de kapu wi dängällbäneyo.,They lifted the turtle up to carry.,,Verbal Dictionary
43665917-5227-4aee-9d58-b445de128a58-ex1,43665917-5227-4aee-9d58-b445de128a58,kit,teks mani ngällbänang lla,tax collector,,Verbal Dictionary
43665917-5227-4aee-9d58-b445de128a58-ex2,43665917-5227-4aee-9d58-b445de128a58,kit,"Dindugän, do täl pallkoll dingällbänän.",He ran and got a piece of bamboo.,SE-TN016 40.3,Verbal Dictionary
c827f58c-efdc-437c-9418-994b4dc4b1d3-ex1,c827f58c-efdc-437c-9418-994b4dc4b1d3,kit,Ngäna bam danglläbän.,I woke you up.,,Verbal Dictionary
d526e15d-ea4b-4464-bf27-7b9e5c0e2278-ex1,d526e15d-ea4b-4464-bf27-7b9e5c0e2278,kit,Wit däm a ulleulle gognegän a käp de yuwog gongällanegän.,The wheat grew big and produced lots of grain.,,Verbal Dictionary
d526e15d-ea4b-4464-bf27-7b9e5c0e2278-ex2,d526e15d-ea4b-4464-bf27-7b9e5c0e2278,kit,Nge da ngällngällang dan.,The coconut tree is bearing fruit.,,Verbal Dictionary
e3ae2277-48d2-4af1-a847-e5c3235964a5-ex1,e3ae2277-48d2-4af1-a847-e5c3235964a5,kit,Bäne ngämingg a ulle abal dan ngäma pate.,Your help towards us is great.,,Verbal Dictionary
ef48541d-571d-48b4-ae80-2922d66ec3d3-ex1,ef48541d-571d-48b4-ae80-2922d66ec3d3,kit,Kurupel gungmaeyän ttongo nyongo dae dallän do auma.,Kurupel went using another path to the grave.,,Verbal Dictionary
1dcc4739-0701-478f-802a-ff19f6ba487b-ex1,1dcc4739-0701-478f-802a-ff19f6ba487b,kit,Ngäna bablle mɨnyi ngämaene ine kämbmenyatt eka de bɨllɨtne.,I will be telling you our diving story.,,Verbal Dictionary
bda672c5-fd78-46ca-8a7c-c2334231e876-ex1,bda672c5-fd78-46ca-8a7c-c2334231e876,kit,Mälla da wayati deyangmereyo.,The women hauled over the watermelons.,,Verbal Dictionary
22918c19-c198-4eb2-b5e8-5af4fedb2544-ex1,22918c19-c198-4eb2-b5e8-5af4fedb2544,kit,Ngäna bam mɨnyi bangmen.,I will catch up to you.,,Verbal Dictionary
30e9aeaa-74aa-43e1-9bba-4c05780ff35a-ex1,30e9aeaa-74aa-43e1-9bba-4c05780ff35a,kit,Bongo ngämene eka de malaem anggan.,You obey my words.,,Verbal Dictionary
c3379d4b-112e-45b2-b0f1-633264e33ab0-ex1,c3379d4b-112e-45b2-b0f1-633264e33ab0,kit,Ngämi mɨnyi bam batrameya.,We will carry you.,,Verbal Dictionary
82b55a4d-ab48-4eef-8994-8d1072d9cd1c-ex1,82b55a4d-ab48-4eef-8994-8d1072d9cd1c,kit,Abo bongo ngämim yangkollmällneg.,You must follow us.,,Verbal Dictionary
9771aa3e-601d-46e5-a97a-14e901da2670-ex1,9771aa3e-601d-46e5-a97a-14e901da2670,kit,Lla da ttongo lla de nangminggan towall ttokoe e.,A man helps another man to cut grass.,,Verbal Dictionary
9771aa3e-601d-46e5-a97a-14e901da2670-ex2,9771aa3e-601d-46e5-a97a-14e901da2670,kit,Ngäna bam mɨnyi bangmingg.,I will help you.,WE-ST031 2.14,Verbal Dictionary
9771aa3e-601d-46e5-a97a-14e901da2670-ex3,9771aa3e-601d-46e5-a97a-14e901da2670,kit,Ibi mɨnyi iba mälla de bangmiminyaemnalla.,We (incl.) will be supporting our women.,,Verbal Dictionary
5e7b341b-58a4-4f54-8778-cdd2f67637fb-ex1,5e7b341b-58a4-4f54-8778-cdd2f67637fb,kit,"Bogo do gungminggän ada, ""Aoǃ""","There he answered, ""Yesǃ""",WE-ST020 1.15,Verbal Dictionary
61e47540-c506-4f51-89e6-f0ee83e81bd6-ex1,61e47540-c506-4f51-89e6-f0ee83e81bd6,kit,Bogo ngäminggag yae dan.,She is a supportive mother.,,Verbal Dictionary
a232a477-a975-417c-a995-d46ae901233e-ex1,a232a477-a975-417c-a995-d46ae901233e,kit,"Da ngämi e we bam baweseya, ngäma moko da nangesneg ngämira.","Whatever we may ask of you, we want you to do it for us.",,Verbal Dictionary
e6f3fb25-8bdb-47fa-9fe2-e72d5c5f24a3-ex1,e6f3fb25-8bdb-47fa-9fe2-e72d5c5f24a3,kit,"Bäne däräng a daden, be ngämlle ddone dan.","You have a dog, but I don't (lit. a dog exists to you, but not to me).",,Verbal Dictionary
7c28905e-3d12-4919-bdba-088108a7997b-ex1,7c28905e-3d12-4919-bdba-088108a7997b,kit,Ngämo zegatt ttängäm a Malläm.,My birthplace is Malam.,,Verbal Dictionary
e1a22d6e-3dad-4541-9ea9-45375d652c6b-ex1,e1a22d6e-3dad-4541-9ea9-45375d652c6b,kit,Ende tän bo ekaklle ngän,the boundary of Ende lands,,Verbal Dictionary
c7e70354-2da5-42c2-9da3-0319138b482b-ex1,c7e70354-2da5-42c2-9da3-0319138b482b,kit,Ngäna gotar.,I slept.,,Verbal Dictionary
b68b0ef4-1c64-44a7-ba24-06a99bf788c4-ex1,b68b0ef4-1c64-44a7-ba24-06a99bf788c4,kit,Bongo ewatta ngänaeka alle?,Why are you crying?,,Verbal Dictionary
b68b0ef4-1c64-44a7-ba24-06a99bf788c4-ex2,b68b0ef4-1c64-44a7-ba24-06a99bf788c4,kit,Bom ngänaeka dägagallo.,They cry for him.,SE-TN021 3.1,Verbal Dictionary
d30f7f1e-64ff-4414-ac46-e2d4117d7c86-ex1,d30f7f1e-64ff-4414-ac46-e2d4117d7c86,kit,"Tämamae llɨg de papa dägnegnän, ngänaekangänaeka gognän.",He hit all the boys and they cried.,WE-ST025 40.1,Verbal Dictionary
179f8566-0450-44bf-ba7c-1810dc1ad120-ex1,179f8566-0450-44bf-ba7c-1810dc1ad120,kit,Bogo ngänaeka gompllogon.,He burst into tears.,,Verbal Dictionary
33ee71ff-ebf1-4064-9a03-af18fb261aa8-ex1,33ee71ff-ebf1-4064-9a03-af18fb261aa8,kit,Ubi mɨnyi eka midd de bängnameyo.,They will understand the meaning.,,Verbal Dictionary
33ee71ff-ebf1-4064-9a03-af18fb261aa8-ex2,33ee71ff-ebf1-4064-9a03-af18fb261aa8,kit,Bibi ddone ke ngänaem amalla?,Don't you all understand?,,Verbal Dictionary
33ee71ff-ebf1-4064-9a03-af18fb261aa8-ex3,33ee71ff-ebf1-4064-9a03-af18fb261aa8,kit,"Bogo gongnamän ada, nagda obom era kuki dägagän.",He recognized that his friend had deceived him.,,Verbal Dictionary
abfb5ba8-9c84-4189-8522-97ef9593b48e-ex1,abfb5ba8-9c84-4189-8522-97ef9593b48e,kit,Ngaskäma Ende eka da mɨnyi ngänameny bogon källkae.,Maybe the Ende language will become unrecognizable later.,,Verbal Dictionary
d43f2b6d-5311-40c9-a765-278bede2b0e5-ex1,d43f2b6d-5311-40c9-a765-278bede2b0e5,kit,Ngänawa lla de umllang anggan.,It is I that tells people.,,Verbal Dictionary
51d34ff9-63dd-4e3f-be36-6544b1cdd45c-ex1,51d34ff9-63dd-4e3f-be36-6544b1cdd45c,kit,Ngäna ngämo känyer ngämo pemliangae ngänawaeben ngämo ma me.,It is only me with my family alone in my house.,,Verbal Dictionary
fd7c7fcb-24df-412b-bc52-7648006f9459-ex1,fd7c7fcb-24df-412b-bc52-7648006f9459,kit,Gänyaolle gall zizag a ngänawaenen.,The owner of this canoe is me.,,Verbal Dictionary
68f3e4e3-b7b8-46a6-bb7b-52fd353d1094-ex1,68f3e4e3-b7b8-46a6-bb7b-52fd353d1094,kit,Ngänäm kollmäll a mudan.,Don't follow me.,,Verbal Dictionary
03cd2be0-0c5a-42be-a2e9-cf265b42bbd6-ex1,03cd2be0-0c5a-42be-a2e9-cf265b42bbd6,kit,Ttongo lla de dirom ngänäm zuwoe a mudan.,Don't shoot another person like they are a cassowary.,,Verbal Dictionary
922fe441-24af-4e32-87f8-3b48eed86356-ex1,922fe441-24af-4e32-87f8-3b48eed86356,kit,Ngäna bam angnonggan.,I thought of you.,,Verbal Dictionary
e425b885-453e-4ebc-96f6-1286d2a6d13a-ex1,e425b885-453e-4ebc-96f6-1286d2a6d13a,kit,Ge lla ngänttäg allan ttongo ttängäm atta kilikiliang.,This man is returning from another place happily.,,Verbal Dictionary
e425b885-453e-4ebc-96f6-1286d2a6d13a-ex2,e425b885-453e-4ebc-96f6-1286d2a6d13a,kit,Ngämo näkäp e gongttägän.,It came to my mind.,,Verbal Dictionary
e425b885-453e-4ebc-96f6-1286d2a6d13a-ex3,e425b885-453e-4ebc-96f6-1286d2a6d13a,kit,Mɨnyi ddob sisor eka da ako bälltaemnän.,Then other new languages will arrive.,,Verbal Dictionary
d7c9f888-a2fb-4aaa-9e28-ec1c4cdc14a7-ex1,d7c9f888-a2fb-4aaa-9e28-ec1c4cdc14a7,kit,Llɨg kälsre de ine da do ddob llayaba pate dängttägän.,The water carried the boy over to some people over there.,,Verbal Dictionary
6d88ba02-c45f-4113-a8a3-5755189e0ae4-ex1,6d88ba02-c45f-4113-a8a3-5755189e0ae4,kit,Ngänglamang dan.,It's buzzing.,,Verbal Dictionary
685525b5-1d9a-4791-be11-868cf568a40e-ex1,685525b5-1d9a-4791-be11-868cf568a40e,kit,Amtet de nängänymällneg!,Take (lit. swallow) a breath!,,Verbal Dictionary
99be0af3-aee0-4709-b9cb-61e4812e568a-ex1,99be0af3-aee0-4709-b9cb-61e4812e568a,kit,Käsre llɨg a ngänangänong ma we dängäsmällän.,Then the boys went home crying.,WE-ST025 45.1,Verbal Dictionary
99be0af3-aee0-4709-b9cb-61e4812e568a-ex2,99be0af3-aee0-4709-b9cb-61e4812e568a,kit,Bol a angosan.,The ball came back.,,Verbal Dictionary
0e5c8878-a8a4-45f1-b34c-2b8aeeeeedab-ex1,0e5c8878-a8a4-45f1-b34c-2b8aeeeeedab,kit,Joshua däbe ttägäll käp de deyangosän ma we.,Joshua brought that money back home.,,Verbal Dictionary
6a2abce5-f368-4ec3-972e-5325a99c10cf-ex1,6a2abce5-f368-4ec3-972e-5325a99c10cf,kit,Kaptte de kotang de ngäsangngäsang mättnan a mudan.,Don't wear dirty clothes over and over.,,Verbal Dictionary
eb6bff63-de1f-4e92-b5f1-0067ef4ccc58-ex1,eb6bff63-de1f-4e92-b5f1-0067ef4ccc58,kit,Ubi komlla gopnaeyo a ngäsengäse dindugiyu.,Those two turned around and ran back.,,Verbal Dictionary
fbcbb86a-ff4d-4017-a5e3-79fa80b5ebed-ex1,fbcbb86a-ff4d-4017-a5e3-79fa80b5ebed,kit,Lla da mɨnyi ngätaenen e ballnän.,The man will be going to check.,,Verbal Dictionary
54cd5b45-2b91-4686-9322-f13d4a76b5d3-ex1,54cd5b45-2b91-4686-9322-f13d4a76b5d3,kit,Däräng a yuwog ngätt me källa bebeyag dan.,The dog takes craps in many yards.,,Verbal Dictionary
a3e6e778-4a5a-44ec-97bf-207996209dbe-ex1,a3e6e778-4a5a-44ec-97bf-207996209dbe,kit,"Bongo ddone ikop dagne, llo da ngänäm dangttawalle.",You couldn't see me; the tree was obscuring me.,,Verbal Dictionary
69884046-4043-4ef8-bb63-cebda418ff25-ex1,69884046-4043-4ef8-bb63-cebda418ff25,kit,Särem a dangttanän ttängäm de.,Darkness took over the village.,,Verbal Dictionary
b98d6852-44b4-42d7-a37d-8336520fc517-ex1,b98d6852-44b4-42d7-a37d-8336520fc517,kit,Ingglis eka walle dangättnealle.,I was counting in English.,,Verbal Dictionary
4b5b1024-d82b-4bef-8df6-5577c4afa293-ex1,4b5b1024-d82b-4bef-8df6-5577c4afa293,kit,tudi ma ngättma,place for fishing,,Verbal Dictionary
4b5b1024-d82b-4bef-8df6-5577c4afa293-ex2,4b5b1024-d82b-4bef-8df6-5577c4afa293,kit,Däba ngättäma we gotarän.,"In that place, he slept.",,Verbal Dictionary
653f7def-89c5-48a1-83bb-b732fd9b45c9-ex1,653f7def-89c5-48a1-83bb-b732fd9b45c9,kit,Ngäna mulldae dan ge nge de bängkäll.,I can climb this coconut palm.,,Verbal Dictionary
caec0b92-896a-4aed-b96c-19337deaa13f-ex1,caec0b92-896a-4aed-b96c-19337deaa13f,kit,nge däg,coconut bunch,,Verbal Dictionary
caec0b92-896a-4aed-b96c-19337deaa13f-ex2,caec0b92-896a-4aed-b96c-19337deaa13f,kit,Ngämi nge de diwenyeya.,We (excl.) brought over the coconut.,,Verbal Dictionary
599401f4-abbf-45ff-ba34-bef827438c76-ex1,599401f4-abbf-45ff-ba34-bef827438c76,kit,"Nge dɨdɨr bo ngasnen a kemibi dag, ada otät sespen a, mubine da, kul ngasnen a ako ddob kemibi ttoen a.","Dry coconut has many uses: you can boil it, cook it in a cake, making balls, and few other things.",Tonny Warama,Verbal Dictionary
1a92416d-20e5-41c7-9ca5-c82e532b716a-ex1,1a92416d-20e5-41c7-9ca5-c82e532b716a,kit,Niki tämamae apte ttang llɨpɨt pa de dägäddnegän nge popo me.,Niki killed all five birds in the coconut flowers.,Tonny Warama,Verbal Dictionary
c4f5ff22-b95e-4612-8213-70d546610e54-ex1,c4f5ff22-b95e-4612-8213-70d546610e54,kit,Ttongo lla da mälla da walle nägabällallo ddɨg alle angeteallo.,A man was standing with his wife with their backs touching.,,Verbal Dictionary
555d57fc-e05a-4dad-a96e-5dce9f3375fb-ex1,555d57fc-e05a-4dad-a96e-5dce9f3375fb,kit,Lla da medäda wa mägda de wanseg yaran a obo mälla peyang ngetae allan.,The man leaves his father and mother and gets engaged to his woman.,,Verbal Dictionary
75695b77-b6ee-438d-9c58-d36a4630f9f3-ex1,75695b77-b6ee-438d-9c58-d36a4630f9f3,kit,Lla da ddone mɨnyi sapasapang beyagän Adi bäne enanae ngetaeatt de.,Man shall not separate what God has joined together for good.,,Verbal Dictionary
567d2b2d-81cf-453a-9b20-bb4d1758b5ca-ex1,567d2b2d-81cf-453a-9b20-bb4d1758b5ca,kit,Ngäma ttang de deyangeteyo.,They gripped our (excl.) hands.,,Verbal Dictionary
df1738f5-e6e8-4dcc-a5bb-3c460ff68fb1-ex1,df1738f5-e6e8-4dcc-a5bb-3c460ff68fb1,kit,Angetam.,[You] come down.,,Verbal Dictionary
df1738f5-e6e8-4dcc-a5bb-3c460ff68fb1-ex2,df1738f5-e6e8-4dcc-a5bb-3c460ff68fb1,kit,Baet gongetamän matu we.,The cuscus came down to the ground.,,Verbal Dictionary
2942a949-7a05-4a0e-98c6-35848a85af70-ex1,2942a949-7a05-4a0e-98c6-35848a85af70,kit,Ddob lla da gae nge tikop de kaepnen amallo.,Some people chew the baby coconuts of the gae palm.,Tonny Warama,Verbal Dictionary
8e339c18-b93d-4a4c-8e01-63f94a365f21-ex1,8e339c18-b93d-4a4c-8e01-63f94a365f21,kit,Banglegeya.,Let's clear the ground.,,Verbal Dictionary
eb2d0649-fea3-45ff-9514-5c694c9385be-ex1,eb2d0649-fea3-45ff-9514-5c694c9385be,kit,Ubi gongllomenynegän otät kongkom e.,They forgot to bring food.,,Verbal Dictionary
8695e120-4be6-463b-8544-383413feea2e-ex1,8695e120-4be6-463b-8544-383413feea2e,kit,Ngoi dägaebeyo tämamae mänmän de.,They surrounded all the girls.,,Verbal Dictionary
d769b99c-e765-4d6a-9e52-98e74572a0d8-ex1,d769b99c-e765-4d6a-9e52-98e74572a0d8,kit,Gugiag giddollnen alla ngonomeny allan tuk i ikop allan kok de ngolloenen eran.,"He's standing staying, thinking, looking up, looking at the moon.",SE_PN031-Baewa2018c 147.1,
c07b1727-610f-4525-8c6d-3484fb662c7c-ex1,c07b1727-610f-4525-8c6d-3484fb662c7c,kit,Ddol a nyäng de bungolltän.,The gas made the bag explode.,,Verbal Dictionary
09537e08-fb89-4895-abb7-7115ad1cba9c-ex1,09537e08-fb89-4895-abb7-7115ad1cba9c,kit,Llamda da abo ubim ngonoenen de deyangkamän.,The old man started to question those two.,,Verbal Dictionary
09537e08-fb89-4895-abb7-7115ad1cba9c-ex2,09537e08-fb89-4895-abb7-7115ad1cba9c,kit,"Ubi obaoba gongnoemenynegnän ada, ""Ge endan?""","They were asking themselves, ""What is this?""",,Verbal Dictionary
4931abed-14b4-464a-aa04-b3bc0a031fb5-ex1,4931abed-14b4-464a-aa04-b3bc0a031fb5,kit,Daballe ttongo ngonoe eka de nangnoeyan.,"After that, she asked another question.",,Verbal Dictionary
9176ed09-f020-47ea-bc41-c5caeeca934a-ex1,9176ed09-f020-47ea-bc41-c5caeeca934a,kit,Bogo ada gongnomenynän ada ka däräng a pollnenang me erallo.,He was thinking that the dogs were barking.,,Verbal Dictionary
9176ed09-f020-47ea-bc41-c5caeeca934a-ex2,9176ed09-f020-47ea-bc41-c5caeeca934a,kit,Emi ulle abal gongnomenyän.,Emi was thinking hard.,,Verbal Dictionary
bdf75313-8716-4525-8bc5-5b6e1a02f7a0-ex1,bdf75313-8716-4525-8bc5-5b6e1a02f7a0,kit,Ngäna bam angnonggan.,I thought of you.,,Verbal Dictionary
bdf75313-8716-4525-8bc5-5b6e1a02f7a0-ex2,bdf75313-8716-4525-8bc5-5b6e1a02f7a0,kit,Eka de tämamae ngäna era ddone ngonomeny allan.,I can't recall all the words.,,Verbal Dictionary
de770f16-c474-41e2-82b3-84a538b77e00-ex1,de770f16-c474-41e2-82b3-84a538b77e00,kit,Turik de nongowan.,I smoothed the axe.,,Verbal Dictionary
6cfeb756-676e-4281-9402-d69fa24749ce-ex1,6cfeb756-676e-4281-9402-d69fa24749ce,kit,Mäg da llɨg kälsre de nongopan.,The mother hugged her little boy.,,Verbal Dictionary
685ecdbc-6548-4ebc-9bb6-aca40cffe31d-ex1,685ecdbc-6548-4ebc-9bb6-aca40cffe31d,kit,Ge walle da ngowangowe dan gall ibi wi.,The river is too narrow for the boat to pass.,,Verbal Dictionary
0a4dfa17-8ef3-475f-9b36-7af11724b2ae-ex1,0a4dfa17-8ef3-475f-9b36-7af11724b2ae,kit,Ubi dänyamällän.,They were late.,,Verbal Dictionary
f2762094-a822-47e3-9847-590697923aeb-ex1,f2762094-a822-47e3-9847-590697923aeb,kit,Bogo mälla de obo ddone mermerae nyanyem eran.,He isn't properly respecting his wife.,,Verbal Dictionary
f2762094-a822-47e3-9847-590697923aeb-ex2,f2762094-a822-47e3-9847-590697923aeb,kit,Ngämo llɨg de mɨnyi banyemeyo.,They will respect my son.,,Verbal Dictionary
781ff2a4-2bc3-4c2e-af24-78e10906c22e-ex1,781ff2a4-2bc3-4c2e-af24-78e10906c22e,kit,Bogo gagäll nyanyu di ngasnges eran mällada pate.,He's doing bad things to his wife.,,Verbal Dictionary
9eabc96f-7790-4de3-a4e3-648b0a42cab3-ex1,9eabc96f-7790-4de3-a4e3-648b0a42cab3,kit,"Ge lla ekameny dan, be mɨnyi eka de ttang alle mae nanyunegneyo.","This man is mute, but just his hands will act out the words.",,Verbal Dictionary
87ccd124-197d-48c0-b36f-0b7e7e1128ef-ex1,87ccd124-197d-48c0-b36f-0b7e7e1128ef,kit,Guzi da nyägaenen allan.,The crayfish was flailing around.,,Verbal Dictionary
db980cb1-46e4-46d7-8361-d371936b8c13-ex1,db980cb1-46e4-46d7-8361-d371936b8c13,kit,Mälla da wätät de nanyägaenen spun alle.,The woman was stirring the food with a spoon.,,Verbal Dictionary
db980cb1-46e4-46d7-8361-d371936b8c13-ex2,db980cb1-46e4-46d7-8361-d371936b8c13,kit,Danygaeaebneyo sana peyang.,They were stirring them together with sago.,,Verbal Dictionary
f21b6009-a8b3-4d44-b09b-6072b3349a16-ex1,f21b6009-a8b3-4d44-b09b-6072b3349a16,kit,Lla da obom danymaeyo.,People surrounded him.,,Verbal Dictionary
8d171fe2-be57-4509-a611-d8349bd5f75d-ex1,8d171fe2-be57-4509-a611-d8349bd5f75d,kit,Dänyängnän obo peyang.,They were dancing with him.,,Verbal Dictionary
9526c055-2680-40ef-b517-39a5c86d33de-ex1,9526c055-2680-40ef-b517-39a5c86d33de,kit,Nyäng a mätta alle bodo gogon.,The bag became filled with yams.,,Verbal Dictionary
b38b7091-e062-40a4-ae6a-6d55ea5e5292-ex1,b38b7091-e062-40a4-ae6a-6d55ea5e5292,kit,Mätta komnen e nyängkallbidd a mer dan.,Nyängkallbidd bags are good for carrying yams.,SE-LE054 98.1,Verbal Dictionary
6b8dab37-72cb-4ef0-9f02-39c1e6e3b948-ex1,6b8dab37-72cb-4ef0-9f02-39c1e6e3b948,kit,Danyängoeneyo gänye ma dälltam.,We walked slowly and came up to the house.,,Verbal Dictionary
341a99a0-1cb4-49db-b540-50e726788cd2-ex1,341a99a0-1cb4-49db-b540-50e726788cd2,kit,Ubi pale alle nänyallo.,They painted themselves with white clay.,,Verbal Dictionary
e6bddd64-bc9b-405f-a42b-cdc85b826b6e-ex1,e6bddd64-bc9b-405f-a42b-cdc85b826b6e,kit,Ubi mer mollong owel de dällädaebeyo obo pätt nyäny e.,They bought fragrant oils for anointing his body.,,Verbal Dictionary
75911355-523e-4d32-a519-8a65176d3eed-ex1,75911355-523e-4d32-a519-8a65176d3eed,kit,Ngämi dänyeya däbe ttägäll käp de.,We (excl.) shared that money.,,Verbal Dictionary
75911355-523e-4d32-a519-8a65176d3eed-ex2,75911355-523e-4d32-a519-8a65176d3eed,kit,Otät de nyänan amallo.,They're sharing the food.,,Verbal Dictionary
f7675600-570a-4417-af24-ee4f4a42da3a-ex1,f7675600-570a-4417-af24-ee4f4a42da3a,kit,Tutu gonyärabeya.,We ascended the hill.,,Verbal Dictionary
2677fe32-f9cb-40de-ab74-9274cc9be2f6-ex1,2677fe32-f9cb-40de-ab74-9274cc9be2f6,kit,"Angde ngäna ikop däga ada ddia dan, ngäna nyäroe de dängkam.","When I saw the deer, I started to creep up.",,Verbal Dictionary
3bc7bbb4-5f3d-4b1c-b59b-e1370486e4a0-ex1,3bc7bbb4-5f3d-4b1c-b59b-e1370486e4a0,kit,Däbe män a oblle nyärpae ma da ddone mulldae gogon.,That girl couldn't refuse him.,,Verbal Dictionary
033f2de4-f01b-4f23-84ed-bedfb4518829-ex1,033f2de4-f01b-4f23-84ed-bedfb4518829,kit,Baba bom iddob sana täkäll da nazunan nying me.,"Last night, a sago thorn got Dad in the foot.",,Verbal Dictionary
65bf4683-0088-4b2b-90b3-2596281132d8-ex1,65bf4683-0088-4b2b-90b3-2596281132d8,kit,"Angde tudi gognän, obo tudi di kollba ulle da danykoeyän.","While fishing, a big fish pulled on her line.",,Verbal Dictionary
81eae2e6-960b-4df3-89ac-2fd4864ac6ea-ex1,81eae2e6-960b-4df3-89ac-2fd4864ac6ea,kit,Gänya nyongo dae nalle.,[You] take this road.,,Verbal Dictionary
48d22565-4500-471e-9121-14c04bd48249-ex1,48d22565-4500-471e-9121-14c04bd48249,kit,Erodias nyongo de deyagnegnän Zon bälle gäz e.,Herodias was searching for a way to kill John.,,Verbal Dictionary
7dcd4eb7-f8a0-417e-ae85-6a2149fc951b-ex1,7dcd4eb7-f8a0-417e-ae85-6a2149fc951b,kit,Bäne aoli tot nyukukum dag?,How many nyukukum bags do you have?,SE-LE054 101.1,Verbal Dictionary
24c7b2b6-a470-4f37-afa9-ff077090e273-ex1,24c7b2b6-a470-4f37-afa9-ff077090e273,kit,Mätta ttam a o agnegan.,The yam leaves will be ripe.,,Verbal Dictionary
5a62ab3f-2f4a-45f6-9819-9fb03bfa6496-ex1,5a62ab3f-2f4a-45f6-9819-9fb03bfa6496,kit,ik mi o upe me,inside or outside,,Verbal Dictionary
be8acfb0-efbe-417d-936e-369c8470903f-ex1,be8acfb0-efbe-417d-936e-369c8470903f,kit,Bongo ine ma nalle oba bongo ine neyatan.,"You, go to the well so you can fetch water.",,Verbal Dictionary
8aa3cf74-134d-4317-a7e6-32403a8f3355-ex1,8aa3cf74-134d-4317-a7e6-32403a8f3355,kit,Oba mokwang tongoe a togotogol daeya.,Their favorite game was hide-and-seek.,SE-TN016 7.1,Verbal Dictionary
6ac6c4fd-8142-49df-9773-6067753d9ebe-ex1,6ac6c4fd-8142-49df-9773-6067753d9ebe,kit,Llɨg obaene longgo de dandär.,I heard noise from the children.,,Verbal Dictionary
85140d84-7137-4d1e-81c5-7794268703f6-ex1,85140d84-7137-4d1e-81c5-7794268703f6,kit,Ubi obaoba tatu anggan.,They are washing each other.,,Verbal Dictionary
85140d84-7137-4d1e-81c5-7794268703f6-ex2,85140d84-7137-4d1e-81c5-7794268703f6,kit,Llɨg a wa män a ubi obaoba umllang dagwaeya.,The boy and the girl knew each other.,,Verbal Dictionary
4e057a09-4237-4cdf-be16-3c99f77eef47-ex1,4e057a09-4237-4cdf-be16-3c99f77eef47,kit,Ubi obaoba tatu anggan.,They are washing themselves.,,Verbal Dictionary
4e057a09-4237-4cdf-be16-3c99f77eef47-ex2,4e057a09-4237-4cdf-be16-3c99f77eef47,kit,Llɨg a obaoba gognegän.,The boys were by themselves.,,Verbal Dictionary
e5cdda79-bb30-45b4-96f6-3864e025dbe5-ex1,e5cdda79-bb30-45b4-96f6-3864e025dbe5,kit,Kukumi oballe beyareyo do Daru wi.,He will go with Kukumi to Daru.,,Verbal Dictionary
7b39113e-8316-42f3-b5ca-b72d299db77a-ex1,7b39113e-8316-42f3-b5ca-b72d299db77a,kit,Ngämo baba da ddobae mamoeang daeya. Ngäna obene ddäddäg de däddägnegne.,My father was a very good hunter. I ate meat from his kills.,,Verbal Dictionary
b199a815-49b2-4fa1-b07f-5fa5a0378453-ex1,b199a815-49b2-4fa1-b07f-5fa5a0378453,kit,Ngäna oblle toboll de nanttogan.,I gave her the spear.,,Verbal Dictionary
b5b10bf9-f504-4e5b-88ab-4bc25537fd70-ex1,b5b10bf9-f504-4e5b-88ab-4bc25537fd70,kit,Gänyan obo sana da.,Here is his sago.,,Verbal Dictionary
d38e934f-20f1-4e0e-bada-fe6a6041cdc7-ex1,d38e934f-20f1-4e0e-bada-fe6a6041cdc7,kit,Ngäna obom dandär.,I heard him.,,Verbal Dictionary
91331cc5-8e4a-4218-b078-e114b361c3ed-ex1,91331cc5-8e4a-4218-b078-e114b361c3ed,kit,Mägda oboobo tatu agan.,Mother washed herself.,,Verbal Dictionary
2157cb2b-f86b-4244-b6d2-f1d7bdd78a44-ex1,2157cb2b-f86b-4244-b6d2-f1d7bdd78a44,kit,Yesu obozaga bo kuddäll de gomballägän.,Jesus predicted his own death.,,Verbal Dictionary
e7a21d09-5f58-48af-8fb7-dc48f4e2b098-ex1,e7a21d09-5f58-48af-8fb7-dc48f4e2b098,kit,Tri o klak gogän.,It's three o'clock.,,Verbal Dictionary
c8bba5e7-8727-4e15-b193-954a79f31a3d-ex1,c8bba5e7-8727-4e15-b193-954a79f31a3d,kit,Bogo mɨnyi llɨg kälsre de okokol bägagän.,She will welcome the little boy.,,Verbal Dictionary
a58b0b87-b105-419a-92ee-d4d58dfb8f0b-ex1,a58b0b87-b105-419a-92ee-d4d58dfb8f0b,kit,olmapänyik kom,armpit hair,,Verbal Dictionary
f98f2469-1f7a-478f-9a8c-c7b69e91fda9-ex1,f98f2469-1f7a-478f-9a8c-c7b69e91fda9,kit,Olle de gongkamän.,She started to shout.,,Verbal Dictionary
c78933d1-8b55-4b2a-90c0-671806ed6e26-ex1,c78933d1-8b55-4b2a-90c0-671806ed6e26,kit,Bongo ngänäm olle nagalle gänyaolle.,You called me over here.,,Verbal Dictionary
4aeb56d0-569e-466c-8a0a-bb3cd09b43b5-ex1,4aeb56d0-569e-466c-8a0a-bb3cd09b43b5,kit,"ttongdae ollong, komlla ollong, kumuddäga ollong, tupi ollong, mända ollong","once, twice, thrice, four times, five times",,Verbal Dictionary
4aeb56d0-569e-466c-8a0a-bb3cd09b43b5-ex2,4aeb56d0-569e-466c-8a0a-bb3cd09b43b5,kit,Tätäm ngäna komlla ollong räba de daspun.,"Yesterday, I threw the eraser twice.",,Verbal Dictionary
e4da7cdc-bd56-4c6d-8439-7cc9d1f3ed63-ex1,e4da7cdc-bd56-4c6d-8439-7cc9d1f3ed63,kit,omäg ttoen,sorcery,,Verbal Dictionary
e4da7cdc-bd56-4c6d-8439-7cc9d1f3ed63-ex2,e4da7cdc-bd56-4c6d-8439-7cc9d1f3ed63,kit,Digezänän omäg pawa walle.,He took it out with magic power.,,Verbal Dictionary
49910924-4848-4135-8f0d-c175d28442be-ex1,49910924-4848-4135-8f0d-c175d28442be,kit,Ngäna ag me ma de noman.,I swept the house in the morning.,,Verbal Dictionary
285c677b-8d03-4231-90c6-718130586f91-ex1,285c677b-8d03-4231-90c6-718130586f91,kit,Iba malla onggall ddägnan a umllang dag.,We (incl.) do not eat frilled lizard.,SE-LE054 149.1,Verbal Dictionary
cc4af4f9-3201-4b2d-874e-55c2b52c11d3-ex1,cc4af4f9-3201-4b2d-874e-55c2b52c11d3,kit,sabi onyang lla,person who carries out the law,,Verbal Dictionary
cc4af4f9-3201-4b2d-874e-55c2b52c11d3-ex2,cc4af4f9-3201-4b2d-874e-55c2b52c11d3,kit,Era ebdo me mɨnyi ibi bobollab ttängäm e mätta kongkom e?,On which day will we (incl.) go to the garden to get the yams?,,Verbal Dictionary
cc4af4f9-3201-4b2d-874e-55c2b52c11d3-ex3,cc4af4f9-3201-4b2d-874e-55c2b52c11d3,kit,Ngämi nge de diwenyeya.,We (excl.) brought over the coconut.,,Verbal Dictionary
cc4af4f9-3201-4b2d-874e-55c2b52c11d3-ex4,cc4af4f9-3201-4b2d-874e-55c2b52c11d3,kit,Bibra otät de aya bikomän?,Who is bringing over your (pl.) food?,,Verbal Dictionary
3f0cec3e-e425-42cc-8cef-700738bcf406-ex1,3f0cec3e-e425-42cc-8cef-700738bcf406,kit,Ibi bopäll bem de apte menae e daupeya.,Let's cross the sea to the other side.,,Verbal Dictionary
613ca2a5-ed08-4fec-b6b3-76391cf492b3-ex1,613ca2a5-ed08-4fec-b6b3-76391cf492b3,kit,Bäne orwa atta agezän.,Come out from your suffering.,,Verbal Dictionary
613ca2a5-ed08-4fec-b6b3-76391cf492b3-ex2,613ca2a5-ed08-4fec-b6b3-76391cf492b3,kit,Bogo itrell atta orwa gognän.,He was suffering from illness.,,Verbal Dictionary
b45112c0-8548-41ce-b0d8-0302069fc133-ex1,b45112c0-8548-41ce-b0d8-0302069fc133,kit,Pa da llo me gotalalle.,The bird perched in the tree.,,Verbal Dictionary
34263bd7-7285-467d-95bd-6cd1436e3917-ex1,34263bd7-7285-467d-95bd-6cd1436e3917,kit,"Diba toto we, bogo sana dorko de doton.","That evening, she ate dry sago.",,Verbal Dictionary
34263bd7-7285-467d-95bd-6cd1436e3917-ex2,34263bd7-7285-467d-95bd-6cd1436e3917,kit,Ubi llo käp otnanang dag.,They eat tree fruit.,,Verbal Dictionary
aa88974d-78bf-4258-8078-0b265791a7e4-ex1,aa88974d-78bf-4258-8078-0b265791a7e4,kit,Bogo mer wätät de yu dägagän.,She cooked nice food.,,Verbal Dictionary
6a7aaaa5-c978-455a-8386-a6d44134f09e-ex1,6a7aaaa5-c978-455a-8386-a6d44134f09e,kit,Otät atta ngämo kutt a mängallmeny agmallo.,My bones became weak from hunger.,,Verbal Dictionary
a90671bf-f2e6-439f-a793-21de76768b3a-ex1,a90671bf-f2e6-439f-a793-21de76768b3a,kit,Bogo pa näddägan ngämäne gäzatt de.,He ate the bird that I killed.,,Verbal Dictionary
edb5b66a-b846-4f87-98ac-c3eceaef83a6-ex1,edb5b66a-b846-4f87-98ac-c3eceaef83a6,kit,Ngäna paengg eran ada Jugu mɨnyi sisri bongttägän Wim atta.,I'm guessing that Jugu will arrive from Wim now.,,Verbal Dictionary
4607baf7-7f49-4c6b-a598-076b1480cf21-ex1,4607baf7-7f49-4c6b-a598-076b1480cf21,kit,Madura pakos de daspunän.,Madura shot the spear.,,Verbal Dictionary
556621ac-20fa-48ce-ab32-4ee74f8b3afd-ex1,556621ac-20fa-48ce-ab32-4ee74f8b3afd,kit,Ngäna naigae pallall e ibi allan.,I'm going south.,,Verbal Dictionary
556621ac-20fa-48ce-ab32-4ee74f8b3afd-ex2,556621ac-20fa-48ce-ab32-4ee74f8b3afd,kit,Adawalle de ddia da gupudrellän iba pallall e.,"From there, the deer spread in our (incl.) direction.",,Verbal Dictionary
c1637e1a-f7c9-4e75-8a85-a167ee29f29a-ex1,c1637e1a-f7c9-4e75-8a85-a167ee29f29a,kit,sawe pallall,left side,,Verbal Dictionary
c1637e1a-f7c9-4e75-8a85-a167ee29f29a-ex2,c1637e1a-f7c9-4e75-8a85-a167ee29f29a,kit,Ubi guspullnän ekaklle we obo ngattong pallall alle.,They were falling to the ground in front of him.,,Verbal Dictionary
4fa8ec85-4a82-452a-945b-4ecb80c2884f-ex1,4fa8ec85-4a82-452a-945b-4ecb80c2884f,kit,Män a llɨg pate däräng pallall e eka gogon.,The girl talked to the boy about the dog.,,Verbal Dictionary
7adca52a-c1ee-4785-a45a-e7972ac2022d-ex1,7adca52a-c1ee-4785-a45a-e7972ac2022d,kit,Obom dapellaemnän.,He was cutting him open (i.e. for surgery).,,Verbal Dictionary
e1ccbb8f-8e91-4564-ba9d-263f31d12577-ex1,e1ccbb8f-8e91-4564-ba9d-263f31d12577,kit,"Da ttongo kantri me lla da bompallängkmenynegän obaoba komlla kullum e a bogäddeyo obaoba, däbe kantri da mɨnyi ddone bakällmewän.","If the people in a country divide themselves into two groups and fight each other, that country will not survive.",,Verbal Dictionary
cda28893-339c-405b-b18f-49a92686e77b-ex1,cda28893-339c-405b-b18f-49a92686e77b,kit,God bo enanae ttoen pallängkmeny,God's Final Judgment,,Verbal Dictionary
d30b7c72-0b49-452b-baad-5b78684dff84-ex1,d30b7c72-0b49-452b-baad-5b78684dff84,kit,yu pallkoll,piece of firewood,,Verbal Dictionary
9e334005-9014-4b44-ae7d-2ca963c78259-ex1,9e334005-9014-4b44-ae7d-2ca963c78259,kit,llo palltapallta torpoll,flat piece of wood,,Verbal Dictionary
cf699835-9fb0-4ac9-8129-ace503b2d242-ex1,cf699835-9fb0-4ac9-8129-ace503b2d242,kit,"Ospel e mängalae gobäll, llɨg di dokomeya pam alle zuwoenen e.","We quickly went to the hospital, bringing the children to get shots.",,Verbal Dictionary
8735f3cd-34da-4b9c-b7be-c9dd7148fd36-ex1,8735f3cd-34da-4b9c-b7be-c9dd7148fd36,kit,Lla da ompamenyan.,The man screamed.,,Verbal Dictionary
de7e39e6-37af-442c-a495-56f314a61dc7-ex1,de7e39e6-37af-442c-a495-56f314a61dc7,kit,Ag me källäm pamnen e gobäll.,"In the morning, we went to fish at the pond.",,Verbal Dictionary
a0dab7e8-51dd-4e6b-b4fd-dce6cb0634c7-ex1,a0dab7e8-51dd-4e6b-b4fd-dce6cb0634c7,kit,Ddob mälla da pane moepang de ikrol alle gällämnan allo.,Some women wash dirty pots using ash.,,Verbal Dictionary
a90c683f-34bb-4e81-aa04-a05403e54fd9-ex1,a90c683f-34bb-4e81-aa04-a05403e54fd9,kit,Ngäna Ende eka de panypeny eran.,I speak Ende.,,Verbal Dictionary
a90c683f-34bb-4e81-aa04-a05403e54fd9-ex2,a90c683f-34bb-4e81-aa04-a05403e54fd9,kit,"Ngäna Ingglis eka, Motu eka de ddone bäpanyneg.",I can't speak English or Hiri Motu.,,Verbal Dictionary
a90c683f-34bb-4e81-aa04-a05403e54fd9-ex3,a90c683f-34bb-4e81-aa04-a05403e54fd9,kit,Bogo ge eka de däpanyän.,She said this.,,Verbal Dictionary
b650b1f0-e5be-48fc-b9b1-bed076748cec-ex1,b650b1f0-e5be-48fc-b9b1-bed076748cec,kit,Däbe kapang ulle de näpao!,[You] prune the big acacia tree!,,Verbal Dictionary
1c46b37a-5f8c-4d51-ae8b-3818131efa02-ex1,1c46b37a-5f8c-4d51-ae8b-3818131efa02,kit,Papa nägagan.,He hit him.,,Verbal Dictionary
3dfe535a-188b-428b-911f-a01e40e7a306-ex1,3dfe535a-188b-428b-911f-a01e40e7a306,kit,Bogo yu di däpellknegän.,She split the wood.,,Verbal Dictionary
072a1111-6cff-4363-ac1f-cb96eb4543f0-ex1,072a1111-6cff-4363-ac1f-cb96eb4543f0,kit,Kitar pu de däpeyo.,They cut the kitar grass.,,Verbal Dictionary
70a8fbd0-8fa9-406f-869e-76e62d82070c-ex1,70a8fbd0-8fa9-406f-869e-76e62d82070c,kit,Ngäna mameat de näpewan.,I smashed the papaya.,,Verbal Dictionary
70a8fbd0-8fa9-406f-869e-76e62d82070c-ex2,70a8fbd0-8fa9-406f-869e-76e62d82070c,kit,Ubi mätta de bäpeaemneyo.,They will be smashing yams.,,Verbal Dictionary
a27fb798-7706-434a-ae3c-e37eac10e236-ex1,a27fb798-7706-434a-ae3c-e37eac10e236,kit,Ud a papekatt dan.,The door has been closed.,,Verbal Dictionary
a27fb798-7706-434a-ae3c-e37eac10e236-ex2,a27fb798-7706-434a-ae3c-e37eac10e236,kit,Bogo de papek allan ttang alle.,He blocked him with his hand.,,Verbal Dictionary
babcb6c5-caac-44d2-866a-c36d2c5e8efa-ex1,babcb6c5-caac-44d2-866a-c36d2c5e8efa,kit,llo ttoe kädnanatt ma paknen e,a thing that is taken off trees to make walls,,Verbal Dictionary
babcb6c5-caac-44d2-866a-c36d2c5e8efa-ex2,babcb6c5-caac-44d2-866a-c36d2c5e8efa,kit,Oba ma da pall put alle papekatt dan.,Their house is walled with pall bark.,,Verbal Dictionary
3638d44b-5e38-405c-98c7-afff9a753086-ex1,3638d44b-5e38-405c-98c7-afff9a753086,kit,Ddone ada ddäddäg papiye dag sisri wälläng me.,There are many animal tracks in the bush now.,,Verbal Dictionary
368b18f9-c3f3-47f4-aed8-2cb9c343b8b2-ex1,368b18f9-c3f3-47f4-aed8-2cb9c343b8b2,kit,Ngämi pällgaeb amalla.,We are flying.,,Verbal Dictionary
368b18f9-c3f3-47f4-aed8-2cb9c343b8b2-ex2,368b18f9-c3f3-47f4-aed8-2cb9c343b8b2,kit,Pa da dapllägän matu we.,The bird flew down.,,Verbal Dictionary
1dd34ddb-ba6b-4b93-b100-19786bd4d12f-ex1,1dd34ddb-ba6b-4b93-b100-19786bd4d12f,kit,Bogo yu di däpellknegän.,She chops wood.,,Verbal Dictionary
3e6521d0-0404-425c-a255-1d9a53a14832-ex1,3e6521d0-0404-425c-a255-1d9a53a14832,kit,Bogo obo llan de napoeyan.,She pierced her ear.,,Verbal Dictionary
3e6521d0-0404-425c-a255-1d9a53a14832-ex2,3e6521d0-0404-425c-a255-1d9a53a14832,kit,Ngäna nyäng tär ngasnges e nyäng de napoenan waeya käsre alle.,I used the small wire to make holes in the bag to put the new bag string.,,Verbal Dictionary
1122c4ea-2e4c-4728-b513-efafe109b097-ex1,1122c4ea-2e4c-4728-b513-efafe109b097,kit,Bob a parga de dällekän.,The flood destroyed the bridge.,,Verbal Dictionary
42b5db09-4fe6-481b-ba85-d9541fbc36ba-ex1,42b5db09-4fe6-481b-ba85-d9541fbc36ba,kit,Ngämi sisri pasta melem de ngasnen eralla.,Now we are doing pastor work.,,Verbal Dictionary
e6417660-6fef-48de-8d4e-80ce036011ab-ex1,e6417660-6fef-48de-8d4e-80ce036011ab,kit,Komlla ebdo me abo ada käg a wa patara melem a dibem deyanges.,"Then, I made the floors and walls in two days.",,Verbal Dictionary
cd7aff81-ec60-43b2-911c-c659175ce5e3-ex1,cd7aff81-ec60-43b2-911c-c659175ce5e3,kit,Gagäll anyke da bäne män bo patatt a zäme agezänan.,The bad spirit has already left your daughter.,,Verbal Dictionary
6f95956d-bfc4-4df2-90b4-e02e76b2cf21-ex1,6f95956d-bfc4-4df2-90b4-e02e76b2cf21,kit,Meri dallän Yokon pate.,Mary went to Yokon.,,Verbal Dictionary
6f95956d-bfc4-4df2-90b4-e02e76b2cf21-ex2,6f95956d-bfc4-4df2-90b4-e02e76b2cf21,kit,Llamda da ddone ada mikutt gogon oba pate.,The old man got very angry at them.,,Verbal Dictionary
4dcf0fb5-fef7-4938-940a-6562b34bac34-ex1,4dcf0fb5-fef7-4938-940a-6562b34bac34,kit,"Ngäna yu de papllekdae bäga, bongo abo pattkolldae ignig a ada ma we ikom.",I'll just chop the wood; then you just make the bundles and carry them home.,,Verbal Dictionary
4dcf0fb5-fef7-4938-940a-6562b34bac34-ex2,4dcf0fb5-fef7-4938-940a-6562b34bac34,kit,Ngäna kollba de patkoll däga nyäng peyang.,I bundled the fish with the bag.,,Verbal Dictionary
78e96e8d-eb82-4a9e-aee3-236e5ded2281-ex1,78e96e8d-eb82-4a9e-aee3-236e5ded2281,kit,Ngämo za da dag do Pauma bo patme.,My things are there at Pauma's place.,,Verbal Dictionary
78e96e8d-eb82-4a9e-aee3-236e5ded2281-ex2,78e96e8d-eb82-4a9e-aee3-236e5ded2281,kit,Ngäna oba patme ada ulle gog.,I was raised by them (lit. I grew up at theirs).,,Verbal Dictionary
78e96e8d-eb82-4a9e-aee3-236e5ded2281-ex3,78e96e8d-eb82-4a9e-aee3-236e5ded2281,kit,Bogo däpleon iba patme.,He died for us.,,Verbal Dictionary
4a390a85-55b9-4c23-9678-62c5094b824f-ex1,4a390a85-55b9-4c23-9678-62c5094b824f,kit,Ngäna llo patt toko me godmen.,I sat on top of a tree trunk.,,Verbal Dictionary
0b840cbf-c00f-426a-89bf-864df1d76fb3-ex1,0b840cbf-c00f-426a-89bf-864df1d76fb3,kit,Gänyme nge kopnen ma patt de aeya dängkänän?,Who pulled out the coconut husking sticks?,SE-LE054 52.1,Verbal Dictionary
ddc7d8b7-b91c-42f9-bfad-72c34ae9e1e8-ex1,ddc7d8b7-b91c-42f9-bfad-72c34ae9e1e8,kit,"da pazi me, de pazi me","last year, next year",,Verbal Dictionary
ddc7d8b7-b91c-42f9-bfad-72c34ae9e1e8-ex2,ddc7d8b7-b91c-42f9-bfad-72c34ae9e1e8,kit,kumuddäga pazi imnealle,three years later,,Verbal Dictionary
ddc7d8b7-b91c-42f9-bfad-72c34ae9e1e8-ex3,ddc7d8b7-b91c-42f9-bfad-72c34ae9e1e8,kit,Bäne pazi da auli dan?,How old are you (lit. how many are your years)?,,Verbal Dictionary
8df4201b-2b8f-435d-8cd6-65e5a8897929-ex1,8df4201b-2b8f-435d-8cd6-65e5a8897929,kit,Wel a gopädoeän.,The wind blew.,,Verbal Dictionary
fe332dc8-8831-49b0-86f7-a1e9af548a66-ex1,fe332dc8-8831-49b0-86f7-a1e9af548a66,kit,Mälla da wa lla da utt de dapädoenegeyo.,The man and women blew conch shells.,,Verbal Dictionary
f9f5ea5f-3fc9-4041-b552-6cd04c4b5821-ex1,f9f5ea5f-3fc9-4041-b552-6cd04c4b5821,kit,Lla da oba mällamällong gupädrellän otät ma.,The men and their wives spread out to get food.,,Verbal Dictionary
f9f5ea5f-3fc9-4041-b552-6cd04c4b5821-ex2,f9f5ea5f-3fc9-4041-b552-6cd04c4b5821,kit,Oba näkäpngon a tämamae apädrellan.,Their thoughts are all scattered.,,Verbal Dictionary
78c0bf36-90d1-4c94-8247-2e8040d68096-ex1,78c0bf36-90d1-4c94-8247-2e8040d68096,kit,däm kutt pädrallag lla,man sowing seeds,,Verbal Dictionary
78c0bf36-90d1-4c94-8247-2e8040d68096-ex2,78c0bf36-90d1-4c94-8247-2e8040d68096,kit,Bogo up di dotnegnän a ttoe dapädrällnegnän.,He was eating bananas and scattering the peels.,,Verbal Dictionary
f3faac91-8e83-4d57-8615-c415a4da6a34-ex1,f3faac91-8e83-4d57-8615-c415a4da6a34,kit,Tomato da däpddabän.,The tomato plant grew.,,Verbal Dictionary
81ac6eb2-67e8-4ed4-a252-29b6907cca96-ex1,81ac6eb2-67e8-4ed4-a252-29b6907cca96,kit,Ngäma wätät a zime opddaenegan.,Our (excl.) food has finished cooking.,,Verbal Dictionary
c62cf406-0f12-443e-a45d-beddda8ce74b-ex1,c62cf406-0f12-443e-a45d-beddda8ce74b,kit,ine toko me päddnenang towall,grass growing on the water's surface,,Verbal Dictionary
c62cf406-0f12-443e-a45d-beddda8ce74b-ex2,c62cf406-0f12-443e-a45d-beddda8ce74b,kit,Däm kutt a ekaklle me guspullän a däpäddän.,The seed fell to the ground and grew.,,Verbal Dictionary
9956753d-5188-4b8d-8171-97c9a7bca943-ex1,9956753d-5188-4b8d-8171-97c9a7bca943,kit,Yu me pattlle da päddpädd allan.,The bamboo explodes in the fire.,,Verbal Dictionary
0a13404a-aacf-4c9f-8b8c-e956566b63a9-ex1,0a13404a-aacf-4c9f-8b8c-e956566b63a9,kit,gall päk,edge of the canoe,,Verbal Dictionary
f265a9b7-faba-4bf8-b38b-1b68961d9137-ex1,f265a9b7-faba-4bf8-b38b-1b68961d9137,kit,Mälla da pälan gognegän.,The women made a plan.,,Verbal Dictionary
3f2e2379-f511-4656-b9d4-d954b6562513-ex1,3f2e2379-f511-4656-b9d4-d954b6562513,kit,"Angde gogllaeaebne, yogoll ulle da dipliwän.","While we were paddling, a heavy rain started coming down.",,Verbal Dictionary
cda9b515-1e5c-4f2a-a4df-1bdd76e8a2a6-ex1,cda9b515-1e5c-4f2a-a4df-1bdd76e8a2a6,kit,Ngämo pälkom da guirewän.,My hairs stood.,,Verbal Dictionary
c78706e8-40ff-4af5-b874-ebf58ce5a1d2-ex1,c78706e8-40ff-4af5-b874-ebf58ce5a1d2,kit,Ddäg kutt dae pälläm gognän.,Only the backbone was visible.,,Verbal Dictionary
790e115c-dcc3-4b1a-89e5-8f2e945f903d-ex1,790e115c-dcc3-4b1a-89e5-8f2e945f903d,kit,Obo iddpo da pällämpälläm a gombenmällnegnän.,His clothes were white and shining.,,Verbal Dictionary
790e115c-dcc3-4b1a-89e5-8f2e945f903d-ex2,790e115c-dcc3-4b1a-89e5-8f2e945f903d,kit,Zime abo ballme da gopnän pällämpälläm gognän ttängäm a.,Dawn had already broken and the village was becoming bright.,,Verbal Dictionary
d2cb0da0-4777-415b-8239-c31e97637b1b-ex1,d2cb0da0-4777-415b-8239-c31e97637b1b,kit,Ttongo mälla da iddpo de nällpäganegnan.,A woman was hanging the clothes.,,Verbal Dictionary
a2e3a5f1-bb7e-4c75-9419-44374d8c195c-ex1,a2e3a5f1-bb7e-4c75-9419-44374d8c195c,kit,Ngäna kakoll de napällkaman.,I broke the plate.,,Verbal Dictionary
a2e3a5f1-bb7e-4c75-9419-44374d8c195c-ex2,a2e3a5f1-bb7e-4c75-9419-44374d8c195c,kit,Mälla da täl de dapällkaemaemneyo.,The women were splitting the bamboo.,,Verbal Dictionary
a2e3a5f1-bb7e-4c75-9419-44374d8c195c-ex3,a2e3a5f1-bb7e-4c75-9419-44374d8c195c,kit,Ngäna ngämo ikop glas de kamekame napällkaman.,I accidentally broke my glasses.,,Verbal Dictionary
2bfd5311-a0e1-41f8-822b-b97d0a982c14-ex1,2bfd5311-a0e1-41f8-822b-b97d0a982c14,kit,Bogo käg me pällnampällnam adämenan.,She squatted down on the floor.,,Verbal Dictionary
2308dd06-699d-4680-969b-e93987af2ff1-ex1,2308dd06-699d-4680-969b-e93987af2ff1,kit,Däpällätt abo do Taolang.,I started walking to Taolang.,,Verbal Dictionary
4131c0ba-30a3-4c83-a1c8-ba6dfad72e8a-ex1,4131c0ba-30a3-4c83-a1c8-ba6dfad72e8a,kit,Ubi komlla gopnaeyo a ngäsengäse dindugiyu.,The two of them turned around and ran the other way.,,Verbal Dictionary
3e260ac5-8de3-490a-b48a-c728bf604e0d-ex1,3e260ac5-8de3-490a-b48a-c728bf604e0d,kit,Gopnaeyän.,It capsized.,,Verbal Dictionary
3e260ac5-8de3-490a-b48a-c728bf604e0d-ex2,3e260ac5-8de3-490a-b48a-c728bf604e0d,kit,"Ngämaene gall a ada ka bopänayän, adawatta däbe za da ngämim ge deyangkollmällnän.",Our (excl.) boat nearly capsized because that thing was following us.,WE-ST009 2.7,Verbal Dictionary
894291f1-d454-4ea7-8a35-b7f45e9bb46e-ex1,894291f1-d454-4ea7-8a35-b7f45e9bb46e,kit,Obo mikutt a ttänttämang e gopnaeyän.,His anger made him hot.,WE-ST032 31.1,Verbal Dictionary
894291f1-d454-4ea7-8a35-b7f45e9bb46e-ex2,894291f1-d454-4ea7-8a35-b7f45e9bb46e,kit,"Lla daeya Moli, be angde walle we guspunän, bunkuttang e gopnaen.","Moli was a man, but when he jumped into the water, he turned into a catfish.",WE-ST014 3.1,Verbal Dictionary
8df3aef1-b53f-4be4-a855-bebd8d936af7-ex1,8df3aef1-b53f-4be4-a855-bebd8d936af7,kit,Ngäna ttoenttoen de näpänaeyan Ende we.,I translated this story into Ende.,,Verbal Dictionary
db933bbc-f323-4016-8e2e-e7511b1a758a-ex1,db933bbc-f323-4016-8e2e-e7511b1a758a,kit,Mälla da mɨnyi bobällnän mätta mɨnyi bampnaemenyaemneyo ada mätta da zäme käp agan abo.,"The women will go and check the yams, whether they are ready yet.",,Verbal Dictionary
6ff56b21-7e23-430b-8b2a-386f87977764-ex1,6ff56b21-7e23-430b-8b2a-386f87977764,kit,Lla da täl de dämpäddmenyaemallo yu alle.,People used to blow up bamboo with fire.,,Verbal Dictionary
3ecee5a8-f284-4d27-af52-fbed7ce116a3-ex1,3ecee5a8-f284-4d27-af52-fbed7ce116a3,kit,Bogo gompäddägän.,He started the grassfire.,,Verbal Dictionary
69e6b465-6ba3-429e-afae-bd5cc9187580-ex1,69e6b465-6ba3-429e-afae-bd5cc9187580,kit,Pauro käp a gompäddägän.,The chicken egg started hatching.,,Verbal Dictionary
0ff946f6-283e-42c5-86a7-653f117026b0-ex1,0ff946f6-283e-42c5-86a7-653f117026b0,kit,Ngäna gomponongg.,I woke up.,,Verbal Dictionary
563fccf5-4699-442c-9318-e8fe94d25e2c-ex1,563fccf5-4699-442c-9318-e8fe94d25e2c,kit,Ngäna obom pänongg eran.,I am waking him up.,,Verbal Dictionary
9b20d4ec-e66d-4d48-978b-bc3983a649b0-ex1,9b20d4ec-e66d-4d48-978b-bc3983a649b0,kit,Bibi mɨnyi bina nying pänpän de näpttayaemneyo.,You (all) will be shaking the dust from your feet.,,Verbal Dictionary
943e52fc-89bf-49c8-a803-f9aecb6afc23-ex1,943e52fc-89bf-49c8-a803-f9aecb6afc23,kit,Bogo apngänän.,He disappeared.,,Verbal Dictionary
de85daa5-4fb8-4749-ad54-c0e4e0973ba5-ex1,de85daa5-4fb8-4749-ad54-c0e4e0973ba5,kit,Ede adawatta ibi mɨnyi iba pätt de mermerae bampägmenyaemnalla.,This is why we must take care of our bodies.,,Verbal Dictionary
f9cc457d-6bf9-4983-9926-19620aa767e0-ex1,f9cc457d-6bf9-4983-9926-19620aa767e0,kit,Bogo pänyaemällang dan.,He hops slowly.,,Verbal Dictionary
58576591-838e-4c86-a992-bc52fe1d87f3-ex1,58576591-838e-4c86-a992-bc52fe1d87f3,kit,Saly ddone ada lla tupi da pänyanz eran.,Saly is growing to be very tall.,,Verbal Dictionary
535440e8-d2f5-402c-890f-66332fe0689b-ex1,535440e8-d2f5-402c-890f-66332fe0689b,kit,Llokottang dag päre ngäma ttam a.,"Sadly, our (excl.) lives are difficult.",,Verbal Dictionary
4673380c-7958-4971-96f7-4f88dd40b0cc-ex1,4673380c-7958-4971-96f7-4f88dd40b0cc,kit,Bogo zäme pätär peyang allan.,He already has white hair.,,Verbal Dictionary
6a6c4046-67cf-4efc-b3c8-48070ccc33c2-ex1,6a6c4046-67cf-4efc-b3c8-48070ccc33c2,kit,Obo pätt a ulle daeya.,Her body was large.,,Verbal Dictionary
6a6c4046-67cf-4efc-b3c8-48070ccc33c2-ex2,6a6c4046-67cf-4efc-b3c8-48070ccc33c2,kit,Ngämo pätt a llowamang gogon.,My body was tired.,,Verbal Dictionary
6a6c4046-67cf-4efc-b3c8-48070ccc33c2-ex3,6a6c4046-67cf-4efc-b3c8-48070ccc33c2,kit,Ngäna käza bo pätt de net alle kaen dägne.,I wrapped the crocodile's body with a net.,,Verbal Dictionary
46ef342e-9091-4cea-bb82-1dd92b05768f-ex1,46ef342e-9091-4cea-bb82-1dd92b05768f,kit,Nge pätt a tupi dan.,The coconut palm trunk is long.,Kauga Dobola,Verbal Dictionary
46ef342e-9091-4cea-bb82-1dd92b05768f-ex2,46ef342e-9091-4cea-bb82-1dd92b05768f,kit,Ubi up wo pätt dowae e gogeyo.,The two of them got close to the ripe banana tree.,,Verbal Dictionary
46ef342e-9091-4cea-bb82-1dd92b05768f-ex3,46ef342e-9091-4cea-bb82-1dd92b05768f,kit,"Käp ku da wit pätt atta teti gongesnegän, ddob wit pätt atta siksti.","Thirty seeds came from the wheat plant; from another wheat plant, sixty.",,Verbal Dictionary
46ef342e-9091-4cea-bb82-1dd92b05768f-ex4,46ef342e-9091-4cea-bb82-1dd92b05768f,kit,Bogo kunur pätt de däträpnegalle.,He reaped the corn plants.,,Verbal Dictionary
b2f84dfd-938f-4526-a2e3-4e36642ddaad-ex1,b2f84dfd-938f-4526-a2e3-4e36642ddaad,kit,Bibi mɨnyi bina nying pänpän de näpttayaemneyo.,You (all) will be shaking the dust from your feet.,,Verbal Dictionary
e14e7a7b-8302-4015-a37c-7ce61b8947f4-ex1,e14e7a7b-8302-4015-a37c-7ce61b8947f4,kit,"Ngäna era mälla tupi dan, bongo era pättäk dan.","I'm a tall woman, but you're short.",,Verbal Dictionary
bdd8fb50-4ce3-49ac-b003-4b794ad56e22-ex1,bdd8fb50-4ce3-49ac-b003-4b794ad56e22,kit,Ge ma da tämamae pättäkpättäk dag.,All these houses are short.,,Verbal Dictionary
c4f85530-148b-466f-8511-edd5c8d1f699-ex1,c4f85530-148b-466f-8511-edd5c8d1f699,kit,Bogo bandra de dipttolän.,He starting singing a song.,,Verbal Dictionary
68fdf256-572d-4bad-8862-3755b022c3ea-ex1,68fdf256-572d-4bad-8862-3755b022c3ea,kit,Ma de dapedealle.,He sweeped the house.,,Verbal Dictionary
2c1bdeb0-c079-452a-abab-aa5dd3b467a2-ex1,2c1bdeb0-c079-452a-abab-aa5dd3b467a2,kit,Lla da llo de penangg erallo.,People set fire to the trees.,,Verbal Dictionary
b82280b3-82b5-41bf-a1ba-8c626024003b-ex1,b82280b3-82b5-41bf-a1ba-8c626024003b,kit,Gopendägalle ekaklle we.,He was tripping and falling to the ground.,,Verbal Dictionary
b2d20b4b-5a92-480b-8023-1bf393683c59-ex1,b2d20b4b-5a92-480b-8023-1bf393683c59,kit,"Lla gul ulle daeya, Yesu adame obo kollmällang de umllang dägnegän oblle gall kälsäre särämbae e, oba lla da ddone obom beyawändägallo a bimpidägmällnallo.","The crowd was big, so Jesus told his disciples to prepare a small boat for him so that people would not come crowd him and be pushing him.",,Verbal Dictionary
f2331dbb-2594-4864-8873-615b12910945-ex1,f2331dbb-2594-4864-8873-615b12910945,kit,Ge towall a mängalae penongg allan.,This grass is burning fast.,,Verbal Dictionary
f2331dbb-2594-4864-8873-615b12910945-ex2,f2331dbb-2594-4864-8873-615b12910945,kit,Yäbäd a aempononggan.,The sun blazed.,,Verbal Dictionary
6ec54f42-2d2e-4c08-b42c-867ae941fdda-ex1,6ec54f42-2d2e-4c08-b42c-867ae941fdda,kit,Ngäna towall penameny gongkam.,I started to ignite the grass.,,Verbal Dictionary
6ec54f42-2d2e-4c08-b42c-867ae941fdda-ex2,6ec54f42-2d2e-4c08-b42c-867ae941fdda,kit,Yu daempononggeyo ma de.,They set fire to the house.,,Verbal Dictionary
6ec54f42-2d2e-4c08-b42c-867ae941fdda-ex3,6ec54f42-2d2e-4c08-b42c-867ae941fdda,kit,"Ause da to dänglläbänän, kullkull de daimponomenyän tämamae.",The old woman got the light and burned the whole garden.,,Verbal Dictionary
eb0b34e7-973e-4f28-8f97-f14429a2f5f9-ex1,eb0b34e7-973e-4f28-8f97-f14429a2f5f9,kit,Ge itrell a mɨnyi bompetaeyän.,This disease will spread.,,Verbal Dictionary
eb0b34e7-973e-4f28-8f97-f14429a2f5f9-ex2,eb0b34e7-973e-4f28-8f97-f14429a2f5f9,kit,Ge itrell a mängalae lla yaba pate pentaeang dan.,This disease spreads to others quickly.,,Verbal Dictionary
ed6e671c-2f8d-47b4-894e-96af22665ddc-ex1,ed6e671c-2f8d-47b4-894e-96af22665ddc,kit,Ende lla da oba omog ttoen tameny de oba llɨg aba pate dampetaeneyo.,Ende people were passing their sorcery on to their children.,,Verbal Dictionary
40d6ae15-adb8-47e5-9733-e39bdbd7db48-ex1,40d6ae15-adb8-47e5-9733-e39bdbd7db48,kit,"Ubi upe me dägabällabän adawatta ma ik a gonttämawän lla walle, be eka de pentapentae dandmoeyo ma ik e obo pate.","They stood outside because the inside of the house was full of people, but they sent word directly to him inside.",,Verbal Dictionary
ca2abfca-2d14-4b91-8f24-0fbc87489924-ex1,ca2abfca-2d14-4b91-8f24-0fbc87489924,kit,Bogo säremsärem gompetngenyän yu pallkoll me.,"In the darkness, he tripped over a piece of wood.",,Verbal Dictionary
370aeb3c-f6f8-4ebb-9bd6-45ae6c59c856-ex1,370aeb3c-f6f8-4ebb-9bd6-45ae6c59c856,kit,Ddäg aeya nampegan obo ddäg dan.,"The back [of an animal] belongs to him, the one who delivered the final blow.",,Verbal Dictionary
853cf50b-6745-4a84-8e68-db017dd04a7f-ex1,853cf50b-6745-4a84-8e68-db017dd04a7f,kit,Ngämlle ttongo pepeb de nällät.,[You] tell me one folktale.,,Verbal Dictionary
100dcf1d-ac0c-4349-b8c4-c3ab0057de76-ex1,100dcf1d-ac0c-4349-b8c4-c3ab0057de76,kit,Tawe da goimpregeyo.,The tawe palms were crossed.,,Verbal Dictionary
100dcf1d-ac0c-4349-b8c4-c3ab0057de76-ex2,100dcf1d-ac0c-4349-b8c4-c3ab0057de76,kit,"Ngäna Karama atta yaran, ngämi Winson alle aimpregalla.",I came back from Karama; Winson and I had intersecting paths (but we didn't see each other).,,Verbal Dictionary
02349b38-a05f-4a6e-b396-d6be41f34fae-ex1,02349b38-a05f-4a6e-b396-d6be41f34fae,kit,"Sɨmell ada daeya, ngoi peraingg att.","The pig, its tusks were sticking out like this.",,Verbal Dictionary
380f73fa-5f98-4a71-a1b1-546a80604cee-ex1,380f73fa-5f98-4a71-a1b1-546a80604cee,kit,pes täräp,the first time,,Verbal Dictionary
3c3fd1fc-064f-4e96-b950-7bb77509cec1-ex1,3c3fd1fc-064f-4e96-b950-7bb77509cec1,kit,Ge käg a petapeta dan,The floor is thin.,,Verbal Dictionary
0a8e63c0-ef6d-4ba8-acc0-3ef0de9fc012-ex1,0a8e63c0-ef6d-4ba8-acc0-3ef0de9fc012,kit,Källäm a petapeta abal gogon.,The ponds became very shallow.,,Verbal Dictionary
644d048f-124a-4e86-a7c6-cccb71d2e381-ex1,644d048f-124a-4e86-a7c6-cccb71d2e381,kit,Däbe käza da walle amne me gopeyamän.,That crocodile surfaced in the middle of the pond.,,Verbal Dictionary
e3c84ec3-8e4a-40b8-b82c-5947f9e8adab-ex1,e3c84ec3-8e4a-40b8-b82c-5947f9e8adab,kit,Bongo gänyame opeyamalleǃ,You're here again!,,Verbal Dictionary
dbac205a-876d-479b-a886-54fc3481ef13-ex1,dbac205a-876d-479b-a886-54fc3481ef13,kit,Ngäna Grace bo peyang duwem agan.,I ate with Grace.,,Verbal Dictionary
b3556660-f791-4206-af25-c80ba619b678-ex1,b3556660-f791-4206-af25-c80ba619b678,kit,Ngäna mɨnyi pilatt de bänggllämneg.,I will wash the dishes.,,Verbal Dictionary
7693c159-fdc2-4429-9abd-0fb1556a0fc8-ex1,7693c159-fdc2-4429-9abd-0fb1556a0fc8,kit,Iddpo da komlla gumpisägeyo tuk alle do matu.,The cloth tore in two from top to bottom.,,Verbal Dictionary
c8bf98a1-a75d-474d-9a90-dfd06a93a7b4-ex1,c8bf98a1-a75d-474d-9a90-dfd06a93a7b4,kit,Bogo eraeya pinggudd ulle peyang daeya.,She was wearing a long skirt.,,Verbal Dictionary
391c65bd-30db-4071-bb76-3735a513facb-ex1,391c65bd-30db-4071-bb76-3735a513facb,kit,Ngäna ddob mozaya kollba de däpineg.,I speared some mozaya fish.,,Verbal Dictionary
a54e44e6-2a55-4b0e-9881-aa2db572d07b-ex1,a54e44e6-2a55-4b0e-9881-aa2db572d07b,kit,Bongo mɨnyi ikop nägneg ddob apapi di bipllugaebnän.,You will see some butterflies flying.,,Verbal Dictionary
2ba51cc5-4e93-45c7-a304-064735fd3656-ex1,2ba51cc5-4e93-45c7-a304-064735fd3656,kit,Pirik a lla metmäll ma dan.,A baton is for hitting people.,,Verbal Dictionary
cf2d083b-0b40-4961-9ae9-9307a8018fe6-ex1,cf2d083b-0b40-4961-9ae9-9307a8018fe6,kit,Ngäna pakos de dapirngän.,I took out a spear.,,Verbal Dictionary
a5a2358f-1ff4-47c8-9a99-62a7e3b4580f-ex1,a5a2358f-1ff4-47c8-9a99-62a7e3b4580f,kit,Bogo piro nangttängenan.,He fell down unconcsious.,,Verbal Dictionary
95394eb8-8cea-4a52-a75c-095aa4483c02-ex1,95394eb8-8cea-4a52-a75c-095aa4483c02,kit,Ngämo kaptte da apisaman.,My garment tore.,,Verbal Dictionary
6aadb98e-5aef-44a3-a9bd-5daf00dd87d8-ex1,6aadb98e-5aef-44a3-a9bd-5daf00dd87d8,kit,Ngäna nyäg de napisaman.,I broke the basket.,,Verbal Dictionary
6aadb98e-5aef-44a3-a9bd-5daf00dd87d8-ex2,6aadb98e-5aef-44a3-a9bd-5daf00dd87d8,kit,Ngäna peba de pisam eran.,I am tearing the paper.,,Verbal Dictionary
b884ae26-e6d8-4020-910e-38d24c714c1c-ex1,b884ae26-e6d8-4020-910e-38d24c714c1c,kit,Llaeyabira ako midd pisepise dikomeya ma we.,We brought small pieces of meat for everyone.,SE_PN014 73.1,Verbal Dictionary
bb799f27-3edc-4693-906b-999dd91dd29c-ex1,bb799f27-3edc-4693-906b-999dd91dd29c,kit,Ingnenang aba pite da mermerae abal beräberäl agnegnan iddob me ingnen täräp me.,The dancers' grass skirts swung nicely during the night dance.,SE-LE054 77.1,Verbal Dictionary
648e8ef1-208f-4229-bb76-da1bbdb675ff-ex1,648e8ef1-208f-4229-bb76-da1bbdb675ff,kit,Kakayam pa bo pite da mer tutpi dag.,The tailfeathers of a bird of paradise are nice and long.,SE-LE036 5.1,Verbal Dictionary
c95d0608-674d-4ecc-9ab6-d1367871588e-ex1,c95d0608-674d-4ecc-9ab6-d1367871588e,kit,Ngäna mɨnyi bomällkam a obo nying kollop tär de bäpitkaeneg.,I will bend down and untie his sandal laces.,,Verbal Dictionary
93fa30bd-df8d-429b-a34e-270d67aca604-ex1,93fa30bd-df8d-429b-a34e-270d67aca604,kit,"ttang pitt, ttäle pitt","bracelet, leg band",,Verbal Dictionary
c4597a75-c328-453d-aa7d-acdbeb3e4e0d-ex1,c4597a75-c328-453d-aa7d-acdbeb3e4e0d,kit,Sana dor de adingoll däpittaemeya.,We weaved the sago stalks like this.,,Verbal Dictionary
a1f2d1cc-b999-496b-9086-fb2ef0ce57ac-ex1,a1f2d1cc-b999-496b-9086-fb2ef0ce57ac,kit,Amo umllang dan pittpitt a?,Who here knows how to sew?,,Verbal Dictionary
a1f2d1cc-b999-496b-9086-fb2ef0ce57ac-ex2,a1f2d1cc-b999-496b-9086-fb2ef0ce57ac,kit,Pittnen de dängkaemnegän.,She started to stitch (the wounds).,,Verbal Dictionary
49506762-3b30-4649-8027-08b22017c2cc-ex1,49506762-3b30-4649-8027-08b22017c2cc,kit,Ngäna pɨnyapɨnye koenmäll e ibi allan.,I'm going to go hunting in the burnt grass area.,,Verbal Dictionary
456448d6-23de-444b-a0d5-406578739d1e-ex1,456448d6-23de-444b-a0d5-406578739d1e,kit,Piro da pɨnypɨny eran.,Many stars are coming out.,,Verbal Dictionary
93dd0786-7d70-4526-be1f-57d870523de3-ex1,93dd0786-7d70-4526-be1f-57d870523de3,kit,"Angde Sowati obo bin di dänttamän, Bodog arle gogon a bogo anyke gomplezän.","When Sowati called out his name, Bodog screamed and his spirit left his body.",,Verbal Dictionary
52c9140b-6bd5-4641-8fdc-77d208f96fdc-ex1,52c9140b-6bd5-4641-8fdc-77d208f96fdc,kit,Bogo däplewän.,He died.,,Verbal Dictionary
05c18e33-5790-4c53-a1b1-4cd6ea3ad602-ex1,05c18e33-5790-4c53-a1b1-4cd6ea3ad602,kit,Ngäna llo de plengg eran.,I am cutting down the tree.,,Verbal Dictionary
28b235e5-1cac-4ba7-8fa9-cd92f56fd04a-ex1,28b235e5-1cac-4ba7-8fa9-cd92f56fd04a,kit,Nae po de gagäll a mudan.,Don't ruin the sweet potato mound.,,Verbal Dictionary
d89449ac-fa23-414a-8039-b96ab4c0b8da-ex1,d89449ac-fa23-414a-8039-b96ab4c0b8da,kit,Mälläng e dapoeaemeyo.,They pierced noses.,,Verbal Dictionary
b7deb60d-d29e-4669-a84e-5ded117a7537-ex1,b7deb60d-d29e-4669-a84e-5ded117a7537,kit,Bongo ngattong e po ag.,"You, block in front.",,Verbal Dictionary
a4af32a0-210d-4694-badc-4ac0ff4ec051-ex1,a4af32a0-210d-4694-badc-4ac0ff4ec051,kit,Bädab pwapwa agnan.,Dawn was breaking.,,Verbal Dictionary
90f2d8eb-7a92-43db-8fa1-77a3e851bec0-ex1,90f2d8eb-7a92-43db-8fa1-77a3e851bec0,kit,Poapoa bogon.,It will be easier.,,Verbal Dictionary
305c7a01-acdd-4904-ac89-30293e247b95-ex1,305c7a01-acdd-4904-ac89-30293e247b95,kit,pobllem ibima,smooth path,,Verbal Dictionary
2965cb3a-bc3f-4249-b730-359833d8eed2-ex1,2965cb3a-bc3f-4249-b730-359833d8eed2,kit,Zäme podd a gongesän.,He is already bald.,,Verbal Dictionary
ad46a62b-ca59-4929-88b7-2f531f33b90e-ex1,ad46a62b-ca59-4929-88b7-2f531f33b90e,kit,Polis a namllamallo ge lla de.,Police seized this man.,,Verbal Dictionary
0cdf4166-a179-4ce5-84ae-41ddd96b6961-ex1,0cdf4166-a179-4ce5-84ae-41ddd96b6961,kit,Ubi ttängäm kuddäll me polle de kame däkätteyo.,They fenced the old garden.,SE-LE054 25.1,Verbal Dictionary
f4e33aaf-4a7e-4c5a-8575-f4cc8acb9742-ex1,f4e33aaf-4a7e-4c5a-8575-f4cc8acb9742,kit,Pollgo da täl ik mi giddollag daeya.,The frog lived in the bamboo.,,Verbal Dictionary
c1a2cf59-7397-4773-8915-e7a4d4855157-ex1,c1a2cf59-7397-4773-8915-e7a4d4855157,kit,Bäne pätt a pollgo suwe peyang dan.,Your body is covered in dirt from the water.,,Verbal Dictionary
74fcd792-2ab8-4885-8759-b55b9005fe50-ex1,74fcd792-2ab8-4885-8759-b55b9005fe50,kit,pollo täräp,youth,,Verbal Dictionary
74fcd792-2ab8-4885-8759-b55b9005fe50-ex2,74fcd792-2ab8-4885-8759-b55b9005fe50,kit,llɨg pollo,young boy,,Verbal Dictionary
46a1ac07-051b-4380-92ce-90aa1db1871d-ex1,46a1ac07-051b-4380-92ce-90aa1db1871d,kit,Bogo gotarnän pollon me.,He was sleeping in a small bush.,WE-ST025 11.1,Verbal Dictionary
eb75d9f6-dde1-4f0b-bd3a-f587126c9aa0-ex1,eb75d9f6-dde1-4f0b-bd3a-f587126c9aa0,kit,Ge däräng a sämell ulle de dupollneyo.,These dogs were barking at the big pig.,,Verbal Dictionary
eb75d9f6-dde1-4f0b-bd3a-f587126c9aa0-ex2,eb75d9f6-dde1-4f0b-bd3a-f587126c9aa0,kit,Kwalde bogo ada gongnomenynän ada ka däräng a pollnenang me erallo däbe sämell de.,Kwalde thought that the dogs were still barking at the pig.,WE-ST012 6.1,Verbal Dictionary
463e9d12-f265-4047-90cf-385c4ac7a169-ex1,463e9d12-f265-4047-90cf-385c4ac7a169,kit,Ge lla da pomer alle bandra nällɨtan.,This man whistled a song.,,Verbal Dictionary
fbad91e3-ccb0-4b53-a1c4-d71df2624f71-ex1,fbad91e3-ccb0-4b53-a1c4-d71df2624f71,kit,"Angde ubi up wo pätt dowae e gogeyo, llamda da oba pate eraeranyang dipnurän.","When they got close to the ripe banana tree, the old man began to run after them, yelling.",,Verbal Dictionary
a18389b2-0ccc-414d-b220-fe5fab64b5ca-ex1,a18389b2-0ccc-414d-b220-fe5fab64b5ca,kit,Tupi ttang llɨpɨt de pop me nowanseg.,Put your long finger in the hole.,,Verbal Dictionary
1df4e6ed-5ec6-418f-9b83-2a22210ff2f4-ex1,1df4e6ed-5ec6-418f-9b83-2a22210ff2f4,kit,Ine kutt da bo lid a popang dan.,The lid of the water container has a hole.,,Verbal Dictionary
94af73e9-19e2-4c87-a4a6-832b93ca1be3-ex1,94af73e9-19e2-4c87-a4a6-832b93ca1be3,kit,Lomae obo pope mu de zäme dangesän.,Lomae already paid her uncle her birth payment.,SE-LE054 125.1,Verbal Dictionary
ff9836ac-e968-488e-8ef8-55086ddf2577-ex1,ff9836ac-e968-488e-8ef8-55086ddf2577,kit,Pa poper gogon a ma ik atta gogezänän.,The bird got scared and got out from inside the house.,,Verbal Dictionary
ff9836ac-e968-488e-8ef8-55086ddf2577-ex2,ff9836ac-e968-488e-8ef8-55086ddf2577,kit,Lelang eka dändär att me tikop poper agne.,The heart will be racing after hearing a scary story.,WE-ST001 24.2,Verbal Dictionary
f7dd1bde-6ae7-42fd-9baa-ae552551ea97-ex1,f7dd1bde-6ae7-42fd-9baa-ae552551ea97,kit,Poper naengkoegan.,He scared her.,,Verbal Dictionary
f7dd1bde-6ae7-42fd-9baa-ae552551ea97-ex2,f7dd1bde-6ae7-42fd-9baa-ae552551ea97,kit,Mänmän de poper inkoegag bongttägän.,"He will arrive suddenly, startling the girls.",,Verbal Dictionary
0409746f-3be7-48ee-a798-d747e6871b87-ex1,0409746f-3be7-48ee-a798-d747e6871b87,kit,Ngäna obom poper nangkwigan.,I surprised her.,,Verbal Dictionary
c9fca16b-34cd-4c32-b99b-f34380d72cdf-ex1,c9fca16b-34cd-4c32-b99b-f34380d72cdf,kit,"Kaptte da wel me angde popllem anggan, dedam era mamaldae pätnan anggan.","When the clothes flap in the wind, they dry quickly.",,Verbal Dictionary
08c764ad-a1ce-41df-93ea-707693bdcdf1-ex1,08c764ad-a1ce-41df-93ea-707693bdcdf1,kit,Dompa de däpoaemneyo.,They were sharpening the arrows.,,Verbal Dictionary
08c764ad-a1ce-41df-93ea-707693bdcdf1-ex2,08c764ad-a1ce-41df-93ea-707693bdcdf1,kit,Ge pensil a popoatt dan.,This pencil is sharpened.,,Verbal Dictionary
0193d613-a24f-4e25-8d5d-5bc1cf889d60-ex1,0193d613-a24f-4e25-8d5d-5bc1cf889d60,kit,Gall a llo popoatt dan.,The canoe is carved wood.,,Verbal Dictionary
0193d613-a24f-4e25-8d5d-5bc1cf889d60-ex2,0193d613-a24f-4e25-8d5d-5bc1cf889d60,kit,Bägäl de popo eran.,He shapes the bow.,,Verbal Dictionary
85c27a09-5b66-4a05-a2e5-44c5cb93a80c-ex1,85c27a09-5b66-4a05-a2e5-44c5cb93a80c,kit,Bogo sɨmell käm dupotän.,He sliced open the pig stomach.,,Verbal Dictionary
49b173d1-ff5b-4ddc-b55c-a3fc27ce905a-ex1,49b173d1-ff5b-4ddc-b55c-a3fc27ce905a,kit,Kapalla pu me mälla da mondre anggan.,The woman gardens on the floating kapalla grass.,Joshua Ben Danipa,Verbal Dictionary
e94c0ea4-2fc1-4836-88e8-5122ab8f3f79-ex1,e94c0ea4-2fc1-4836-88e8-5122ab8f3f79,kit,Oba pu mi biye de ddone itrel a anggan.,The disease didn't strike the taro in their swamp garden.,SE-LE054 86.1,Verbal Dictionary
46cedf9d-dcf4-4986-88b1-6ac07fba1984-ex1,46cedf9d-dcf4-4986-88b1-6ac07fba1984,kit,pop peyang pud,the end with a hole,,Verbal Dictionary
d15957da-e06d-4bca-ae87-a7310bd8a177-ex1,d15957da-e06d-4bca-ae87-a7310bd8a177,kit,Ge peba da pukong dan.,This paper is thick.,,Verbal Dictionary
f75c4d10-fda7-465a-9ac9-567597e9508f-ex1,f75c4d10-fda7-465a-9ac9-567597e9508f,kit,Pumi melem de nangesallo.,They did exhausting work.,,Verbal Dictionary
8514fdf8-f846-4bef-8722-19f5a9bdd4d8-ex1,8514fdf8-f846-4bef-8722-19f5a9bdd4d8,kit,"Da bam kungge da naddägän, bongo mɨnyi ttattlle ampug.","If a spider bites you, you will get very sick.",,Verbal Dictionary
be2736aa-fffc-4368-8eee-aeda056e8713-ex1,be2736aa-fffc-4368-8eee-aeda056e8713,kit,Oba ma da pall put alle papekatt dan.,Their house is walled with pall bark walling.,SE-LE054 31.1,Verbal Dictionary
a2327a8f-dcc4-41db-a760-ce48f5516f95-ex1,a2327a8f-dcc4-41db-a760-ce48f5516f95,kit,Ddia da putt gottkewän.,The deer folded its hooves.,,Verbal Dictionary
c5d0b6f9-0588-46ea-bbbd-391e965f6fbe-ex1,c5d0b6f9-0588-46ea-bbbd-391e965f6fbe,kit,"Rorwae a mudan, llokttangae nägabäll.",Don't stagger; stand straight.,,Verbal Dictionary
4e756c11-0806-4097-99e4-84f641602c15-ex1,4e756c11-0806-4097-99e4-84f641602c15,kit,Maneya rorwaerorwae ibiag daeya.,Maneya walked falteringly.,,Verbal Dictionary
b99cbd16-824e-4000-baf6-15f5ac6ae6d8-ex1,b99cbd16-824e-4000-baf6-15f5ac6ae6d8,kit,Tim ngänäm dangminggän ngämi däbe käza de tutu wi darullgoeya.,Tim helped me drag that crocodile onto land.,,Verbal Dictionary
2d8af4e9-bc64-4113-a80d-ec5533d5e68f-ex1,2d8af4e9-bc64-4113-a80d-ec5533d5e68f,kit,"Ngämi bam da batrameya, abo bongo ge sabi de nongkollmäll.","We will take you, but you must follow these rules.",WE-ST031 2.18,Verbal Dictionary
dfee8dc8-ef73-4cde-a9c3-e7a7aee771b3-ex1,dfee8dc8-ef73-4cde-a9c3-e7a7aee771b3,kit,"Ngämo mänang a ngänäm de aläm bagneyo ada, ngämo bin ttam a mudan, sabi.",My in-laws will be warning me that it's taboo to call me by my name.,,Verbal Dictionary
60df0615-30ba-4935-96fe-e2241fbdbc81-ex1,60df0615-30ba-4935-96fe-e2241fbdbc81,kit,Nga bongo ikop nasǃ,"You, close your eyes!",SE-TN016 10.1,Verbal Dictionary
60df0615-30ba-4935-96fe-e2241fbdbc81-ex2,60df0615-30ba-4935-96fe-e2241fbdbc81,kit,Däräng a ikop dasän.,The dog closed his eyes.,,Verbal Dictionary
ceba885d-68b2-463a-bfd6-aba982526120-ex1,ceba885d-68b2-463a-bfd6-aba982526120,kit,Yu da saemeny dan.,The fire isn't put out.,,Verbal Dictionary
131ac7b6-4480-47c6-90d2-fc0b9a09e3be-ex1,131ac7b6-4480-47c6-90d2-fc0b9a09e3be,kit,Bogo saem allan.,He's babbling.,,Verbal Dictionary
a0cf40e6-c2e8-4a54-a7b8-c0a2015d3c50-ex1,a0cf40e6-c2e8-4a54-a7b8-c0a2015d3c50,kit,Mälla da saen dangesän.,The woman made a sign.,,Verbal Dictionary
6668c303-ad47-42cc-a5ad-3b9ec0a3ebc3-ex1,6668c303-ad47-42cc-a5ad-3b9ec0a3ebc3,kit,Däräng täräpang dagirnän ikop saeyang.,"The dog stayed there a long time, eyes closed.",SE-TN016 23.1,Verbal Dictionary
f83f0cf4-dd91-4dbc-9f1c-7f19fc59502d-ex1,f83f0cf4-dd91-4dbc-9f1c-7f19fc59502d,kit,Sana tɨt iran.,She is pounding the sago.,,Verbal Dictionary
f83f0cf4-dd91-4dbc-9f1c-7f19fc59502d-ex2,f83f0cf4-dd91-4dbc-9f1c-7f19fc59502d,kit,Sana ttäkoe eran.,She is chopping the sago tree.,,Verbal Dictionary
0b73b826-0148-41e7-ab19-7024dcba0652-ex1,0b73b826-0148-41e7-ab19-7024dcba0652,kit,Sanawang de yu da dättämän Kibobma me.,The fire burned the sago growing area in Kibobma.,Winson Warama,Verbal Dictionary
92b00087-e80b-4569-8816-1626a3b0b9a0-ex1,92b00087-e80b-4569-8816-1626a3b0b9a0,kit,Lla da ttongo sande makäp me mɨnyi täre we gonsärbemamalle.,People will be preparing for the feast for a week.,,Verbal Dictionary
7e5b7249-0855-42a1-87b4-756554276877-ex1,7e5b7249-0855-42a1-87b4-756554276877,kit,De lla da gagäll ikopang agan saomasaoma mättmättatt a.,That man looks good (lit. bad) in his armbands.,SE-LE054 73.1,Verbal Dictionary
010c9ae2-4101-4603-b9cd-5cf0ffb21044-ex1,010c9ae2-4101-4603-b9cd-5cf0ffb21044,kit,sapang ngättma we,to a different place,,Verbal Dictionary
010c9ae2-4101-4603-b9cd-5cf0ffb21044-ex2,010c9ae2-4101-4603-b9cd-5cf0ffb21044,kit,"Ddob oba masamasar a eragaeya, ddob oba sapang eka da dadegaeya.","Some of their ancestors, some of them had separate languages.",,Verbal Dictionary
010c9ae2-4101-4603-b9cd-5cf0ffb21044-ex3,010c9ae2-4101-4603-b9cd-5cf0ffb21044,kit,Bogo kollba de sapang dowansegän.,He put the fish aside.,,Verbal Dictionary
010c9ae2-4101-4603-b9cd-5cf0ffb21044-ex4,010c9ae2-4101-4603-b9cd-5cf0ffb21044,kit,Ubi sapang dag a ngämi ade sapang dag.,They are on their own and we (excl.) are also on our own.,,Verbal Dictionary
010c9ae2-4101-4603-b9cd-5cf0ffb21044-ex5,010c9ae2-4101-4603-b9cd-5cf0ffb21044,kit,Puinde ade obo sapang nyängang dägagän.,Puinde also had his personal bag.,,Verbal Dictionary
aa4f493d-ac4b-42e5-a63b-d2212bb29c33-ex1,aa4f493d-ac4b-42e5-a63b-d2212bb29c33,kit,sapasapang ttängäm att lla,people from many different places,,Verbal Dictionary
aa4f493d-ac4b-42e5-a63b-d2212bb29c33-ex2,aa4f493d-ac4b-42e5-a63b-d2212bb29c33,kit,Ddob melem a sapasapang dadegän.,There are a variety of other jobs.,,Verbal Dictionary
aa4f493d-ac4b-42e5-a63b-d2212bb29c33-ex3,aa4f493d-ac4b-42e5-a63b-d2212bb29c33,kit,Iba eka da gullem sapasapang pallall e dan.,Our (incl.) story is about various kinds of snakes.,,Verbal Dictionary
fdcb57a7-3112-43bb-a187-36d3e4c0758c-ex1,fdcb57a7-3112-43bb-a187-36d3e4c0758c,kit,Ngämlle sawe alle giri de nanttog.,Give me the knife with your left hand.,,Verbal Dictionary
a3f8deac-962c-45ea-a0b5-a8b347f09c76-ex1,a3f8deac-962c-45ea-a0b5-a8b347f09c76,kit,Bogo säkmällsäkmäll ibi allan.,He is walking with a limp.,,Verbal Dictionary
d359da78-3541-478c-8b82-e6d7bbdd68d6-ex1,d359da78-3541-478c-8b82-e6d7bbdd68d6,kit,Ngäna mermerang ansomägan.,I feel fine.,,Verbal Dictionary
d359da78-3541-478c-8b82-e6d7bbdd68d6-ex2,d359da78-3541-478c-8b82-e6d7bbdd68d6,kit,Obo pätt me gonsomonggän ada obo itrell de dektta llɨtt dägagän.,He felt in his body that the doctor had stopped his illness.,,Verbal Dictionary
32d2b1b4-347b-48cb-8ebf-086f1ff4a06a-ex1,32d2b1b4-347b-48cb-8ebf-086f1ff4a06a,kit,Ngämi ddäddäg de mɨnyi bäsnaemeyo säspen att.,We (excl.) will take out the meat from the pot.,,Verbal Dictionary
0b803e4b-15d9-4344-82bd-1996056abf5f-ex1,0b803e4b-15d9-4344-82bd-1996056abf5f,kit,"Bina makäp me ttongo aeya mɨnyi ngänäm sänge bagän, ttongo aeya duwem allan ngämo peyang.",One among you will betray me: the one who eats with me.,,Verbal Dictionary
c9f61695-c564-4e82-8f93-9071ccf592bb-ex1,c9f61695-c564-4e82-8f93-9071ccf592bb,kit,Bibiae mätta de kemibi era säpaleng alle de ikoman.,Bibiae brought many yams with the spalek bag.,SE-LE054 104.1,Verbal Dictionary
4a903f75-41f5-45d7-a98d-e7607268639c-ex1,4a903f75-41f5-45d7-a98d-e7607268639c,kit,Käza da kollba bo sära de däddägän.,The crocodile ate the fish tail.,,Verbal Dictionary
d52c179a-0cce-43ef-b8d0-f76f78abbecc-ex1,d52c179a-0cce-43ef-b8d0-f76f78abbecc,kit,Tämamae ansärbemom!,"Everyone, get ready!",,Verbal Dictionary
d52c179a-0cce-43ef-b8d0-f76f78abbecc-ex2,d52c179a-0cce-43ef-b8d0-f76f78abbecc,kit,Ngäna ada ngonongg allan ada malla bongo särämbaeatt dan.,I think that you are not prepared.,,Verbal Dictionary
9b33ac7f-35c1-48f9-926a-ded032dde6e7-ex1,9b33ac7f-35c1-48f9-926a-ded032dde6e7,kit,"Ubi oba gall me dagwaeya, gull de dansärämbenegneyo.","The two of them were in their canoe, preparing their nets.",,Verbal Dictionary
9b33ac7f-35c1-48f9-926a-ded032dde6e7-ex2,9b33ac7f-35c1-48f9-926a-ded032dde6e7,kit,Ngäna obo pätt de nansärämbeyan au we.,I prepared his body for burial.,,Verbal Dictionary
f4a1f6ac-2796-4d70-b291-4823045e4160-ex1,f4a1f6ac-2796-4d70-b291-4823045e4160,kit,Ngämlle mokowang melem dan lla bo buddo särämbae.,I enjoy the task of solving people's problems.,,Verbal Dictionary
5ef6bdf2-3064-44b5-a73b-4791f7013f1e-ex1,5ef6bdf2-3064-44b5-a73b-4791f7013f1e,kit,Ause da säre kullkull de daempononggän tämamae.,The old woman sadly burned all the grass.,,Verbal Dictionary
fd9d67d9-7e8f-40f0-bfd9-cb3bb031dd4c-ex1,fd9d67d9-7e8f-40f0-bfd9-cb3bb031dd4c,kit,ag särem me,at dawn (lit. in the dark of morning),,Verbal Dictionary
fd9d67d9-7e8f-40f0-bfd9-cb3bb031dd4c-ex2,fd9d67d9-7e8f-40f0-bfd9-cb3bb031dd4c,kit,Särem a dangttanän ttängäm de.,Darkness came over the village.,,Verbal Dictionary
b41530c4-aeb3-4794-bb5b-b8d70483418a-ex1,b41530c4-aeb3-4794-bb5b-b8d70483418a,kit,Iddob me ttängäm a säremang abal gogän.,"At night, the village became very dark.",,Verbal Dictionary
b41530c4-aeb3-4794-bb5b-b8d70483418a-ex2,b41530c4-aeb3-4794-bb5b-b8d70483418a,kit,Llamäg o mällause täräp me iba ikop a mɨnyi säremang bognegän.,"In old age, our (incl.) eyes will go dim.",,Verbal Dictionary
b9470de7-17c3-4c61-9bd5-53d7e98867ca-ex1,b9470de7-17c3-4c61-9bd5-53d7e98867ca,kit,Ngämi säremsärem giddollnenang dagaeya.,We (excl.) were living in darkness.,,Verbal Dictionary
546b9180-2d0a-442d-81a2-fb40e1b471be-ex1,546b9180-2d0a-442d-81a2-fb40e1b471be,kit,Gosäsneyo obaoba.,They were rubbing each other.,,Verbal Dictionary
3bc2b87d-c31c-461a-952f-d464a41f658f-ex1,3bc2b87d-c31c-461a-952f-d464a41f658f,kit,Ngämi ddäddäg de mɨnyi bäsnaemeyo säspen att.,We (excl.) will take out the meat from the pot.,,Verbal Dictionary
98c64d7f-f447-44ad-bf86-f7a69de63334-ex1,98c64d7f-f447-44ad-bf86-f7a69de63334,kit,"Ede ge ddia de däbänya wa dikomya ma we, ngäma sespen dägayaebeya wa däddägaebeya.","So we (excl.) cut that deer, and brought it home, boiled it, and ate it.",WE-ST008 6.3,Verbal Dictionary
0f08f7d4-e781-4976-9397-288b3ae478d4-ex1,0f08f7d4-e781-4976-9397-288b3ae478d4,kit,Se imomdae dan.,"Yes, this story is true.",,Verbal Dictionary
5d9f72e4-0770-47a4-bb6d-bb59b8c310f3-ex1,5d9f72e4-0770-47a4-bb6d-bb59b8c310f3,kit,Angde bogo ma we bongttägän tämamae lla de sebor bägnegän.,"When she comes to the village, she greets every person.",,Verbal Dictionary
aaa385fd-fd34-4826-8791-f8d72155756a-ex1,aaa385fd-fd34-4826-8791-f8d72155756a,kit,Mälla da llo de seborsebor bägayaebneyo.,The women will welcome the men.,,Verbal Dictionary
5bb0d487-a6db-4c8b-95fd-e4e8f44ec5ba-ex1,5bb0d487-a6db-4c8b-95fd-e4e8f44ec5ba,kit,Ngämo nyäng sek nägaeyo.,[You all] check my bag.,,Verbal Dictionary
a9d36b51-682f-4de0-816c-2554d1dd479e-ex1,a9d36b51-682f-4de0-816c-2554d1dd479e,kit,Bogo obo otät de sel anggan.,He's selling his food.,,Verbal Dictionary
d488ffd5-147a-45ef-be5d-b9165a76edb2-ex1,d488ffd5-147a-45ef-be5d-b9165a76edb2,kit,"Polis a namllamallo lla de ngämo gänye nätramallo, sel ma ik i nazänallo.",The police took my husband and put him in the cell.,,Verbal Dictionary
3e4bbc62-aa1b-4672-ac2d-f572238ebc75-ex1,3e4bbc62-aa1b-4672-ac2d-f572238ebc75,kit,sem ekawang lla,person who speaks the same language,,Verbal Dictionary
08a3581a-b1b3-4a47-b0b4-42caa1851fff-ex1,08a3581a-b1b3-4a47-b0b4-42caa1851fff,kit,Bin a sens gogon.,The name changed.,,Verbal Dictionary
08a3581a-b1b3-4a47-b0b4-42caa1851fff-ex2,08a3581a-b1b3-4a47-b0b4-42caa1851fff,kit,Eka kutt di sens erallo.,They are changing the word.,,Verbal Dictionary
a37fbaaf-e4b3-48fa-9bf4-5ba89fa22542-ex1,a37fbaaf-e4b3-48fa-9bf4-5ba89fa22542,kit,Obom sens dägagän.,He exchanged her for marriage.,,Verbal Dictionary
db8c4664-ac66-4789-b92c-c421c2c2e494-ex1,db8c4664-ac66-4789-b92c-c421c2c2e494,kit,Ngämlle mɨnyi ngämo nag wätät yuatt singoll bagän.,My friend will share cooked food with me.,,Verbal Dictionary
c673ffa9-2c53-45a7-bbad-86a157c21f9b-ex1,c673ffa9-2c53-45a7-bbad-86a157c21f9b,kit,Bogo wel singosingol dallän.,He went windward.,,Verbal Dictionary
03ff408d-aee0-46a4-ab5d-67c989cf785e-ex1,03ff408d-aee0-46a4-ab5d-67c989cf785e,kit,Ibi sisiri Yesu bo sip dag.,We are now Jesus' sheep.,,Verbal Dictionary
9e139eb3-94b5-4d29-be84-73f7a43a68a3-ex1,9e139eb3-94b5-4d29-be84-73f7a43a68a3,kit,Angde pos ganen a gottamänän ngäna sipel gog.,"When the post planting finished, I took a rest.",WE-ST013 1.6,Verbal Dictionary
59cb0d5c-2e59-4688-b1e5-a7d27aff725c-ex1,59cb0d5c-2e59-4688-b1e5-a7d27aff725c,kit,"Känazbag, ngäna mɨnyi bibra sisor ttoenttoen de bɨllɨt.","Tomorrow, I will tell you a new story.",,Verbal Dictionary
ad9cf762-fe81-4ed2-bbdd-f889f59e12d3-ex1,ad9cf762-fe81-4ed2-bbdd-f889f59e12d3,kit,sisor lla,young people,,Verbal Dictionary
9c0e42e0-ef83-436b-ad19-795186d756de-ex1,9c0e42e0-ef83-436b-ad19-795186d756de,kit,Mo da sisri ttäkam allan.,The bridge is breaking now.,,Verbal Dictionary
7c64d0c4-37b2-444b-852c-b1eae3b16129-ex1,7c64d0c4-37b2-444b-852c-b1eae3b16129,kit,sɨmell mägda,sow,,Verbal Dictionary
d9232dc2-d497-4c22-8161-665bca6cc07c-ex1,d9232dc2-d497-4c22-8161-665bca6cc07c,kit,Ngäna tos de dɨs.,I turned off the light.,,Verbal Dictionary
82fa0390-33de-4503-b0e3-93fc22db8244-ex1,82fa0390-33de-4503-b0e3-93fc22db8244,kit,Ubi komllaebmae ansllollonggallo duliballe.,The two of them sat close together on that side.,,Verbal Dictionary
c5d5c3ad-c509-47bd-9a2b-5c3395163dfe-ex1,c5d5c3ad-c509-47bd-9a2b-5c3395163dfe,kit,Iba sokpa dag gänyme gall toko me nanen e,Our (incl.) cigarettes are here on the canoe for smoking.,,Verbal Dictionary
e939e4d8-8c04-4c9a-aeea-cae2dc9358d6-ex1,e939e4d8-8c04-4c9a-aeea-cae2dc9358d6,kit,Ongg kame ako dasäroeyän.,Ongg tried it again.,,Verbal Dictionary
e939e4d8-8c04-4c9a-aeea-cae2dc9358d6-ex2,e939e4d8-8c04-4c9a-aeea-cae2dc9358d6,kit,Ubi mɨnyi oba mängall alle bosroenegnän ngämene eka ngänaem e.,They will be trying hard to understand my words.,,Verbal Dictionary
76c822bc-c13a-4fe4-a0f9-bb693e8e0cb3-ex1,76c822bc-c13a-4fe4-a0f9-bb693e8e0cb3,kit,Ubi ngonoe eka walle obom dasroeyo.,They challenged him with a question.,,Verbal Dictionary
76c822bc-c13a-4fe4-a0f9-bb693e8e0cb3-ex2,76c822bc-c13a-4fe4-a0f9-bb693e8e0cb3,kit,Bogo dedme poti ebdo dagirnän a saeten dasroenän.,He stayed there for forty days and Satan was tempting him.,,Verbal Dictionary
76098f59-7093-4d04-84e0-d5139c3a7bea-ex1,76098f59-7093-4d04-84e0-d5139c3a7bea,kit,"Amo bun da soroe me mullae gogalle, bogo mɨnyi dallalle tuk skul e.",He who does well on the test will go to secondary school.,,Verbal Dictionary
dd0c59af-a4b0-4157-96e6-09ca9d70e645-ex1,dd0c59af-a4b0-4157-96e6-09ca9d70e645,kit,Tämamae wiyamom sos e.,"Everyone, come to church.",,Verbal Dictionary
dcfd9cf2-862c-491e-93c6-ca028320adf1-ex1,dcfd9cf2-862c-491e-93c6-ca028320adf1,kit,Sɨmell a kuddäll a guspunän.,The pig fell down dead.,,Verbal Dictionary
dcfd9cf2-862c-491e-93c6-ca028320adf1-ex2,dcfd9cf2-862c-491e-93c6-ca028320adf1,kit,Kakoll a obo ttang atta aspunan.,The plate fell from his hand.,,Verbal Dictionary
dcfd9cf2-862c-491e-93c6-ca028320adf1-ex3,dcfd9cf2-862c-491e-93c6-ca028320adf1,kit,Yäbäd a zäme guspunmällnän.,The sun was already setting.,,Verbal Dictionary
4f2edd63-10c4-4835-980b-6bd1bef61fa6-ex1,4f2edd63-10c4-4835-980b-6bd1bef61fa6,kit,Däbe llɨg walle we guspunän.,That boy jumped into the water.,,Verbal Dictionary
ed4ca210-1e37-4fc6-be95-25236a51b998-ex1,ed4ca210-1e37-4fc6-be95-25236a51b998,kit,Ngämi tudi daspullaemnalla.,We (excl.) started throwing fishing lines.,,Verbal Dictionary
ed4ca210-1e37-4fc6-be95-25236a51b998-ex2,ed4ca210-1e37-4fc6-be95-25236a51b998,kit,Ako kame kakoll de katkatre toko we naspullan mängall e enanae opallknegan.,"Again, she threw the dishes on top of the table forcefully and they finally broke.",,Verbal Dictionary
ed4ca210-1e37-4fc6-be95-25236a51b998-ex3,ed4ca210-1e37-4fc6-be95-25236a51b998,kit,Ibi mɨnyi damärärmae toboll baspunigalla.,We (incl.) will both shoot arrows at the same time.,,Verbal Dictionary
2b349d4e-d54c-4322-9c3d-d0a48272096e-ex1,2b349d4e-d54c-4322-9c3d-d0a48272096e,kit,Ttoe de naspunan.,He removed the skin.,,Verbal Dictionary
4cf35820-a2ca-4317-a401-aeaf32324569-ex1,4cf35820-a2ca-4317-a401-aeaf32324569,kit,Gull tupi di stoa me llädnan amallo.,They bought long nets in the store.,,Verbal Dictionary
ae71a939-12de-46d8-a19f-2126cfc7b0ec-ex1,ae71a939-12de-46d8-a19f-2126cfc7b0ec,kit,Su eka midd a zäme bina pate indrang gognegän.,The secret meaning has already been revealed to you all.,,Verbal Dictionary
cbbcf95a-0082-4cc1-8b59-9b0ac5e226e3-ex2,cbbcf95a-0082-4cc1-8b59-9b0ac5e226e3,kit,Yokon wälläng e dallän suwe ma.,Yokon went to the bush to pee.,,Verbal Dictionary
08181a0d-22ec-4fe6-890c-8622b899b35b-ex1,08181a0d-22ec-4fe6-890c-8622b899b35b,kit,Tab de obo pate dangesän.,She made him a promise.,,Verbal Dictionary
7edefcff-0b20-42c3-b15c-e4bc79bee83e-ex1,7edefcff-0b20-42c3-b15c-e4bc79bee83e,kit,Ngäna bibim tab anggan.,I promise you all.,,Verbal Dictionary
00d3805e-05ac-445e-8d03-64d4a7f97d1c-ex1,00d3805e-05ac-445e-8d03-64d4a7f97d1c,kit,Ngäna kollba de tada walle iringän eran.,I am catching the fish with the trap.,,Verbal Dictionary
147e16d1-f2f5-48da-bba5-c7d6e5da8037-ex1,147e16d1-f2f5-48da-bba5-c7d6e5da8037,kit,ddob taem me,sometimes,,Verbal Dictionary
21c28957-79c5-4a37-a39c-4300e27fbaa7-ex1,21c28957-79c5-4a37-a39c-4300e27fbaa7,kit,Bogo mɨnyi tuk me ulle abal känttatt de yantepägän.,He will show you all a very large bedroom upstairs.,,Verbal Dictionary
21c28957-79c5-4a37-a39c-4300e27fbaa7-ex2,21c28957-79c5-4a37-a39c-4300e27fbaa7,kit,Adi gontepägän obo täbatäbe de.,God revealed his plan.,,Verbal Dictionary
d87721e5-6e98-498f-806f-96f7c6856ca7-ex1,d87721e5-6e98-498f-806f-96f7c6856ca7,kit,Ttongdae ebdo meae bode do Malläm me talme gogän.,She gave birth in Malläm on the same day.,,Verbal Dictionary
d87721e5-6e98-498f-806f-96f7c6856ca7-ex2,d87721e5-6e98-498f-806f-96f7c6856ca7,kit,Obom talme dägagän.,She gave birth to her.,,Verbal Dictionary
48f6c5a4-783d-4699-bc77-9690ca003403-ex1,48f6c5a4-783d-4699-bc77-9690ca003403,kit,Ngäna bam bantemeny walle gllangglla de.,I'm going to teach you to swim.,,Verbal Dictionary
48f6c5a4-783d-4699-bc77-9690ca003403-ex2,48f6c5a4-783d-4699-bc77-9690ca003403,kit,Yesu ubira yuwog abal ttoen de sanawang eka walle däntamenynegnän.,Jesus was teaching them many things using parables.,,Verbal Dictionary
cf8a43f4-c87f-4340-a6e0-6024e569e564-ex1,cf8a43f4-c87f-4340-a6e0-6024e569e564,kit,utale kanong,a bit far,,Verbal Dictionary
ee9df4d7-3d7e-4b00-b297-72bd56b6d333-ex1,ee9df4d7-3d7e-4b00-b297-72bd56b6d333,kit,Bogo gotarnän ma da däbe yunu danteralle.,"She slept over, guarding that house.",,Verbal Dictionary
386d5adf-f237-43e1-a16b-945c530e64f3-ex1,386d5adf-f237-43e1-a16b-945c530e64f3,kit,Ngäma mäda bi giri alle topoll bo tanyib de dupoaemallo a ngäma mɨllɨng e dapoaemallo.,Our (excl.) fathers used to sharpen the phalanges of a flying fox with a knife and pierce our noses.,,Verbal Dictionary
9bcb2f5c-f23c-4009-a429-d66a11310bcc-ex1,9bcb2f5c-f23c-4009-a429-d66a11310bcc,kit,ttongo taosen tukituki,more than one thousand,,Verbal Dictionary
5ba6b4d6-2d58-4597-b3cb-6a28459d5314-ex1,5ba6b4d6-2d58-4597-b3cb-6a28459d5314,kit,Tapnen de gongkaemallo.,They started the harvest.,,Verbal Dictionary
5ba6b4d6-2d58-4597-b3cb-6a28459d5314-ex2,5ba6b4d6-2d58-4597-b3cb-6a28459d5314,kit,Dätepän.,He harvested it.,,Verbal Dictionary
ec8bd843-4d73-4879-964b-32830a44184a-ex1,ec8bd843-4d73-4879-964b-32830a44184a,kit,Gall de tap dägageya wa ma we deyareya inu we.,We docked the boat and returned home to sleep.,WE-ST009 2.9,Verbal Dictionary
b5ffa24b-724f-47f4-b911-59e2dd6244a4-ex1,b5ffa24b-724f-47f4-b911-59e2dd6244a4,kit,Ubi mängalae gall tapma we dagllaeyo.,We (incl.) paddled quickly to the canoe dock.,,Verbal Dictionary
57c90d74-be48-4b5d-b1e2-205f76e7bc6b-ex1,57c90d74-be48-4b5d-b1e2-205f76e7bc6b,kit,Llo ttam a tarketarke dag.,The leaves are brittle.,,Verbal Dictionary
cc4f4bc2-3478-4f0f-ab73-fe7552451e95-ex1,cc4f4bc2-3478-4f0f-ab73-fe7552451e95,kit,Kathy bo tarko da Mome aenen.,Kathy's tarko is Mome.,,Verbal Dictionary
923a232c-98a7-47ed-9ab2-1f059e1927d6-ex1,923a232c-98a7-47ed-9ab2-1f059e1927d6,kit,Bogo nyongo tata me dägabällän.,She stood at the road junction.,,Verbal Dictionary
bedaab4f-53a6-4f0f-97f8-db0c6b89b791-ex1,bedaab4f-53a6-4f0f-97f8-db0c6b89b791,kit,Tatraem de gondärän.,She heard the noise.,,Verbal Dictionary
bedaab4f-53a6-4f0f-97f8-db0c6b89b791-ex2,bedaab4f-53a6-4f0f-97f8-db0c6b89b791,kit,De dräm de aeya tatäraem eran?,Who's making noise in the drum?,,Verbal Dictionary
367214fb-4841-4adb-b627-f383cffa260c-ex1,367214fb-4841-4adb-b627-f383cffa260c,kit,Gaem ai tater gollaeb de inen anggan.,Gaem is weaving many mats.,SE-LE054 197.1,Verbal Dictionary
2c75e56e-0f82-41f4-b312-9c86f8641116-ex1,2c75e56e-0f82-41f4-b312-9c86f8641116,kit,Ubi oba iddpo de däternegeyo dongki bo ddäg toko me.,They spread out their cloaks over the donkey's back.,,Verbal Dictionary
b6e68ac1-3d1f-496a-85bd-f889e7ccf4a5-ex1,b6e68ac1-3d1f-496a-85bd-f889e7ccf4a5,kit,Ubi obaoba tatu anggan.,They are washing each other.,,Verbal Dictionary
b6e68ac1-3d1f-496a-85bd-f889e7ccf4a5-ex2,b6e68ac1-3d1f-496a-85bd-f889e7ccf4a5,kit,Bogo tatu agan.,She bathed.,,Verbal Dictionary
82b42f13-c79f-48f8-ad96-506af481a572-ex1,82b42f13-c79f-48f8-ad96-506af481a572,kit,tatutatu giddollnen,living cleanly,,Verbal Dictionary
09a22296-48a8-4167-a96e-c6bad2d18d6e-ex1,09a22296-48a8-4167-a96e-c6bad2d18d6e,kit,Sana peyang nyänggae ma nge da imomdae gänyan tawekutt a.,The right coconut to mix with sago is this tawekutt.,Tonny Warama,Verbal Dictionary
306b7518-3e96-4b9a-9c55-02508f708274-ex1,306b7518-3e96-4b9a-9c55-02508f708274,kit,Ngäna tätäm kukullang me ttongo ttall de tawe ttäp alle dazu.,"Yesterday, I shot one wallaby in the grassfire with the tawe ttäp arrow.",SE-LE054 58.1,Verbal Dictionary
99ed97c7-c70c-4403-844d-0e969b97f54d-ex1,99ed97c7-c70c-4403-844d-0e969b97f54d,kit,sip ikop täbaebag,shepherd,,Verbal Dictionary
7f92fe4b-ec0e-43b0-b7a8-4497f2015006-ex1,7f92fe4b-ec0e-43b0-b7a8-4497f2015006,kit,Ngäna gotäba ngämo nge ibeny e.,I planned to plant my coconut.,,Verbal Dictionary
7a5a89b4-eb29-478b-a552-1aa70d03382f-ex1,7a5a89b4-eb29-478b-a552-1aa70d03382f,kit,Ngämi diba toto me ngäma täbatäbe de dangeseya iddob me ddia ma koenmäll e.,We (excl.) made the plan that evening to chase the deer at night.,,Verbal Dictionary
9d3b5f7c-8b81-45b2-9f40-bfc9d749fbaa-ex1,9d3b5f7c-8b81-45b2-9f40-bfc9d749fbaa,kit,Eran ngämo täbädd känttatt a erame?,Where is my guest room?,,Verbal Dictionary
264cbe95-f50e-44cf-b0ef-ff788444d557-ex1,264cbe95-f50e-44cf-b0ef-ff788444d557,kit,Ubi obom tutu we dirngäneyo a ingoll dätägabeyo ine gollab e obo bod att.,They pulled her onto land and turned her upside down so the water would come out of her mouth.,,Verbal Dictionary
3aa2f421-6893-4648-bd5c-659d620c1f4f-ex1,3aa2f421-6893-4648-bd5c-659d620c1f4f,kit,kollba täkäll,fish fin,,Verbal Dictionary
f57805f0-9e95-453b-829c-de0298ad448c-ex1,f57805f0-9e95-453b-829c-de0298ad448c,kit,ddia täkäll,deer horn,,Verbal Dictionary
fef9b78f-3052-4309-8ac8-6beca5062cd5-ex1,fef9b78f-3052-4309-8ac8-6beca5062cd5,kit,siporo täkäll,lemon thorns,,Verbal Dictionary
89b53c11-3de7-41ed-b183-a0d149eb8756-ex1,89b53c11-3de7-41ed-b183-a0d149eb8756,kit,"Bogo dallän ikopse we, dantlinigän däbem eka dae.","He went to pray, repeating just those words.",,Verbal Dictionary
43424c24-d183-4026-8522-c59e7e3460a7-ex1,43424c24-d183-4026-8522-c59e7e3460a7,kit,Bogo atälpeyan.,He volunteered.,,Verbal Dictionary
fe679bcf-1bf6-46b3-ac1a-b9a565003171-ex1,fe679bcf-1bf6-46b3-ac1a-b9a565003171,kit,"tämamae ngalen, tämamae lla","everything, everyone",,Verbal Dictionary
fe679bcf-1bf6-46b3-ac1a-b9a565003171-ex2,fe679bcf-1bf6-46b3-ac1a-b9a565003171,kit,Kollba da tämamae dadrowän.,All the fish died.,,Verbal Dictionary
d4bc8e4e-4e26-4197-8687-7fb7eefb641e-ex1,d4bc8e4e-4e26-4197-8687-7fb7eefb641e,kit,tämamae bem gallgall,the entire coastline,,Verbal Dictionary
e5864fa8-f2ea-4615-b98c-83a239637854-ex1,e5864fa8-f2ea-4615-b98c-83a239637854,kit,"Ause da bom däntäbemenyän, ""Abo bongo goeg de naemponomeny.""","The old woman instructed him, ""You must burn the garden.""",,Verbal Dictionary
755fdb3a-abdb-4cb5-be41-ff02aaa35001-ex1,755fdb3a-abdb-4cb5-be41-ff02aaa35001,kit,Bongo ewatta ke ngänäm nantäpeyamalle?,Why have you abandoned me?,,Verbal Dictionary
755fdb3a-abdb-4cb5-be41-ff02aaa35001-ex2,755fdb3a-abdb-4cb5-be41-ff02aaa35001,kit,Paelet Yesu bom Rom mäk lla yaba pate däntäpeyamän ddänggaddängge we.,Pilate gave Jesus up to the Roman soldiers to be crucified.,,Verbal Dictionary
44e3d5b5-462f-4499-827f-787f8e0082c2-ex1,44e3d5b5-462f-4499-827f-787f8e0082c2,kit,Ende tän,the Ende people,,Verbal Dictionary
44f2e6cf-f652-4a0d-836c-c0117bae6edd-ex1,44f2e6cf-f652-4a0d-836c-c0117bae6edd,kit,Ngämi lla tän dag.,We (excl.) are of the same clan.,,Verbal Dictionary
e5d47b09-9c05-4eee-bada-51dcf7d8bac2-ex1,e5d47b09-9c05-4eee-bada-51dcf7d8bac2,kit,Ekaklle de suwe näntägan.,He peed on the ground.,,Verbal Dictionary
714ef98b-6585-4685-899f-069e0e333624-ex1,714ef98b-6585-4685-899f-069e0e333624,kit,Sana täp a tupi dan.,The sago shoot is long.,Kauga Dobola,Verbal Dictionary
de5af1df-c642-43f1-a958-36829fb34cf4-ex1,de5af1df-c642-43f1-a958-36829fb34cf4,kit,Llɨg a täpetäpe gognegnän yogoll me.,The kids were getting muddy in the rain.,,Verbal Dictionary
fac130ac-2733-4def-a182-a5a7d047e846-ex1,fac130ac-2733-4def-a182-a5a7d047e846,kit,Masar tätäm täp gazenatt sana de nagda bälle dantepägän.,"Yesterday, grandfather showed a flowering sago to his friend.",Winson Warama,Verbal Dictionary
a15d380a-5cc1-449a-8cc0-20001fa64224-ex1,a15d380a-5cc1-449a-8cc0-20001fa64224,kit,Ngäna obo nying kollop tär de mɨnyi bäpitkaeneg.,I will untie his sandal laces.,,Verbal Dictionary
87755da8-b79d-4551-ad28-fe35699411b8-ex1,87755da8-b79d-4551-ad28-fe35699411b8,kit,Ematta kollbameny abal angttägalle ma we? Bäne tämamae tära nägnegalle.,Why did you return home without any fish? You finished them all.,,Verbal Dictionary
10cc67b7-0502-4d58-ac39-eee7926858cf-ex1,10cc67b7-0502-4d58-ac39-eee7926858cf,kit,Bogo dindugän do kukiny mama de ikop dägagän dibaeya däbe ik e gotärakän do gotägolän.,He ran to a pile of tall grass that he saw and went inside and hid there.,SE-TN016 22.1,Verbal Dictionary
4d5c7247-306c-4b0e-92d1-37ae85e6f479-ex1,4d5c7247-306c-4b0e-92d1-37ae85e6f479,kit,Ngäna pakos de pop nyongo dae dätrak.,I put the pakos spear through the hole.,,Verbal Dictionary
1efa55a4-0c31-4cc7-a478-4d21786f74a9-ex1,1efa55a4-0c31-4cc7-a478-4d21786f74a9,kit,Kwakmae obom dätramän walle we.,Kwakmae led him to the water.,WE-ST010 2.1,Verbal Dictionary
1efa55a4-0c31-4cc7-a478-4d21786f74a9-ex2,1efa55a4-0c31-4cc7-a478-4d21786f74a9,kit,Ine da obom dätramän do Dowan tutu.,The water carried him to Dowan mountain.,,Verbal Dictionary
1efa55a4-0c31-4cc7-a478-4d21786f74a9-ex3,1efa55a4-0c31-4cc7-a478-4d21786f74a9,kit,Ubi bibim mɨnyi kwatt e yatraemneyo.,They will take you all to court.,,Verbal Dictionary
1efa55a4-0c31-4cc7-a478-4d21786f74a9-ex4,1efa55a4-0c31-4cc7-a478-4d21786f74a9,kit,Polis a obom täram erallo daolle.,The police are taking him away.,,Verbal Dictionary
3d50e2a0-b3b3-4930-9c75-79f7ba153d67-ex1,3d50e2a0-b3b3-4930-9c75-79f7ba153d67,kit,Ge tärängesa da sɨmell bod ik i gozenän.,This pinky went in the pig's mouth.,,Verbal Dictionary
6a7039a7-1fdb-431d-a81e-898d3a414ddd-ex1,6a7039a7-1fdb-431d-a81e-898d3a414ddd,kit,"Grace kollba kälsäre de daspunän walle we, be mälla da tämamae angde ikop dägageyo, ubi Grace bom dantärageyo ada, ""Kollba de supun a mudan!""","Grace threw the small fish back into the water, but when all the women saw her, they held her back, saying, ""Don't throw back the fish!""",,Verbal Dictionary
db8f8a69-b513-4b34-9a82-6db4c9bad557-ex1,db8f8a69-b513-4b34-9a82-6db4c9bad557,kit,Bina patme auli sana täräk yuwatt dag?,How many bundles of cooked sago do you all have?,,Verbal Dictionary
f1cd6250-6451-4d4c-ad55-f4554372d648-ex1,f1cd6250-6451-4d4c-ad55-f4554372d648,kit,Kurupel llamda de dägmar täräll dägnegän.,Kurupel stuck out his tongue at the old man.,,Verbal Dictionary
a2e76895-9b4d-411f-b0f7-efafeb41a477-ex1,a2e76895-9b4d-411f-b0f7-efafeb41a477,kit,Ine kutt me ine da täränga dan.,The water in the bucket is low.,,Verbal Dictionary
b24ce473-446b-46c2-a20b-6c797812cbbd-ex1,b24ce473-446b-46c2-a20b-6c797812cbbd,kit,Ma we ibi täräp.,It's time to go home.,,Verbal Dictionary
3165707a-58e9-4a01-97f5-76764316d969-ex1,3165707a-58e9-4a01-97f5-76764316d969,kit,Sɨmell de täräp dägagän.,She portioned out the pig.,,Verbal Dictionary
65146413-99d7-4020-925e-355d2ba5325a-ex1,65146413-99d7-4020-925e-355d2ba5325a,kit,Lla da ttongo sande makäp me mɨnyi täre we gonsärbemamalle.,People took one week to prepare for the feast.,,Verbal Dictionary
02bdc929-45d0-4773-bffa-5eb203d6fa69-ex1,02bdc929-45d0-4773-bffa-5eb203d6fa69,kit,tärnetärneang dan,he is pecking,,Verbal Dictionary
15040851-cb0c-48fe-9abb-a53bb0e0b16a-ex1,15040851-cb0c-48fe-9abb-a53bb0e0b16a,kit,Ubi yuwog abal llo de datärpaemaemeyo walle me.,They put many sticks across the water.,,Verbal Dictionary
0b1ac7fa-f056-4e8f-87b4-71e0ccff0316-ex1,0b1ac7fa-f056-4e8f-87b4-71e0ccff0316,kit,Ubi Yesu bom datärpameyo.,They crucified Jesus.,,Verbal Dictionary
f6c6ec6f-66fb-4609-b3f0-520981c626f1-ex1,f6c6ec6f-66fb-4609-b3f0-520981c626f1,kit,llo tärpamatt toko me,on top of the wooden cross,,Verbal Dictionary
7bf6ae24-3ce4-4ca5-b3bb-24a270a8d65f-ex1,7bf6ae24-3ce4-4ca5-b3bb-24a270a8d65f,kit,Nyongo da tärpi dan.,The road is slippery.,,Verbal Dictionary
c4a0f9d8-f81f-4afe-bd6e-0697afc0ff95-ex1,c4a0f9d8-f81f-4afe-bd6e-0697afc0ff95,kit,Ngäna kumuddäga ttägäll käp tärpitärpi de nabllenegan.,I found three smooth stones.,,Verbal Dictionary
22d30600-e66e-41dd-a615-b25b91465a4d-ex1,22d30600-e66e-41dd-a615-b25b91465a4d,kit,llo palltapallta torpoll me,on a flat piece of wood,,Verbal Dictionary
47608dbc-1626-4aae-93fc-ff27ce7d902e-ex1,47608dbc-1626-4aae-93fc-ff27ce7d902e,kit,Ngänäm tät alle datrameyo.,They carried me with a stretcher.,,Verbal Dictionary
d6906bd3-1269-4a63-b8f4-87f6c12bc36a-ex1,d6906bd3-1269-4a63-b8f4-87f6c12bc36a,kit,sɨmell tätän,pork rib,,Verbal Dictionary
9ea7fadf-c744-474e-8b77-a7759798fafa-ex1,9ea7fadf-c744-474e-8b77-a7759798fafa,kit,Käza da aittan Martin bo tätän me.,The crocodile was caught in Martin's trap.,,Verbal Dictionary
62935b82-230f-4657-8de0-95f83a5413f4-ex1,62935b82-230f-4657-8de0-95f83a5413f4,kit,Bogo tätäp de umllang gogän.,He felt pain.,,Verbal Dictionary
f9582a34-6e22-4810-9127-a08712bfb5e8-ex1,f9582a34-6e22-4810-9127-a08712bfb5e8,kit,Ibi goeg tatäräp e.,Let's go to the garden to cut down trees.,WE-ST051 6.1,Verbal Dictionary
f9582a34-6e22-4810-9127-a08712bfb5e8-ex2,f9582a34-6e22-4810-9127-a08712bfb5e8,kit,Ngäna ngämo llan de yatärpänan.,I cut my ears.,,Verbal Dictionary
266bd3c5-1a0c-462b-905a-731308b77cc9-ex1,266bd3c5-1a0c-462b-905a-731308b77cc9,kit,Minong gänyaollemae ditäräpmällnän ngämo pate.,Minong took a shortcut this way towards me.,,Verbal Dictionary
4046d81b-f266-4fc6-846d-512ba7cbaf89-ex1,4046d81b-f266-4fc6-846d-512ba7cbaf89,kit,Ngäna yäbäd tätäräp atta gäba we inggol allan.,I am moving to the shade because of the sun's heat.,,Verbal Dictionary
4046d81b-f266-4fc6-846d-512ba7cbaf89-ex2,4046d81b-f266-4fc6-846d-512ba7cbaf89,kit,"Yäbäd a ebdo kälakälae tätäräpang dan, be iddob ag mer dan zanggae e.","The sun is a bit hot during the day, but the night or morning are good for roaming.",,Verbal Dictionary
855122c3-4199-420c-b216-2baf2b15467e-ex1,855122c3-4199-420c-b216-2baf2b15467e,kit,Käsre dibaballe ada gogon goträkän.,"Then from there, he went underneath.",WE-ST020 1.22,Verbal Dictionary
04361d98-f80d-46c0-b986-7d09d7c40d4b-ex1,04361d98-f80d-46c0-b986-7d09d7c40d4b,kit,Ngämo giri de käza bo ume ttäp e däträkne.,I was pushing in my knife into the crocodile's mouth.,,Verbal Dictionary
7aff3d48-dadc-48e7-9c9a-226957619d34-ex1,7aff3d48-dadc-48e7-9c9a-226957619d34,kit,teks mani ngällbänanang lla,tax collector,,Verbal Dictionary
eca5bcce-f575-4051-ad0c-e9acc160e63c-ex1,eca5bcce-f575-4051-ad0c-e9acc160e63c,kit,Lla da tater de mɨnyi bitergonyeyo.,The people will spread mats.,,Verbal Dictionary
53384339-62dd-4d7a-82fd-169c2b120c40-ex1,53384339-62dd-4d7a-82fd-169c2b120c40,kit,Lla da ttongo lla de aiyei abal tikopmeny nägagan.,The man really scared the other man.,,Verbal Dictionary
53384339-62dd-4d7a-82fd-169c2b120c40-ex2,53384339-62dd-4d7a-82fd-169c2b120c40,kit,Madura tikopmeny gogän.,Madura was startled.,,Verbal Dictionary
6b5ebc55-a935-4631-bdf6-746c72390561-ex1,6b5ebc55-a935-4631-bdf6-746c72390561,kit,Ibi mɨnyi toboll de bitimänmällnegalla.,We (incl.) will be firing arrows.,,Verbal Dictionary
5c7f1ec0-cc04-45ac-aca5-fcb17d7f392e-ex1,5c7f1ec0-cc04-45ac-aca5-fcb17d7f392e,kit,Ekaklle ulle bo timän a dowae abal agan zime.,The end of the world is near.,,Verbal Dictionary
a37da89f-2c25-48eb-980c-6b3c036a38f3-ex1,a37da89f-2c25-48eb-980c-6b3c036a38f3,kit,Titi da ddobae sawasap otnan kämang dag.,Bats eat lots of sawasap fruit.,SE-LE054 191.1,Verbal Dictionary
e8f90320-5f1f-4867-ad29-e9dd85e6c19d-ex1,e8f90320-5f1f-4867-ad29-e9dd85e6c19d,kit,"Ge ud a täramang daeya, be sisri papekatt dan.","This door was open, but now it's closed.",,Verbal Dictionary
1c65a91a-d017-401e-81e0-c5cb6d87ef0b-ex1,1c65a91a-d017-401e-81e0-c5cb6d87ef0b,kit,Ubi sana pätt att de tɨt erallo a kängkäm erallo.,They pound the pith of the sago palm and squeeze it.,,Verbal Dictionary
1c65a91a-d017-401e-81e0-c5cb6d87ef0b-ex2,1c65a91a-d017-401e-81e0-c5cb6d87ef0b,kit,Bogo mɨnyi sana bɨtɨn.,He will pound sago.,,Verbal Dictionary
2c8c6a7f-9fed-49a2-b5b0-860652d46192-ex1,2c8c6a7f-9fed-49a2-b5b0-860652d46192,kit,Ngäna gall de tɨt iran.,I am digging out a canoe.,,Verbal Dictionary
2c8c6a7f-9fed-49a2-b5b0-860652d46192-ex2,2c8c6a7f-9fed-49a2-b5b0-860652d46192,kit,Bäne turik de abo iweny gall tɨt i.,Bring your axe to dig the canoe.,SE-LE054 28.1,Verbal Dictionary
4d6a6969-40d7-4748-9738-76c48aecc670-ex1,4d6a6969-40d7-4748-9738-76c48aecc670,kit,Bongo bäne bun de mermerae nätɨpnegalle.,You braided your hair nicely.,,Verbal Dictionary
2ad99714-90b0-4155-a739-4ceb6bdaad55-ex1,2ad99714-90b0-4155-a739-4ceb6bdaad55,kit,Ngäna torok pop dae toboll de dätäräk.,I pushed the spear through a hole in the torok plant.,,Verbal Dictionary
2ad99714-90b0-4155-a739-4ceb6bdaad55-ex2,2ad99714-90b0-4155-a739-4ceb6bdaad55,kit,"Angde gopeyamän walle watta, däräng bo llan a komllaebmae eragwaeya deyatäräkän.","When he came out of the water, the dog's two ears were unfolded (i.e. they were folded before).",,Verbal Dictionary
f37d79f7-4a05-44a6-9963-63cbc7cf6f52-ex1,f37d79f7-4a05-44a6-9963-63cbc7cf6f52,kit,"Ge to ulle ngäna ikop däga ereya, ngäna lelang atta dindug.",I saw this big light and ran out of fright.,,Verbal Dictionary
ff7ae589-b683-42e9-92a0-8f2e3affa915-ex1,ff7ae589-b683-42e9-92a0-8f2e3affa915,kit,Ngäna ngattong botägol.,I will hide first.,SE-TN016 10.1,Verbal Dictionary
ff7ae589-b683-42e9-92a0-8f2e3affa915-ex2,ff7ae589-b683-42e9-92a0-8f2e3affa915,kit,Bongo zime atägolalle?,Are you already hiding?,SE-TN016 14.1,Verbal Dictionary
5df751d7-01b9-49ce-8c58-e76277d4b554-ex1,5df751d7-01b9-49ce-8c58-e76277d4b554,kit,Ngämim deyatogolmällneyo ngäma mäg.,Our (excl.) mothers were hiding us.,,Verbal Dictionary
b727efc1-ec4d-4741-b817-6b0086604762-ex1,b727efc1-ec4d-4741-b817-6b0086604762,kit,Togotogol tongoe de ubi dangesneyo oba mokwang tongoe.,"They played hide-and-seek, their favorite game.",SE-TN016 7.1,Verbal Dictionary
b727efc1-ec4d-4741-b817-6b0086604762-ex2,b727efc1-ec4d-4741-b817-6b0086604762,kit,Ibi togotogol botongoenallaǃ,Let's play hide and seek!,SE-TN016 8.1,Verbal Dictionary
d668faec-69e7-423b-bc32-6516a2391697-ex1,d668faec-69e7-423b-bc32-6516a2391697,kit,Bogo sɨmell midd di tok digewän llo ttam alle.,He wraps the pork with leaves.,,Verbal Dictionary
a726593d-1901-46e1-b6ee-a88491355a31-ex1,a726593d-1901-46e1-b6ee-a88491355a31,kit,Bogo llo toko me gotarän.,She slept in the treetop.,,Verbal Dictionary
a7c6fe33-d3d3-4980-b821-f5e5f051e306-ex1,a7c6fe33-d3d3-4980-b821-f5e5f051e306,kit,Mälla da kok de nägäddaeballo kollba tokong e.,The women caught grasshoppers for bait.,,Verbal Dictionary
644ebe28-5c0a-465c-b051-38df94b7ff27-ex1,644ebe28-5c0a-465c-b051-38df94b7ff27,kit,Ngäna kälakälae gontämon do yäbäd a angde goklowän dam ngäna ibi de gongkam.,I waited a little until the sun set; then I started walking.,WE-ST008 1.3,Verbal Dictionary
46ab2f72-652d-4a5f-b366-4884a785ea4a-ex1,46ab2f72-652d-4a5f-b366-4884a785ea4a,kit,Ngäna mänmän e bantmonneg.,I'll wait for the girls.,,Verbal Dictionary
46ab2f72-652d-4a5f-b366-4884a785ea4a-ex2,46ab2f72-652d-4a5f-b366-4884a785ea4a,kit,Bogo obom deyantämonän.,She awaited him.,,Verbal Dictionary
1d50c70f-61ae-41e2-80e1-c39b10fe3fd9-ex1,1d50c70f-61ae-41e2-80e1-c39b10fe3fd9,kit,Ge wup bo moko da kälakälae tomowang dan.,This banana's taste is a little sour.,,Verbal Dictionary
821619de-4547-4696-a49b-0c1c85024331-ex1,821619de-4547-4696-a49b-0c1c85024331,kit,Bogo tonangae damllaemnegän.,She held on carefully.,,Verbal Dictionary
821619de-4547-4696-a49b-0c1c85024331-ex2,821619de-4547-4696-a49b-0c1c85024331,kit,Abo tonangae agaebne ubira.,You all must be wary of them.,,Verbal Dictionary
0237b4c5-5644-4368-ad21-5ba376cd3d7c-ex1,0237b4c5-5644-4368-ad21-5ba376cd3d7c,kit,Ngäna mɨnyi yu de tonangtonang bikom.,I'll bring the wood carefully.,,Verbal Dictionary
c02f76d1-f9d9-4225-aa8a-4bb00bb6458f-ex1,c02f76d1-f9d9-4225-aa8a-4bb00bb6458f,kit,Ewatta ke gänya täräp me lla bombllo da wasnen anggan ttowamang ttoen tonton ikop e ddapall att?,Why does this generation beg to see miracles directly from heaven?,,Verbal Dictionary
fa4f6a60-b191-4cf0-9c69-6bfc6eabc70b-ex1,fa4f6a60-b191-4cf0-9c69-6bfc6eabc70b,kit,Liseng ttang dontogän Rose bom.,Liseng pointed her finger at Rose.,,Verbal Dictionary
a2570753-8672-48fc-a2e0-9dd0d6ed4aee-ex1,a2570753-8672-48fc-a2e0-9dd0d6ed4aee,kit,Nga ubi dag tongoenen meae anggan.,They are still playing.,,Verbal Dictionary
a2570753-8672-48fc-a2e0-9dd0d6ed4aee-ex2,a2570753-8672-48fc-a2e0-9dd0d6ed4aee,kit,Llɨg kälekäle da ebdo ulle atongoenegnan.,The children were playing all day.,,Verbal Dictionary
a2570753-8672-48fc-a2e0-9dd0d6ed4aee-ex3,a2570753-8672-48fc-a2e0-9dd0d6ed4aee,kit,Ibi togotogol botongoe nalla.,Let's play hide and seek.,SE-TN016 8.1,Verbal Dictionary
f2221687-5073-46f2-b9eb-d8dcbba8ca5d-ex1,f2221687-5073-46f2-b9eb-d8dcbba8ca5d,kit,Ubi ttongo lla de tongoenen erallo.,They laugh at someone.,,Verbal Dictionary
f2221687-5073-46f2-b9eb-d8dcbba8ca5d-ex2,f2221687-5073-46f2-b9eb-d8dcbba8ca5d,kit,Lama käsre ngämira llɨtɨt dängkamän tongoetongoeang.,"Lama started to tell us (excl.) the story, laughing.",WE-ST023 18.1,Verbal Dictionary
3d1fe129-654f-45cf-ab21-ca6f0810b42a-ex1,3d1fe129-654f-45cf-ab21-ca6f0810b42a,kit,Ngämo mokowang tongoe a basketbol dan.,My favorite game is basketball.,,Verbal Dictionary
b3064fcb-da90-4d16-ad2f-7cbefd15e6ec-ex1,b3064fcb-da90-4d16-ad2f-7cbefd15e6ec,kit,tongoeang ttoen,funny story,,Verbal Dictionary
378e8633-dadf-4c39-87ab-e733bd7269bc-ex1,378e8633-dadf-4c39-87ab-e733bd7269bc,kit,Abo ibi topoll gäddnan e dade angde bobäll.,We can go kill flying foxes any time.,SE-LE054 188.1,Verbal Dictionary
56eb0b3c-2d66-463d-88a3-582b94aebaf8-ex1,56eb0b3c-2d66-463d-88a3-582b94aebaf8,kit,tät me torwamang lla,man lying down on a stretcher,,Verbal Dictionary
56eb0b3c-2d66-463d-88a3-582b94aebaf8-ex2,56eb0b3c-2d66-463d-88a3-582b94aebaf8,kit,Ngäna torwam allan.,I am lying down.,,Verbal Dictionary
070fb200-0e5d-44a5-9014-fd116a88f794-ex1,070fb200-0e5d-44a5-9014-fd116a88f794,kit,Ngäna obom buntruwam.,I will lay him down.,,Verbal Dictionary
6b3730a4-4a3e-4467-9bb9-a933d4d99e77-ex1,6b3730a4-4a3e-4467-9bb9-a933d4d99e77,kit,Ngäna bam dantruwamängg.,I made you lie down.,,Verbal Dictionary
56262dba-c0df-46f3-9bc7-bc66c4ba56a4-ex1,56262dba-c0df-46f3-9bc7-bc66c4ba56a4,kit,Ngäna tos de dɨs.,I turned off the flashlight.,,Verbal Dictionary
0d666fed-17a8-496f-8303-df2d848d11cc-ex1,0d666fed-17a8-496f-8303-df2d848d11cc,kit,Bäne aoli tot nyukukum dag?,How many nyukukum bags do you have?,,Verbal Dictionary
2831b119-8cfe-4b79-995c-2644e519b796-ex1,2831b119-8cfe-4b79-995c-2644e519b796,kit,käm tot,feces (lit. 'stomach trash'),,Verbal Dictionary
2831b119-8cfe-4b79-995c-2644e519b796-ex2,2831b119-8cfe-4b79-995c-2644e519b796,kit,emaemae tot,all kinds of junk,,Verbal Dictionary
a8401de3-8c90-41f7-abcb-7ead61390911-ex1,a8401de3-8c90-41f7-abcb-7ead61390911,kit,Ge ade ngämo toto duwem e dan.,This is for my dinner.,,Verbal Dictionary
fe1286ca-76be-4c3f-978e-967ae67f0aac-ex1,fe1286ca-76be-4c3f-978e-967ae67f0aac,kit,Ttall a towall wätätang dan.,Wallabies are grass eaters.,Joshua Ben Danipa,Verbal Dictionary
e0352d9f-d5e9-4661-add3-4f752c8d2fc5-ex1,e0352d9f-d5e9-4661-add3-4f752c8d2fc5,kit,Ge ttängäm a towallang dan.,This village is grassy.,Joshua Ben Danipa,Verbal Dictionary
ca28f590-d747-40f0-b2a7-61166f357e2f-ex1,ca28f590-d747-40f0-b2a7-61166f357e2f,kit,Ngäna däbe ddage dantrog do.,I followed that stream there.,,Verbal Dictionary
e8441c15-d109-4791-857b-d39085f4c521-ex1,e8441c15-d109-4791-857b-d39085f4c521,kit,Ngänäm ngämo nag dantrugän Upiara we wayati kongkom e.,My friend invited me to Upiara to collect watermelons.,,Verbal Dictionary
e8441c15-d109-4791-857b-d39085f4c521-ex2,e8441c15-d109-4791-857b-d39085f4c521,kit,"Ngäna bam trungg allan, wiya!","I am calling you over, come!",,Verbal Dictionary
2b105dae-200a-4d5d-a770-cd0a75cbea7e-ex1,2b105dae-200a-4d5d-a770-cd0a75cbea7e,kit,llo pallkoll tubu,short piece of wood,,Verbal Dictionary
0f02a443-556f-46fb-87bc-c836af57f107-ex1,0f02a443-556f-46fb-87bc-c836af57f107,kit,"llo tubu, rop tubu","tree stump, end of rope",,Verbal Dictionary
6867e7a3-b98b-4ce5-b1f1-7217203eae2a-ex1,6867e7a3-b98b-4ce5-b1f1-7217203eae2a,kit,Ngämo yae obo tubu da apte gagäll dan.,One of my mother's knees is bad.,,Verbal Dictionary
21b77ef9-7e8e-4155-b798-ffefdf95bceb-ex1,21b77ef9-7e8e-4155-b798-ffefdf95bceb,kit,Ngäna tubutubu dan be ngämo män a tupi dan.,I am shorter than my sister.,,Verbal Dictionary
135bd981-da56-4eec-8e88-fe66797f432f-ex1,135bd981-da56-4eec-8e88-fe66797f432f,kit,"Bogo tubutubu gogon, obo ingoll alle ttäle dowae me.","He kneeled, his face by her feet.",,Verbal Dictionary
135bd981-da56-4eec-8e88-fe66797f432f-ex2,135bd981-da56-4eec-8e88-fe66797f432f,kit,Zuu lla da Sabat ebdo me sipel gognegnän a Adi pate tubutubu gognegnän.,The Jews rested and worshipped God on the Sabbath.,,Verbal Dictionary
4a78ccd6-b7bb-4ac1-9ea2-0ffdbdfcf93f-ex1,4a78ccd6-b7bb-4ac1-9ea2-0ffdbdfcf93f,kit,Däräng bo llan a tubutubu dag.,The dog's ears are short.,,Verbal Dictionary
3287e17f-7d9f-4b3e-a69f-cf223be46939-ex1,3287e17f-7d9f-4b3e-a69f-cf223be46939,kit,"Mälla da tudi ma dallän, ako bogo tudi gognän.",The woman went to go fishing; then she was fishing.,,Verbal Dictionary
3dc49ae6-f634-42b0-b043-9c8701f2e0cf-ex1,3dc49ae6-f634-42b0-b043-9c8701f2e0cf,kit,Obo tudi di kollba ulle da danykoeyän.,A big fish pulled on his line.,,Verbal Dictionary
6a64b184-f744-4358-8e3e-1fa12af7455a-ex1,6a64b184-f744-4358-8e3e-1fa12af7455a,kit,Tudi käp sapasapang alle mɨnyi tudi bognegnän.,They will fish with various kinds of hooks.,,Verbal Dictionary
0fd5444a-e84e-48a9-84c5-3baa8f9778c0-ex1,0fd5444a-e84e-48a9-84c5-3baa8f9778c0,kit,Tudi tär me guittän.,It was caught on the fishing line.,,Verbal Dictionary
67d0131a-6efd-4c16-80d2-37c115586a05-ex1,67d0131a-6efd-4c16-80d2-37c115586a05,kit,Ngäna tuk i pipllugag dan.,I fly into the air.,,Verbal Dictionary
2a81215e-3a60-4f21-965e-c45820005a08-ex1,2a81215e-3a60-4f21-965e-c45820005a08,kit,Gänya anykeanyke da gänyan tuk mi.,This picture is on top.,,Verbal Dictionary
317f2de7-a6f7-4179-8aea-ca43b24fcf33-ex1,317f2de7-a6f7-4179-8aea-ca43b24fcf33,kit,ttongo taosen tukituki,more than one thousand,,Verbal Dictionary
b371d64f-dbe1-4ac6-a385-bc42eebef075-ex1,b371d64f-dbe1-4ac6-a385-bc42eebef075,kit,Bogo mɨnyi bikomän a ttongdae ngättma me tukpi bägnegän.,He will bring them over and pile them up in one spot.,,Verbal Dictionary
b69bcd02-fcf2-47b0-9dd1-d4bd60c1ae92-ex1,b69bcd02-fcf2-47b0-9dd1-d4bd60c1ae92,kit,Tätäm mälla da ngänäm era daitulgoeneyo duli.,"Yesterday, women were gossiping about me there.",,Verbal Dictionary
4359c7d7-7811-48bf-8a4c-7accb83f8381-ex1,4359c7d7-7811-48bf-8a4c-7accb83f8381,kit,Pol bälle enda tum gogon.,Paul got very angry.,,Verbal Dictionary
a7f3e73e-0ea1-4a6b-a012-e04dc709148d-ex1,a7f3e73e-0ea1-4a6b-a012-e04dc709148d,kit,Bogo käg me tum dägagän.,She put it in a heap in the container.,,Verbal Dictionary
c138a496-d060-4616-984f-a684349b18d7-ex1,c138a496-d060-4616-984f-a684349b18d7,kit,Ngäna kollba tumang de naittnegan.,I caught plenty of fish.,,Verbal Dictionary
c138a496-d060-4616-984f-a684349b18d7-ex2,c138a496-d060-4616-984f-a684349b18d7,kit,Tumang lla da Ende eka de panypeny erallo.,Many people speak the Ende language.,,Verbal Dictionary
5cb7d204-2136-464e-8884-e1fcf8808ad0-ex1,5cb7d204-2136-464e-8884-e1fcf8808ad0,kit,Tämamae ddäddäg de tumtum nägagallo.,They gathered all the carcasses.,,Verbal Dictionary
5cb7d204-2136-464e-8884-e1fcf8808ad0-ex2,5cb7d204-2136-464e-8884-e1fcf8808ad0,kit,Ngämi tumtum gogmam.,We (excl.) gathered.,,Verbal Dictionary
19e414a0-4aec-4f69-afae-78e897677f32-ex1,19e414a0-4aec-4f69-afae-78e897677f32,kit,"Da bongo lla tupi di nälläd, bongo mɨnyi llɨg kamebiag ag.","If you marry the tall man, you will have many children.",,Verbal Dictionary
5b60d845-fc21-4675-b339-5b9739ee8c8c-ex1,5b60d845-fc21-4675-b339-5b9739ee8c8c,kit,Bituri walle da tupi abal dan.,The Bituri river is very long.,,Verbal Dictionary
717d360e-965d-4c66-aa6b-1fd89197e5ef-ex1,717d360e-965d-4c66-aa6b-1fd89197e5ef,kit,tupi ollong,four times,,Verbal Dictionary
6fcc674d-010d-4d5d-977f-e27e7f533a34-ex1,6fcc674d-010d-4d5d-977f-e27e7f533a34,kit,"Ngämo llan a tubutubu agnegän, obo da tupitupi.",My ears are short; his are long.,SE-TN016 50.1,Verbal Dictionary
a7d833fc-b5a2-420c-aa65-f7476678dc8b-ex1,a7d833fc-b5a2-420c-aa65-f7476678dc8b,kit,Bäne turik de abo iweny gall tɨt i.,Bring your axe to hollow out the tree.,SE-LE054 28.1,Verbal Dictionary
12783dc0-a6ef-4ff5-aa8f-ef557c0eff65-ex1,12783dc0-a6ef-4ff5-aa8f-ef557c0eff65,kit,Ngängälätt dädär a mänyi tutu atta bolldaeyän kopek e.,The round rock will roll from the hill into the valley.,,Verbal Dictionary
abb8308f-d107-400d-a564-5ac91710b97c-ex1,abb8308f-d107-400d-a564-5ac91710b97c,kit,Tutu wi darullgoeya käza de gull peyang.,We dragged the crocodile onto land with the net.,,Verbal Dictionary
cabae0f2-163c-4556-97f4-52bb5fda99b5-ex1,cabae0f2-163c-4556-97f4-52bb5fda99b5,kit,Tutututu da dag.,There are mountains.,,Verbal Dictionary
ae73f9ab-9ea7-4b49-86ab-f9c50c1e6e6b-ex1,ae73f9ab-9ea7-4b49-86ab-f9c50c1e6e6b,kit,Lama mängalae za de dättaemnegän.,Lama quickly packed her things.,,Verbal Dictionary
76ca581e-97b4-47f9-a52c-c11e1ce48539-ex1,76ca581e-97b4-47f9-a52c-c11e1ce48539,kit,Nagnag a ngämim ttang deyanttepmenyeyo.,Friends shook hands with us (excl.).,,Verbal Dictionary
81bcc2b6-4adb-4cad-8ef1-4826e5e01452-ex1,81bcc2b6-4adb-4cad-8ef1-4826e5e01452,kit,Ngämi ttaempägmeny dageyo.,We two are inseparable.,,Verbal Dictionary
6a6ad3e4-5710-4daf-b635-0757068d42e5-ex1,6a6ad3e4-5710-4daf-b635-0757068d42e5,kit,Käza bo ttatt a gottalamän.,The crocodile's jaw cracked open.,,Verbal Dictionary
1ed7e92e-bc92-4dd9-a866-6c52a3f24f51-ex1,1ed7e92e-bc92-4dd9-a866-6c52a3f24f51,kit,Kwalde mäse pakos tupi di gonttalägän sɨmell zuwoe e.,Kwalde tried aiming the long arrow to shoot the pig.,,Verbal Dictionary
470b01cb-a3a5-4e6c-bb45-00bfb149df14-ex1,470b01cb-a3a5-4e6c-bb45-00bfb149df14,kit,Yesu ngattong abal e Meri Magdalin pate gottamän.,Jesus appeared to Mary Magdalene first.,,Verbal Dictionary
ce44d6ef-8864-4d6b-a454-7df92a8abc1a-ex1,ce44d6ef-8864-4d6b-a454-7df92a8abc1a,kit,"Da bongo mäse dowae me o utale me nänttam, ddone mɨnyi bongllaeyän adawatta obo llan a ttomoll dageyo.","If you tried to call him, from near or far, he would not answer because he was deaf in his ears.",,Verbal Dictionary
ce44d6ef-8864-4d6b-a454-7df92a8abc1a-ex2,ce44d6ef-8864-4d6b-a454-7df92a8abc1a,kit,Kaya walle do Upiara ttängämang a ttaem nallo.,Upiara villagers call me Kaya.,,Verbal Dictionary
ce44d6ef-8864-4d6b-a454-7df92a8abc1a-ex3,ce44d6ef-8864-4d6b-a454-7df92a8abc1a,kit,"Kumddäga pemli de ngäna amim nättaemnegan, ngämi ubim mɨnyi umllang bägaebeya.","The three families I named, we (excl.) will tell them.",,Verbal Dictionary
cb529928-1cca-4107-abfb-7bf8a4b60a4b-ex1,cb529928-1cca-4107-abfb-7bf8a4b60a4b,kit,"Angde bogo gonttamän, llamda da ddone ada mikutt gogon oba pate.","When he confessed, the old man got very mad at them.",,Verbal Dictionary
d09087a2-0c66-4144-9311-c895e3c53d59-ex1,d09087a2-0c66-4144-9311-c895e3c53d59,kit,Ngämlle kapalla ttam alle sana yuatt a ddobae moko dan.,I love sago cooked with kapalla leaves.,,Verbal Dictionary
be7d7695-6548-4ba7-8b5b-7da495f100a6-ex1,be7d7695-6548-4ba7-8b5b-7da495f100a6,kit,Mälla ause da llokttang ttam me dagirnän.,The old woman lived a hard life.,,Verbal Dictionary
3e578bbf-117b-4b26-995f-81760a2ac801-ex1,3e578bbf-117b-4b26-995f-81760a2ac801,kit,Matthew kili allan adawatta bogo sisri ttam dan.,Matthew is happy because he is alive now.,,Verbal Dictionary
3e578bbf-117b-4b26-995f-81760a2ac801-ex2,3e578bbf-117b-4b26-995f-81760a2ac801,kit,Bogo kuddäll atta ttam gogon.,She survived death.,,Verbal Dictionary
4abc179f-f73f-420d-88dd-a76a45f82daf-ex1,4abc179f-f73f-420d-88dd-a76a45f82daf,kit,Bäne imomdae ttoen da bam ttam nagan.,Your faith saved your life.,,Verbal Dictionary
248bb614-81ae-4f0e-865d-c9fd93bdfb9f-ex1,248bb614-81ae-4f0e-865d-c9fd93bdfb9f,kit,Soka tongoe bo ebdo da zäme wottamänan.,The day of the soccer game is over.,,Verbal Dictionary
248bb614-81ae-4f0e-865d-c9fd93bdfb9f-ex2,248bb614-81ae-4f0e-865d-c9fd93bdfb9f,kit,"Angde tine pittnen a gottamänän, dibaballe ddäganen de dängkam.","After the sago weaving finished, I started on the roofing.",,Verbal Dictionary
8708684c-d0bd-449d-9dca-8b55fa06bc26-ex1,8708684c-d0bd-449d-9dca-8b55fa06bc26,kit,Ngäna greid siks de dättemän.,I completed grade six.,,Verbal Dictionary
8708684c-d0bd-449d-9dca-8b55fa06bc26-ex2,8708684c-d0bd-449d-9dca-8b55fa06bc26,kit,Ngäna ngämo sana de dot dägadäga dättemän.,I finished eating all my sago.,,Verbal Dictionary
0b9b7223-9f62-403a-8fc1-a38e10d61397-ex1,0b9b7223-9f62-403a-8fc1-a38e10d61397,kit,Ngäna ngämo nge ttambällag de tätäm dibeny.,I planted my ttambällag coconut yesterday.,Tonny Warama,Verbal Dictionary
7f6ef918-b88e-490f-bcbb-f19fbac904f2-ex1,7f6ef918-b88e-490f-bcbb-f19fbac904f2,kit,Do ttam giddoll a mer dan.,Life there is good.,,Verbal Dictionary
dbe3be31-757f-4142-92ed-dab1c1196297-ex1,dbe3be31-757f-4142-92ed-dab1c1196297,kit,Obo eka me ubi gonttemnegän.,They were confused by his story.,,Verbal Dictionary
d8a5b83a-302a-4e4a-9690-906874d18b45-ex1,d8a5b83a-302a-4e4a-9690-906874d18b45,kit,Kaemne de ttang alle mällam a mudan.,Don't hold bees with your hands.,,Verbal Dictionary
5abe6fd5-2f73-4b84-b763-eab10c18b6cf-ex1,5abe6fd5-2f73-4b84-b763-eab10c18b6cf,kit,Kottllam obo ttang a wa ttäle da tubutubu dageyo.,The turtle's arms and legs are short.,,Verbal Dictionary
d3f6673d-c605-40cb-ac01-025ae3a7fd9c-ex1,d3f6673d-c605-40cb-ac01-025ae3a7fd9c,kit,Tupi ttang llɨpɨt de pop me nowanseg.,Put your long finger in the hole.,,Verbal Dictionary
81492014-ecd6-4159-99ba-139057a00edb-ex1,81492014-ecd6-4159-99ba-139057a00edb,kit,Obo mälla da apte ttang lläpät da.,He has five wives.,,Verbal Dictionary
81492014-ecd6-4159-99ba-139057a00edb-ex2,81492014-ecd6-4159-99ba-139057a00edb,kit,Ngämo ttongo ttang lläpät a muminy dan.,I owe five kina.,,Verbal Dictionary
81492014-ecd6-4159-99ba-139057a00edb-ex3,81492014-ecd6-4159-99ba-139057a00edb,kit,Ngämo kollba mu da komlla ttang lläpät dag.,The price of my fish is 10 kina.,,Verbal Dictionary
82d04bd3-786a-4e85-997a-d7a2912373aa-ex1,82d04bd3-786a-4e85-997a-d7a2912373aa,kit,Bogo ttang pllallem allan.,She is clapping.,,Verbal Dictionary
f839e3d1-dde5-46fe-aed8-2c7d4bc00c3c-ex1,f839e3d1-dde5-46fe-aed8-2c7d4bc00c3c,kit,Ngäna ttangttang agan.,My hands are full.,,Verbal Dictionary
8c1d3335-08fd-47e2-9b0c-dd7bd42ff224-ex1,8c1d3335-08fd-47e2-9b0c-dd7bd42ff224,kit,Simell ttatt a ulle dan.,A pig's jaw is big.,Kauga Dobola,Verbal Dictionary
4bccc41c-ada1-4f9c-b414-16cb3a2933e3-ex1,4bccc41c-ada1-4f9c-b414-16cb3a2933e3,kit,Obo ttatta pallall e deyazuwän.,He shot towards his lower back.,,Verbal Dictionary
496acffb-a350-45f7-b024-b44c5539b779-ex1,496acffb-a350-45f7-b024-b44c5539b779,kit,Bogo llo de ttanen anggan.,He's chopping a tree.,,Verbal Dictionary
cb197b53-dffd-4e39-a95f-7f744b36271e-ex1,cb197b53-dffd-4e39-a95f-7f744b36271e,kit,Bogo ttattle de umllang gogän.,He felt pain.,,Verbal Dictionary
b887ce17-7598-4ead-a171-12d6a7090943-ex1,b887ce17-7598-4ead-a171-12d6a7090943,kit,Wäd a wättallban.,The door opened.,,Verbal Dictionary
1a36b827-8b04-412e-9074-eb490c0e2bc8-ex1,1a36b827-8b04-412e-9074-eb490c0e2bc8,kit,Lla da ttattllong dan.,The person is ill.,WE-ST001 11.2,Verbal Dictionary
52047b83-380d-4277-a9d5-bc41d7aed3ab-ex1,52047b83-380d-4277-a9d5-bc41d7aed3ab,kit,"Ttäbanen eran, ede ge nyongo da gagäll allan.","It's blocked, so this road is no good.",,Verbal Dictionary
9aceabf1-3676-416b-8315-a29c58dd0b2e-ex1,9aceabf1-3676-416b-8315-a29c58dd0b2e,kit,Bogo sɨmell sisiang de däbäddän ttägäll daogän.,She killed the tame pig and made an earth oven.,,Verbal Dictionary
7bdfe6a5-a3e4-40d4-96a7-56b981c2abc5-ex1,7bdfe6a5-a3e4-40d4-96a7-56b981c2abc5,kit,Dämetteya ttägäll käp de.,We placed the oven stone.,,Verbal Dictionary
7bdfe6a5-a3e4-40d4-96a7-56b981c2abc5-ex2,7bdfe6a5-a3e4-40d4-96a7-56b981c2abc5,kit,Ngäna kumuddäga ttägäll käp tärpitärpi de nabllenegan.,I found three smooth stones.,,Verbal Dictionary
61b354b0-0e50-4baf-adf6-aff5601c5cac-ex1,61b354b0-0e50-4baf-adf6-aff5601c5cac,kit,ttägäll käp mit me gäddgädd,to fight about money,,Verbal Dictionary
e986c71b-40c3-4bef-ac34-753b8dac1602-ex1,e986c71b-40c3-4bef-ac34-753b8dac1602,kit,Obo ttɨle di dattkamän.,She broke her leg.,,Verbal Dictionary
e986c71b-40c3-4bef-ac34-753b8dac1602-ex2,e986c71b-40c3-4bef-ac34-753b8dac1602,kit,Ubi ngäma sabi de ttäkam erallo.,They are breaking our (excl.) law.,,Verbal Dictionary
89820211-a0ee-4511-828d-da6d0bd141ad-ex1,89820211-a0ee-4511-828d-da6d0bd141ad,kit,"Ngäna pos de ttokoenen de dängkamneg, tämamae naen dattkoeneg.",I started to cut the posts; I chopped all nine.,WE-ST013 1.3,Verbal Dictionary
89820211-a0ee-4511-828d-da6d0bd141ad-ex2,89820211-a0ee-4511-828d-da6d0bd141ad,kit,Dade towall de battkoe.,Maybe I'll mow the grass.,,Verbal Dictionary
89820211-a0ee-4511-828d-da6d0bd141ad-ex3,89820211-a0ee-4511-828d-da6d0bd141ad,kit,Ngäna obo ttatt kom de nattkoeyan.,I shaved his beard.,,Verbal Dictionary
f0074bb2-4868-4c47-92e4-0f1dcb337a45-ex1,f0074bb2-4868-4c47-92e4-0f1dcb337a45,kit,Ngämo ttäle da kädkädag agallo.,My legs got cold.,,Verbal Dictionary
83fdbb27-f23e-4f2f-8045-eb295ab4af9c-ex1,83fdbb27-f23e-4f2f-8045-eb295ab4af9c,kit,Ngäna bäne pate neil de bänttllam.,I will pass you the nail.,,Verbal Dictionary
311ad6eb-761b-4099-907d-9e50376d8f1e-ex1,311ad6eb-761b-4099-907d-9e50376d8f1e,kit,Bäne ttang de ttättlemae nänttllam.,Stretch your arm out straight.,,Verbal Dictionary
71be9d00-86c1-41b5-baf0-31f47283dd65-ex1,71be9d00-86c1-41b5-baf0-31f47283dd65,kit,Ddob llayabira komo ddäddäg a malla ttälanenang dag.,The centipede bite isn't painful for some people.,,Verbal Dictionary
949d857b-df34-4450-862c-f9f37b0d08a2-ex1,949d857b-df34-4450-862c-f9f37b0d08a2,kit,Yu da obom dättämän.,The fire burned him.,,Verbal Dictionary
949d857b-df34-4450-862c-f9f37b0d08a2-ex2,949d857b-df34-4450-862c-f9f37b0d08a2,kit,Därunggu de yu mi wandawandae dättämalle.,The bamboo tube is heated rotating on the fire.,,Verbal Dictionary
3eeb8e8f-4f5a-4b85-b8ba-6d16b1ec70a6-ex1,3eeb8e8f-4f5a-4b85-b8ba-6d16b1ec70a6,kit,Ngättma da lla walle gonttämawän.,The place was crowded with people.,,Verbal Dictionary
a242e941-77de-4a7c-9091-e2f449df6e4e-ex1,a242e941-77de-4a7c-9091-e2f449df6e4e,kit,Däbe lla da obo labalaba de dängkänän ttänttäm atta.,That man took of his lap-lap because of the heat.,,Verbal Dictionary
d1ef1d91-d513-41a7-b07f-8ca452252da2-ex1,d1ef1d91-d513-41a7-b07f-8ca452252da2,kit,Ikrol era yu ttänttämatt me pänpän dan.,Ash is dust left after a fire burns.,,Verbal Dictionary
23faf5fb-55dc-4232-9a93-a42b4fe6b6c6-ex1,23faf5fb-55dc-4232-9a93-a42b4fe6b6c6,kit,Ngämo moko da ttänttämang kollba ddäddäg e dan.,I like to eat hot fish.,,Verbal Dictionary
a72bb34a-fb31-4b5a-b573-0dfb165d0df7-ex1,a72bb34a-fb31-4b5a-b573-0dfb165d0df7,kit,"Ddob llaeyaba eka walle darbnen att eka da, ngäna mɨnyi bangttängeneg.","Stories written in other people's languages, I will read them.",,Verbal Dictionary
2368ff39-6b79-4453-90f5-b4f567fc75f4-ex1,2368ff39-6b79-4453-90f5-b4f567fc75f4,kit,Sisri ngasekäma ttängattänge da endan?,What's the date today?,,Verbal Dictionary
43799393-6f47-43f9-9f04-baa88a4ded83-ex1,43799393-6f47-43f9-9f04-baa88a4ded83,kit,Obo ttängäm de enanae dowansegän.,He left his village for good.,,Verbal Dictionary
a539e401-595a-4057-95cf-b177025f7e67-ex1,a539e401-595a-4057-95cf-b177025f7e67,kit,Ubi ttängäm kuddäll me polle de kame däkätteyo.,They built a new fence around the abandoned garden.,,Verbal Dictionary
84809c11-6ea9-4051-8f30-6c6c64407019-ex1,84809c11-6ea9-4051-8f30-6c6c64407019,kit,Ero bäne zegatt ttängäm a?,Where is your birthplace?,,Verbal Dictionary
7f77a2f1-8ae8-4ebf-8771-2cfbebc4b469-ex1,7f77a2f1-8ae8-4ebf-8771-2cfbebc4b469,kit,Pakos ulle walle ngäna ddia bo ddäg kutt deyanttäkeg.,I broke the deer's backbone using a big spear.,,Verbal Dictionary
f3e4bdd4-1d85-4824-b0ee-6dcf25a00bac-ex1,f3e4bdd4-1d85-4824-b0ee-6dcf25a00bac,kit,Ubi dinduag a duduli Awayang bom danttäkämälleyo.,"Running that way, they reached Awayang.",,Verbal Dictionary
57b8309e-131a-4635-b0e1-d3908c555636-ex1,57b8309e-131a-4635-b0e1-d3908c555636,kit,"Kwalde mäse pakos de gonttalägän sämell zuwoe e, be bägäl wadär a gottäpenän.","Kwalde tried to aim the arrow to shoot the pig, but the bow string snapped.",,Verbal Dictionary
4554729a-0e68-4f8f-86ff-c70f716a1970-ex1,4554729a-0e68-4f8f-86ff-c70f716a1970,kit,Ngäna ngämo bunkom de nättpenan.,I broke a strand of my hair.,,Verbal Dictionary
4554729a-0e68-4f8f-86ff-c70f716a1970-ex2,4554729a-0e68-4f8f-86ff-c70f716a1970,kit,Obo tudi di kollba da dättpenän.,The fish broke her fishing line.,,Verbal Dictionary
639a5585-2188-4d76-8fa1-33b188d25f96-ex1,639a5585-2188-4d76-8fa1-33b188d25f96,kit,Ge ngämo ttätt ttang dan.,This is my right hand.,,Verbal Dictionary
3ec3648d-57c8-4d86-84f3-109391627193-ex1,3ec3648d-57c8-4d86-84f3-109391627193,kit,Gudne iddpo ttättllägatt pop de mäzi abal ulle ubemang bägagän.,It will make the torn holes in the old clothing even wider.,,Verbal Dictionary
123f2721-101c-4224-84bd-1f68163d902e-ex1,123f2721-101c-4224-84bd-1f68163d902e,kit,Ddob eka kutt panypeny a sisor llɨg aba ddone ttättle dag.,Some of the words of young people are not pronounced correctly.,,Verbal Dictionary
59834e06-6e4d-4593-a0d4-e5258857290b-ex1,59834e06-6e4d-4593-a0d4-e5258857290b,kit,Malläm me nyongo da ddone ttättle dan.,The road to Malam is not straight.,,Verbal Dictionary
59834e06-6e4d-4593-a0d4-e5258857290b-ex2,59834e06-6e4d-4593-a0d4-e5258857290b,kit,Ubi deyareyo ttättlemae do up wo kakab a erame daeya.,They went straight to where the leftover ripe bananas were.,,Verbal Dictionary
9e3400c4-6f62-40dc-bf48-5119b721ba0f-ex1,9e3400c4-6f62-40dc-bf48-5119b721ba0f,kit,Bogo ttimattimang ibiag daeya.,He walked with a limp.,,Verbal Dictionary
031d63ae-b48a-42f3-881c-ec1211d88f46-ex1,031d63ae-b48a-42f3-881c-ec1211d88f46,kit,Däbe käza ttoe de Sowati soltang dägagän.,Sowati salted that crocodile skin.,,Verbal Dictionary
194fcd8e-4c28-4cff-9a4c-9aeae126a987-ex1,194fcd8e-4c28-4cff-9a4c-9aeae126a987,kit,Alläp de era gazibra ttoe alle ttoe amallo.,Drums are covered with gazibra snakeskin.,,Verbal Dictionary
32285bea-fcca-4f9d-aefb-acd5674f6172-ex1,32285bea-fcca-4f9d-aefb-acd5674f6172,kit,Ngämlle mer dan ttoenttoen därmall a.,I like to listen to stories.,,Verbal Dictionary
30f15741-94d7-4daa-b077-dc7a5ef814fa-ex1,30f15741-94d7-4daa-b077-dc7a5ef814fa,kit,Oba tämamae ttoen bällam ngasnen a eragwaeya llame dagwaeya.,They did everything together.,,Verbal Dictionary
8060c97f-4822-43b0-b44f-fe518ac35264-ex1,8060c97f-4822-43b0-b44f-fe518ac35264,kit,Yu ikllo da ttongo eka ttoen ngangema dan.,Smoke is one way of communicating.,,Verbal Dictionary
f3742019-6548-48e9-a0c1-984f3df0950c-ex1,f3742019-6548-48e9-a0c1-984f3df0950c,kit,"Känazbag, ngäna mɨnyi bibra sisor ttoenttoen de bɨllɨt.","Tomorrow, I will tell you all a new short story.",,Verbal Dictionary
5dc36362-7022-4e46-818c-84222764ce70-ex1,5dc36362-7022-4e46-818c-84222764ce70,kit,Ibi naeka peyang ttoengeny e dag.,We will split up in tears.,SE-TS127 13.1,Verbal Dictionary
82e5603a-d9cd-4df2-9b35-923eed4425f1-ex1,82e5603a-d9cd-4df2-9b35-923eed4425f1,kit,"Dibaballe ngäna pos de ttokoenen de dängkamneg, tämamae naen dattkoeneg.","Afterwards, I started to cut the posts, I chopped all nine.",WE-ST013 1.3,Verbal Dictionary
56c9373d-c281-4cb8-bc78-b7a91c2bd39e-ex1,56c9373d-c281-4cb8-bc78-b7a91c2bd39e,kit,Obo llan a ttomoll dageyo.,His ears are deaf.,,Verbal Dictionary
0b6af252-1d8e-4118-ad46-263eeffe45ca-ex1,0b6af252-1d8e-4118-ad46-263eeffe45ca,kit,Ngämlle sawe alle giri de nanttog.,Give me the knife with your left hand.,,Verbal Dictionary
ffe97ab8-1839-457e-850b-6c889e15bd38-ex1,ffe97ab8-1839-457e-850b-6c889e15bd38,kit,"Ngämlle ttongo nanttog, a bäne ttongo.","Give me one, and one for you.",,Verbal Dictionary
106e5059-fb31-4ca9-99d8-7ee221ab347f-ex1,106e5059-fb31-4ca9-99d8-7ee221ab347f,kit,Abo bongo ttongo ma sisor de nongo.,You must build a new house.,,Verbal Dictionary
ef9cc3a0-6fc8-4099-92c4-0b98c731c7c8-ex1,ef9cc3a0-6fc8-4099-92c4-0b98c731c7c8,kit,Ttongo lla da agbänmällnan a ttongo lla da nindugan obo ingoll me.,One man was jumping and another man ran in front of him.,,Verbal Dictionary
27a2943f-0870-401e-ad05-3772942ac4e1-ex1,27a2943f-0870-401e-ad05-3772942ac4e1,kit,Ttongo ebdo me ako llo täräpnan e dalle.,"The next morning, I went to cut trees.",,Verbal Dictionary
e9d29f2e-5c31-488a-93b1-332013d0862e-ex1,e9d29f2e-5c31-488a-93b1-332013d0862e,kit,Bongo imomdae ttongo dan.,You are truly unique.,,Verbal Dictionary
10ddddd8-2e25-4845-815b-5d6442451b4b-ex1,10ddddd8-2e25-4845-815b-5d6442451b4b,kit,Ttongo lla da ddone aya bäne peyang ine ma ibi allan?,Is anyone going with you to get water?,,Verbal Dictionary
1ee9500c-273b-47c5-a641-4520b87c1d2a-ex1,1ee9500c-273b-47c5-a641-4520b87c1d2a,kit,Tämamae mänmän a llɨg di ttongalle ttongalle ume nɨddɨlaeballo.,Every girl kissed each boy.,,Verbal Dictionary
1ee9500c-273b-47c5-a641-4520b87c1d2a-ex2,1ee9500c-273b-47c5-a641-4520b87c1d2a,kit,Wayati de dikom llayabira dänye ttongottongo alle.,"I brought the watermelons and gave them out to people, one by one.",,Verbal Dictionary
91874006-87a6-4412-a7bd-fedb8e49018e-ex1,91874006-87a6-4412-a7bd-fedb8e49018e,kit,Ddob ttongottongowalle lla da dade ami ddob ttängäm att a guddällmamän gänyme.,There are a few others who arrived here from other villages.,,Verbal Dictionary
3bfe5b9c-9391-4989-a0c3-586a412adc52-ex1,3bfe5b9c-9391-4989-a0c3-586a412adc52,kit,Ngäna ngämo bägäl de ttotto dägneg toboll peyang.,I tied my bow and arrows together.,,Verbal Dictionary
a25b3970-3d55-48f4-8c57-708ddbc9217a-ex1,a25b3970-3d55-48f4-8c57-708ddbc9217a,kit,Bogo ekaklle me gontmonän up gälbänanatt ttonen e.,He waited on the ground to collect the fallen bananas.,,Verbal Dictionary
e2bdab6a-c5a6-4bc0-9fb7-8e6e25f9c5d7-ex1,e2bdab6a-c5a6-4bc0-9fb7-8e6e25f9c5d7,kit,Ewatta ke gänya täräp me lla bombllo da wasnen anggan ttowamang ttoen tonton ikop e ddapall att?,Why does this generation beg to see miracles directly from heaven?,,Verbal Dictionary
b4cc7bec-e6b7-4df4-a9cb-9f5d6cd227d1-ex1,b4cc7bec-e6b7-4df4-a9cb-9f5d6cd227d1,kit,"Angde obom ttu wi dandämoeyän bogo ddone dängllawän, be gonddäwän.","When she pushed him into the deep, he did not swim, but drowned.",,Verbal Dictionary
8017a18c-1f8a-46ea-ab70-607a62a41b1e-ex1,8017a18c-1f8a-46ea-ab70-607a62a41b1e,kit,Däbe abo obo pallall ngänttäg eka da ulle ubemang gogon.,That story about his arrival spread wide and far.,,Verbal Dictionary
e501799c-2e51-4c98-bc86-be2efad7c834-ex1,e501799c-2e51-4c98-bc86-be2efad7c834,kit,Ubim mɨnyi umllang bägaebeya.,We will inform them.,,Verbal Dictionary
4117652e-c68e-483e-9e20-21634ef92044-ex1,4117652e-c68e-483e-9e20-21634ef92044,kit,Bogo ddäddäg de dokonegän ubira.,He cut the meat for them.,,Verbal Dictionary
f410e8c2-7d53-42d6-872c-c636ad359a24-ex1,f410e8c2-7d53-42d6-872c-c636ad359a24,kit,Ud a papekang dan.,The door is closed.,,Verbal Dictionary
28f56863-a968-45dc-a816-afcfb5bb29c6-ex1,28f56863-a968-45dc-a816-afcfb5bb29c6,kit,Ngäna udab allan.,I am getting lost.,,Verbal Dictionary
28f56863-a968-45dc-a816-afcfb5bb29c6-ex2,28f56863-a968-45dc-a816-afcfb5bb29c6,kit,"Angde ubi gongoseyo, ubi ikop dägageyo mamam mätta da Meri erem de dibeyän audaban.","When they came back, they saw that the red yam that Mary had planted was gone.",,Verbal Dictionary
4ea2f270-3b27-4940-8d2d-2d108dfb475f-ex1,4ea2f270-3b27-4940-8d2d-2d108dfb475f,kit,Ubi obom daudabeyo.,They lost him.,,Verbal Dictionary
80fb942b-df2f-4ca4-9a9c-6678272b614a-ex1,80fb942b-df2f-4ca4-9a9c-6678272b614a,kit,Ubi yu de daudeaemeyo.,Then started some fires.,,Verbal Dictionary
3da0f2c1-8a03-4ab1-98b6-6e643339436e-ex1,3da0f2c1-8a03-4ab1-98b6-6e643339436e,kit,Bogo udu peyang ibiag dan.,She walks with a cane.,,Verbal Dictionary
38d486cf-79cb-4c75-b865-27b815a7131a-ex1,38d486cf-79cb-4c75-b865-27b815a7131a,kit,Ngämi ttägäll daugeya.,We made mumu.,,Verbal Dictionary
8d0b9f9b-c50f-453f-a003-e99419121197-ex1,8d0b9f9b-c50f-453f-a003-e99419121197,kit,Ubi nga wukangae anggan.,They are still shouting.,,Verbal Dictionary
8d0b9f9b-c50f-453f-a003-e99419121197-ex2,8d0b9f9b-c50f-453f-a003-e99419121197,kit,Mälla da uk allan tätäp atta.,The woman is crying out in pain.,,Verbal Dictionary
3d3a6463-684d-42c1-96ad-cabed5400f78-ex1,3d3a6463-684d-42c1-96ad-cabed5400f78,kit,Bogo towall de ukeuke allan.,He's flattening the grass.,,Verbal Dictionary
2dba1178-ced2-4f16-96a7-7d9de4fd39b4-ex1,2dba1178-ced2-4f16-96a7-7d9de4fd39b4,kit,Yu ttänttämatt a ai dan ute ulle we bogon.,Burns can become big sores.,,Verbal Dictionary
14388f80-8174-4a16-a37e-03ed950bb448-ex1,14388f80-8174-4a16-a37e-03ed950bb448,kit,"Tämamae Adi bo gwell makäp me, eran ke ngattong abal e ulle abal gwell a?","Within all of God's commandments, which commandment is the most important?",,Verbal Dictionary
082c87c0-8354-41bc-9337-5be2f0aac244-ex1,082c87c0-8354-41bc-9337-5be2f0aac244,kit,pinggudd ulle,long skirt,,Verbal Dictionary
13551630-a090-41ae-a414-dddfbfdd9e77-ex1,13551630-a090-41ae-a414-dddfbfdd9e77,kit,Ine da ulle dan.,There is plenty of water.,,Verbal Dictionary
13551630-a090-41ae-a414-dddfbfdd9e77-ex2,13551630-a090-41ae-a414-dddfbfdd9e77,kit,Eso ulle.,Many thanks.,,Verbal Dictionary
824b980a-bffd-482f-954b-59b9c35d1ed9-ex1,824b980a-bffd-482f-954b-59b9c35d1ed9,kit,"ebdo ulle, iddob ulle","all day, all night",,Verbal Dictionary
5523d6ec-074b-4b56-8a80-4219885f68f1-ex1,5523d6ec-074b-4b56-8a80-4219885f68f1,kit,Ngäna gänyme ulle gog.,I grew up here.,,Verbal Dictionary
d3a62eda-4526-4c46-88aa-84d4f366cfe3-ex1,d3a62eda-4526-4c46-88aa-84d4f366cfe3,kit,Aeya bam ulle dagän?,Who raised you?,,Verbal Dictionary
f42f461d-c2de-41c1-9a6d-e69de57c533f-ex1,f42f461d-c2de-41c1-9a6d-e69de57c533f,kit,"Da ttongo bina makäp me ulle binang e moko bogon, ede ai dan bogo melemang bogon.","If one of you wants to be a ruler, that person can be a servant instead.",,Verbal Dictionary
bcae0c7e-4da6-424b-8479-7b92332b2a19-ex1,bcae0c7e-4da6-424b-8479-7b92332b2a19,kit,Obo mälläng ik a ulleulle abal dagaya.,His nostrils were very big.,,Verbal Dictionary
bcae0c7e-4da6-424b-8479-7b92332b2a19-ex2,bcae0c7e-4da6-424b-8479-7b92332b2a19,kit,Ngämi ulleulle agmalla.,We (excl.) grew up.,,Verbal Dictionary
0560ec94-1e72-4514-8740-91cc5b9d1737-ex1,0560ec94-1e72-4514-8740-91cc5b9d1737,kit,Däräng ullowae dinduag daeya.,The dog was running quickly.,,Verbal Dictionary
29d28c56-e73f-42a2-8a78-9984065f2d26-ex1,29d28c56-e73f-42a2-8a78-9984065f2d26,kit,Ubi tätäm ttongo mo sisor de daulliyu.,"Yesterday, they crossed over a new bridge.",,Verbal Dictionary
feae7328-04db-49f7-b2dd-da6472cc544c-ex1,feae7328-04db-49f7-b2dd-da6472cc544c,kit,Lla da gumaemalle a eka gontemenyalle täre pallall e.,The people will gather and discuss the feast.,,Verbal Dictionary
33bbabf2-b18c-4567-b5bb-2f4bb0eda131-ex1,33bbabf2-b18c-4567-b5bb-2f4bb0eda131,kit,Ngäna towall de umaem anggan komlla tum.,I gathered the grass into two heaps.,,Verbal Dictionary
0471e1af-ee8b-4c3f-9af7-ac6c0885dbf1-ex1,0471e1af-ee8b-4c3f-9af7-ac6c0885dbf1,kit,Bina mokowang lla da gänyan ngäna erem ume bäddäl.,The man you all want is the one that I will kiss.,,Verbal Dictionary
a4588977-e86d-4240-bb05-4bca5ea837a7-ex1,a4588977-e86d-4240-bb05-4bca5ea837a7,kit,Ngäna däbe giri tupi da ngämo ereya ada käza bo ume ttäp e däträkne.,I had my long knife and pushed it into the crocodile's mouth.,,Verbal Dictionary
399144d6-b626-48f4-9ae1-dd3052a9d5e7-ex1,399144d6-b626-48f4-9ae1-dd3052a9d5e7,kit,Bäne umllang dan ada ngämo umllang dan pittpitt a.,You know that I know how to sew (lit. your knowledge is that sewing is my knowledge).,,Verbal Dictionary
1af14e57-134d-483a-bfb2-073169875738-ex1,1af14e57-134d-483a-bfb2-073169875738,kit,Ddone aya umllang gogon ada erowattäm da ge za da gogezän.,No one knows from where these things came out.,WE-TS056 1.2,Verbal Dictionary
1af14e57-134d-483a-bfb2-073169875738-ex2,1af14e57-134d-483a-bfb2-073169875738,kit,Ngäna mäse umllang gogne orpmang eka de.,I tried to learn the Wipi language.,,Verbal Dictionary
941cb5db-c7bc-4d9f-a5fa-1d04209d71a8-ex1,941cb5db-c7bc-4d9f-a5fa-1d04209d71a8,kit,"Ngäna umllang däga, ""Imanuel, bongo gall guwo me, ngäna walle we gäbän allan ddia llädäd e.""","I told him, ""Imanuel, you stay in the canoe; I am jumping in the water to grab the deer.""",WE-ST018 2.4,Verbal Dictionary
941cb5db-c7bc-4d9f-a5fa-1d04209d71a8-ex2,941cb5db-c7bc-4d9f-a5fa-1d04209d71a8,kit,Ngäna balle ngämo nag bom umllang bägag bablle ngämingg e.,I will go tell my friend to help you.,WE-ST031 2.16,Verbal Dictionary
3dcdb851-10c1-413a-86a5-26cf67418633-ex1,3dcdb851-10c1-413a-86a5-26cf67418633,kit,wup däg,banana bunch,,Verbal Dictionary
3dcdb851-10c1-413a-86a5-26cf67418633-ex2,3dcdb851-10c1-413a-86a5-26cf67418633,kit,wup käp,banana fruit,,Verbal Dictionary
3dcdb851-10c1-413a-86a5-26cf67418633-ex3,3dcdb851-10c1-413a-86a5-26cf67418633,kit,wup ttam,banana leaf,,Verbal Dictionary
80cd18fd-e6bd-41ea-9897-c5b2a8b4fe07-ex1,80cd18fd-e6bd-41ea-9897-c5b2a8b4fe07,kit,Meri uziz allan upe we.,Mary runs out.,,Verbal Dictionary
a7f25595-56c4-49f8-9118-acf9b2115be9-ex1,a7f25595-56c4-49f8-9118-acf9b2115be9,kit,Alla utale agan ma da?,How far is the village?,,Verbal Dictionary
7bb42e0f-dea7-44c2-a719-a239bd8b36d4-ex1,7bb42e0f-dea7-44c2-a719-a239bd8b36d4,kit,Bibi utamom ngattong.,"You all, go first.",,Verbal Dictionary
fed91e83-4ecd-4a3a-ad16-fba4c740ad3d-ex1,fed91e83-4ecd-4a3a-ad16-fba4c740ad3d,kit,Yu ttänttämatt a ai dan ute ulle we bogon.,Burns can become big sores.,,Verbal Dictionary
1a476158-e3ea-401a-bb4e-589338b37d83-ex1,1a476158-e3ea-401a-bb4e-589338b37d83,kit,Duny wätätatt a nge wutt a gokenyamän.,"After the beetle eats the shoot, it bends.",Kauga Dobola,Verbal Dictionary
a18478e1-95bf-432d-9e1e-82ee322464bb-ex1,a18478e1-95bf-432d-9e1e-82ee322464bb,kit,"Da Llimoll me lla da kuddäll bogon, komlla o kumuddäga lla da mɨnyi utt alle eka de bängaeyo.","If someone in Limol dies, two or three men will deliver the news using a conch shell.",,Verbal Dictionary
5b0053c3-6b64-4b43-8d64-e2a41cdaa1ec-ex1,5b0053c3-6b64-4b43-8d64-e2a41cdaa1ec,kit,Ngämo baba wa ngänäm dantemenyän.,"My dad, he taught me.",,Verbal Dictionary
6785c63a-b56e-4716-a109-6e2e1e55f5df-ex1,6785c63a-b56e-4716-a109-6e2e1e55f5df,kit,Mälla da biye de duwebnegän.,The woman pounded the taro.,,Verbal Dictionary
6785c63a-b56e-4716-a109-6e2e1e55f5df-ex2,6785c63a-b56e-4716-a109-6e2e1e55f5df,kit,"Ttängäm mondrog lla da melemang de dällädeyo, gagagäll duwebeyo.",The gardeners grabbed the servant and beat him badly.,,Verbal Dictionary
21066bae-3b58-4434-b037-0221e11a0e42-ex1,21066bae-3b58-4434-b037-0221e11a0e42,kit,"Lla da da bogäddnän, mulldae dan wadär de bängällbänän, wadär alle bäbäddän.","If a person is fighting, it is possible to get a cane and beat them with it.",,Verbal Dictionary
be006d8e-679c-40f8-a9f4-b4a7c9b5bea2-ex1,be006d8e-679c-40f8-a9f4-b4a7c9b5bea2,kit,Bägäl wadär a gottäpanän.,The bowstring snapped.,,Verbal Dictionary
b1359777-325c-4a80-9088-4b19c4233237-ex1,b1359777-325c-4a80-9088-4b19c4233237,kit,Ngäna nyäng tär ngasnges e nyäng de napoenan waeya kälsre alle.,I used the small wire to make holes in the bag to put the new bag string.,,Verbal Dictionary
7d767ab9-39cc-48bf-99eb-642281e9bbe5-ex1,7d767ab9-39cc-48bf-99eb-642281e9bbe5,kit,waglla eka,bullroarer signal,,Verbal Dictionary
b6885a57-2b43-4fcd-a983-08c3c3da232e-ex1,b6885a57-2b43-4fcd-a983-08c3c3da232e,kit,Män a kädkäd dag walle we mɨnyi bogbaebän.,The girl will jump into the cold water.,,Verbal Dictionary
6229ebce-df49-47a0-abf1-2ea12f6a9da7-ex1,6229ebce-df49-47a0-abf1-2ea12f6a9da7,kit,Yu da dowamänän.,The fire went out.,,Verbal Dictionary
df17b8d9-91c4-4a9c-ba94-fea488d6810a-ex1,df17b8d9-91c4-4a9c-ba94-fea488d6810a,kit,Abo ddäddäg de nokomeyo a katrekatre toko me nowattälleyo.,You all should take the pieces of meat and put them on the table.,,Verbal Dictionary
df17b8d9-91c4-4a9c-ba94-fea488d6810a-ex2,df17b8d9-91c4-4a9c-ba94-fea488d6810a,kit,Pa obom dowansegän a dallän nagda bom dingällbänän a kottllam pate gongttägeyo.,The bird left him and went to get his friend and returned to the turtle.,WE-ST031 2.17,Verbal Dictionary
df17b8d9-91c4-4a9c-ba94-fea488d6810a-ex3,df17b8d9-91c4-4a9c-ba94-fea488d6810a,kit,Oba llɨg kälekäle tämamae ma me dowattälleyo.,They left all their small children at home.,WE-ST055 3.2,Verbal Dictionary
28bdd53e-dea8-44a9-8ada-41ad4b3eb89e-ex1,28bdd53e-dea8-44a9-8ada-41ad4b3eb89e,kit,Lama wa Mana ubi obaoba ulle abal kandärmang me gowensegäneyo.,Lama and Mana were left feeling very sorry for themselves.,,Verbal Dictionary
28bdd53e-dea8-44a9-8ada-41ad4b3eb89e-ex2,28bdd53e-dea8-44a9-8ada-41ad4b3eb89e,kit,Däbe källäm a yäbäd ulle atta dallän do kälae abal gowensegän ine da.,"Because of the strong sun, that pond kept getting smaller until there was very little water left.",,Verbal Dictionary
c44d96aa-8b4f-47af-a51c-103a95bb0b52-ex1,c44d96aa-8b4f-47af-a51c-103a95bb0b52,kit,"Bogo bun gowenän ada, ""Ddone.""","His head shook like this, ""No.""",,Verbal Dictionary
30f1dcd0-7621-4812-bb04-52512c04698c-ex1,30f1dcd0-7621-4812-bb04-52512c04698c,kit,Zämllallang a oba bun di dowanaemneyo mikutt me.,Passers-by shook their heads in anger.,Mak Bän 835.6,Verbal Dictionary
cd4c0d1e-fd5b-4ea6-9d42-4c01d434e8cb-ex1,cd4c0d1e-fd5b-4ea6-9d42-4c01d434e8cb,kit,Ddone mänyi bam bawengameya.,We will not forget you.,WE-ST006 3.2,Verbal Dictionary
e040403d-6c3b-472e-a47d-e5bda3bb591a-ex1,e040403d-6c3b-472e-a47d-e5bda3bb591a,kit,Kullkull wanyweny e gotäbanegnän.,They were planning to burn a grass fire.,,Verbal Dictionary
3e211df7-fa0e-4b30-9026-53c5683b1ab5-ex1,3e211df7-fa0e-4b30-9026-53c5683b1ab5,kit,Ngäna wap alle pa de gäddnan dängkaemneg.,I started killing birds with sticks.,,Verbal Dictionary
59e92830-962f-4038-a958-ee9a03fdd123-ex1,59e92830-962f-4038-a958-ee9a03fdd123,kit,"Angde Matthew llɨg kälsre me, dibe llo de wasangwasang dängkälne.","When Matthiew was a little boy, he was always climbing that tree.",,Verbal Dictionary
011f2641-48d4-4cd7-831f-ae6d6fb517ab-ex1,011f2641-48d4-4cd7-831f-ae6d6fb517ab,kit,"Da ngämi e we bam baweseya, ngäma moko da bongo nangesneg ngämira.","Whatever we (excl.) ask you for, we want you to do it for us.",,Verbal Dictionary
011f2641-48d4-4cd7-831f-ae6d6fb517ab-ex2,011f2641-48d4-4cd7-831f-ae6d6fb517ab,kit,Ge ngäna ewe de dawes ikopse alle.,This is what I had asked for in prayer.,WE-ST008 4.1,Verbal Dictionary
c231eab8-ef1b-4f23-9a5b-d6779393fb35-ex1,c231eab8-ef1b-4f23-9a5b-d6779393fb35,kit,Ngäna wawaem de dandär.,I heard a hiss.,,Verbal Dictionary
d5e24ae3-62f6-4225-b1f6-3004b4dcc457-ex1,d5e24ae3-62f6-4225-b1f6-3004b4dcc457,kit,Bituri mängallang abal ine wawaem de dangalltallo mutt i.,They paddled upstream against the strong current of the Bituri river.,,Verbal Dictionary
729caaeb-81b6-420e-8bcf-71fbd889b328-ex1,729caaeb-81b6-420e-8bcf-71fbd889b328,kit,Yogoll mamott me ine da bingkälän a wawaem bognän.,"During rainy times, the water rises and flows.",,Verbal Dictionary
0e2ae00f-667c-437a-962a-44be99b9ad08-ex1,0e2ae00f-667c-437a-962a-44be99b9ad08,kit,Ngämo wayati kongkom e nalle.,[You] go carry my watermelons.,,Verbal Dictionary
ac126110-2a2a-48f4-aeea-c1ec3a833e62-ex1,ac126110-2a2a-48f4-aeea-c1ec3a833e62,kit,Kak bo nae a wäl peyang gognegän.,Grandmother's sweet potato plants have stems.,Kauga Dobola,Verbal Dictionary
abd3dea2-7263-48ec-adef-eddf2100663a-ex1,abd3dea2-7263-48ec-adef-eddf2100663a,kit,"De lla de ikop nägaeya, alla wällawälla allan?","See that person, how he's showing off?",,Verbal Dictionary
266f2feb-fc55-4478-951c-a1b45e2811b3-ex1,266f2feb-fc55-4478-951c-a1b45e2811b3,kit,Lla da wälläng e dallän.,The man goes to the bush.,,Verbal Dictionary
dd168556-0686-46d0-9905-8e9466af4f7f-ex1,dd168556-0686-46d0-9905-8e9466af4f7f,kit,"Bogo Lama bälle wälle gogon, Emi bälle yirngän e.",He called Lama so she could save Emi.,,Verbal Dictionary
368534b5-e076-471d-906f-7c9daf0c305e-ex1,368534b5-e076-471d-906f-7c9daf0c305e,kit,Bogo ddobae wänänang dan.,She is a provider.,,Verbal Dictionary
fed9ad77-bf66-430f-b495-cfe5ade4d4d2-ex1,fed9ad77-bf66-430f-b495-cfe5ade4d4d2,kit,"Yesu adame obo kollmällang de umllang dägnegän oblle gall kälsäre särämbae e, oba lla da ddone obom beyawändägallo.","This is why Jesus told his disciples to prepare a small boat for him, so that people wouldn't come crowd him.",,Verbal Dictionary
ff1f409c-6579-454b-b28b-b4d50e74430d-ex1,ff1f409c-6579-454b-b28b-b4d50e74430d,kit,Känazbag mänyi wel peyang bogon.,"Tomorrow, it will be windy.",,Verbal Dictionary
fb5947b7-5cb7-4f43-8f03-5d01bcd4ddbf-ex1,fb5947b7-5cb7-4f43-8f03-5d01bcd4ddbf,kit,Särem a deyawinän.,Darkness settled.,,Verbal Dictionary
fb5947b7-5cb7-4f43-8f03-5d01bcd4ddbf-ex2,fb5947b7-5cb7-4f43-8f03-5d01bcd4ddbf,kit,Ttängäm a zäme deyawinän toto me.,The village had already settled down in the early evening.,,Verbal Dictionary
36721503-a03b-4688-a121-81029f664603-ex1,36721503-a03b-4688-a121-81029f664603,kit,Ngäna ngämlle ttongo widere sisor de popo e dan.,I want to make a new paddle.,SE-LE054 16.1,Verbal Dictionary
d73319b9-93a1-47d0-b967-4b0125bb0400-ex1,d73319b9-93a1-47d0-b967-4b0125bb0400,kit,Däbe tätämatt winy a ka tomowangtomowang moko allan.,That honey from yesterday tastes a little bitter.,,Verbal Dictionary
2d50aabd-8523-432f-911d-d565d783fc87-ex2,2d50aabd-8523-432f-911d-d565d783fc87,kit,"Witara me wayati da, pamker a, biye da wa mompel a däbem de ibeb erallo.","They are planting watermelon, pumpkin, taro, and aibika in the river garden.",SE-LE054 83.1,Verbal Dictionary
4e385d54-8061-4d49-9c3b-9681ea24fd5f-ex1,4e385d54-8061-4d49-9c3b-9681ea24fd5f,kit,Wiya gänyerimae!,[You] come over here!,,Verbal Dictionary
f3c51286-ba80-4c27-9e02-b566ca0f852e-ex1,f3c51286-ba80-4c27-9e02-b566ca0f852e,kit,Tämamae wiyamom!,"Come, everyone!",,Verbal Dictionary
6096d201-38da-4c99-af10-5c3dee047f9f-ex1,6096d201-38da-4c99-af10-5c3dee047f9f,kit,Pätt de ekaklle alle dawɨndeya.,We covered the body with earth.,,Verbal Dictionary
c7d79310-739f-43f0-9b12-d5447ab8e4f4-ex1,c7d79310-739f-43f0-9b12-d5447ab8e4f4,kit,Tätäm ibi tawa de duwonalla.,Yesterday we cleared the floating grass.,,Verbal Dictionary
351452ac-5339-4424-b870-592f8f6ebc07-ex1,351452ac-5339-4424-b870-592f8f6ebc07,kit,Män nagda bom yagnen dängkamän.,‎‎The girl started to look for her friend.,,Verbal Dictionary
351452ac-5339-4424-b870-592f8f6ebc07-ex2,351452ac-5339-4424-b870-592f8f6ebc07,kit,Erodias nyongo de deyagnegnän Zon bälle gäz e.,Herodias was looking for ways to kill John.,,Verbal Dictionary
bb32fc14-7007-4c79-bf8a-f16b3487cb5e-ex1,bb32fc14-7007-4c79-bf8a-f16b3487cb5e,kit,Oblle ine neyatän.,[You] fetch water for him.,,Verbal Dictionary
83002229-838d-4217-bb59-0f838c51e5c6-ex1,83002229-838d-4217-bb59-0f838c51e5c6,kit,Gall atta goyattänän.,She got out of the canoe.,,Verbal Dictionary
1bb4012b-e626-479a-b172-57ef2d557b0e-ex1,1bb4012b-e626-479a-b172-57ef2d557b0e,kit,yayoang dan,he is slithering,,Verbal Dictionary
e09187b1-3aa6-4a94-a222-e2dbb772d171-ex1,e09187b1-3aa6-4a94-a222-e2dbb772d171,kit,Yäbäd de ddapall käkan a dakonewän.,The clouds covered the sun.,,Verbal Dictionary
3001a3b1-3bae-4f03-ab4f-13a0246db1ba-ex1,3001a3b1-3bae-4f03-ab4f-13a0246db1ba,kit,Mer abal yäbäd daeya.,It was very good weather.,,Verbal Dictionary
90fb5446-4496-4728-a78d-dc5b318ef7f4-ex1,90fb5446-4496-4728-a78d-dc5b318ef7f4,kit,Ngäna mɨnyi ddone abal bam baembäg.,I will never disown you.,,Verbal Dictionary
d79e1cab-8e6f-40f7-ac6f-7d6e09def4d8-ex1,d79e1cab-8e6f-40f7-ac6f-7d6e09def4d8,kit,Bogo Lama bom yärany dägagän mängall alle.,She screamed loudly at Lama.,,Verbal Dictionary
a90c85d2-248a-4f05-8ef4-faab4ec6ba8f-ex1,a90c85d2-248a-4f05-8ef4-faab4ec6ba8f,kit,nge id,coconut cream,,Verbal Dictionary
c889211d-3e1c-4cf5-be85-fd128e6db686-ex1,c889211d-3e1c-4cf5-be85-fd128e6db686,kit,Tätäm ubi yɨdmeny sana de däkämeyo.,"Yesterday, they squeezed a dry sago palm.",Winson Warama,Verbal Dictionary
b48d141c-f26b-451c-9cce-e2eabe60d910-ex1,b48d141c-f26b-451c-9cce-e2eabe60d910,kit,Sisri yogoll allan.,It is raining now.,,Verbal Dictionary
07400d2a-401a-43b2-a591-03a010a56977-ex1,07400d2a-401a-43b2-a591-03a010a56977,kit,Ngäna käza yon de wätaran.,I dreamed about crocodiles.,,Verbal Dictionary
e7447080-04e1-47b3-b65e-94f14ddabfc6-ex1,e7447080-04e1-47b3-b65e-94f14ddabfc6,kit,Bongo ddone yorkollang alle.,You are not dirty.,,Verbal Dictionary
83916751-e8db-429c-aa13-60a8fda34e4a-ex1,83916751-e8db-429c-aa13-60a8fda34e4a,kit,Eiz itrell a lla bo wa piye me a mälla bo yowa käpät me dadeg.,The HIV virus exists in men's sperm and in women's vaginal fluid.,,Verbal Dictionary
4ad11445-b614-4d39-9edc-a966d7dfa9bd-ex1,4ad11445-b614-4d39-9edc-a966d7dfa9bd,kit,Sali yu di mermerae lläklläk eran.,Sali is spreading the fire nicely.,,Verbal Dictionary
23948dc6-a54b-47c3-8eeb-b7b1947c0bf1-ex1,23948dc6-a54b-47c3-8eeb-b7b1947c0bf1,kit,"Obo wätät de yu dägagän, duwem gogon.",He cooked his food on the fire and ate it.,SE-TN029 20.1,Verbal Dictionary
23948dc6-a54b-47c3-8eeb-b7b1947c0bf1-ex2,23948dc6-a54b-47c3-8eeb-b7b1947c0bf1,kit,Pa de yu dägaebneyo.,They cooked the birds on the fire.,WE-ST025 14.1,Verbal Dictionary
23948dc6-a54b-47c3-8eeb-b7b1947c0bf1-ex3,23948dc6-a54b-47c3-8eeb-b7b1947c0bf1,kit,Kollba de yu deagän.,He cooked his two fish on the fire.,WE-ST032 22.1,Verbal Dictionary
bb2a7ab6-f8a2-45fe-a7f9-dad96a1a8998-ex1,bb2a7ab6-f8a2-45fe-a7f9-dad96a1a8998,kit,Auma watta ako ngäna yu bäng de beyangäs.,I'll bring the firestick back from the grave.,,Verbal Dictionary
d45e2b45-a547-4332-ab4b-02002581faeb-ex1,d45e2b45-a547-4332-ab4b-02002581faeb,kit,Kumuddäga eka de ngäna yus anggan.,I use three languages.,,Verbal Dictionary
aafd4b76-58ae-4b15-b4f1-6fb9921d00c7-ex1,aafd4b76-58ae-4b15-b4f1-6fb9921d00c7,kit,Ngäna bam mɨnyi yuwet e pen de banttog.,I will lend a pen to you (lit. give you a pen for a short time).,,Verbal Dictionary
89070721-5351-4a54-be6b-28fb28ae1c17-ex1,89070721-5351-4a54-be6b-28fb28ae1c17,kit,Ubi siti we yuwetyuwet gobällnän.,They went into the city briefly.,,Verbal Dictionary
5a03b409-4e92-44a4-82b3-5db16fbf932d-ex1,5a03b409-4e92-44a4-82b3-5db16fbf932d,kit,yuwog abal mani,a lot of money,,Verbal Dictionary
5a03b409-4e92-44a4-82b3-5db16fbf932d-ex2,5a03b409-4e92-44a4-82b3-5db16fbf932d,kit,Ngämo nagnag a yuwog abal dagän.,I have many friends.,,Verbal Dictionary
5a03b409-4e92-44a4-82b3-5db16fbf932d-ex3,5a03b409-4e92-44a4-82b3-5db16fbf932d,kit,Yuwog abal kollba de ngämi daittaemnalla.,We (excl.) were catching many fish.,,Verbal Dictionary
db2fd07a-4aa3-4ec1-93c5-45876e2a8182-ex1,db2fd07a-4aa3-4ec1-93c5-45876e2a8182,kit,Ngäna yuwog dae ibi allan Bisuaka we.,I'm going to Bisuaka on a whim.,,Verbal Dictionary
db2fd07a-4aa3-4ec1-93c5-45876e2a8182-ex2,db2fd07a-4aa3-4ec1-93c5-45876e2a8182,kit,Ngäna yuwog dae giddoll allan.,I am living without any food.,,Verbal Dictionary
ade077a0-05a7-420f-a2ec-57a3d9f10e87-ex1,ade077a0-05a7-420f-a2ec-57a3d9f10e87,kit,Lla da o mälla da obaoba ddone yuwoyuwog bulignegnän.,Men and women should not be having sex with each other needlessly.,,Verbal Dictionary
0a671452-9155-423e-a53b-ebcdf1d195fb-ex1,0a671452-9155-423e-a53b-ebcdf1d195fb,kit,Sisor llɨg a ubi yuwoyuwog panypeny erallo Ende eka de.,Young kids aren't speaking Ende properly.,,Verbal Dictionary
a4e3b15f-24f8-41f6-a33b-3589df94befb-ex1,a4e3b15f-24f8-41f6-a33b-3589df94befb,kit,Oba za da gänyag.,Here are their things.,,Verbal Dictionary
bd5fa40a-8a48-4429-b645-72083b6d22bf-ex1,bd5fa40a-8a48-4429-b645-72083b6d22bf,kit,Ngäna ngämo zaga butruwam.,I will lay myself down.,,Verbal Dictionary
da8740b9-f1fb-4adf-b8ea-5556b59f5e8f-ex1,da8740b9-f1fb-4adf-b8ea-5556b59f5e8f,kit,lla zazer ma märäll me,sized so that a person could enter,,Verbal Dictionary
da8740b9-f1fb-4adf-b8ea-5556b59f5e8f-ex2,da8740b9-f1fb-4adf-b8ea-5556b59f5e8f,kit,Ngäna mɨnyi bozen.,I will enter.,,Verbal Dictionary
da8740b9-f1fb-4adf-b8ea-5556b59f5e8f-ex3,da8740b9-f1fb-4adf-b8ea-5556b59f5e8f,kit,Pollgo da täl dɨdɨr ik e gozenän.,The frog went into the dry bamboo.,,Verbal Dictionary
da8740b9-f1fb-4adf-b8ea-5556b59f5e8f-ex4,da8740b9-f1fb-4adf-b8ea-5556b59f5e8f,kit,Bibi ngämo ma ik e zarnen amalla.,You all are going in my house.,,Verbal Dictionary
a0bc6c70-cfc5-4522-9a52-622e104eb136-ex1,a0bc6c70-cfc5-4522-9a52-622e104eb136,kit,Polis a obom säremang ma ik i däzaneyo.,The police put him in prison.,,Verbal Dictionary
a0bc6c70-cfc5-4522-9a52-622e104eb136-ex2,a0bc6c70-cfc5-4522-9a52-622e104eb136,kit,Bogo up wo de nyäng e dazernän.,He put the ripe bananas in the bag.,,Verbal Dictionary
b1c88a05-eb9c-47ea-8452-25fd215d91e8-ex1,b1c88a05-eb9c-47ea-8452-25fd215d91e8,kit,Ge llɨg a dedme gunziwän.,This boy settled there.,,Verbal Dictionary
47f74243-251a-4b85-af7c-a8cf160c603e-ex1,47f74243-251a-4b85-af7c-a8cf160c603e,kit,Ngäna däba ngata me gonzagae.,I wandered around in that area.,,Verbal Dictionary
64f56422-9f57-4778-8664-efcaee4c1c36-ex1,64f56422-9f57-4778-8664-efcaee4c1c36,kit,Mänmän a sana de zazaba we dändäraebeyo.,The girls filled their sago bags with sago.,SE-LE054 43.1,Verbal Dictionary
b8c5ee3e-4cdd-43cc-9845-7b6418f785dd-ex1,b8c5ee3e-4cdd-43cc-9845-7b6418f785dd,kit,Ngäna käp tumang zazeag dan.,I lay many eggs.,,Verbal Dictionary
ff107bcc-cfca-4cf2-b555-0e522aa70d50-ex1,ff107bcc-cfca-4cf2-b555-0e522aa70d50,kit,ngämo baba bakmall zaze,my father's siblings (lit. those in the generation with my father),,Verbal Dictionary
e5a75426-8030-491f-bee2-871c0a69d511-ex1,e5a75426-8030-491f-bee2-871c0a69d511,kit,Ubi tätäm gänyagaeya dinzämän.,They passed through here yesterday.,,Verbal Dictionary
cfbaa234-e863-445e-9f2a-8ca45a2d68d9-ex1,cfbaa234-e863-445e-9f2a-8ca45a2d68d9,kit,Ubi ine de zämaenen erallo.,They are pouring water.,,Verbal Dictionary
cfbaa234-e863-445e-9f2a-8ca45a2d68d9-ex2,cfbaa234-e863-445e-9f2a-8ca45a2d68d9,kit,"Kollba dängälläbeya, nyäng e danzämaeya.",We bought fish and put them in a bag.,,Verbal Dictionary
9861bee7-5cc8-40dc-90f4-8dc70ac7b041-ex1,9861bee7-5cc8-40dc-90f4-8dc70ac7b041,kit,Bogo zämllall allan.,He is passing by.,,Verbal Dictionary
a0732d48-6b0d-4cf4-a533-2c4af1b34aa1-ex1,a0732d48-6b0d-4cf4-a533-2c4af1b34aa1,kit,Bogo zämllazämllall ibi allan.,He walks without stopping.,,Verbal Dictionary
fbd1f4d5-942e-4a06-bf4d-0d6eba909747-ex1,fbd1f4d5-942e-4a06-bf4d-0d6eba909747,kit,Bongo sisri ebdo ag me ozegalle.,You were born this morning.,,Verbal Dictionary
fbd1f4d5-942e-4a06-bf4d-0d6eba909747-ex2,fbd1f4d5-942e-4a06-bf4d-0d6eba909747,kit,"Ngäna do gozeg, Kibobma me.","I was born there, in Kibobma.",,Verbal Dictionary
671ba75f-13d5-41c3-b587-3a7484b2b6f3-ex1,671ba75f-13d5-41c3-b587-3a7484b2b6f3,kit,Obom zel ma ik i näzanallo.,They put him in jail.,,Verbal Dictionary
d906c1bb-238b-498d-bde7-3f3f87ccce15-ex1,d906c1bb-238b-498d-bde7-3f3f87ccce15,kit,Ngäna mänyän de ttam alle zigae eran.,I am wrapping the mänyän fish with leaves.,,Verbal Dictionary
d906c1bb-238b-498d-bde7-3f3f87ccce15-ex2,d906c1bb-238b-498d-bde7-3f3f87ccce15,kit,Ngämi sana mängalae dazgiaebeya.,We (excl.) quickly wrapped the sago.,,Verbal Dictionary
6becef04-5f8e-4478-af45-cee9c3cac817-ex1,6becef04-5f8e-4478-af45-cee9c3cac817,kit,Zizag Adi,the Lord God,,Verbal Dictionary
6becef04-5f8e-4478-af45-cee9c3cac817-ex2,6becef04-5f8e-4478-af45-cee9c3cac817,kit,ttängäm zizag,landowner,,Verbal Dictionary
6becef04-5f8e-4478-af45-cee9c3cac817-ex3,6becef04-5f8e-4478-af45-cee9c3cac817,kit,Gänyaolle gall zizag a ngänawaenen.,The owner of this canoe is me.,,Verbal Dictionary
0d82f67b-7ab0-4c75-b39d-0263d2a4be41-ex1,0d82f67b-7ab0-4c75-b39d-0263d2a4be41,kit,"Angde ngämi ttägäll de däziya, duwem gogmam.","When we (excl.) uncovered the mumu, we ate.",,Verbal Dictionary
0d82f67b-7ab0-4c75-b39d-0263d2a4be41-ex2,0d82f67b-7ab0-4c75-b39d-0263d2a4be41,kit,Wel gullbe da gongttägän a mägda bo pite de däzinän.,A strong wind came and lifted his mother's skirt.,,Verbal Dictionary
07fc684b-d0be-446c-9008-992218a9ee89-ex1,07fc684b-d0be-446c-9008-992218a9ee89,kit,Ngäna bam zime ikop nagan.,I already saw you.,SE-TN016 18.1,Verbal Dictionary
07fc684b-d0be-446c-9008-992218a9ee89-ex2,07fc684b-d0be-446c-9008-992218a9ee89,kit,Llɨg a zime ngänaeka gognegnän kallkäll atta.,The children were already crying from cold.,WE-ST016 3.2,Verbal Dictionary
66763c8a-abf6-4de3-ae60-858b1f46cae8-ex1,66763c8a-abf6-4de3-ae60-858b1f46cae8,kit,Pitapo bo inkɨm a zowag dan.,Pitapo's voice is hoarse.,,Verbal Dictionary
7ad93c3c-9fab-4b45-b14f-77e87e0f0cb4-ex1,7ad93c3c-9fab-4b45-b14f-77e87e0f0cb4,kit,Kumddäga ebdo ddɨgatt alle up a mɨnyi bozowän.,"After three days, the banana will rot.",,Verbal Dictionary
7ad93c3c-9fab-4b45-b14f-77e87e0f0cb4-ex2,7ad93c3c-9fab-4b45-b14f-77e87e0f0cb4,kit,Lläkäm a mamall zozoang dan.,The mushroom goes bad quickly.,,Verbal Dictionary
dd98db3c-dc87-4ad9-8794-6c578eb54099-ex1,dd98db3c-dc87-4ad9-8794-6c578eb54099,kit,Bodog käbama dallän a sɨmell gullbe de dazuwän.,Bodog went hunting and shot a boar.,,Verbal Dictionary
3d515093-5a3d-4420-84ea-01ce6cc897a0-ex1,3d515093-5a3d-4420-84ea-01ce6cc897a0,kit,Baba bom sana täkäll da nazunan nying me.,The sago thorn pierced Dad in the leg.,,Verbal Dictionary
3d515093-5a3d-4420-84ea-01ce6cc897a0-ex2,3d515093-5a3d-4420-84ea-01ce6cc897a0,kit,Ngänäm doktor da pam alle nazuwan.,The doctor gave me an injection.,,Verbal Dictionary
