ID,Entry_ID,Part_Of_Speech,Description,Scientific_Name,Cultural_Note,Semantic_Note,Grammar_Note,Sociolinguistic_Note,Discourse_Note,Source,Reference
6f909c01-b37b-4f0c-bad7-552e1874232b,5_11e8152c-9f6f-4365-bda6-afbdc3e041e4,num.,5,,,,,,,,
fdd9d2c0-7def-46c9-b2f4-b4ebfb21e899,00_14ee198a-7c25-4478-9256-7210d3d54974,num.,zero,,,,,,,,
45655e71-1546-4b77-9a4a-961044b3dbbc,3_1b23dfa7-84ca-4437-86e4-93ac5323e3b7,num.,3,,,,,,,,
49a4c7b5-fa65-4958-a60a-03fa4bdef850,300_1d56e697-a615-4ad5-b8b8-b3bfa468d948,num.,three hundred,,,,,,,,
cf48046a-62d0-4dc4-8dde-dd344d0767f1,12_333b3e3f-f034-405c-a022-4a6dd9ed7e45,num.,12,,,,,,,,
ee2ee446-1842-4d45-8386-3744866ca4aa,8_3d9ff3e6-54e9-43b8-9246-601f1e98f2be,num.,8,,,,,,,,
0afe539a-75cd-4bdd-be38-7238ac46fadc,11_423420b5-3810-46c2-8d4e-73428b244da4,num.,1,,,,,,,,
8d817ba7-35a6-41ec-bc35-a62fb97423a1,2_4a8edc6e-c3fb-49b4-be6d-1ca7bde522f5,num.,2,,,,,,,,
3793be6d-8914-40f1-9362-9ff2613a92c4,11_569b6552-e688-4ef7-ad12-b9696403d556,num.,11,,,,,,,,
f070908f-8adc-47c8-b277-e5228cbce461,102_847d554a-f782-4896-b325-dbfb9726f095,num.,10,,,,,,,,
af8378db-b959-4313-849d-de8a5c588e6d,6_b2e4a382-9d91-48fa-a360-4452c129b986,num.,6,,,,,,,,
85fe2679-0778-4c8f-96fa-022b24be865d,9_bbfd0d40-17ad-4f3c-8538-425e6870ed1f,num.,9,,,,,,,,
58e60210-5c9a-4aa7-8ccd-43625ae853db,4_c7c02bb0-b075-4db7-854b-1ac6766dfa41,num.,4,,,,,,,,
f39a9b76-4d3c-49b0-b28f-947362b9ffa5,7_cc411913-9f26-448d-a550-e183df45d3b1,num.,7,,,,,,,,
50c51540-4052-4461-9ca8-20558749a967,a_05f0906f-9c99-4785-8401-1f232d13937d,coord.conn.,and,,,,,,,,
4dc24af6-acd8-45c4-9a69-1755f97ba7f3,a-1_0ed8cc27-3b35-4aa7-9dd6-ca216704023c,v.,root.ext.tr,,,,,,,,
7dc162cb-d37e-4a58-9148-eb38acf95e97,a-2_25d5721b-d991-4678-b5c1-a77f8c0f6439,v.,rec.intr,,,,,,,,
7eec98c2-5576-4962-8d42-f183a327f706,a-2_25d5721b-d991-4678-b5c1-a77f8c0f6439,i.v.,fut.intr.2S,,,,,,,,
d5a82318-4f24-4e42-bb36-d1d5f52e9d71,=a_ac430936-e9a7-46e3-8121-f3c763eefebd,Discourse clitic,vocative particle,,,,,,,,
68c217a4-9c49-4a64-9ec0-6f007f55dd4d,aba_30fdf59f-7fff-4280-af5f-10e2899e636e,interj.,go (command given to animals),,,,,,,,
a3847004-34df-4a0a-b631-0e3604eabb54,=aba_3490f33e-1a01-4d15-a0e4-f43d6f258819,pro.enc.,clitic form of oba,,,,,,,,
c374e3cf-c68a-4197-8c3d-35d26380cbf4,abade_6fb9c414-a1b5-4bd5-a0c2-fdaeb5c434bf,mod.,"future, later, upcoming, impending",,,,,,,,
32bfb4fc-07ae-4929-8410-209f996918e3,=abaene_e1880879-06d5-45a7-a5aa-a954c8b9b60a,pro.enc.,clitic form of obaene,,,,,,,,
6216e0c1-fdd2-41d3-b980-b9c9285d5b6f,Abagigima_6b296dad-9545-4216-b4bf-298847209c60,prop.n.,personal name,,,,,,,,
424bf53e-c600-4c62-ba26-7fcf583f8faf,abal_257e0445-3fef-4f22-be17-d7aadda313b9,mod.,pure,,,,,,,,
173ac717-36c5-4cd9-b4eb-a03aa9876ed6,abal_257e0445-3fef-4f22-be17-d7aadda313b9,adv.,very,,,,,,,,
b0168c3e-c03e-488b-99e5-32479994c0d9,abal_257e0445-3fef-4f22-be17-d7aadda313b9,adv.,"exactly, just",,,,,,,,
d31e5c11-220c-4f6b-a0e8-96ef10ca52b5,Abam_21050baa-f41d-4aab-9e04-3b133bbbbd24,prop.n.,Abam (Wipi-speaking village in Oriomo-Bituri LLG; GPS: -8.926607 143.190246),,,,,,,"Bodog Jowanang, Geoff Rowak, Inawa Dareda",
048db4dc-f4a3-4ed9-8b15-a4c255dc85ea,abe_bee489b7-d7df-484f-9698-84f260d40cc3,coord.conn.,but,,,,,,,,
46d490ff-937c-4f09-bff3-3645d3a31a8b,Abeam_c62c7c3e-12ef-4ed5-8f14-d6ff0a2e70d2,prop.n.,male personal name,,,,,,,,
e7d9282a-56d3-4f4f-8074-095274d01348,Abere_543c59f8-cb56-4513-ab1f-0ac20c3d51a8,prop.n.,female personal name,,,,,,,,
2b744617-2ac8-44a1-96b8-6f97ca32378f,Aberegerem_4a9abf59-c8b2-440f-8f06-3cd5042a9800,prop.n.,Aberagerema (in Kiwai Rural LLG),,,,,,,"Bodog Jowanang, Geoff Rowak, Inawa Dareda",
7238740f-19de-4ac0-a423-4d73077e4f91,Abigail_da106cc9-0b7e-4ba4-96ce-1ec0eccc1257,prop.n.,female personal name,,,,,,,,
fc6691fd-fc89-4067-85db-d18d600ae91c,=abira_26c4d60e-1ab1-481b-a0fc-d923c10f1972,pro.enc.,clitic form of ubira,,,,,,,,
f3a4eaa3-8414-46ab-b54f-e3d8d3daac0d,abo_4a3ce592-bffd-498d-bbd8-f6c0f211657a,adv.,"then, afterwards",,,,,,,,
f7d0c898-0f11-4ed5-90b5-fb71bfbfbb99,abo_4a3ce592-bffd-498d-bbd8-f6c0f211657a,TAM particle,"must, necessative mood",,,,,,,,
98b6add6-612a-433e-ab38-4c670a511545,Abom_8d818128-0a88-4e08-97d4-34bed490ed71,prop.n.,Abom (toponym),,,,,,,,
4af289f6-39b0-490f-84c3-f0083884bf35,abor_8f7a8f30-878e-40b2-a693-2b0107b0f6b6,n.,sago beater,,,,,,,,
33ca8779-ba80-485b-8d0d-e0d7ae316c45,abwa_ae09f4a5-3aa1-4342-bbe9-b1891c0ba219,interj.,,,,,,,,,
7c661e5c-e04e-440e-a1f4-23369a2196df,ada_00da4f01-5c11-4130-9b5c-09b5e60fce98,man.dem.,"like this, thus, so",,,,,,,,
8f7f57d1-3ccd-472b-95cc-763873c0b02b,ada_00da4f01-5c11-4130-9b5c-09b5e60fce98,prtcl.,quotative particle (for quoted/direct speech),,,,,,,,
888e1f72-c2c8-416d-8778-a631d21636c5,ada_00da4f01-5c11-4130-9b5c-09b5e60fce98,comp.,that,,,,,,,,
30a91c88-dc60-4a2c-9bff-f97ffdb25606,adade_0be4ea21-1eac-4c77-aafd-2a4cd69ed4f7,adv.,~ ada,,,,,,,,
e6b2a7f2-2813-4ead-8cba-40bcb276230b,adako_e0c51c71-9c37-4209-a524-c3a801d3f47f,adv.,~ ada,,,,,,,,
20cc8fde-6a32-43cd-9236-4752cedad630,adako_e0c51c71-9c37-4209-a524-c3a801d3f47f,TAM particle,~ ako,,,,,,,,
f5042dff-b8da-402e-97f4-95a2f8bd85fd,Adam_4d36dc48-b8bd-4e5f-be56-0712b324e7ea,prop.n.,,,,,,,,,
b57ed96f-eab0-4379-954d-425403fa1b17,adame_aa536756-7a5d-4ed9-ac45-c0cdcde0b605,adv.,"this is why, therefore",,,,,,,,
ee811cb7-2fcd-4a56-9922-db560c4e73c3,adame_aa536756-7a5d-4ed9-ac45-c0cdcde0b605,adv.,at this moment,,,,,,,,
f3348a4d-2335-4c08-8ff9-f48908126bd5,Adasha_c6317260-637a-4c80-918a-b81b93178db6,prop.n.,male personal name,,,,,,,,
0282cc7f-943d-461c-af69-a15186c400bc,adawae_81061620-bbf9-499f-bb8f-d89c31d05afc,adv.,the same way,,,,,,,,
1d224dcb-7a44-4d96-9d1b-d4ec91114858,adawalle_4418cf56-3419-496d-8a5a-9e210fc91b4f,adv.,"then, so",,,,,,,,
2fd8d701-077f-4f1d-9fe2-d103bba4d039,adawatta_9b22834d-3cb2-44c8-b84c-fe74ae76ef68,sub.con.,because (introduces a cause or reason),,,,,,,132:2,
ceb92cd9-6e98-4e58-ab55-0afb96dd099b,adawatta_9b22834d-3cb2-44c8-b84c-fe74ae76ef68,adv.,"why, therefore (marks a result or consequence)",,,,,,,,
4073cf82-dbb8-4938-afc0-a0ebd379d60e,adawede_b40d4500-e49c-474c-9c7e-af2dcb1199e9,sub.con.,so that,,,,,,,,
7052a6fd-b199-4fa6-8409-995cd89f8e04,ade_6ebbcdd0-f1e1-477b-b150-357f34426d68,adv.,also,,,,,,,,
8f980b3f-67c3-4fdc-ac7b-9c1a1ace281b,Adi_9f18c6cb-7f87-4d91-864c-1a227f369503,prop.n.,God,,,,,,,,
6849843a-764f-4f37-a970-a0531277a88a,adingoll_6041aa37-d0f4-4ba8-a46e-d23c24507305,adv.,like this,,,,,,,,
44018d01-b1a2-4266-86cb-8cb5a5736f96,adräl_17973fae-dfa5-4198-af46-6f592bf87b15,n.,type of tree,,,,,,,Tony Warama,
4e782edb-56da-4414-8d2f-499a416bb0ba,Adu_613c49dd-aa26-4445-982d-2dda4f2b3ba7,prop.n.,female personal name,,,,,,,,
12ec0b58-c952-48af-8388-ccf99b34801d,aduwi_d4bf51ca-ff8e-4c68-8622-ba4c96a821ac,n.,type of tree,,,,,,,Tony Warama,
d0ce33e9-d718-4f07-8a2e-cb5f80ad5784,=ae2_3f56fac8-c619-48db-8294-340e637d7d63,clt.,adverbializing clitic,,,,,,,,
ba2e4329-6545-4c9d-af49-810d851f9569,=ae1_92719211-3432-4764-92d0-fb023339e307,clt.,restrictive clitic; only,,,,,,,,
48600e1d-01c1-4548-a4d0-198eb90b166a,=ae3_cfcb3101-45b5-482f-b3f7-069366decb5d,nom.clt.,distal vocative clitic,,,,,,,,
490dddf8-0994-4a43-ae7d-ebbbd28f1568,ae_ea29ae96-afc1-44b0-8fa2-08df04ab120f,interj.,ah,,,,,,,,
80823f4c-5cb3-4a19-98bb-8e0d9f9dc435,aeb2_14f36ed9-9ce0-4562-bec7-737b8e7dea0e,v.,to deny,,,,,,,,
e483f9ba-d3af-41ef-b547-75b610955328,aeb1_84fb1efa-a81c-482b-a8a3-3d80fbb51659,n.,black-billed/yellow-legged brushturkey,Talegalla fuscirostris,,,,,,,
5c9cefd3-37b9-4360-8536-d5024386f1fe,aebaeb_9b2a0d46-4c23-48c7-91b3-7952e29554fb,n.,type of tree,,,,,,,Tony Warama,
2ff3507b-eb28-4b93-be95-50cea29891bb,=aebe_f89f62d1-4834-4b1d-8acd-1aba5cc6a634,nom.clt.,restrictive clitic; only,,,,,,,,
349b2219-773c-45ab-9ef8-a285400dc4bf,aenen_a6485965-ba3f-41f7-84d7-9efff515ecd5,cop.,copular form of aya (present singular form),,,,,,,,
796f844e-f0c5-4371-998f-f3b481317f16,aeneya_e09dbbfa-38e9-43c3-beb9-c45ea04820dc,cop.,past singular form of aenen,,,,,,,,
535f07b3-4c34-49b0-b397-78fa6c22192b,aengap_4d47abd0-81f7-4fbd-ae1f-f0fc2a7dd752,n.,type of big yam with a white interior and no thorns,,,,,,,,
ced89ca1-6793-40d0-86cc-b18df23832c1,aetruaetru_2fa7a408-f976-4077-95f7-10243d201836,n.,"type of tree with edible blue fruits and white flowers, found in the bush and along big creeks",,,,,,,Tony Warama,
c1fa2d26-a262-422c-bc85-011f154c1eef,=aeya_c98adb8f-1c4b-4f2a-aa15-ef76882f85b3,Verbal enclitic,cop.pst.sgS,,,,,,,,
74270408-2ede-49db-9af3-24e44e2d8d08,ag_d69b5908-3db2-40e4-8bfa-7d3574d186d9,n.,morning (approx. 5 AM–11 AM),,,,,,,24:20,
eb1815fd-b943-435e-97c2-cb7a82faf8a3,Agan_94cc3bd2-da37-4a31-98a4-0b6057890dd3,prop.n.,Agan (toponym),,,,,,,,
d0c8fe9e-a251-459e-802c-9a8eb3d857e3,Agäb_f7ff3820-d95a-4ab1-8bbd-1c2cd3de0103,prop.n.,Agob language (Pahoturi River language),,,,,,,,
cbc95a16-834b-4dfa-afa4-5c9322cfdf86,ag duwem_ee8df96c-3c00-4ae7-8301-e2d1522c8253,n.,breakfast,,,,,,,24:28,
24e9894a-1cf7-47a4-a576-9b83e4d719fb,Agob_4fb1b4cd-d11e-4b65-9c82-9bfff19a1ea7,prop.n.,language name,,,,,,,,
a75a7579-e4f4-4fd3-ad04-c824916aa2f2,Agob loanword_014452fa-0c7b-405c-91ef-ac766374cdda,,,,,,,,,,
633456a4-8fb2-4406-be0b-8c487faddf0b,ai1_115d5fcf-6f39-4591-a8f3-a0d794dbb326,mod.,good,,,,,,,,
b8271fa1-2f61-483d-b4d9-5e0cbf72616f,ai1_115d5fcf-6f39-4591-a8f3-a0d794dbb326,quant.,"plenty, abundant",,,,,,,,
206ad26d-4264-400d-941f-4bd6090986fa,ai1_115d5fcf-6f39-4591-a8f3-a0d794dbb326,mod.,"modal adjective (expresses permission, possibility, obligation)",,,,,,,,
b4708cb3-4f4b-48cf-ae20-9929830fcb5a,ai1_115d5fcf-6f39-4591-a8f3-a0d794dbb326,adv.,very,,,,,,,,
bfb6cfeb-a30d-45f5-b179-417d1af0ed97,ai2_1d2c94dc-9b79-417f-bcd2-f37b63f70718,interj.,ah,,,,,,,,
0c2646d9-0fea-41dc-aae2-cc53177d7096,ai2_1d2c94dc-9b79-417f-bcd2-f37b63f70718,interj.,,,,,,,,,
2c9d5bf2-4a9c-4005-b5fe-fc23ab48334b,aiai_77f61d75-09a5-43d9-b67c-4ffdd9b915d0,adv.,"properly, well",,,,,,,,
f76a0cbb-e4c3-48cb-929a-53ed3ebb58f2,aida_48f80731-07f1-4aa5-a020-19bef6657c71,,alright,,,,,,,,
5d9dbf4a-9244-4755-b18c-b95d1efd868a,aidan_3e83cdcb-dbba-4f3a-be88-9e04c6062eb4,interj.,"alright, okay",,,,,,,,
6e160caf-24fe-4e86-afd2-6d76c4a98e3c,aii_7ec3cfd1-a3a4-4814-85e4-8d5b53818106,,very,,,,,,,,
c68c6260-48b6-46f5-bce6-83e037c98272,Ailin_80bb43b8-072b-4d0f-942b-bc36618034f5,prop.n.,female personal name,,,,,,,,
1a990718-585e-4a4b-aaa0-13a9c5cbe92d,ainen_069b155d-5bae-42c0-ac57-f7950cd83c4b,cop.,,,,,,,,,
baa5b18b-91d3-4480-a151-b09718b59376,Ainor_3e4aa4b1-b4f0-4837-bbfe-765dd1028cf6,prop.n.,Ainor (toponym),,,,,,,,
f53b3efe-2cc7-432c-a0fb-58a553f4e707,Ainor_3e4aa4b1-b4f0-4837-bbfe-765dd1028cf6,prop.n.,dog name,,,,,,,,
8d0a2ec8-e5bb-4f2d-aebe-0c1640e12de8,ai skul_83c0e560-a3d1-4b97-a38c-c99513a376f5,n.,"secondary school, high school",,,,,,,55:44,
bd621c53-ea68-493c-9002-31cf5cd2eec2,aitar_97361412-4556-4dc8-9938-e63e27b7d97b,n.,type of palm tree that grows along creeks with pools; shoots and soft trunk are edible; similar to dumar,,,,,,,Tonny Warama,
bdfeaf90-27be-43ac-a222-a05bcc9c6fc9,Aituru_495a147d-89d3-42c4-a92c-a3647fc17284,prop.n.,female personal name,,,,,,,,
964d9fa9-496e-4c8c-b002-be3e5f7cad19,Aketa_1e2c68ca-6e37-4af3-b034-d847ea70c5bd,prop.n.,Aketa (in Gogodala Rural LLG),,,,,,,,
d52e7908-d7c4-4a72-a8cc-8e60ccab79d0,ako_5d52ae9f-743a-48e3-b2e0-90ce52f3172d,disc.prtcl.,"also, too",,,,,,,,
47a2cc3d-3075-4340-b02d-0642163ee1a6,ako_5d52ae9f-743a-48e3-b2e0-90ce52f3172d,Temporal adverb,again,,,,,,,,
c832028d-3665-4b8f-a757-64d7f9ce34d0,ako_5d52ae9f-743a-48e3-b2e0-90ce52f3172d,disc.prtcl.,then,,,,,,,,
44b47765-f860-4c8d-8bf9-03f91db385d4,ako_5d52ae9f-743a-48e3-b2e0-90ce52f3172d,mod.,other,,,,,,,,
1152d72a-c25d-41b2-8ee1-8bb8d3f32bfa,=ako_8d62ca52-b548-4145-95ea-c1a44eca7295,nom.clt.,,,,,,,,,
288a9358-895a-4c3d-8a68-f1d284b0bee2,Al_8bcc2ea2-a677-4fdd-889c-3ccefe7d37b8,prop.n.,female personal name,,,,,,,,
151f60c6-0633-476e-9a2e-a1574d43f960,aläm_c2ce5fb3-7087-4ee0-8300-3002aa84d3ae,cov.,to be wary,,,,,,,,
dba25330-3651-4dd9-863e-14515710a8ff,aläm_c2ce5fb3-7087-4ee0-8300-3002aa84d3ae,,"to warn, caution",,,,,,,,
35c2c281-b4e9-4e3d-819b-3e58479be2e9,Alex_a611715d-e585-4e85-8869-04633e5eb6d0,prop.n.,male personal name,,,,,,,,
d8bd3fc7-fbd3-410a-bd0d-4f2faf0739f3,ali_83adaada-f11a-4d0e-ac3f-a5ce65177576,n.,conch shell,,,,,,,,
7849196a-e658-4c76-8ceb-ab26bb1564bf,Ali_d1738370-8e6a-4ae3-a4d5-962355ad6ff5,prop.n.,place name,,,,,,,"Bodog Jowanang, Geoff Rowak, Inawa Dareda",
2ed40420-91a8-48fb-9e4d-3d10c69b0477,Alofa_bae7e1b6-06b0-46f9-9148-1b56c875dea2,prop.n.,female personal name,,,,,,,,
0e82e62f-d682-4b21-9e85-e458907ce7f4,Alopa_cf09650b-79e4-4ed6-8ded-5f893962d45a,prop.n.,female personal name,,,,,,,,
d7e5fdeb-9873-476c-a422-3bcc9813a3e7,Alphones_9126cfda-5a87-4469-8a9f-9309f134f45f,prop.n.,male personal name,,,,,,,,
9b803d5d-a23e-470a-9b0a-b3d425450b35,alla_634208f5-b4ff-429e-bd6a-8e4d82fc5f15,adv.,"how, what",,,,,,,,
83c12906-a0c8-41aa-a51b-500787fcc944,=alla_a2cc13be-2b34-41b8-b5b6-faa55efa5156,aux.,aux.prs.1|2duS,,,,,,,,
e30ad18d-ecd7-4ba5-80a9-5deebb9f19cf,alla ingoll_4506ba28-389a-4b00-9cc5-9dde50636ead,,,,,,,,,,
1f9013f4-da84-4e91-b01c-bfe569bb249b,alla ingollang_2dc3b8b8-b77b-443d-974e-088a3e371943,adv.,how,,,,,,,,
ea6f3254-4aa3-4264-97ff-401bcc3dca05,allaingollang_bc1b6000-4a00-4ae1-9bc2-789c006a8ac7,,how,,,,,,,,
f0eadab5-f1ae-4b39-a0dc-f2b9e1709b65,Allambun_099c1963-29c8-45a2-bebf-d66b7eb0708f,prop.n.,Allambun (camping place),,,,,,,"Bodog Jowanang, Geoff Rowak, Inawa Dareda",
63580a6c-a522-4b21-be39-c5298883d7f9,=allan_07e8585e-459f-4432-a6aa-1cb3a52687b5,aux.,aux.prs.1|3sgS,,,,,,,,
e8f25810-4d0d-43a3-8df2-ffb13729b4a9,=allan_07e8585e-459f-4432-a6aa-1cb3a52687b5,aux.,,,,,,,,,
00982746-8c2d-4979-8e1f-139cb0779e72,=allan_07e8585e-459f-4432-a6aa-1cb3a52687b5,aux.,,,,,,,,,
f0572e3f-4f4b-4c35-966c-af5637d690d2,=allan_07e8585e-459f-4432-a6aa-1cb3a52687b5,aux.,,,,,,,,,
814a9132-4772-4782-9023-da62f38748b9,alläp_c82f01c5-20eb-49f1-ac9f-6c3510fff061,n.,kundu drum,,,,,,,,
a01ee6cd-a7f4-400b-a6f2-f9258290efc8,alläp_c82f01c5-20eb-49f1-ac9f-6c3510fff061,n.,guitar,,,,,,,,
47d26eed-63d1-4e46-8b57-9c9c66296575,Alläpma_ed043068-0c6f-4b32-9a1e-68a1a6f0df93,prop.n.,Alläpma (toponym),,,,,,,"Bodog Jowanang, Geoff Rowak, Inawa Dareda",
be416913-033c-4b05-adc3-67d69b4ca23b,=alle2_797dabd1-cdfe-4789-9c9e-085b85c3ffd3,aux.,aux.prs.2sgS,,,,,,,,
dae79589-c8e2-44bd-89b7-4fe5b50462b3,=alle1_7d5345cd-1b7e-4042-857c-f1a796f88682,nom.clt.,instrumental case clitic; with (using),,,,,,,,
e4f20f60-6cb8-43d2-aa92-e87c31b1ad7d,=alle1_7d5345cd-1b7e-4042-857c-f1a796f88682,nom.clt.,inclusory case clitic; with (together),,,,,,,,
52a5aa3f-e2cd-4f1a-9e68-391c145b422e,=alle1_7d5345cd-1b7e-4042-857c-f1a796f88682,nom.clt.,ablative case clitic; from,,,,,,,,
466845a2-847a-4905-833d-255bbe1f78c4,allingoll_a699097c-e2da-473b-ae83-d283ee09caf7,,how,,,,,,,,
1c62752f-286a-4843-94d5-85d9effdf732,allka_e8766c3e-4a5f-4cc9-9583-807634c635e2,cov.,to shout (at),,,,,,,,
f2fc5dd2-b82e-47f6-9dd0-db32d2ae1a13,allko_3cd15c25-4d3d-48e7-b1c1-fc78086288bd,n.,fly (insect),,,,,,,,
161f96b3-f612-4d5b-92dc-db11bb2cbdc5,allko kukut_2abc03a2-7112-40d7-a659-d2208ce7af59,n.,blue fly,,,,,,,Joshua Ben Danipa,
022cb6c6-61a9-4960-96c0-ac0273ff1d43,allko wallägnewallägnen_11e590e8-1ffa-4630-afe3-34f421def27d,n.,type of sago,,,,,,,,
816eb0eb-4f19-4048-9b57-bb8016a0462f,=allo_3b3da2ed-04a7-4764-b1a9-7a09e4987b12,aux.,aux.prs.3duS,,,,,,,,
5a16def7-1b8d-488e-b9a0-c6221eaed747,am_969c4443-7fd9-4eb4-9dea-e69868afa883,n.,"internode (section of bamboo or sugarcane, separated by nodes)",,,,,,,,
2fdd9afb-7762-4ee1-ac51-9a5ea943782e,ama1_b4c76490-bd20-4d04-8b91-530a4c828179,int.pro.,possessive form of ami,,,,,,,,
7c40a20d-8274-408d-ae3e-fb53a77312a1,ama1_b4c76490-bd20-4d04-8b91-530a4c828179,pro.,possessive form of ami,,,,,,,,
56516875-4832-4dad-a29f-a2b3771a4936,ama1_b4c76490-bd20-4d04-8b91-530a4c828179,rel.pro.,possessive form of ami,,,,,,,,
889211f7-f2cc-4fd7-938c-5128b814b656,ama2_d6698ca2-ced2-4c03-b275-a572776fbcc5,n.,hammer,,,,,,,,
428507ac-73f2-4a13-a9d8-ea3e50fe5b2d,ama bakmall_bfd8fcfb-4516-47b8-be2b-03bf6afed33d,int.pro.,comitative of ami,,,,,,,,
459d48af-93f6-4d97-9b55-096791cb1a69,ama bakmall_bfd8fcfb-4516-47b8-be2b-03bf6afed33d,pro.,comitative form of ami,,,,,,,,
72455cb5-9429-4c01-94c7-bb7a03fd8f20,ama bakmall_bfd8fcfb-4516-47b8-be2b-03bf6afed33d,rel.pro.,comitative of ami,,,,,,,,
36a292a6-febd-4f85-a887-ddd16c39c99b,Amadu_93cfe0da-34ac-4feb-a249-35a8cf2b15e7,prop.n.,male personal name,,,,,,,,
ba944b64-1b6a-4e12-9201-d676ba2bba72,ama kämall_f8620508-6b57-400a-8f12-7c6a4bd60a32,int.pro.,comitative form of ami,,,,,,,,
a9b1c2bc-6f00-4fd9-99e5-3740d7da45e2,ama kämall_f8620508-6b57-400a-8f12-7c6a4bd60a32,pro.,comitative form of ami,,,,,,,,
a90f34d4-ca33-466f-a376-a88fcef050c3,ama kämall_f8620508-6b57-400a-8f12-7c6a4bd60a32,rel.pro.,comitative form of ami,,,,,,,,
aee95cd6-b62e-4c46-b7bc-0d4e17b294b7,=amalla_32f5f925-b222-4b98-b798-d2f28e832afa,aux.,aux.prs.1|2plS|1|2nsgA>plP,,,,,,,,
d4eaed5b-14ed-4d11-ac49-9ce4806d8661,=amalla_32f5f925-b222-4b98-b798-d2f28e832afa,i.v.,rec.1|2plS,,,,,,,,
71aa92fd-7a96-40a1-b636-1a0da69a9b06,=amalla_32f5f925-b222-4b98-b798-d2f28e832afa,aux.,,,,,,,,,
859ab898-f26b-4a5a-9177-574239818fdf,amalle_a983ef04-7283-4c4d-85d0-ff54d71204f3,int.pro.,instrumental-comitative form of aya,,,,,,,,
22ecb981-ceef-419b-8b96-7f8f5a126f79,=amallo_68c62a52-9c59-4ef5-a24f-2bfb58b2ca79,aux.,aux.prs.3plS|3nsgA>plP,,,,,,,,
fe2dc050-3680-4fb2-8d06-e64ce66ef991,=amallo_68c62a52-9c59-4ef5-a24f-2bfb58b2ca79,aux.,,,,,,,,,
558da11b-56af-4e2a-8049-865103a3f093,amamär_9e99620f-0d63-490c-9ed7-5335517931fd,n.,woven rope,,,,,,,73:1,
bc9ad337-465a-41df-b307-9dfdb6ddc29e,amamärang_b840359f-fb1c-4996-8579-8003a2ff1131,cov.,to echo,,,,,,,,
e64b4e9d-740d-4d44-8da0-5e191d4ee899,Amanda_dbe732a1-1279-4326-820c-305f40bafa61,prop.n.,female personal name,,,,,,,,
407ceb45-3581-4a17-898d-ec61baf93594,amäramär_7f832a04-8bf1-4945-9273-8a501ef5797e,n.,braid,,,,,,,,
0ada209a-b666-4671-b0b1-09c9bdc08678,amba_3df1b16c-716e-4558-b9ff-cff57bbf70ca,n.,type of tree found in the grassland,,,,,,,Tony Warama,
40a1f10e-28d7-4455-8911-16c96bc97729,ambag_c09cb485-f343-409b-a842-8530966149a7,cov.,to cause trouble,,,,,,,,
7ff4f015-982f-43ee-9568-482a814bda9d,amene_327a50c2-e728-42e6-acec-a57372e89a45,int.pro.,ablative-possessive form of aya,,,,,,,,
0f025781-51af-477a-9eb9-e7e09bea2b7f,amene_327a50c2-e728-42e6-acec-a57372e89a45,pro.,ablative-possessive form of aya,,,,,,,,
5dac5d4a-b2b3-422a-8004-566ac793a589,amene_327a50c2-e728-42e6-acec-a57372e89a45,rel.pro.,ablative-possessive form of aya,,,,,,,,
238313f3-ea29-4a59-9a90-e19d418a0891,Amerika_77db2f0e-d4d0-45f2-bcbd-53c76f860bf6,prop.n.,United States of America; America,,,,,,,,
1d210667-3562-47cd-8eef-72dbece62981,ami_95d47c16-cc73-4f9f-9584-810a12604686,int.pro.,"who (nonsingular interrogative pronoun, nominative form)",,,,,,,,
dc877d4b-9ef0-4d95-802e-32d19e082afa,ami_95d47c16-cc73-4f9f-9584-810a12604686,pro.,"whoever, some people (nonsingular existential pronoun, nominative form)",,,,,,,,
94ccc108-af90-4ce8-92b6-49680ca4c302,ami_95d47c16-cc73-4f9f-9584-810a12604686,rel.pro.,"who (nonsingular relative pronoun, nominative form)",,,,,,,,
59648b49-fa26-4d61-ac34-111ae1cb2159,amig_841f69ab-ec43-494a-b2fe-b41ebe2d6452,cop.,contraction of ami dag,,,,,,,,
86d23400-e164-4bd6-b602-2edcd549dd89,amim_69a9351a-a357-4fbd-b356-e9ab668b55ce,int.pro.,accusative form of ami,,,,,,,,
cbf217f1-07e0-464c-9421-b1ddc6bf228e,amim_69a9351a-a357-4fbd-b356-e9ab668b55ce,pro.,accusative form of ami,,,,,,,,
04900144-94f3-4740-80ce-d708577d17a7,amim_69a9351a-a357-4fbd-b356-e9ab668b55ce,rel.pro.,accusative form of ami,,,,,,,,
c3b72260-4a52-401c-907d-bee760bd2985,amira_f2a796a0-ffa3-416a-b616-1a0bb8d66842,int.pro.,dative form of ami,,,,,,,,
cd7bd4bd-e51d-4b39-b15a-3d21ab104a42,amira_f2a796a0-ffa3-416a-b616-1a0bb8d66842,pro.,dative form of ami,,,,,,,,
dca13f59-ff19-4c33-9c80-e91c8592ec9f,amira_f2a796a0-ffa3-416a-b616-1a0bb8d66842,rel.pro.,dative form of ami,,,,,,,,
41298459-3864-474d-9967-b3691f9bfef7,amiyeamiye_e821b941-0046-4d8d-88e2-2a5d8536c863,adv.,"upwind, against the wind",,,,,,,,
30933563-0281-44c5-a9e6-200e2c42f6c1,amlle_1046ec40-92d3-417d-8986-4b00e8823de1,int.pro.,dative form of aya,,,,,,,,
46274987-3796-48d0-bbf6-447a2b99cc88,amlle_1046ec40-92d3-417d-8986-4b00e8823de1,pro.,dative form of aya,,,,,,,,
a6ffea72-c743-49e4-939b-a929dd374319,amlle_1046ec40-92d3-417d-8986-4b00e8823de1,rel.pro.,dative form of aya,,,,,,,,
6bb71c4f-f16b-4805-b798-ac58b04fa00e,amne_d16d5d7e-922a-4ee2-9e65-59744dd31f69,loc.n.,"center, middle",,,,,,,,
505dc591-21b3-491f-9f39-1e6cc0c7a07f,Amne kona_66592088-d400-437c-b7de-3673034265ef,prop.n.,Central corner (in Limol),,,,,,,"Bodog Jowanang, Geoff Rowak, Inawa Dareda",
65ad444b-e851-4ebe-af54-93d91ca6d250,amo_f34ba52c-f3ab-42c1-b4ed-b9e25dbd1c29,int.pro.,possessive form of aya,,,,,,,,
2750153f-1b6f-4485-8c90-58cf08f3c075,amo_f34ba52c-f3ab-42c1-b4ed-b9e25dbd1c29,pro.,possessive form of aya,,,,,,,,
98a57e98-f08d-4111-a4ab-11c58eb39688,amo_f34ba52c-f3ab-42c1-b4ed-b9e25dbd1c29,rel.pro.,possessive form of aya,,,,,,,,
4720c946-c312-4be4-b6da-ed7583114545,amom_cfa91f80-e374-403c-a160-2e5ab940ca50,int.pro.,accusative form of aya,,,,,,,"Inawa Dareda, Sawa Badu",
871acf7f-c408-40b1-b149-f3405d6b9deb,amom_cfa91f80-e374-403c-a160-2e5ab940ca50,pro.,accusative form of aya,,,,,,,,
f48ff07e-730d-47e5-8ace-f7806dcf36ca,amom_cfa91f80-e374-403c-a160-2e5ab940ca50,rel.pro.,accusative form of aya,,,,,,,,
18c9dd40-f379-43d4-9247-b69c6b71d3b5,Amrika_b9fd43f8-ead8-4f7a-9884-880a3f9b8a3f,prop.n.,America,,,,,,,,
1f2437e4-f9e8-4eb2-967e-6e0c273e14db,amteamte_3d5f76c1-1313-498f-a264-4d41d14a0bff,n.,body part,,,,,,,,
98797c50-9fd7-46ac-b1e3-c179f7153758,amteamte_3d5f76c1-1313-498f-a264-4d41d14a0bff,n.,bow part,,,,,,,,
af9d15e5-d91a-4419-b30d-9e5e6bd3e632,amtet_d45b58f0-5b8a-4ac1-b7c6-aec01f8ddfa4,n.,breath,,,,,,,,
1551bc0d-0497-4932-a7e1-ef3f0569f5da,amtet_d45b58f0-5b8a-4ac1-b7c6-aec01f8ddfa4,cov.,to breathe,,,,,,,,
556f4237-d0a8-4e82-8b7f-b75ec873a00d,amtetmeny_05972707-56f9-4d7b-8f30-7bbfee478fc1,adv.,"nonstop, without breathing",,,,,,,,
0b28c516-9f3b-4cf7-8e55-22f817ecdb48,Ana_d73c1af7-fbdd-401f-bff4-46e216e457e4,prop.n.,female personal name,,,,,,,,
1e1d2a7e-6ffc-4bc9-86e7-4792ba66b101,anben_894c4ea7-eecb-4078-ae1b-ea9fea1e03f9,v.,to guard,,,,,,,,
43056192-bb26-49a5-99e4-533c03d908d5,andred1_dd9a3ceb-d0ac-4790-af00-97ae9a2b10e2,num.,hundred,,,,,,,,
6143644a-b1bf-495b-b9f4-46eff461c4ba,andredd_7472f613-08c1-44e4-a413-95f987248ba0,num.,hundred,,,,,,,,
9a89e753-00d9-4df2-8368-2034460b2a1c,Andrew_608aa014-fd08-48d8-83df-bdd06ee735f3,prop.n.,male personal name,,,,,,,,
ad29370d-424b-492f-8001-c1d2eaaf092b,ankom_a9ea5517-4482-4136-9b0d-8c026ca877e5,n.,ant,,,,,,,Warama Kurupel,
8eceb361-d1ec-4f86-949f-f02edd6ef708,Anna_512d95cf-7cc6-4021-8648-2f2bec93e8d1,prop.n.,female personal name,,,,,,,,
15461559-df9b-40e5-9180-4d26064f4fcb,Ansel_d17fd63d-e8cf-41a8-8389-753566f84e8f,prop.n.,male personal name,,,,,,,,
1d520562-0932-4904-8a27-56a54d0450a8,ansi_726c4ef7-ab4a-48e7-93c2-9c13aec3a42c,cov.,to sneeze,,,,,,,,
89146a1d-c23f-4aac-80e6-cfc99e04c3b0,ansi_726c4ef7-ab4a-48e7-93c2-9c13aec3a42c,Ideophone,achoo,,,,,,,,
074bf6ee-bba7-4a7c-a8c3-9519d28ec989,Anton_53d448ba-6e24-4729-ba84-afa83e09d2ac,prop.n.,male personal name,,,,,,,,
3f905233-6459-4016-9242-afe3101f66b1,anu_92f16478-1852-4e95-8b9c-1ca69b1fb798,v.,sleep (command given to babies),,,,,,,,
d363ceb0-ad7b-4779-9fe6-e4a835281b56,=ang_48e98d8e-921e-4ce3-a251-3362bc769dbb,clt.,"multipurpose attributive suffix that functions as an imperfective or resultative participle, agentive nominalizer, and generic adjective-forming suffix",,,,,,,,
6a52d4d8-0e19-4822-bc52-2bd64c1e99f6,angäm_5c6855c4-d6ed-41ce-b4bc-f227ba40935f,man.adv.,quickly,,,,,,,,
f26dab74-3147-4459-93a5-7e0959c249fa,angde_8a05ee6f-beea-463d-b183-215144449887,adv.,"when, while, as",,,,,,,"Inawa Dareda, Sawa Badu",
2765ee8e-8573-44c5-bab2-924572f99831,=anggalla_3921cab3-c9a7-4364-99d3-1df028e7ba81,aux.,aux.prs.1|2nsgA>plP,,,,,,,,
1db8a468-84b0-4b0d-a09d-7c071fe56a74,=anggalle_1d5e7205-0dc9-427d-b34d-64ecfe02cf36,aux.,aux.prs.2sgA>plP,,,,,,,,
b74e6ba7-d519-4c8c-bfb9-39a8bb94d79d,=anggallo_e71dfc3f-6031-45f7-b7e0-f87162737efb,aux.,aux.prs.3nsgA>3plP,,,,,,,,
b0a08f6a-1135-49e4-9c90-059cd1b54a63,=anggan_472d123a-a33a-45c9-8ed8-6550faed7e9a,aux.,aux.prs.3plS|1|3sgA>plP,,,,,,,,
a81a10c8-df85-4fbe-ab7a-b109b986961b,=anggan_472d123a-a33a-45c9-8ed8-6550faed7e9a,aux.,,,,,,,,,
39b2012b-f344-4f45-b9ac-2220f08bf0bb,=anggan_472d123a-a33a-45c9-8ed8-6550faed7e9a,aux.,,,,,,,,,
dd24d104-d0d5-46e2-8515-df4fcc763984,anggog_b63861d4-330a-407f-a114-109150abfa71,n.,thigh,,,,,,,,
3e899d57-c85d-4546-974b-43751a473bc8,anggwuanemeny_a7a2e2ad-7610-4a0b-b249-20c87dc5fd56,,cook,,,,,,,15:2,
f3e0f5f8-faae-4c7e-b046-32ae892d96f1,angkäpäll_4a848db1-84a0-4a87-ac50-60ad647312f8,n.,"type of big tree found in the bush with white flowers and fruit, which cassowary eat when they fall",,,,,,,Tony Warama,
4119da4c-3ac6-4e0f-893d-aafe9f51e0f4,any2_753d4ce1-a2d0-4f42-8ada-5509a15ea2a3,t.v.,to paint,,,,,,,,
de32e029-3be0-4848-a3c0-c029358f41fd,any1_91482561-d651-401a-b587-be4c9200067c,pro.,something,,,,,,,,
f4adadd2-f16e-48fe-b3b9-13dd24f2fe30,any1_91482561-d651-401a-b587-be4c9200067c,adv.,"like this, thus, so",,,,,,,,
4cf04f9f-3766-452c-be7e-fec96694419b,anyke_d803fbaa-d9ce-4555-a94e-4de02364b849,n.,spirit,,,,,,,,
9417c6cb-a3c5-4899-a2f0-023faf23e9b2,anykeanyke_fdff90a1-4232-48be-8e26-2df0507d74f3,n.,"picture, image, reflection",,,,,,,,
1a996c87-8ed4-4870-8c4f-7f331e3a0385,anykegulgul_d1c3fb21-ecdc-4518-8a11-75a895f25200,cov.,"to scare away the fish, go near someone who is fishing and spoil it",,,,,,,,
3dcd85cf-b6ec-4dec-8a12-60a11726782d,ao_1d2c2c45-48ab-4362-987c-f4af4cdea2c8,interj.,yes,,,,,,,,
47292bc3-987f-436a-8c82-4a146f9f94d9,aoao_b1451ff4-bd66-4828-840c-92e2310ca189,cov.,"to chase away (e.g. humans, dogs, chickens, but not wild animals)",,,,,,,,
41a79bdc-6b19-409a-971f-85108acf5110,aoli_f4f19431-435d-4ae8-8e32-8babcf8b8485,int.pro.,"how many, how much",,,,,,,,
d3cc9df3-364a-4fe4-9830-d99b2c33732c,aoli_f4f19431-435d-4ae8-8e32-8babcf8b8485,quant.,"multiple, several (i.e. more than one but not necessarily many); few (esp. with the restrictive clitic)",,,,,,,,
cc250d2a-7aa8-4d65-b1ce-41c4d6283d7b,aoli_f4f19431-435d-4ae8-8e32-8babcf8b8485,adv.,"almost, nearly",,,,,,,,
b6e86a93-8183-4f8b-9d4c-305d7df2444f,aolidae_45ae59af-9fef-4bfb-b670-17f481ad5ddd,quant.,few,,,,,,,44:16,
5100c684-ade4-427a-9399-5587a7cd944f,ap_652986e0-32c8-407c-88f9-9c6261db3ac3,n.,"grassland, savannah",,,,,,,,
f0f07e16-caea-47f3-ba98-0dc2a8f9d47b,Apang_cec81800-cc14-492b-a853-d1aecc7adfbb,prop.n.,language name,,,,,,,,
140cf62f-c16d-48c7-ab8a-4b0cb0664bb5,apapi_4dfe7fe1-6f9f-4732-9ec9-55a682eb2fd1,n.,butterfly,,,,,,,,
8a6a0cf2-440d-4b8a-be57-c7a6817ec903,apapi bärät_3351402e-23c3-495c-899c-3db90cccbab9,n.,type of yam,,,,,,,,
94acc0f4-9bc9-43be-9699-29bd5341b177,apapun_9eaeb4bf-1a11-4f2f-834c-2f03e2f72536,n.,type of short grass that disperses seeds by attaching to animal fur,,,,,,,,
7c40ca11-ad53-4079-a71a-a23bd2949985,Apdo_fa6d502c-d535-4c8a-b552-1bea38659fbe,prop.n.,female personal name,,,,,,,,
1c11c6c5-6dfc-45ac-be65-795c610d97c9,apgllu_8e7ba793-6044-4508-a76d-bd2202d8accd,n.,"small plant with a root that makes a maroon pigment for dyeing grass skirts when mixed with ash (e.g. Acacia ash or coconut ash). When not mixed with ash, it makes a yellow pigment.",,,,,,,"Tony Warama, Rose Warama",
834d8fe3-6b8a-48b0-9e8f-203b7b321786,Apodo_947fb63b-fac1-4f43-b3f1-ec319149488d,prop.n.,female personal name,,,,,,,,
705bb43b-cc80-4ac7-8f39-e970bd04dea5,apte_4ee3141d-5318-4ea7-98b2-c411a7251da6,quant.,"one side, one end, one half, one (of a pair)",,,,,,,,
5173e2d5-cb86-4965-a0d3-578ff1e4e294,apte gabän_76362f90-d31f-442a-8f20-b896b693fdad,num.,fourteen (body counting numeral),,,,,,,,
18271e18-23f2-437f-accf-faa71fe082c9,apte kllatolma_3affdd7c-74e8-42ad-b9dc-0e936e183f85,num.,seventeen (body counting numeral),,,,,,,,
165246ef-67fd-4142-9747-9ed3b7735661,apte matta_b71b45eb-7967-4669-bb09-1618d5ad963f,num.,twelve (body counting numeral),,,,,,,,
774e8a80-fb93-4425-8ba5-10ea6701695a,apte mända_ca641782-9cf9-4f19-afcb-ac05772135a9,num.,fifteen (body counting numeral),,,,,,,,
fc6d320b-2080-485e-8197-8e6c973d5d3a,apte mätkin_df90ab05-0a5d-4e61-8540-caf1f1a31aed,num.,eighteen (body counting numeral),,,,,,,41:29,
c727c23b-bf3a-419a-ab37-0b6b22ece8b5,apte ngam_d2a9ea71-f18f-4f51-b152-19670a5aa28f,num.,eleven (body counting numeral),,,,,,,41:37,
ed71e238-812c-4d0c-9ccf-b23e95e14cf3,apte tärangesa_94ca20d7-f2fa-4aed-9171-c3c9f07663df,num.,nineteen (body counting numeral),,,,,,,41:31,
86364bf2-a0f4-43cc-ac18-6ccb8fba672f,apte tupi_66199416-cc7b-4829-93d2-22fba5edc64a,num.,sixteen (body counting numeral),,,,,,,,
561194a1-2104-4a0a-9f00-ff8cc627ab46,apte ttang kum_24ea559c-d52d-4135-99ad-6c518c04e8b2,num.,thirteen (body counting numeral),,,,,,,41:34,
4e8e2f70-3d6c-44ce-83ab-10541832e8b3,arabuni_f96d4c80-3e7b-489b-992d-6c04c39c28ca,n.,red backed buttonquail,Turnix maculosus,,,,,,,
f2fb24ef-2873-4fee-a3bf-41f1f3903af5,Arägapetkae_83a53e9b-fcf8-40d3-afa0-c4ae33293a59,prop.n.,Arägapetkae (toponym),,,,,,,"Bodog Jowanang, Geoff Rowak, Inawa Dareda",
7a1e7662-61bb-48d8-8f4d-5f9976d8e6cd,arälle_a0173288-01b0-422a-a552-eb7a9158f965,n.,sound of the wallaby,,,,,,,,
fb01a2cb-ddf0-4d16-98a9-827e64ef262f,aräram_815fd197-bd22-465d-b5ae-808f2add512c,cov.,to sand or smooth a canoe (last step before burning),,,,,,,,
39446e21-aba2-4181-bdae-a6c9eb94f6c8,aräre_caee52ab-8099-4c8a-858f-cf14cbc9a011,cov.,to scream (in pain),,,,,,,,
c06dab2d-a377-406e-8c71-01cf9c6bb153,ariga_66e58ab3-a938-4089-a3f5-bb13ef60a496,n.,"hook, in Agob language.",,,,,,,,
bde9b2fd-aa5a-4013-91af-bcdbe5b28137,arle_f6d98da2-e412-4f17-a20c-23e5477acfbb,n.,scream,,,,,,,,
7f947612-1f20-4d59-9234-6189f0188cca,Arua_9dd6aa78-4869-4581-8fc3-5995515dd93c,prop.n.,male personal name,,,,,,,,
4c608029-c472-409a-bc33-d0459331c98c,arup_593137ea-d205-4bcf-a365-c8145eaa1640,n.,clothing type,,,,,,,171:33,
b061b9d6-55e6-4787-9bf1-ce48939c02e7,Arupi_3e370832-dba1-4a69-bdbb-c307faf58f59,prop.n.,Arupi (toponym),,,,,,,"Bodog Jowanang, Geoff Rowak, Inawa Dareda",
0efe1707-a758-494b-8eb5-e609b3dbcc66,Aruwa_9492d562-2272-40bb-b394-1ee342341b64,prop.n.,male personal name,,,,,,,,
3c564c97-7fc9-4326-b14d-b635fa3f9e67,as_aa342cb8-6584-46b8-8810-1c37ea233407,n.,type of introduced banana,,,,,,,Sowati Kurupel,
c989a3b7-8bd8-408b-b40f-cdf70bcf3789,asa bume_cd285f95-44fb-4a8f-b58f-e790e2fa4ec8,n.,type of bird,,,,,,,88:3,
50630779-6d86-48f1-8355-d40b703cd49d,ase_3d4fab5c-94e3-4869-83ef-5c71b15930d9,mod.,,,,,,,,,
0a94877a-b75c-4baf-bcd4-176180b997a4,ase_3d4fab5c-94e3-4869-83ef-5c71b15930d9,adv.,,,,,,,,,
f1321dd3-300b-4eea-b3a6-ce90f1aacffe,ase_3d4fab5c-94e3-4869-83ef-5c71b15930d9,TAM particle,,,,,,,,,
d9fdb559-5995-458f-a19d-1d0a4201b21b,asiasi_54f51f1b-63a8-4c96-a57c-b160aaf8ed62,n.,"type of large tree that grows in the bush and along big creeks, with white flowers and big red fruits eaten by cassowary and children; the trunk is used to make canoes",,,,,,,,
b7e89c9d-c90f-4e2e-bed1-665d35ea74d1,Asika_f77cc433-efea-44d7-a746-cf5ef8c244b9,prop.n.,female personal name,,,,,,,,
8b972b64-038a-4e70-9678-d12bfde1a317,asip_8f4787bb-26b4-4c1c-9ad0-6d1c30c37b8c,n.,type of introduced banana,,,,,,,Sowati Kurupel,
b306a964-d9c6-40c7-94d0-6eaf1fb8cf22,atata kottllam_4a1b66de-3c5b-4189-8425-56ff96416406,n.,type of turtle,,,,,,,,
3b5a6604-e39c-4587-9eff-e85ebf2be063,atrepo_8fa17055-8586-4ff0-8c0f-a8bfa73f3bd0,n.,taro type,,,,,,,Sowati Kurupel,
007bee6c-09f1-4a80-a808-6335008045e4,=att_ceaaf204-dd51-4afc-bcc5-77a9c99b40cc,nom.clt.,"ablative case clitic; from (used for location, time, source, or cause)",,,,,,,,
6eb96108-4b79-418c-b661-39213107fb96,=att_ceaaf204-dd51-4afc-bcc5-77a9c99b40cc,Participle,past participle clitic,,,,,,,,
08dfe106-1826-4949-8118-c1bad900b6df,au_62602edc-6a98-4426-b46c-3c5c110faeb1,n.,burial,,,,,,,,
61f56bd0-9f02-4f79-bf85-3cf454ca8d51,au_62602edc-6a98-4426-b46c-3c5c110faeb1,cov.,to bury,,,,,,,,
1d6d73e6-845e-41bf-839b-1365ef344a3a,aulämän_08a497b8-5296-4fe0-9e59-3b871c27c8de,n.,conception,,,,,,,19:6,
34dd6241-8793-4cd1-8a00-6e551b26f178,auma_0de6d2b0-94d7-4adb-a46b-b30682c4c04f,n.,grave,,,,,,,156:10,
6d596b14-290b-4816-81be-2414736403d8,auri_4c1a9299-d490-46ed-92de-f6962c510936,n.,metal,,,,,,,,
1b02f083-1766-4b38-b299-93db4d21d6b3,ause_ef4f6ed8-c9d1-4c5d-9a54-cf828bf9a10b,n.,old woman,,,,,,,,
fed9b720-f94a-4380-9d2c-76c73b1c4dc9,ause_ef4f6ed8-c9d1-4c5d-9a54-cf828bf9a10b,mod.,old (of a woman),,,,,,,,
99c5d379-0e9a-4701-a337-7b6aef7b25b0,auseause_b9ecd56b-6279-4516-a6d2-c4a897bf5438,n.,nonsingular form of ause,,,,,,,,
1fc1ed97-c9db-4340-9ccd-70a6802446c7,auseause_b9ecd56b-6279-4516-a6d2-c4a897bf5438,mod.,nonsingular form of ause,,,,,,,,
cb4a920c-a325-4144-9442-22dc025f59ca,Australia_36f5b2a3-2045-41cc-9a0f-5f2e651ff9e4,prop.n.,Australia,,,,,,,,
57a6ed7e-cd27-4e55-959e-075cc575db64,Awaba_0364480f-d020-4e54-a570-b5bbd7d093b0,prop.n.,Awaba (toponym),,,,,,,"Bodog Jowanang, Geoff Rowak, Inawa Dareda",
dd1ca5b6-dedd-48d2-990d-b56b1333c70c,Awayang_ea84d163-a049-447b-b810-4509f4793500,prop.n.,male personal name,,,,,,,,
473e2ca0-225b-4fe7-89f6-74ed49396cf3,awäll_5a916f09-5713-42a0-a02f-85b5941cd287,n.,"type of tree that grows in the bush (where yam gardens are made) with white and blue flowers and dark, edible fruit",,,,,,,,
0538273d-bb07-4bb6-8443-88dc2a640b7c,awe1_41d3eb4e-3110-48f4-9d07-2f6a50db0c62,n.,savannah,,,,,,,,
148ef417-ffaf-47e2-978f-7a155015c36b,awe2_7dac56ef-7b93-42af-a9ae-fa14f60b3251,n.,cassowary (used when hunting),,,,,,,,
a4e1a96a-53a2-405a-a336-86bb30c0784e,Awi_6868ea3f-5559-45de-85b6-92303e066ca8,prop.n.,Awi (toponym),,,,,,,"Bodog Jowanang, Geoff Rowak, Inawa Dareda",
47bdf737-45b6-4fcf-b5ac-345a35ec6c9f,awi_cf9d0ac1-1769-49f6-94bf-34d0d366a1a3,n.,evening (approx. 5 PM till dark),,,,,,,24:30,
9615fa71-a3a3-40f3-b293-96a63cce2166,awi_cf9d0ac1-1769-49f6-94bf-34d0d366a1a3,mod.,early,,,,,,,,
49119fba-3ebc-4353-8397-37928098c5ff,aya_e7210195-5737-4a22-a7c4-0ee8b9c91df0,int.pro.,"who (singular interrogative pronoun, nominative form)",,,,,,,"Inawa Dareda, Sawa Badu",
b4ef1c96-66e1-4733-a1cb-e2341c2ac581,aya_e7210195-5737-4a22-a7c4-0ee8b9c91df0,pro.,"whoever, someone (singular existential pronoun, nominative form)",,,,,,,,
646c4b88-bba8-4a3b-a546-0f5ae332c4ca,aya_e7210195-5737-4a22-a7c4-0ee8b9c91df0,rel.pro.,"who (singular relative pronoun, nominative form)",,,,,,,,
0c94ad51-f7f9-4b5a-854c-ef62e0a3ba62,Azaya_721aafa9-326e-41f1-82a6-bbd591090192,prop.n.,male personal name,,,,,,,,
b4c00415-0dfb-4e2f-b092-f83a9fe48f64,ä-1_ab2d26c7-47f6-48db-afad-e47f473a4567,v.,marks a third person non-dual patient,,,,,,,,
e98d0514-9210-47de-94b7-6d3dd0252d2a,ä-2_ba348e46-03cf-4d71-9f93-dfb55d9447dd,i.v.,root.ext.intr,,,,,,,,
f9bb3c00-a637-4928-ab36-b0713246f861,äk_d0a8230e-917e-4506-a3de-e236953b3ad7,v.,to beat the wife if she doesn't do what the husband says,,,,,,,64:17,
94c5d031-a545-406f-b8b5-0a4cfb638458,b-_129ceb5e-6396-488c-ba50-31e665c3847d,v.,irr.1|3.S|A,,,,,,,,
9c6f293d-99c3-4385-bdb5-600b8f994c90,b-_129ceb5e-6396-488c-ba50-31e665c3847d,v.,abil,,,,,,,,
f11ad429-ecc5-41a6-bc38-795fd092eadd,b-_129ceb5e-6396-488c-ba50-31e665c3847d,v.,,,,,,,,,
66d9299f-f7a5-4f7b-8efd-62b04416c977,b-_129ceb5e-6396-488c-ba50-31e665c3847d,v.,,,,,,,,,
5d5cd48c-d6ab-4a32-8640-3b5f51feaa01,b-_129ceb5e-6396-488c-ba50-31e665c3847d,v.,,,,,,,,,
536440d7-d490-4a1e-98e3-e5b2d6b4492c,b-_129ceb5e-6396-488c-ba50-31e665c3847d,v.,,,,,,,,,
83b3baef-ae29-44bd-93f7-4f328edf236d,bab_2a1a83a2-ecc4-463b-8c5d-54818e549c7c,n.,type of small yam with a white interior,,,,,,,,
17ed3347-97a7-437c-a9e1-069fb02a7b5d,baba_13067bbb-2b28-44c5-a53f-d25b89b7b2b5,Kinship noun,father,,,,,,,51:11,
1dd89481-4eef-4054-8446-62b999cdd5d2,babaem_55efce1a-64f7-4ac2-91bd-ef0fce5fa2fe,n.,season characterized by wind and going hunting (fourth season; corresponds to late February),,,,,,,23:10,
8d5abd77-0bc5-4d80-91e0-d58610314302,Babaze_c322da30-1153-416a-9752-e38b442f4282,prop.n.,male personal name,,,,,,,,
5ef5b3cb-ef94-43df-8dad-db6f99b48d76,babdu_1dc511c2-2a51-4782-a84a-c15253e80ea6,n.,type of taro,,,,,,,Sowati Kurupel,
1fb56d08-bae8-4950-b5b2-57888085373e,Bablela_82268bb9-fc9f-438c-91d3-8ac6bdca6527,prop.n.,male personal name,,,,,,,,
3df2b440-ea0f-4112-9e8c-021c321a2661,bablle_d84e3e2b-fb53-489a-b1bc-500810c8483f,pro.,dative form of bongo,,,,,,,,
1979ec59-53fc-414b-a4e6-9e6652ece362,Babra_4890605e-e0ad-44fe-a592-c0e743860568,prop.n.,female personal name,,,,,,,,
c93e609e-6bf4-497d-a993-de1947f4030b,Babu_924c7b1b-1dab-49ac-bc4c-2babe615b269,prop.n.,male personal name,,,,,,,,
4e433cc8-d682-4e84-8225-e9c95b1a3a64,badar_a8bcf685-f308-41a7-8042-ce8c77a991a9,n.,type of tree that grows in the grassland with white flowers,,Gälläpang dan kakne ttoe a. The liquid from the shoots is also used to treat small sores.,,,,,Warama Kurupel,
54e4f37c-1c9d-4995-a38c-43c11171f59c,bade_344cfb55-a3bb-41c1-83d9-9bbbf16163a9,pro.,additive form of bongo,,,,,,,,
fa7f00ea-f029-486c-bed1-f325155f104e,Badu_e1b2cb38-b76e-41ba-a617-2695045c8152,prop.n.,male personal name,,,,,,,,
64f6cb38-062a-424e-9130-af46fff2a9e2,baddbedd_11ff471a-2083-4311-9303-907dccd4fbda,i.v.,to dry up,,,,,,,,
eb29bcbf-8592-46ee-8070-5ebedc07a1f7,baebol_c52fb772-b923-4d72-b7bf-6ba72cdc02ff,n.,Bible,,,,,,,,
0dc362f3-33ae-414e-9f1c-a63a601781ae,baet_c7062969-8a07-4957-9122-c4f92f5c1e85,n.,cuscus,Spilocuscus maculatus,,,,,,,
66753039-b7f7-4c3d-9bba-97864471047c,Baewa_17cc0386-6c43-49b7-8412-a4fabd104d20,prop.n.,male personal name,,,,,,,,
c3eff0dd-4ebd-4736-b47d-abcb1b59e977,bagama_9a07fba2-8553-4aeb-aad6-39dc5e87f590,n.,,,,,,,,,
e9955055-0198-40a3-a06d-1f507eb09432,bagen_2e143346-2b60-4826-90dd-46d374798a72,n.,type of big taro,,,,,,,Sowati Kurupel,
25db5689-accf-4528-ae64-a44d92b02258,Baiduwa_088fd4b8-6fc2-47b5-9b6e-2140fb665ac8,prop.n.,Baiduwa (toponym),,,,,,,"Bodog Jowanang, Geoff Rowak, Inawa Dareda",
cb2f0f19-75c5-4d52-b801-283fa86669d2,Baim_862ec5f6-010f-4967-8cc0-1f00a596a3ca,prop.n.,Baim (toponym),,,,,,,"Bodog Jowanang, Geoff Rowak, Inawa Dareda",
b032ed3d-dfc6-4bcb-8a1f-4077804a29cc,=bakmall_371fd8dc-097b-4560-9137-24cf8a62a16f,nom.clt.,"comitative case clitic; with (only used after oba, ama, and nouns followed by =aba)",,,,,,,,
16c8607e-d9aa-462f-bba2-30f570989d6d,bako_e33c75c3-db80-4fd8-b5c7-77e79361e3fa,pro.,additive form of bongo,,,,,,,,
87822729-5ad5-433a-a734-2f17d6ec23e4,Balimo_8023a37e-8119-4063-8d40-f7c0e16732b1,prop.n.,Balimo (toponym),,,,,,,"Bodog Jowanang, Geoff Rowak, Inawa Dareda",
1311f6ba-7141-4269-8664-c4cb4922cf96,ballängg_85442da2-d31f-4e5a-a007-4c0cc9bde63b,t.v.,"to predict, foresee, prophesize",,,,,,,,
6689dd08-db94-4e4d-92cf-da65d9d08190,ballängg_85442da2-d31f-4e5a-a007-4c0cc9bde63b,t.v.,"to greet, welcome",,,,,,,,
f7319fd7-1479-4998-bd5a-32f9515abde8,ballbell_7859cdef-32ca-4be2-829c-47af81622b3b,cov.,to cook improperly,,,,,,,,
492225eb-858f-4dcc-b59d-24e95c752a88,balldae_f20423cc-3c1f-4f08-8c2d-98bcfe22533a,v.,to announce,,,,,,,,
e124be53-27de-442c-bc61-3eac8a8fa46b,ballɨngg_90f4fa7f-262b-47fb-b0aa-e5cda3a5b544,t.v.,"to welcome, greet",,,,,,,,
208e4d90-3cf8-4f47-bf6e-3f0a1838d7e8,ballɨngg_90f4fa7f-262b-47fb-b0aa-e5cda3a5b544,t.v.,to predict,,,,,,,,
862f61bc-8003-4f7a-87bf-85d6fe6c32bd,ballma_22e370d0-83a2-4e88-8fa3-a00d588b3dfc,n.,type of biting bee found in trees,,,,,,,63:4,
96f87b7f-2272-4899-91e2-d18206d3424d,ballme_3bb2d1c2-dfa2-4f9d-bea4-6ea0227ce13c,n.,"dawn, daybreak",,,,,,,,
0ff6a5f6-7ce5-4f7a-b47a-6328152dee83,ballo bällabällott_2f4e440f-a40e-47bd-ab65-f9f653ef1033,n.,type of big taro,,,,,,,Sowati Kurupel,
6a0ccac1-2aed-4d58-bc8c-c0b4fc8c1759,bam_89afb692-4feb-48b5-a0c6-e3b8de9366cd,pro.,accusative form of bongo,,,,,,,,
481a96e0-8ac8-4c10-b7fa-7a1d635ac132,bam bam doros_af00b260-d81c-4cfa-a10f-83c517a84c1e,n.,bum bum pants,,,,,,,171:1,
2fb1bd68-07cb-42d5-a1f7-8cb9905477b5,bamearoro_8a81c9a9-854e-45df-aa28-9bca84b11009,n.,type of mushroom,,,,,,,Joshua Ben Danipa,
3bb42295-816a-40d9-9786-2c0934375b77,Bana_e61f04b9-b976-4071-9419-747604856119,prop.n.,female personal name,,,,,,,,
8a5c5838-391e-4852-ae21-3b1c4018c363,band_1e9a4f15-5461-4f58-80e8-fb3cdd96e593,n.,type of tree,,,,,,,Tony Warama,
fac4ae80-b2b8-4137-b7f1-75058ad2b66a,bandra_be18057e-9999-4b58-9dc1-78c129ee65d0,n.,song,,,,,,,,
3d1e93f7-b74c-4ab2-b0ca-0bc5fa25bb5c,banggo_d304cf48-7af5-4376-ac16-c7baa0f87009,n.,"type of long yam with a white interior, thorns, and no hair",,,,,,,,
0775c2d6-29f0-4040-a1d9-e33d35497de0,banggu_325140cf-d303-47d4-9730-1f4373738fc4,n.,headdress,,,,,,,171:9,
49ad5b8e-1235-4b4d-9231-a1571c6c3a8a,baob_94a9c526-2bf7-44bc-b3d2-60a82d9317c5,n.,water lily,,,,,,,,
6fdd3a6e-0f32-404f-bb40-b86e090b5d5c,Baogab_56902536-439f-4cd0-ac02-e6f67a251ec7,prop.n.,Baogab (an island in Karama swamp used for camping; has coconuts and bananas),,,,,,,"Bodog Jowanang, Geoff Rowak, Inawa Dareda",
9735332c-c647-4b72-a175-d59c2787c2ca,baottbaott_789caa8b-34d4-48fa-9f20-6cd4686ff925,cov.,to walk around aimlessly,,,,,,,,
b0a7ea9c-7616-4929-8e48-e8c669654c8f,Barekam_79075da1-bdda-4daa-a3cb-1d22d510fbde,prop.n.,male personal name,,,,,,,,
39b749d8-2e2f-45b1-b9fc-0e48147bcc96,bargae_33e24203-ea12-4aa5-91f4-c96502f5dbdc,n.,type of fish,,,,,,,,
4b9313bd-8f1b-42da-820a-9b80119fb0ba,Basido_8c203103-15be-4227-8b92-6d62467b8a96,prop.n.,Basido (toponym),,,,,,,"Bodog Jowanang, Geoff Rowak, Inawa Dareda",
acf8538e-8deb-417b-85f8-434b0a29ad6d,Basido kona_f6f854ed-b164-478a-b0de-cc0ff02b194b,prop.n.,Pastor's corner (in Limol),,,,,,,"Bodog Jowanang, Geoff Rowak, Inawa Dareda",
b5a9826e-0a38-4bd2-bce6-dbdc7df530ee,Bati_c383505e-6815-40fa-aa00-5cec49c30a46,prop.n.,female personal name,,,,,,,,
0ff2f4db-1fb7-4e65-b2ff-83f0094a923e,batri_4ac6a893-53ea-4e82-9601-b5731376e0f3,n.,battery,,,,,,,,
5c79b00d-ec04-4ba8-848d-fb492e72e9f7,batri käp_6e91cf60-231a-42df-992f-06046c0d0955,n.,battery,,,,,,,,
2a68e856-27b9-42f4-a09b-bcddc4a9a9f8,batt1_2743dc80-b0e9-4a51-9a49-a9e6da3e756e,mod.,"adult, mature",,,,,,,175:8,
8fe714b9-c324-4826-975f-55c9c3dbec7b,batt2_b3bbd4bd-b236-4276-99d1-331891e73087,n.,central lateral beam of a house,,,,,,,,
87af1dd3-05c5-44d5-9c2c-5dcb9deeee6b,baur_fe465ac2-141c-4251-ad8d-6a453aa7d064,n.,type of spear,,,,,,,"Johnny Bodog, Inawa Dareda",
0eb1fb30-2bd9-41dc-b06d-a9b5b84b54f8,bawa_f846d80a-cbb0-4354-9879-653bc320ce54,n.,season characterized by hunting and fishing in heavy rain (ninth season; corresponds to June),,,,,,,23:11,
770aea2c-3932-478c-9f9b-bbe913e09324,bawa_f846d80a-cbb0-4354-9879-653bc320ce54,n.,rain shower,,,,,,,,
56b5e6a5-a0f7-4bae-8f5f-ff36482373a2,bawa minyminy_85f1d1d8-8641-40e4-b4f8-632651168d33,n.,season characterized by hunting and fishing in light rain (tenth season; corresponds to July),,,,,,,23:3,
157ccd0a-86da-41e2-a6e8-25151fb386c5,bawa pokallmäll_8f504fb1-b39a-44ef-8a79-447d3d8521b7,n.,wave,,,,,,,183:2,
4bd35194-8c9a-45e6-a22c-fabe1cf1df39,bawa sarasaram_73d8469c-4b2d-423d-baee-00c1c11b1f92,n.,drizzle,,,,,,,132:1,
eeb7815c-3a86-493f-b812-df2c06392409,bawur_e8fb5f79-9b09-4e18-ab40-2f99ba4c7c22,n.,Type of bow made out of a stick.,,,,,,,137:28,
745ece25-a067-4229-8a1f-129f341f0fac,bazere_49a7983a-917d-4c65-97e0-fd65a0c99747,n.,type of purple yam with hairs and no thorns,,,,,,,,
0fe60bc8-86b4-421b-98b0-8f5232fa80bf,bäbälläd_6e135799-ebe1-48ea-ae6d-078eac3a0333,t.v.,to drop without warning,,,,,,,,
048ed211-591d-465e-b3ed-235fe075efe9,bäblem_d992f975-3227-404c-acb6-e8d105d03263,i.v.,to shiver,,,,,,,,
e1456342-a608-4743-8395-deda940dcdd2,bäbnge_d3c9c9e7-27da-46e4-936b-e40a983ac928,n.,type of palm with coconuts with a light yellow and green exocarp,,,,,,,,
cc2f9228-af0e-4f81-adc1-89c0a3654cad,bäbrem_7a90f160-2605-4494-831e-9ee8c5575cfa,Ideophone,sound made by cassowaries,,,,,,,112:15,
2263c6a6-95f4-4806-a95c-8c4e5e74708b,bäd_00271cf7-e6ba-40c5-8f36-11f64aeff6dc,n.,type of large tree that grows in the grassland with wood used for firewood and bark used for building walls,,,,,,,,
4eb3d733-1449-4ade-b218-023edda2b190,bädab_129a8da7-fdbd-4fb0-a03f-cdf2bb6567d4,i.v.,to shine brightly (of the moon),,,,,,,,
6c46f798-069b-46fc-8242-f06fa6fed7b9,bädab_129a8da7-fdbd-4fb0-a03f-cdf2bb6567d4,i.v.,"to dawn, break",,,,,,,,
bb8fd5f4-6076-4684-85f5-cdb6122aea90,bädab_129a8da7-fdbd-4fb0-a03f-cdf2bb6567d4,n.,dawn,,,,,,,,
583ccb84-bcaf-4fc4-b2aa-312f3544474d,bädab piro_7fe4c74f-d972-4025-9f18-2f0c7fb50839,n.,morning star,,,,,,,,
668e2298-e430-4ec7-bb4b-46655cb3f450,Bädämalloang_2254e47a-e759-4026-8c00-6f4b512738a4,prop.n.,Bädämalloang (sago place along the road from Limol to the canoe place where a large tree has fallen halfway over the path (AZ95)),,,,,,,,
f975d87c-f11b-4784-9116-9841ac9376c2,bädma_bb57e5e3-5757-47d0-996e-71f8be97b9f4,n.,type of medicinal plant,,,,,,,Warama Kurupel,
3090b67b-2504-4f7a-8546-16eaa6d7d72f,bädma ibeny_214dc132-def3-4aec-87f5-ad416dbdcca0,n.,planting a bädma plant as a gesture of peace,,,,,,,64:4,
a16794a8-618e-4c39-b311-bbdef7a945fe,bädmaol_70031685-9d82-4a24-9afd-6464cf88e98d,n.,small sago flower,,,,,,,,
c8af7f1a-40c3-4cf1-861f-a459b3fc4cde,bädde2_6d94c8ee-10e9-4a5f-9ff3-896165f67ec8,n.,type of big taro,,,,,,,Sowati Kurupel,
4cb60d22-1059-4ade-863b-59401b45f0de,bädde1_f90b9dd2-a3f3-4117-a319-f5127d10e15b,n.,type of large tree found by rivers,,,,,,,,
0e4eb0f2-43a5-4017-b68a-b36d71d48500,bägallem_20035119-27d2-4ad4-85df-9d4d8efb58ec,n.,type of tree that grows in the grassland with wood used for firewood and yellow fruit,,,,,,,Tony Warama,
d1e49689-d7c6-47f1-9e25-6ce7e0cf28a7,bägäbägäl_7f4c0a5e-3073-4fbf-9211-4c0e69710311,n.,Achilles/calcaneal tendon (on the back of ankle),,,,,,,127:25,
ad182760-0f38-4d7c-97ea-034defc653f4,bägäl_f0e873b2-c9ae-4640-8140-9092e93ee637,n.,bow,,,,,,,,
98794254-e986-4be8-b214-7af4aa981064,bägälbägäl_9c5c919c-dfeb-483e-99cd-4237033b3a59,n.,small bow,,,,,,,137:22,
20685010-afe1-4c6c-aaac-4a038240ede7,bägäl kuwem_3a42c405-2d75-47e1-a02d-62625ecfde24,n.,gunfire,,,,,,,,
9aae1a09-ce99-4934-a88d-354cd9a11f0d,bägäl mäträt_fdc664b8-e4a1-43ed-bc85-a66217843802,n.,part of bow,,,,,,,137:11,
5d389a62-3c08-4b04-80a4-57d76c482626,bägäl odar_f2a7b2c6-2aaf-42d5-98d4-d9c12ece7c54,n.,place for bows and spears,,,,,,,158:31,
1dc95574-9f05-4e3f-b238-ed5fac407aaa,bägäl tangge_e31e86ec-008f-4986-881c-73b6f69fb6ac,n.,extra bowstring,,,,,,,137:16,
f9e5dfb6-76aa-4e16-8725-56ed72b71115,bägäm_c05ac562-cf4d-4ed1-afa3-9cb1dc29ea45,n.,type of tree found by creeks with bark used for weaving bags or strong rope,,,,,,,Tony Warama,
19a86b4a-aca0-4a81-8eba-c6a768111ed1,bägem_7c026332-9ea4-45f4-b5d6-2fee2b10f7a2,n.,type of tree with pink flowers and fist-sized fruit with a pit,,,,,,,Tony Warama,
5da627be-a80e-4110-8428-d0b38a38ea12,Bäglle_714fa35b-1344-4c13-b913-ad5a60d32224,prop.n.,male personal name,,,,,,,,
e1192551-ea7a-45cb-b238-9671181c6855,bäkän_2d1202eb-a1de-40a7-81bc-abd1249bed77,n.,type of cultivated plant with leaves eaten with sago,,,,,,,Tony Warama,
d8ad14a4-19b7-47fc-a970-c03ecc222883,bälämbäl_3ba63b63-a9e2-429b-9c2b-f2b700be00e0,t.v.,"to miss, long for",,,,,,,,
a46425b8-5204-45d8-beca-538379ba9102,bälämbäl_3ba63b63-a9e2-429b-9c2b-f2b700be00e0,t.v.,"to remember, think of",,,,,,,,
8e684413-b0eb-4690-af3e-8e6a72d32b18,bälwod_e8b23876-8784-4963-9fea-aeda821097ab,n.,"Also called pitpit (pidgin word). Tall grass used for pakos (spear). Dry on fire, straighten it, push arrow on, and tie with tulip bark (~2m).",,,,,,,,
a1975c3a-4a9f-454f-b088-099f5392bb05,bäll_bbde5025-2772-4ebb-af28-89fa384f5cf5,n.,thigh,,,,,,,128:13,
d699bc04-93f2-48f4-9760-bca69a7a6bbd,bällabälle_7fff6b82-6d59-4a7d-bc88-91457b012ee8,t.v.,to find,,,,,,,,
065649ae-88c8-44de-b849-18829924e54b,bällae_00ee0bb0-38d0-4e96-9978-542c251ba3cb,mod.,loud,,,,,,,,
9e3d87e6-bcc9-410b-91c2-de1654ebcd33,bällam_c5f3ff41-f207-461e-b4b1-2f675eec3cc2,quant.,every,,,,,,,,
a69b8258-da70-43e6-8fdc-c8f016ed88ce,bällamb_0847781d-71b6-4719-85c8-77e95dd090de,t.v.,to ambush,,,,,,,,
08a925db-4ba4-459d-8449-78262fb6fdda,bällangg_54bbff35-f7c3-49e5-865d-cdc13a880bc4,t.v.,to find,,,,,,,44:17,
ff9b6da3-6ae1-4f5a-bf5c-1aac2cb174a1,bälläg1_4924b500-c60d-4b39-89ed-8e36fdfa108b,n.,type of introduced banana,,,,,,,Sowati Kurupel,
82a885f6-9197-4ae8-b489-ae187177fc8d,bälläg2_c30c4717-6647-4cdb-8e88-e6eee05cb3a0,n.,Areca palm,Areca catechu,,,,,,97:14,
e9d90d49-2695-427e-b735-c9f7792ff168,bällämbäll_cec4b03a-b829-4d91-9d11-5c20c04bb17f,n.,thought,,,,,,,,
592fc0da-d3e5-41ce-b5b0-3e5bd0435014,bällämbällämmeny_8b2238b5-5710-4174-a1c1-6bffe298d4f6,mod.,"thoughtless, apathetic, uncaring",,,,,,,,
6bf08043-22a2-43c2-bf07-273568a3214f,bällängg_19047aa2-5691-409f-a4b1-f1e74eb6bec1,i.v.,"to split up, separate",,,,,,,,
7c5acbc6-814c-4740-841e-aa5de9c9395d,=bälle_e15f529e-f7bd-4747-a21e-cb3df4490107,pro.enc.,clitic form of oblle,,,,,,,,
abbcaf77-1bec-4981-8549-6f61c3bfb14d,bällgab_f92c631f-c665-4a05-9359-16325327be94,t.v.,"to open (e.g. eyes, flowers)",,,,,,,,
44e89642-be36-4e51-970d-1763bb22229f,bällgae_4529fe66-e7e9-4f02-bcff-f88a76e5b9c8,i.v.,"to spread, scatter, move away",,,,,,,,
c042ee4c-87a1-48d1-8d62-33d95e04f3b4,bällkäp_66683dc2-b606-474d-8566-869ff878d9f7,n.,ant pupae,,,,,,,,
d822b44f-163f-4fd4-ab14-9c8bd51a2019,bäll kutt_7ebaae97-cd3e-452c-9e4c-9682849368a5,n.,femur,,,,,,,Warea Giniya,
4521c7ea-f44c-4927-bbd3-79bd25690b1b,bällma_2a510d83-1c71-4e7f-8d72-4f65ec10e4fb,n.,"spit, saliva",,,,,,,,
6b911a72-2236-4048-a25f-3e2bd7881684,bällma käkan_507accc4-1c6e-434d-8a74-a91383faf0e8,n.,"spit, saliva",,,,,,,,
e7fe8bfe-3133-445b-b04c-57bc114a5a88,bällma ontog_2d13dd6c-0a4c-40ab-916c-9515eaaeb45a,comp.v.,to spit at,,,,,,,,
4ee8b56e-c60d-4c30-bd44-2c2a6fc3ffd7,bälltoe_6479074e-8087-48fe-8e67-aa9f61d4835d,n.,type of tree,,,,,,,Tony Warama,
b107e6a7-1dd5-44e8-bcab-9cb4b17ba656,Bämäg_8382f716-14e5-4fa2-a474-4fdb37db8d15,prop.n.,Bämäg (toponym),,,,,,,"Bodog Jowanang, Geoff Rowak, Inawa Dareda",
e81e63fc-15d3-4d44-8131-a92d077bbcb6,bämäng_6a40720c-b1ee-480f-976d-7fdfb281bec5,n.,type of tree,,,,,,,Tony Warama,
caaf6449-dd2d-4570-a5df-e4377f153745,bämblläd_77e365b9-e2e6-4341-95b5-214502327519,t.v.,"to expand, rise",,,,,,,,
c4fceb2c-b6e0-41ea-9cd5-91c1f64c57f2,bänamb_b49693cc-b81e-4311-8fba-118ed3316012,t.v.,"to open (something folded, e.g. book, mouth)",,,,,,,,
efe2701d-85e9-4e87-826e-cbe587d7be25,bänäm_4b0e4340-0519-4056-a6b8-7048a488bc45,n.,type of very small insect that lives on bandicoots,,,,,,,,
9acb9aa7-3727-4562-81a0-f08df334a0ba,bänäm_4b0e4340-0519-4056-a6b8-7048a488bc45,n.,thorns on sago leaves,,,,,,,,
cc4998e8-3e7c-4695-a456-878bc55a6937,bänbän_f1077b23-cdaf-4ee7-849c-8608161e8640,n.,the fifth stage of coconut growth in which the fruits are beginning to form,,,,,,,,
b25d13b4-3339-492f-ab22-2ae129156634,bändaeg_2e290838-92ac-450f-bfb2-596bbdb65b74,t.v.,to pull an all-nighter (stay awake),,,,,,,,
1529b7e4-3ac0-409b-8b0e-9f6b157245f9,bändam_470bd4b3-35a9-4131-a234-903ae62d827f,n.,type of tree,,,,,,,Tony Warama,
88f280b1-c958-4ea9-bd76-6d4c57e74acb,=bäne_2f46898d-4ab2-42d1-832b-6d726533f65d,pro.enc.,clitic form of obene,,,,,,,,
2fac1978-78e6-421e-8c97-374b25c7d82b,bäne_6b9db8d7-25a0-47a6-a857-122f615ced27,pro.,possessive form of bongo,,,,,,,,
b111ac40-9e9d-4a74-8ed1-7977c0e74158,bänene_65853a56-2038-4546-bcf7-1a70e30d0d6c,pro.,ablative-possessive form of bongo,,,,,,,,
6d855707-0c01-4145-9308-ff63708afb5e,bänezaga_26dd5305-b3d2-43d8-ae6c-3cf9184d97d6,pro.,yourself (reflexive form of bongo),,,,,,,,
c89d86b8-ab17-42dd-bad6-272ff1298b2d,bänz2_8b31e652-debc-4615-984e-1c46763ab6da,n.,type of biting bee found in trees,,,,,,,63:7,
2f4476e6-2f0e-4b4d-8206-2b5f14bd6e60,bänz1_eb8b08d5-eddc-4160-acce-a54aef8d981d,n.,mosquito,,,,,,,,
9dca7af6-f29e-4a47-af74-f1748fe7698e,bänzibänzi_0daa3eb5-9801-4b86-be59-61f400d3b1e9,n.,type of sago,,,,,,,97:16,
16f8bf4e-373a-4f60-b4f7-7f03c7738a4f,bäng_efcef9ab-fb36-4a78-9422-8471b575e23f,n.,firestick (to start a fire),,,,,,,,
ec0c64d8-e694-4222-8932-2a3805081a4f,bänga_e3d1b724-4b24-4b41-8fc6-b3ec758c452a,sub.con.,though,,,,,,,,
c82df8a5-faa8-4b21-9a67-f01513866c16,bänga_e3d1b724-4b24-4b41-8fc6-b3ec758c452a,TAM particle,should,,,,,,,,
65b67d07-cc04-44e7-b286-c5863257d794,bänybäny_e373344f-bdcf-4057-be6d-bbebf7550058,t.v.,"to cut, slice (flesh)",,,,,,,,
3ab2a0a7-e3e5-4ec0-b86d-2fc3ebb3d74a,bäräbäräl_a61568d0-a14d-4f17-9082-4caa80af3742,n.,type of bird,,,,,,,Mayu Dobola,
da3510a5-0bc6-431f-b366-589a4bf79b49,bärät_a827ffe8-6f7b-4b94-9ca0-1a79b125f3f3,n.,type of small yam,,,,,,,,
f0f5281c-b45f-43a6-9f34-c7e24d2b8cf7,bärke_b5be735a-c95f-4cad-82fd-21efed9ab979,n.,Papuan eclectus,Eclectus polychloros,,,,,,Mayu Dobola,
2d28a68b-46be-4bd8-a75b-a64fd29d54d1,bärkebärke_e485be2c-b106-4d7c-9dd2-990e7d3751c8,n.,type of algae that can be red or green like a parrot,,,,,,,,
fef81d52-08e9-4faf-9797-283c5d19a65d,bät1_7bcde4e3-6706-4eca-aa0a-b704b0aad94a,n.,type of tree,,,,,,,Tony Warama,
fc708728-75c6-4350-8ed8-1037f68cf805,bätäny_61f78191-8b12-42f0-9e39-1f88e15c610a,n.,type of tree,,,,,,,Tony Warama,
facb93f2-4bf4-44ae-af7e-4c71e0fe8b34,bätte_836ccafd-f4cf-40a4-bceb-03a954afa307,n.,type of snake,,,,,,,79:3,
cb23c633-6228-4cdd-a49c-8881e3d331ae,be_11e0b907-0487-44b9-bef3-17777ae56828,coord.conn.,but,,,,,,,,
bec3871b-c51a-40c2-a3b9-e52be9238f5e,beatururang_24fe5be9-02a9-462e-8a6b-545b21070f18,n.,season characterized by thunderstorms and flooding (second season; corresponds to early February),,,,,,,23:8,
dc7933b4-ebd7-4331-b899-2122f1fc7e8e,bebe1_0f0dca88-5973-4120-a876-153834927dbd,n.,type of pandanus with long fruit (~2 feet),,,,,,,97:41,
f3a633a1-4531-46dd-9658-429a1c30311b,bebe2_2414ddf2-0df7-44c8-98d3-c92c370b0c94,i.v.,"to leak, excrete",,,,,,,,
9fdb5807-7e49-4d0e-9fb7-d515f9d13cdd,Bebelin_0cbe185e-363a-43b5-9e47-5ce624c86738,prop.n.,female personal name,,,,,,,,
72e97e36-8179-46d3-8f4f-eeb785720ee4,bebi_522d44b1-404f-497b-a834-470bb8ebc119,n.,baby,,,,,,,,
3dc8900e-221c-4b5a-8f04-01db5c9bb444,begere_52f1eb9f-e95f-4446-8e20-7741d9779201,n.,type of long purple yam,,,,,,,,
aef9a3a2-c44d-4747-958d-d66f82982154,beibi_56b51087-3631-4e42-9257-ad17b9534798,n.,baby,,,,,,,,
f026251c-062f-4b97-bc28-9d19c6f06bbb,bel_ed913e81-a3ec-47cb-b272-b9deb87b66f8,n.,bell,,,,,,,,
2efd0717-4176-44b3-8ca1-12825d9c3f32,bem_79dc5268-5921-4108-9e39-850c8ab2e8ba,n.,"sea, ocean",,,,,,,,
35676c72-9624-423e-85e0-2580f043dd50,Ben_18060b63-ceee-470e-9186-04f573bf083b,prop.n.,male personal name,,,,,,,,
ecba1d5b-4b3a-4a02-aa3b-02af81d60d0a,Benaeya_ce978f6a-25d7-4835-94b8-5712ae707c6e,prop.n.,male personal name,,,,,,,,
8a151169-65c9-4bea-8d29-891cde83efea,benanbenan_365eb3c7-b99e-4c49-bfd5-738a3427a320,n.,type of spear,,,,,,,"Johnny Bodog, Inawa Dareda",
38c9f74f-0f86-4732-b76a-2265bf0ea0cd,bendoe_1f136a27-259c-4d9c-ae26-e3ce90cebda4,t.v.,"to confuse, mix up",,,,,,,166:8,
507db28f-1cc4-447b-aa83-c6a4e4db2988,benmäll_aa86abb3-8bd9-4a88-865e-435d91f0631b,i.v.,"to shine, flash",,,,,,,,
8e8aac1d-f0d8-46c1-bf47-db735de95a73,benmäll_aa86abb3-8bd9-4a88-865e-435d91f0631b,n.,"shine, flash",,,,,,,,
e70b70bd-0771-455e-b886-37986a78cecf,Bensi_415d551b-cc23-4e37-86d2-326f08796728,prop.n.,female personal name,,,,,,,,
467a4ec0-1ec7-4b71-824b-7cf6b8a4d551,Benson_41f8f82b-ac5b-4f93-8485-3f6396ccd6c7,prop.n.,male personal name,,,,,,,,
b16c0f58-cb69-4d32-930e-e296311ce04c,Benta_3b05e37c-45c8-44ce-bfaf-34f3a956be5b,prop.n.,female personal name,,,,,,,,
dfe8e86e-1cf4-4a58-bc94-53c0296b4c29,bengae_8ed6b6a5-25de-400c-bce7-388e701b625f,t.v.,"to roof, cover",,,,,,,,
951c8847-e809-4da8-8177-db886afa4e0c,bengae_8ed6b6a5-25de-400c-bce7-388e701b625f,n.,"roof, roofing",,,,,,,,
869a54ab-235f-4df1-96c3-62358071d8cb,Ber_e0e499fb-c2e7-4727-9129-2ae0f3a78284,prop.n.,Ber (toponym),,,,,,,"Bodog Jowanang, Geoff Rowak, Inawa Dareda",
561573b9-e208-4f9e-8cc5-6d1d01541f2f,Beradi_abdc7c5b-7a36-4fc4-833a-e4d1f1e65e35,prop.n.,Beradi (toponym),,,,,,,"Bodog Jowanang, Geoff Rowak, Inawa Dareda",
71d2b1fc-1fda-4ee3-bcd5-b54a832920d0,beräberäl_c519424e-faba-440d-ae8a-414b88efcf9c,cov.,to swing,,,,,,,,
d0b75849-1cca-4aed-87f3-8faf2df6baf0,Bes_5542d1f4-8ec1-47b5-a9b3-c5236fccaf9f,prop.n.,female personal name,,,,,,,,
ad868df9-ecb1-42c5-85c3-b80fe2857d91,Bessie_13f71b1d-64e2-46af-8db3-3b8d5e2354b1,prop.n.,female personal name,,,,,,,,
691ee40b-0eee-4dc9-8384-c3bbee7e1a5d,Betliem_ad10c1d0-0e17-4325-9234-24a97d2a5565,prop.n.,Bethlehem,,,,,,,,
0efbec85-9a60-448f-b2a5-8a9cc14ff744,bette_72aabb0b-9242-47c0-979e-f7151ecf74f6,n.,crimson finch,Neochmia phaeton,,,,,,Mayu Dobola,
eef5f2b5-4727-4cb7-91bb-49de8bcbf8ed,Bewag_b850e41e-e846-40cf-9a44-90ee94bdc1ed,prop.n.,male personal name,,,,,,,,
19702740-df07-4971-b3fe-b834a7a2aed2,beyako_7da37623-27c2-4576-9373-8043f57e8496,pro.,,,,,,,,,
882ca466-c9c3-4d0e-9395-a42517e3747f,beyambäg_1cda93f6-e26f-4a89-bc6b-5ee5236c5fd7,t.v.,to chase,,,,,,,,
1cadeba2-77c4-49d4-9e56-e03bf81790b3,beyat_35278c37-e34c-4d22-9d9d-20efda60c2e8,n.,type of tree that grows in the bush with wood used for house sticks,,,,,,,Tony Warama,
1f672f98-e682-40a5-8e9c-fcb3db00e466,beyawa_c0f613da-c679-48ac-965c-bcaf08b3edcc,pro.,"he, she (emphatic third person singular pronoun)",,,,,,,,
0c2a6c14-629b-491e-a466-f81f2a4cb222,beyawaebe_79449719-df61-4699-b50b-ad0e486081e3,pro.,resctrictive form of beyawa,,,,,,,,
28501fa1-d3c2-4d5a-8d8d-bdb4e74ecf5a,beyawaeben_c25db798-9182-4d5d-9a6e-e72a5097b9f3,cop.,copular form of beyawaebe,,,,,,,,
e2f020cb-b4a6-4497-99db-875240e9395a,beyawaenen_b2340218-a1a7-4c8a-814c-5ab978e512a7,cop.,copular form of beyawa (present form),,,,,,,,
13fefa19-3313-4551-920f-0012e652c63f,beyawaeneya_4657c615-c888-437c-8632-8f0aec184ee4,cop.,past form of beyawaenen,,,,,,,,
13ed252f-8d15-4600-b43f-4fcfcb9d33c2,beyawan_51cae58d-1155-4b19-abbf-98718398efa3,cop.,present copular form of beyawa,,,,,,,,
0a9bd198-2997-4928-9a19-1ab864e89d9d,beyawän_369a9007-a2b7-4d74-a8cd-76f6031c671e,,,,,,,,,,
259b2c71-ea00-4734-8998-dbe1311eaa93,=bi_f95720be-d43d-4303-a49c-1173f9ddfca6,pro.enc.,clitic form of ubi,,,,,,,,
25755e47-6602-47a3-a150-4867e7f00688,bib1_1f18e01f-f91d-4a91-a1e0-bbbafcecacff,cov.,"to break ground, surface",,,,,,,59:22,
76ae42a2-c43d-44d7-b900-7c7d2411bcf2,bib2_e6ba1984-d118-4cce-9bcc-d20afd601a4c,n.,spring water,,,,,,,,
6cde0cf4-615c-42e1-9c58-31d0661b870f,bibi_6b7a9ad6-f1b9-4efd-b83a-ff3fd242955d,pro.,"you all, you (second person nonsingular pronoun, nominative form)",,,,,,,,
62e41b24-6d54-42b8-97ee-912036b4ad89,Bibiae_70aaa35f-5b8b-4a0f-b547-246246d3cf45,prop.n.,female personal name,,,,,,,,
f423e3fe-2c3d-4e62-92ab-fdd0dc13ce75,Bibiai_2e0e04c1-4e3d-45bc-8c89-67438ccd0b7e,prop.n.,female personal name,,,,,,,,
102d1d34-6cbe-4953-bbbf-17b9758eae55,bibim_435e8b7d-9950-4376-9b78-3dc33829f86b,pro.,accusative form of bibi,,,,,,,,
0314eb6b-a92f-4c8c-8016-a8adc4e395c7,bible_9db92dc0-490f-4d29-b128-89dab3605e91,n.,type of big taro,,,,,,,Sowati Kurupel,
ca33c0b3-f423-4f60-882b-56bcb3ad78de,bibol_1a7e7a97-ebc8-4672-a1ae-5db2a1853139,n.,type of bird,,,,,,,Mayu Dobola,
5c54e3b6-2497-4a68-9e27-80697725a602,biboz_a90ff17c-200e-47c0-b33a-bb82082e8e69,n.,"fairywren (emperor, white-shouldered)","Malurus cyanocephalus, M. alboscapulatus",,,,,,,
8cbb5963-8988-46af-8f7a-38968256aa56,bibra_a4d63159-91c8-4043-9ca4-a903aef9cbb8,pro.,dative form of bibi,,,,,,,,
1111191d-24af-415d-a402-cc25c8087faf,Bidog_16c5a7f5-a959-4d82-8e10-012e1e3499df,prop.n.,male personal name,,,,,,,,
fdb00afe-9cf8-40ba-a941-b4b99fb077e3,big_35a071ae-e923-4182-89e9-9cd7a4decff0,n.,"type of very large tree that grows in the bush with wood used for firewood, especially when camping.",,"Used in a special ceremony involving a poisoned shirt, a long stick, and a sick person.",,,,,Tony Warama,
7b3ae413-4485-48cc-b585-aa7074c4a2a9,Big_c0e1876a-b5d2-44dc-8fc9-03ec99dbf5f7,prop.n.,Big (toponym),,,,,,,,
62679d08-da8c-434a-8c22-76e0cda273f6,Bigag_3bdc57a2-cc97-409a-bcc5-c43e3698f14e,prop.n.,male personal name,,,,,,,,
01412339-ee0d-4246-a3b2-256122ae366d,big budar_69378616-0ddb-4a55-95ce-211414f8b5b0,n.,type of grub,,,,,,,Joshua Ben Danipa,
e9e8e9b9-3bf6-4ae4-9837-ba3f653c2f01,Bigia_172d6477-fd81-48c7-b74e-c52de22b3644,prop.n.,personal name,,,,,,,,
07dd8b15-2b56-43cf-a8ea-8a617dff64e2,Bigiya_1b368d14-bf2d-4643-9ea0-b73b7b4fad57,prop.n.,female personal name,,,,,,,,
16e42306-73dc-4267-8e06-e1e2530bcc4b,bigma_05f897a9-7fd8-49bb-91ec-83d826540280,n.,"enclosure, pen, sty",,,,,,,,
ecafa025-3fd5-48ae-92bb-feca3d8cb151,Bigjay_357e7013-ffc7-4f40-83da-92fcb4368a14,prop.n.,male personal name,,,,,,,,
f987de46-f283-4dac-aefc-fc269215d465,bikme_7c5288e6-31ba-40cb-8fdd-0f6f3bcade13,n.,"type of palm tree with hanging, poisonous yellow and green fruits that can be eaten after being buried by the creek for up to 2 years and then cooked on the fire",,,,,,,,
7a7951dd-bcb3-468a-878b-cd3860ca7a1c,bikme laelem_4f516f8b-c707-4a8a-9c3a-c0d85b3c8b93,n.,type of bikme palm with very chewy fruit,,,,,,,,
41b34a8e-42a4-4e35-b4e3-e9b578d6213c,bikme pipllo_91e49673-25be-43be-afdf-6af2c3069e7f,n.,type of bikme palm with yellow fruit that is very hard,,,,,,,,
68c351a5-a643-418c-ac36-b7eded0a3895,bikme sanasana_4a165b59-7f67-4039-b429-104eade1236a,n.,type of bikme palm with fruit that is soft like sago,,,,,,,,
77a17d13-b7f5-4674-92fc-46f486ed1c23,bikme tutu_2eb2d649-b02b-43e7-ad2f-382b825033e9,n.,type of string game,,,,,,,Galou Minong,
27dd34c9-2bf0-4e71-aa7a-46bea9052b8c,bikme yobeg_f5ed0507-2bb5-4a93-989e-1e18d79aacb4,n.,type of bikme palm with fruit that is medium-firm,,,,,,,,
5e0c3e2f-4b69-4996-ac6b-b16e41fbcf3c,Biks_ee221f6f-6150-4e7f-97c9-770cdfd152b1,prop.n.,personal name,,,,,,,,
01ce7d80-e025-441f-abdb-64e8f2f85983,Biku_dd49ddc3-d984-404c-9a16-1b42d0dc5761,prop.n.,male personal name,,,,,,,,
b73a44ba-39df-4d8e-ab19-6147351a8281,bikwem_1ea37129-f2a0-40c4-b124-352a3230eeea,n.,fireplace,,,,,,,158:25,
2c083442-e2ac-402e-b0f5-0892c21cf3d1,bile_321a10bd-8ebb-4511-8cbd-5db9a6fb19fb,n.,salt,,,,,,,,
031907b6-7913-4618-aa89-127c983281dd,bilod_1ea4ca5f-2da7-4ae6-bc4c-be5cb7a65b8c,n.,type of spear,,,,,,,,
9105e8b3-3064-4feb-a43b-9a7d91bcc78d,=bim_697c456d-5863-446e-af6f-5d28df9ad06d,pro.enc.,clitic form of ubim,,,,,,,,
203c1d5e-30ec-4547-9a21-eac9ffb5a280,Bimadbn_7dfa1c11-0147-4aea-8929-4458887c4fe9,prop.n.,Bimadbn (toponym),,,,,,,"Bodog Jowanang, Geoff Rowak, Inawa Dareda",
d39ea8e7-80e9-4f3d-a00d-15e49ee83b5e,bin_d01cd49d-6e2d-4088-9497-a9b65cc2f574,n.,name,,,,,,,,
b000e8a6-16fb-433a-aed0-66ce1d7ecb50,bina_cba323cd-1db3-4c37-b035-3266abb8649e,pro.,possessive form of bibi,,,,,,,,
e708257b-64d2-4a54-86a1-040f9cc6e2b0,binaene_77c473b5-7cc8-46a8-9366-4073907ce860,pro.,ablative-possessive form of bibi,,,,,,,,
ee879507-c0b3-478f-8cd6-55593b539917,binang1_67a5ea30-18b1-4be4-9863-db3f14546634,n.,namesake,,,,,,,,
f9c8d76e-8cfb-4a11-8f02-06482ec680db,binang2_b4522670-c842-4235-8a3d-aabeaf93efc4,mod.,serious,,,,,,,,
75b4c26a-fb29-4364-b6f4-4760740ae12b,binbäddbädd_892c8188-6cf1-4716-a5ff-3d7fe8736304,adv.,"fully, completely",,,,,,,,
c5a6b62c-e2b2-4e91-8387-701362b80206,Bine_9ee869d1-fde4-4f06-9fc9-b46d79faa7ed,prop.n.,Bine language (spoken to the east),,,,,,,142:9,
0b000034-0579-42bd-a72b-e55b602e9fc0,binzeg_f9139f03-c342-4350-90bb-499b47255169,t.v.,"to heat, warm",,,,,,,,
3429174f-5675-4213-9bf8-26e637d4fc38,Binyomoll Källäm_a24505f4-5bda-40d1-85b7-6ee28972f19d,prop.n.,Binyomoll Pond (on the road to Kinkin),,,,,,,"Bodog Jowanang, Geoff Rowak, Inawa Dareda",
feac0599-ba55-4fda-80df-4dd4efb0b7d6,Bipi_4bc2de08-dd22-4686-a751-bb368c6425c5,prop.n.,Bipi (toponym),,,,,,,,
a9505798-5d2a-418e-8d02-3febaec9d2c2,bir_1383fbe7-7224-45cc-b169-1cb3917946ab,n.,"spit, skewer",,,,,,,,
5b1c4df8-052f-4d6c-a07e-e4f42fb09c5f,bir_1383fbe7-7224-45cc-b169-1cb3917946ab,cov.,to roast,,,,,,,131:6,
e3a3adcf-9c92-478e-8d8d-d4b7674ad51a,Birigi_9e9c0866-48b6-4011-8b67-7c09b19d81b4,prop.n.,male personal name,,,,,,,,
baf265a4-1a8d-43ce-b3b9-c83030a03e60,biro_c19383a2-1a16-4f9c-9a13-1e9ea869babd,n.,pen (writing implement),,,,,,,,
b8112920-9952-43bf-8fbc-d73dc283f159,bisbis_949ef885-2317-4873-b9d1-967d2cf7ca7a,n.,type of stingless bee,,,,,,,63:1,
f0882f51-9c4c-4700-bd65-01404e4486ab,bisel_ab5b08e1-8adc-42e3-8a92-fbd51c1fdd32,n.,type of sago that grows tall and wide,,,,,,,17:1,
545c4947-1548-40ed-819f-8d1673ed4cea,Bisenmo_b18d63a8-eab1-43b8-be66-b1500e8d61c5,prop.n.,Bisenmo (toponym),,,,,,,,
c3a2ba62-15d5-4fcb-9513-fce29b1580bd,bisnis_00488cda-a948-4d8d-86f3-5857b142ac70,n.,business,,,,,,,,
7ae6f8dd-e588-4dff-8caa-cdabe08dcca0,Bisuaka_3bc7a327-acea-428d-8b17-b12465919972,prop.n.,Bisuaka (Bituri-speaking village in Oriomo-Bituri Rural LLG; has a primary school but no aid post),,,,,,,"Bodog Jowanang, Geoff Rowak, Inawa Dareda",
b5de64ea-922e-4fd2-8df1-82be463e9f97,Biswaka_30791c12-2221-4412-8330-5f77c4666d2b,prop.n.,place name,,,,,,,,
329d7426-8141-4193-9bba-33ec49df199c,bitän_38a5533e-e94f-456a-971d-ed7cd203d747,n.,type of animal,,,,,,,78:24,
f187fe24-ce49-40c2-886a-aae4d96815fe,Bitur_116c082d-25f7-4738-b822-035971128f3d,prop.n.,Bitur language (spoken to the north),,,,,,,142:1,
7b740cf4-c32c-4cc3-9959-9113f66efb6c,bittang_15252de7-7117-412e-8c2e-5f95d2f5f853,cov.,"to litter, dirty",,,,,,,,
ac433054-acdc-4adb-a8cf-2ddeb2c75d15,bittott_acbf1321-b7df-4fdc-8d0a-b89a4948db9a,n.,grey squirrel,,,,,,,78:11,
2fc4d980-ab34-4ec6-9e6b-cff81a6e80b4,biwiz_82552245-b192-433f-99f5-aebdc0bb1d66,n.,type of large tree that grows in the bush with purple flowers and wood used for kundu drums and canoes,,,,,,,Tony Warama,
2e54db5a-3e5d-4b0b-88a8-559aee5cae42,biye_d6e390ad-12a6-4995-8c1c-91cf0a7c3595,n.,taro,Colocasia,,,,,,,
72cec0bb-2e3d-4d49-be53-151ad9504b7b,Biyewolatt_34051cb9-a09b-4bad-849c-808273ae5e70,prop.n.,Biyewolatt (toponym),,,,,,,"Bodog Jowanang, Geoff Rowak, Inawa Dareda",
c836333b-4cd1-4587-be47-37548c49feb6,bɨd_470c8263-952e-4d78-8379-a67f653ba2ee,n.,gum tree,,,,,,,,
e9254832-de65-4b1e-b42b-afa9d2c3735a,bɨk_635cdb83-469e-4462-87f7-f3967054ebc2,n.,poisoned creek,,,,,,,,
a46f8944-f39a-4344-a4ca-0dec493d8854,bɨt_e526b115-8c33-46cc-8952-acf114ce9932,mod.,dark,,,,,,,,
5c737908-228d-4125-aa06-c3462347ab9a,bɨtbɨt_36b9e281-1314-44aa-a8e1-767aac3a928d,col.,black,,,,,,,76:14,
6c609c54-e125-4be4-b96a-138386bfa0be,bɨtbɨtbɨtbɨt_a790b9d9-0542-482f-b3ee-e146502df5a4,col.,"purple (color of sawis, purple yam)",,,,,,,,
f86d99e2-51de-4db8-a1c2-3d02e39967f4,blab_368f1cdf-4224-4fd1-a27c-4482f2eebde3,i.v.,"to mature, reach puberty",,,,,,,,
9f743335-8f9f-4ce6-a186-6d8a0f92ef3c,blengud_29d336ea-2751-4ad0-a8a9-69f6ebf1a87d,n.,blanket,,,,,,,,
5b596ff1-3902-4087-9af5-460ab250fa7c,bllablla_1bf8117e-d8fc-44cf-8901-bed6ba7b07e1,n.,"type of cordyline with big leaves, red fruit, and leaves that are used to fan fire and tied around the waist and chest for dancing",Cordyline fruticosa,,,,,,,
1127bf9e-bcdd-464c-9343-ef3c45823c26,blläg_230caeb2-4829-4019-811d-83c5bde8f421,t.v.,to serve,,,,,,,,
7e8878b2-b421-48b4-900d-fd0b423471c7,bllolla_b1d4fbe2-a703-4514-b141-4eb0662f8bcc,n.,type of tree,,,,,,,Tony Warama,
93131e20-a306-48f8-b3a1-7316c62507cd,=bo_2da841fb-c3a7-4241-9da2-1ebe2fcf6601,pro.enc.,clitic form of obo,,,,,,,,
23aea5a1-90f5-4735-ab38-4993361ac876,bob1_1287e669-ff3b-4acc-81f4-f5defe8c7831,n.,flood,,,,,,,,
b9aea7bb-2f1e-44c4-94a7-c08fcacfcc96,bob2_f59b0fdc-e390-4e0f-848e-8443858e8ee0,n.,type of tree,,,,,,,,
4f725a7c-25b6-4b7d-9174-25147b1eb7a8,bobag_c145f3ba-0b34-478b-9e66-c485e6582e08,n.,flooded,,,,,,,,
d3f4c80c-0889-41ae-a45c-bd1865990d74,Bobe_e38c5218-e75a-4478-aebe-5f31f2901a68,prop.n.,Bobe (toponym),,,,,,,,
f0f07720-d50a-4dbd-845d-cec32463420c,bob lläkäm_82634fd3-d972-4ef2-8b51-b053e14ad6c1,n.,type of mushroom,,,,,,,Joshua Ben Danipa,
2c782bd9-21e1-4ce2-8491-4d5db781e2ab,bobllem_2c2ce626-e925-4515-8a81-c0758ad03d01,i.v.,"to flap, shake (of skin)",,,,,,,,
ecf36d1a-fd31-4956-8b5d-428b0936e8d9,bobngätt_70995fd3-6387-4afb-83ee-14d953c4eefa,n.,place name,,,,,,,,
469fb236-a4f7-4ff2-9d85-5a44986cf0cd,Bobngätt_d1bbcd39-0ca1-4fa3-9569-1f633ea922ae,prop.n.,Bobngätt (toponym),,,,,,,,
ba535f00-d4b6-4acf-8bb0-b83f44039670,Bobzag_a176b640-454e-42e6-ae57-8f24b4009303,prop.n.,personal name,,,,,,,,
e7165014-ec16-406a-8af5-091d6d66e906,Bobzag_a176b640-454e-42e6-ae57-8f24b4009303,prop.n.,dog name,,,,,,,,
8d756618-c024-40f6-b37a-6e33ea54da25,Bobze_cc18b813-2243-46c6-b956-58b8e537b403,prop.n.,Bobze (toponym),,,,,,,,
0c0899bf-e1b4-41f2-8d59-3c569827776a,bod_9d7aef9b-0439-45b1-91e0-a2341fac2b83,n.,mouth,,,,,,,,
12b1a615-a016-49de-a947-1e99f7bca611,bod_9d7aef9b-0439-45b1-91e0-a2341fac2b83,n.,beak,,,,,,,53:1,
b0e1d342-a09c-4166-ae87-07fa482c116f,bod_9d7aef9b-0439-45b1-91e0-a2341fac2b83,n.,lip of bag (braid that goes along the rim of the bag to finish it),,,,,,,,
283738b6-5099-423e-b91a-f5cb278839df,bode_ee2054fc-ec1b-4875-b962-bb3c1dc4227b,pro.,additive form of bogo,,,,,,,,
73abd6cb-c3e6-41b9-8f18-e3df3e56b4ed,bodo_d227e840-d46b-4fe3-a2ac-01f6876c343c,mod.,full,,,,,,,148:2,
24e81689-61f9-401d-affc-21f9c15c8d28,bodobodo_0557ac67-ed25-47c2-b105-a6c5da4e6125,mod.,nonsingular form of bodo,,,,,,,,
d969362c-919b-43cc-af93-4991f00d9196,bodobodom_1844187d-9afd-4d1c-83e7-b51acacd3109,n.,type of biting ant,,,,,,,,
f1b6c01f-a4a8-47f8-ab5e-73e17c7956e0,Bodog_bc190665-9f16-41ef-8971-fe4ca386cfe6,prop.n.,male personal name,,,,,,,,
0caca214-e101-43df-99fd-96b7af1b8968,bod ttoe_25fe67b3-7179-4925-ae25-85370fb51bab,n.,lip,,,,,,,,
b0a3fd9c-162d-4e08-8d28-53275b69b5ea,boddo_1bbba492-5490-448b-8f38-6d199fb4ff64,n.,"type of large tree with a big trunk, fruit that deer eat, and aerial prop roots",,,,,,,Tony Warama,
87c9f4b2-5b48-458f-b596-f7db1852b4c8,boe_f96eb832-2f13-4b35-8c19-121cb8ecd6db,n.,type of cultivated tree with edible indigo fruit and white flowers that attract birds and butterflies,,,,,,,Warama Kurupel,
bc2c7e8b-e4c8-4273-bd16-801db6666d0a,boeb_71f1dc84-7158-42b8-ba37-78187a91dcec,v.,to deny,,,,,,,,
b09ee133-005b-46c8-9cee-6271bb0fb741,bog_ddb3d008-fd09-4f3a-9304-afd7bcd4dcc7,n.,type of taro,,,,,,,Sowati Kurupel,
fa97dae9-b3f5-4d29-b6b7-a05ff2c51da7,boga_e227f278-b2d6-4cab-9e79-ca424e5cfda2,n.,type of bird,,,,,,,Mayu Dobola,
6177e3b6-97f0-4669-873d-102a16e464fc,boge_951dbe24-e5ab-4e5e-9887-fc25e6297961,n.,mudfish,,,,,,,,
3e58b621-5a49-4a45-9b49-26160bbb6993,bogel_562fa1d5-db10-41c2-b581-9817f510fbb5,n.,seaweed,,,,,,,,
2136ec6e-0315-44dd-b28e-c1431deff379,bogo_d0b18d36-098a-464c-95b3-6dc76526bbe3,pro.,"he, she (third person singular animate pronoun, nominative form)",,,,,,,,
20d732a2-8861-43c7-bbb2-2c7f20cc62c7,bogobogo_443e7d64-bde8-4435-a877-864bcccd05a0,n.,type of small yam with a pure white interior,,,,,,,,
acf38699-6f8c-496e-9471-b20767893920,Bok_43029374-90af-4ecf-9719-9c68ebc730b9,prop.n.,"Buk (Taeme-speaking village in Morehead Rural LLG; from Limol, one must pass through Kinkin and Kondobol)",,,,,,,"Bodog Jowanang, Geoff Rowak, Inawa Dareda",
43c191ca-93c1-4c86-aabd-72d082c3257c,boko1_2f9b29ad-f759-464b-9d97-64d532653926,n.,type of lizard,,,,,,,,
fa5cd270-2c6e-4ebd-a7e5-0dc415413389,boko2_eaa43064-3772-442b-9f0c-037615d534f3,pro.,,,,,,,,,
7967e499-3e1e-4a26-9868-0b318decdb2f,bol_9500ffa7-fe99-4aab-86a4-ccac79af093a,n.,ball,,,,,,,,
6b5b4a47-4109-4391-9454-3a236aedbf92,bolod_e0b7bf6c-98c9-41d0-8aed-4ab1b8cc5de2,n.,sugarcane,Saccharum edule,"Used to make pakos (spear). Dry on fire, straighten it, push arrow on, and tie with tulip bark (2m).",,,,,,
693967c1-91d7-4f3f-bf5c-71e662cfb8e6,bolwod_76a94b4d-04e6-4f4b-8bf7-f468f13344d7,n.,"tall plant, type of pitpit",,,,,,,,
e5bf1565-554d-444b-82fb-684dbbb0c1ed,boll_2fb99912-c823-4f7a-b894-0f04f8fb763c,n.,ball,,,,,,,,
6b8396e8-617d-49b1-ae2e-b365dc019eaa,bollboll_b91a557f-fc78-4280-9e29-16dcf62106f4,t.v.,to open sago,,,,,,,,
75aaf7f5-86da-4aea-9d7d-b5ad967cfa2d,bollga_494ecaff-6284-42f2-8762-f3cf304da2af,n.,type of sago,,,,,,,97:22,
f3971341-5475-43d0-a535-ca79d28d4763,Bollga_648f88ec-5d8f-4d62-ad1f-46f9120d87ae,prop.n.,female personal name,,,,,,,,
6cef7542-6027-4ef6-bd4d-68acb463cf59,Bolloll_80c6eabb-ca90-4f61-b1ad-897b88ba1cc2,prop.n.,"Bolloll (toponym, on the southward road to Malam)",,,,,,,"Bodog Jowanang, Geoff Rowak, Inawa Dareda",
b7eaf2f5-e83d-450a-aa47-07e186c11397,=bom_5ca94a22-cb23-45b4-8997-2f431054ecd0,pro.enc.,clitic form of obom,,,,,,,,
4cb0e8a6-6ea1-481a-9137-3795b2c7a0d2,boma_a81fd77c-0761-4358-8a2b-ed1d91bdf984,n.,,,,,,,,,
8cd0775e-cd6a-4a6b-ae61-494f43644c3e,bomall_2590f84f-195f-426b-9ad9-4a424ed76b3d,n.,type of tree that grows in the bush with bark used to make sago baskets,,,,,,,Tony Warama,
e4864445-b8a2-4e89-ac8f-ecc52a05f863,bombllo_30c592d7-b700-45e8-bdc5-471538ca26c5,cov.,"to increase, proliferate, multiply",,,,,,,,
8d311016-20d5-4e21-ae4d-66f21ae0d26b,bombllo_30c592d7-b700-45e8-bdc5-471538ca26c5,cov.,"to increase, proliferate, multiply",,,,,,,,
028db9e3-4b66-456a-9eb1-136af26d30ae,bombom_ade3520b-67e0-416a-8958-65a54b5ea603,n.,type of tree with big leaves and soft wood that floats and is carved by children,,,,,,,Tony Warama,
6d9d837d-79f4-433c-8a43-03beb749bc3f,bomo_647cbc16-4719-4c33-851a-8e4523074623,n.,aerial root (e.g. of pandanus),,,,,,,,
91be42ac-c6e4-45f3-9a36-f1669c30640b,Bomso_fb8b23d0-2e3c-45db-ba90-903cb4eace2e,prop.n.,male personal name,,,,,,,,
6a86489f-58c7-46e7-a578-3ab56beac75c,Bonibi_d8d58f64-d7fc-430a-9a1b-e9a37d9413f1,prop.n.,female personal name,,,,,,,,
f0c9de75-0764-46f2-8f8e-047a2a38f5ac,bonzro_7762dc9b-fd4d-45f3-9aa9-337162b5cded,n.,dancing on the side playfully,,,,,,,65:5,
6a7df5bc-8a6e-4c0a-87e4-93ed79c39876,Bong_7300bdd9-ea80-43de-b9e8-931673d03976,prop.n.,male personal name,,,,,,,,
422a4ce8-0363-4fa3-b98a-a1a7e8670588,bongo_b54b3fde-4668-44d3-93fd-afdd337f3a46,pro.,"you (second person singular pronoun, nominative form)",,,,,,,,
55fa38d0-3ee0-4b93-9796-4a7ecdf3e171,Bonybony_229bc226-de3f-4b7b-8daa-a91220fc8b7f,prop.n.,"Bonybony (camping, garden, and sago place (AX94))",,,,,,,"Bodog Jowanang, Geoff Rowak, Inawa Dareda",
f1ef233f-31a2-46bb-9ea9-7286fa9301f4,bonydre_5ebc9005-67ef-4b93-83c9-a20cddf09574,n.,"goshawk (grey-headed, brown); collared sparrowhawk","Tachyspiza poliocephala, T. fasciata dogwa; T. cirrocephala",,,,,,,
ff6392e2-43a5-4a06-83d4-b123d6930335,bor_207feecd-3270-4452-8538-82ba52f28b75,n.,,,,,,,,,
3bfc55ad-6037-442a-9d05-4ead755dc2e9,borale_f7b46059-89c2-4599-abf5-8ec6607a42fe,n.,traditional bamboo flute used to scare wallabies,,,,,,,,
7347faa3-bf56-45ee-8d27-e4ab01d5bdb6,bore_1eb5e7d9-3bfb-4e02-bbf6-a56dccbf7fed,n.,traditional bamboo pipe for smoking tobacco,,,,,,,,
32643cdd-acf2-4f0e-a13c-294f2b56e1df,bormop_62e183b8-7b9c-4a66-917d-9422964ed98e,n.,type of spear,,,,,,,"Johnny Bodog, Inawa Dareda",
59759d7b-171b-471f-83b1-60c06f9b9bb8,boser_1e3a2569-457d-4276-be6d-4f9d8a137bad,n.,rock found in creek,,,,,,,,
2a5a897b-f85f-4d69-85e9-dc1a2df4131a,bott_9cdd03a4-3009-4fca-8bdd-4e7c526a0a87,n.,boat,,,,,,,,
c0825b39-efcb-461e-a263-4920888d5830,botta_33239347-a0e7-4f2f-8b5f-496c62235857,n.,lateral beam placed directly on the house post,,,,,,,,
e5c84d13-391d-4933-a970-38d614af544d,bowe_25899b64-9508-4377-951e-dd89d5ceea97,n.,side,,,,,,,,
eca63839-0d30-48f1-b124-fb9a15ab8df9,Boze_d7b0e57f-3cbb-46e3-98c9-56e11f4a1022,prop.n.,"Boze (Agob- and Bine-speaking village in Oriomo-Bituri Rural LLG; from Limol, one must pass through Malam, Kurunti, and Kibuli)",,,,,,,"Bodog Jowanang, Geoff Rowak, Inawa Dareda",
d92d6e58-9062-4c1f-9530-1b99da400a83,Bozorob_c7a0a4c8-6748-454a-9544-5a181566674b,prop.n.,"Bozorob (camping place on the road to Kurunti; from Limol, one must pass through Malam)",,,,,,,"Bodog Jowanang, Geoff Rowak, Inawa Dareda",
2496404a-5dc3-4a52-92d0-31e10e801d38,Breton_d855a0d6-6bc2-4dea-8a2e-b0605c4e737c,prop.n.,male personal name,,,,,,,,
abb61a81-1cd9-41ce-a8a3-b8055f337350,buata_892631fd-48d7-45ac-b733-34bb8be4dd6c,n.,"betel nut, areca nut (fruit of Areca catechu)",,,,,,,97:10,
986d5c34-8959-43bc-97de-a1e57ff14e15,budar_a2a2f9d1-8161-4701-b917-698d96c563b0,n.,"grub, larva",,,,,,,Joshua Ben Danipa,
5b91f572-910b-4b4d-861e-86772b37075f,budombudom_f4476695-48e8-4634-a509-3a25fc9d8488,n.,red ants,,,,,,,165:25,
23db588c-8787-4039-90c7-bb80627cb40a,buddo_1df55f99-802a-4875-830e-78f11c9af6aa,n.,"problem, issue",,,,,,,,
3fed9949-5797-440e-8b79-133cfe7937ed,buddo_1df55f99-802a-4875-830e-78f11c9af6aa,n.,weight,,,,,,,,
64cd1033-4e48-4958-b0be-b973c430dea4,buddobuddo_a4599d9d-816c-43d1-9843-199d2aef63d3,mod.,nonsingular form of buddo,,,,,,,,
1d104402-5f08-43c6-8228-f83b719a7385,buddobuddog_ce38bee9-74f0-4d16-bc16-21675c36d338,adv.,carrying a load,,,,,,,,
dfc8285c-6702-4153-8f8d-9db174b713af,buddog_1f88bf4a-d724-417f-b860-85e7c5cfbb6f,mod.,heavy,,,,,,,149:2,
cdd4ec15-f02c-4ca6-8338-a1436154bc20,buddog_1f88bf4a-d724-417f-b860-85e7c5cfbb6f,mod.,deep (of a voice),,,,,,,,
3ae1c6dc-7d20-44df-97f9-3ea4afb51dd0,buddog_1f88bf4a-d724-417f-b860-85e7c5cfbb6f,cov.,"to trouble, bother",,,,,,,,
817e1895-5ba2-4b31-a4e4-2b71585eb7c2,bugu_68531c1a-c1a1-4e64-b5fb-b12ac176eccb,n.,"sheath, base, midrib (of a palm leaf)",,,,,,,,
119124ea-fe55-4413-80c2-1659d9b4ce70,Buib_c8aab942-9ca7-469c-a77c-dcd1b5815c68,prop.n.,Buib (toponym),,,,,,,,
e6a259d4-8a3b-4e51-acc7-b122b081c5b3,buidde_45461823-d4ee-4a8a-a7ff-6547b72b29ab,n.,club (weapon),,,,,,,73:14,
93469286-2d5e-4b06-8c99-49ea3fa20fad,Buiddobuiddog_d3415be0-1798-4e12-b0e3-2c16f87e1627,prop.n.,Buiddobuiddog (sago place and creek; also a road (Top L AZ96)),,,,,,,"Bodog Jowanang, Geoff Rowak, Inawa Dareda",
6b21b5cb-1a43-4c52-9a27-b400c6b3b9c0,buindre_445ab028-a841-4fd9-a422-50877d561e0b,n.,collared sparrowhawk. This bird kills chickens.,,,,,,,Mayu Dobola,
64620931-c6f5-431a-9d57-967cbb33de35,buitu_4bd648e6-91dd-4d84-911e-303d8b332cc4,n.,stick with a round base,,,,,,,73:27,
16010ec3-6632-445a-bb8b-fb9e3ce10c81,buk_7f4544a7-d3c8-42b2-b6ea-af5a92b120ea,n.,book,,,,,,,,
55eb337b-fecb-411a-8b26-0a8e039b0621,bulwem_03f8643a-b07e-4a90-8aa2-c3be443cdf08,n.,type of big yam with a white and light purple interior and no hairs,,,,,,,,
503c6ddc-0b40-44b6-84e7-100f2aed856d,bullalla_cec4b6e3-5e10-4acf-8b3f-986e03a13e0d,n.,type of flower,,,,,,,,
bc84b63e-bca6-4bb5-8811-c4b50b61528f,bullull_428ac7df-92af-4e99-ad60-b1599cb62a48,n.,Papuan frogmouth,Podargus papuensis,,,,,,Mayu Dobola,
2dc51381-0394-4679-b939-0188a7c253c0,bullull_428ac7df-92af-4e99-ad60-b1599cb62a48,n.,rufous owl,Ninox rufa,,,,,,,
384d9ab4-7122-49b4-b85d-85e8a0096bb1,bumo_d12526e8-5d57-41aa-802b-343773b00cec,n.,tucker bag,,,,,,,,
7a1ee00b-7685-4a01-9e9b-db11c43aa61a,bumrel_bb2052a7-61b0-4cc8-8e87-57e73a8a1dac,n.,beetle,,,,,,,165:12,
d45447f4-a93b-40ab-8d5f-835cddb5d375,bun_1eda0c10-b07f-4704-a2d3-22e7fb50f12e,n.,head,,,,,,,,
9aaab989-fc11-4726-9741-c14f798159f8,bun_1eda0c10-b07f-4704-a2d3-22e7fb50f12e,n.,part of a bow,,,,,,,,
7fd159e2-c7cc-4f2a-aabf-5853888c30d2,bun_1eda0c10-b07f-4704-a2d3-22e7fb50f12e,n.,mouth (of a river),,,,,,,,
134fbca5-0e81-40e8-a96c-47eed810dad2,bun_1eda0c10-b07f-4704-a2d3-22e7fb50f12e,n.,owner,,,,,,,,
2b6da9a8-66ad-4737-abf5-839823e3be95,bunbun_2f08b29a-ec53-4e7e-920d-05809a6c4cc0,n.,type of plant,,,,,,,,
b68e35d2-5a7a-44b3-b7e8-9c7567944db3,Bundae_a72d8d31-6f50-46b4-865b-32a9057c8eb6,prop.n.,male personal name,,,,,,,,
7a032b10-6bde-467e-b5f3-7c051f3e9f95,bun dänräp_7ab520cb-67e5-4d01-83b2-34194844a01a,n.,,,,,,,,,
e45a46c9-f198-425e-b278-8990760b8398,bunkälle bunkälle_2270e3ca-3e56-455b-a407-1db6cf1a7e79,n.,type of game where the players tie hair and hide,,,,,,,Galou Minong,
547adc59-fb74-4609-8007-71c27ef52bd8,bun käp_fd00e5f8-1d81-4b23-ae5f-94503730a8dd,n.,head,,,,,,,,
97d31a4d-4786-48f3-84a6-3738683f7644,bunkom_0f4f1578-4b4b-4378-ad04-22573c470ae2,n.,hair,,,,,,,,
6b42a28c-4fae-4481-b857-22992ae57e1c,bun kom_b8ee0e8e-4fbe-498c-9b3a-5c1d8c55eb59,n.,hair (on head),,,,,,,128:4,
4374fd7f-30bb-4321-8a95-833d608b9bbc,bunkombunkom_3a678148-d95f-413b-a21d-abd8149d95d4,n.,"type of tall, big tree that grows along creek with wood used for canoes",,,,,,,Tony Warama,
002c04c5-b4d0-4a96-98ce-3a3d224e0de5,bunkom tätäp_957f9e76-06dc-48cf-91b9-9e05e5462d3d,n.,hair tied with string,,,,,,,,
9674f597-d33b-4551-8980-9fb2e231c807,bunkutt_6a4bc8d8-4f24-4a92-b6d6-8e95913d4c85,n.,skull,,,,,,,,
215bfaff-6adc-49f9-a0c9-63923c9acaae,bunkutt_6a4bc8d8-4f24-4a92-b6d6-8e95913d4c85,n.,head,,,,,,,,
e414769c-3fab-4e41-b49c-efb05d39d6fd,bun kutt_c3b8de81-8fca-49ec-9142-8b3abf8ab582,n.,skull,,,,,,,130:11,
2b6752b1-57cb-45d5-a283-16994d97c23e,bunkuttang_9be72657-9a58-4fef-aacc-0a466081eddf,n.,catfish,,,,,,,,
a5f88b74-e0c9-460f-961c-5954d46c379c,Bunkuttangmälla_0d544ed4-9b29-4790-a7ea-ccafea46a356,prop.n.,female personal name,,,,,,,,
3387b97b-03fd-46e4-926e-86ed25fd8976,bun lla_263e1957-4230-4a74-a558-d12c44d44e75,n.,"instructor, leader",,,,,,,Sawapo Badu,
ed725923-dd56-4d2a-8192-0d5bcd91b64d,bunmat_18fe4668-80bd-4466-8cb6-bbd10124af10,n.,center of a garden,,,,,,,,
8b440bb6-83fa-4549-9eda-d50e67741c20,bun pallkamatt_58755df5-127b-4aec-8d09-d70db692c5b6,mod.,smart,,,,,,,,
cf5d2c45-3926-4a89-aee0-fb803255f985,buntok_6eed5e97-307e-434e-9b0d-ef2b41b3b05a,cov.,to carry on head,,,,,,,,
aa10a41c-4972-4c36-b31e-3b7ce00120c4,bungg_60950616-1839-4591-90d6-e55fdabb1b5d,t.v.,to ambush,,,,,,,,
ee892ba4-aba5-4038-975b-1191dff17f90,bur_f63206db-f201-4b5d-8324-aebe54b786b4,n.,type of bird,,,,,,,Mayu Dobola,
af3f4cf5-acc3-4000-af41-18129d956016,burag_ce14c4bc-b992-4766-b04e-2d398a7cfe96,n.,bride price (given to the bride's family by the groom),,,,,,,39:14,
69e5ba43-8037-4f4e-beba-753c1f06295e,burara_9877c618-1e46-440e-aecc-bbd616763a35,n.,water lily,,,,,,,,
325b0188-93f7-4661-a126-0171579b2ad8,buwo_9a43c4d6-1aef-4821-ae90-7f93608da211,n.,type of native banana,,,,,,,Sowati Kurupel,
69d61a15-61e2-4065-b912-d4b77f4ade54,Buyubun_391aa883-2c23-4e6b-919f-ffc9926047d9,prop.n.,Buyubun (toponym),,,,,,,"Bodog Jowanang, Geoff Rowak, Inawa Dareda",
bbc0fb1b-d2d4-463c-9fef-b6f5dd3db674,buz_f76c8ccb-4ea0-4ed5-a2ac-e5bd26675791,n.,"type of cultivated tree with fist-sized, edible green fruit and light purple flowers",,,,,,,Tony Warama,
8ab62d07-8079-4d5f-a6bc-b3a2f4c6221c,Buzi_e28d8fbf-9b11-4679-9d99-5fe07cae8a82,prop.n.,Buzi (in Kiwai Rural LLG),,,,,,,"Bodog Jowanang, Geoff Rowak, Inawa Dareda",
249356cd-fd68-4fe9-a3d0-90567d956c01,d-_4d6171a1-8d7c-4e4c-9652-139f7447b79b,v.,rem.tr,,,,,,,,
715c6e60-12ba-4f93-adf2-157a9c9f28e8,da1_499521ae-4dfc-44e1-a677-eb7841b1737f,sub.con.,"if, when (introduces a condition)",,,,,,,,
4312fbf4-ee66-4cb6-b5c2-1d6c64b6bf89,da1_499521ae-4dfc-44e1-a677-eb7841b1737f,TAM particle,"might, may, could (marks potential mood)",,,,,,,,
ae671ce1-8236-4c66-a54b-3eaad0891528,da3_60cda54a-58f7-46f0-ac53-2afe8000fa61,nom.dem.,there,,,,,,,,
f3921346-a8ab-470a-809e-9447759743e9,da3_60cda54a-58f7-46f0-ac53-2afe8000fa61,pro.,"he, she, it (third person singular animate/inanimate pronoun, nominative only)",,,,,,,,
d1a00cc0-e4b5-40ac-a213-06f1e7e0d7a6,da3_60cda54a-58f7-46f0-ac53-2afe8000fa61,nom.dem.,last,,,,,,,,
9aec8504-ed21-41a3-99b2-e5e59b52531e,da4_751e3b64-6242-43a8-b926-ef6b5a8f79d4,nom.dem.,that (medial demonstrative and pronoun),,,,,,,,
cb438b72-3da1-4541-8ab3-cedebd68a1e5,=da1_7d6f02eb-265a-4279-bad6-d397b8bcef0f,nom.clt.,nominative clitic (marks the subject or agent of the verb),,,,,,,,
d6206681-913f-4356-a1db-d5c85724f22c,=da1_7d6f02eb-265a-4279-bad6-d397b8bcef0f,nom.clt.,accusative clitic on conjoined objects (marks the object of the verb in conjoined noun phrases),,,,,,,,
e344197a-a907-4248-a8c9-d348e1f08d99,=da2_c6722fc2-181b-40fe-aaf0-6c4726cf4d4a,nom.clt.,constrastive possessive clitic,,,,,,,,
21e6d788-5efe-4f47-bb65-5be5c31b582c,=da2_c6722fc2-181b-40fe-aaf0-6c4726cf4d4a,nom.clt.,close possessive clitic (marks third person possession on the nominal phrase; can only attach to phrases with kinship nominal heads),,,,,,,,
7183ce85-d758-43b6-a07b-c16d958d8d21,daballe_6222254e-5b6a-496e-a38d-14e50055feb5,adv.dem.,ablative form of da; after that,,,,,,,,
428b499e-822f-4cf2-a5a0-dad97117437a,dabän_3fa310b1-f10d-4f72-b330-3fbdb17a078d,t.v.,"to knock a leaf, e.g. a tobacco leaf",,,,,,,,
054acb69-5194-4448-bdf9-10d12401852e,Dabe_aedfe8e3-ee24-4eb1-b461-94fd9edd2d25,prop.n.,Dabe (toponym),,,,,,,"Bodog Jowanang, Geoff Rowak, Inawa Dareda",
a46e27d2-288b-4efe-92ea-ec6351e7a985,Dabi_db2d1497-82ab-4992-a4e9-711ab4bbffc0,prop.n.,female personal name,,,,,,,,
b3714d4e-def1-43a2-9bee-bc3ebfb1389c,dabit_82c8d993-155f-4453-b20c-629e27267a68,n.,palm spear,,,,,,,,
8cd65a94-393c-4d15-8693-c8c1073dd6c1,dada_3247ca50-56b5-4926-9089-0bc54c3e621e,Kinship noun,older sibling of the same sex (man's older brother or woman's older sister),,,,,,,51:25,
746f1c88-6487-4242-98fa-23605baa59bd,dadaeya_fe28df71-b452-4c30-b2d3-f168364ee526,cop.,past singular form of daden,,,,,,,,
beb15a22-3e70-416e-a92f-9face0048c9c,dadargu_1a548297-28d3-473f-af1f-550d464c7dfa,n.,disturbance,,,,,,,15:13,
835e3e0e-252a-488f-810e-5c96cfec4f1b,dadäp_7267a6c9-2f82-4268-b368-922afc4d41a6,n.,plant part,,,,,,,,
55527061-c871-4f4f-8a28-758d99d85b14,dadär_bb4f9a6e-6e88-49f4-914e-75e097ec9c14,n.,type of net suspended in the water by sticks,,,,,,,126:1,
e67fa5aa-0b90-43a7-a1c7-5b09c0faf17a,dadäräb_3ecfe22d-0406-4c93-b057-12e30630ab5c,t.v.,to write,,,,,,,,
7d3181be-5a9a-4d2d-b07f-c2b8d825b76c,dadäräb_3ecfe22d-0406-4c93-b057-12e30630ab5c,t.v.,to dress,,,,,,,,
f158f03e-3c40-4ca2-9f48-b8cf178dbfc6,dadäräb_3ecfe22d-0406-4c93-b057-12e30630ab5c,t.v.,to decorate,,,,,,,,
f8f945eb-80ca-420b-a017-6610f27a1ec4,dadäräd_c708875b-474d-4eab-91a8-9340775746fc,i.v.,"to clear (e.g. of the mind, sky)",,Traditional way of clearing your mind is by cutting with shell.,,,,,,
b391ffca-6941-4357-b07a-ad5e7b439a6d,dade3_0861fa9d-f510-4ef6-8f2e-5918a57b4bad,man.adv.,maybe,,,,,,,,
f8e37773-c1a2-4e01-9757-bc0b0f0f8fbb,dade3_0861fa9d-f510-4ef6-8f2e-5918a57b4bad,prtcl.,ever,,,,,,,,
66f0e4ed-392f-426d-85a3-92cf7bcc039f,dade1_2605cc6e-eddc-488e-99ff-aa5a91945e75,n.,yam stick,,,,,,,,
287bec8d-d22e-4333-9d82-528cca585bcf,dade2_2ad396d7-8e11-4313-84ac-4ac79c9463bb,cop.,"to have, exist, be, there is",,,,,,,,
ead2e8b1-750f-44ff-9b6c-ff73c7aaf3b7,dadeg_c7a2beac-56ab-4580-850f-274e08e0aa70,cop.,present plural form of daden,,,,,,,,
3f916603-d298-4716-9708-0dca95d05dab,dadegaeya_afec29e5-6fbf-4762-8740-f92363756c74,cop.,past plural form of daden,,,,,,,,
177f8819-dc32-45ef-b93f-d18ea8b94b64,dadegaeyo_746759bd-c241-44ec-8e29-4f0780312a16,cop.,present dual form of daden,,,,,,,,
10e388b3-7424-46ad-9b6f-7ad60868d431,dadegeyo_cbe6a125-f819-408c-a97e-b46b7a822695,cop.,,,,,,,,,
7e12ac91-94c5-418a-bffc-8e7c1c98bcde,dadegwaeya_93d7cae1-25c8-4688-a6f8-101bcecd22fc,cop.,past dual form of daden,,,,,,,,
a02aae0d-4b06-4612-97a3-a5efcdfc7142,dadel_a577d51d-9c1a-4da6-a22e-177842a79b2b,n.,harvest,,,,,,,59:24,
490e8b03-8762-4689-834e-b80007993325,dadel_a577d51d-9c1a-4da6-a22e-177842a79b2b,n.,season of harvesting young gardens (seventh season; corresponds to early May),,,,,,,,
d03ab18d-b9c8-44c1-8e7f-812570015aad,daden_5f40794a-72be-4728-8f17-714f99ecf3ec,cop.,"to exist, have, there is (present singular form)",,"The hand sign for the message daden or ""s/he is here"" is to pat the air with the hand.",,,,,43:20,
ac9270b1-5cd8-4147-acbe-37dd303bedf2,Dadi_98f0e42e-2b83-431a-8fef-9c82fe146c3a,prop.n.,male personal name,,,,,,,,
7e8e0fa7-95e4-4d5f-9fee-9a6f9764d36d,=dae2_68c004b7-80a4-4b6f-a394-45d530f91a88,nom.clt.,"perlative case clitic; along, through",,,,,,,,
bd83d5e4-e73e-4312-91bb-0c9f67093f94,=daebe_4b15e6bb-402a-4858-a1c7-ce2e81d7a812,nom.clt.,restrictive clitic; only,,,,,,,,
c476fb5f-c079-4893-8ebd-14fd5ed92dbf,daebeg_17292046-1007-4101-a6c1-b6850dfbc515,cop.,present plural form of daeben,,,,,,,,
612da770-e9b4-4e1a-84fd-0372db6dfa6f,daebegaeya_08389835-2aa9-4b3c-9f4f-a042ff5fd1e8,cop.,past plural form of daeben,,,,,,,,
9820a88d-02ca-4a53-9a45-7841f3638a2e,daebegeyo_1ddd15a5-b94c-42f3-8014-abf2322d99a3,cop.,present dual form of daeben,,,,,,,,
a9208771-d4c9-49a8-8793-b94c6cc4945d,daeben_8113b4fa-4d66-4035-b206-6afe3af86070,cop.,copular form of daebe (present singular form),,,,,,,,
dfaf58f1-c562-4aad-9557-fd5318ee1435,daebeya_7d93b729-2d69-42e3-bdc4-a641c80b48f8,cop.,past singular form of daeben,,,,,,,,
1dae3d15-8ef3-46e8-9359-3aa925ef1dc5,daem_8c810850-39c8-42f7-89ec-76f08bf38a16,cov.,to blink,,,,,,,,
7fccae61-88a9-4405-99d1-1dcbf8ce5477,Daena_cd7f44c9-686c-4763-a555-ee49ea72be65,prop.n.,female personal name,,,,,,,,
8e5fa073-1742-43da-a807-7e771fe388cc,daendae_8395434a-f2a4-43df-a1ec-6827eb78a56c,n.,"flowering plant that is said to be ancestral to the area, with many types; flowers used as adornment when dancing",,,,,,,,
d082828b-00d5-4c25-8b22-8008a0b491cb,daeya_2ff8a708-3515-4fd7-b10c-570fd5d08e23,cop.,past singular form of dan,,,,,,,,
62bdedbb-64d9-4279-bae2-8acfc9299889,Daeyagmälla_eb3ad823-a145-484d-beda-b69ade89c8fe,prop.n.,female personal name,,,,,,,,
6b853108-970d-44e7-abf0-12bbd6f5ca0f,Daeyna_1007d123-d10b-4d75-9e3e-4724d28086de,prop.n.,female personal name,,,,,,,,
304cdb1c-0308-4278-baf7-2616f53d7e17,dag_364b9ed2-28fe-4426-8049-1d6c8f81901d,cop.,present plural form of dan,,,,,,,,
a232ced2-ef8f-490b-a651-2e987bff4722,daga_fcba77b7-8cdc-4923-9ef3-f4e82a890cc9,n.,betel,Piper betle,,,,,,Tony Warama,
ad2bf76f-7c0d-48e0-a2cd-4fbd3bf8e962,dagaeya_066c6a2a-50f1-4a73-9887-0db4ee14a046,cop.,past plural form of dan,,,,,,,,
05bed576-61aa-4bf9-bec5-72d49f7fb702,dagal_d75deeae-4957-41c5-944d-8d5090a7b6df,t.v.,"to board, get on",,,,,,,,
c5968dbd-b48b-43aa-9819-2a1942cc53b8,dagal_d75deeae-4957-41c5-944d-8d5090a7b6df,t.v.,"to board, load, put on",,,,,,,,
c5e73c4a-063e-438d-a847-1a5d67e409ee,dageyo_0660bcce-fde5-4925-87cf-5ce07229acb0,cop.,present dual form of dan,,,,,,,,
3a3081d5-172a-4498-8970-ad8811994068,dagwaeya_c406bf9d-7cfc-4289-9f27-0e30b320ba48,cop.,past dual form of dan,,,,,,,,
63042bc5-8919-4944-a686-b17ad4bed658,Daiba_987cdb7d-4b96-435c-8a78-0c7bec59592e,prop.n.,garden and sago place of Jerry Dareda (along the road to Bisuaka),,,,,,,"Bodog Jowanang, Geoff Rowak, Inawa Dareda",
94c892d0-822b-462c-8a62-c78225e7d450,daindai_991260cd-1cdf-4f59-a374-4ce56bfd3b7a,n.,type of flower,,,,,,,,
69101aa2-ad99-4af3-bcc2-1bd937f3dd30,daindaim_1cf8b9cf-f198-4d35-8c71-3fb4d029e031,n.,drizzle,,,,,,,,
0fb2ae5e-a544-4600-83d2-0432b6e33d1a,dalab_13ac4e42-ae10-41ec-b214-fd45fa1d1e8d,t.v.,"to open, pierce, make a hole",,,,,,,,
559d45b2-0dcc-424c-bd04-d02be398918d,dale_2ec2b015-6d4b-4864-b2ab-98a5259069d8,n.,ash,,,,,,,160:4,
9f150e6d-8de4-4d58-8476-edf0f3f24852,dam_f639a5b9-a388-4650-b91e-807c2d183d16,adv.,then,,,,,,,,
a64b5710-b739-4120-80b6-0f37e9788cc0,damasäm_d147cc6c-561d-426f-ad68-f7e83f831d39,adv.dem.,ablative form of da; therefore,,,,,,,,
8433c44c-95ef-424a-bf3a-32c9db46680f,damasema_a581f76a-59e7-4537-8463-4cb85215ff13,,,,,,,,,,
7117eb9e-6258-4cf6-93aa-ade8b3f7fb6a,damärärmae_dc72e739-136b-4346-982c-5202a49eae4a,adv.,simultaneously,,,,,,,,
37164b87-d93a-47b3-af8b-6aa8c042f4e3,damona_608cbd98-67ad-42cf-8f1d-0d072e1b7902,num.,1296 (yam counting numeral; 6^4),,,,,,,41:28,
655a0341-d6b9-4e9c-8696-48062a117d44,damong2_036c9183-95ce-4b80-b469-bbad742b17f3,loc.n.,against,,,,,,,,
59b0f1c3-9172-402b-8984-f79528ccd762,damong1_18174ed8-cf94-4f2e-b21d-db5aba81aec4,mod.,"healthy, well",,,,,,,,
4af865f5-cfeb-4e6c-b0b8-acc7de5ee1ea,dan_45c0b36e-d35d-4fb3-95d0-c9c4c28cc51b,cop.,"to be, exist, is, there is (present singular form)",,,,,,,,
5afd4a56-6ec5-4f89-9a19-7c20d30282db,dana_49d365bf-146e-4278-9b77-15de731f2228,cov.,to sprout,,,,,,,,
b3547445-5208-478e-ac17-e8bd2079a12b,Daniel_525ad0fc-865d-4b2d-a7cd-b023baad94de,prop.n.,male personal name,,,,,,,,
eceeb496-9414-4b6c-aeb4-335bf0ddc473,Danipa_be6989db-c331-4dbb-8054-39e6e40941fe,prop.n.,male personal name,,,,,,,,
e2e3d025-0b2e-4015-a880-7f034a244112,dang_6d4dbd65-d0a3-445b-acd6-18e6d6411cc3,n.,length (of a house),,,,,,,,
fe5acded-00cc-4335-907a-663cf85ce994,dangg_4e031ea2-1360-44c8-95e7-3f432b770cda,i.v.,to burn,,,,,,,,
ea1989f1-e292-4e81-9e6a-19cdb7d533fe,dangkam_354baccf-8f4f-4545-9111-cef82d7e984d,i.v.,to lean,,,,,,,45:8,
86da5995-271d-4855-96b8-b3c5d6a0125b,dangkam_354baccf-8f4f-4545-9111-cef82d7e984d,i.v.,to rely on,,,,,,,,
d11c8680-fc7d-4bc7-87cb-8757800d539c,dangkälmang_5ce7b95a-54b8-4088-bf66-fb86dc109177,n.,"type of medium-sized, long yam with a white interior and thorns",,,,,,,173:45,
df7898fd-3f53-4aab-b8e9-eece9d621e6f,dangne_a9d901c0-6ea8-4a4c-b4c7-475d59e63dec,n.,crawling vine that grows in the grassland with purple flowers; used to make rope,,"Old story: when Satan was thrown from heaven, he was tied with this rope.",,,,,,
5ad21ac1-faf3-4e35-9307-365f7869e7b4,dangnebudar_2a01f9fc-4bfb-4147-b7a8-553139391632,n.,type of grub,,,,,,,Joshua Ben Danipa,
8e2ac1d9-0f8e-450a-a8ad-d6ef00c23d96,dang toto_1320bd2f-1930-4d29-b6eb-515acbbfe4a1,n.,corner post,,,,,,,,
dac805d9-f816-44dc-b816-b22c21830c33,daolle_4b501bfd-eb56-41ce-8e2a-faaf692882ab,adv.dem.,allative form of da,,,,,,,,
4e6b8e59-06a7-4506-9c9f-6c2269dfdfea,daollemae_dc75207a-5ebb-4fe9-baea-a86f42a56e12,adv.,allative form of da with perlative clitic,,,,,,,,
9ae4f842-e026-4cc8-922c-53e116c1b940,dape_30771371-5416-405c-baed-cf09a28cf7bb,n.,drum head,,,,,,,143:1,
60a9964e-7f28-469a-a2d2-20b1dcc11300,dara2_01d2bfda-39af-485a-bf6c-72e2b37a5970,n.,,,,,,,,,
513dca3b-1be1-43be-bfe8-469a11a56c86,Dara_907465d6-a07e-4623-b1ba-708328b98c0a,prop.n.,male personal name,,,,,,,,
50321064-05ce-4862-9deb-934e425bcbcc,dara1_cf252dec-1dc1-45fd-8dbd-2233218ab9ee,n.,type of traditional medicine,,,,,,,Warama Kurupel,
f851f950-dcb8-46ca-a930-15d2d82fb86e,daradara_c9deed63-d3e8-4045-b61b-e59216830d4f,n.,type of vine with yellow fruit that are red when ripe,,,,,,,,
310908e3-90e4-4e23-b4fa-76a0ae2fd0e5,daram_f30216df-d746-4eae-9c10-c90ee39ffaf2,v.,,,,,,,,,
c799cef9-3280-44dc-b8d3-ada7d1c51e43,daramdaram_aad6f976-6335-4b5b-859e-1d2e00bd0406,adv.,shining brightly,,,,,,,,
73a89133-e0f6-4606-943d-e09fbb613345,Dareda_d93380d9-019e-4e16-96cc-bcde48c96a70,prop.n.,male personal name,,,,,,,,
6efe2833-a87a-424a-bf82-2ae261daa3d5,darkukiny_01290cbb-ab65-4624-89b9-44375414a34b,n.,type of grass,,,,,,,182:4,
5b72662d-5a78-453f-9882-11a5060e4cc0,darombe_34cbe86e-7ba1-4272-a8b5-804405d4365f,n.,mouth harp. quarter-moon-shaped bamboo flute with honey inside; takes a day to make,,,,,,,143:6,
c6caae08-3a7c-4f06-85bb-0ab82a0d4e1d,Darren_7b2e8b39-5312-4cc2-84db-d9afb8511637,prop.n.,male personal name,,,,,,,,
e42e4c10-f40d-4267-96b6-c873382026b0,Daru_c216177b-5d66-473f-87a7-0551ce3a5937,prop.n.,"Daru (capital city of Western Province, located on Daru Island)",,,,,,,,
8b6ddcf7-d368-49d6-a4af-b9e569ae9422,Daru_c216177b-5d66-473f-87a7-0551ce3a5937,prop.n.,Daru Island,,,,,,,,
2de64ed8-e30e-42ed-8ff6-a432296796fd,daudau_80e4178a-a7db-40f6-aa61-5f028a24c2c0,cov.,to nod,,,,,,,,
1e22f448-1e65-486e-95a1-833c978f0567,dauma_88766997-f3c6-4c74-b415-f5a71402fe6d,n.,type of introduced banana,,,,,,,Sowati Kurupel,
8c49d102-2487-40dc-8fe6-3bc3dd353cfa,David_ad7896c5-e5fa-46df-9f7c-493da7ff1a12,prop.n.,male personal name,,,,,,,,
02af8c7f-6c9e-4991-87ea-a8cc0e3fb9f2,däba2_8c381ea6-4ec7-4969-b622-c4735c03aef3,nom.dem.,that (medial demonstrative),,,,,,,,
b9de2cf5-a793-4962-95f6-65c91214f05a,däba3_c02cbf42-1d1a-4a73-8f5c-bdd1624240e0,t.v.,"to place, put",,,,,,,,
e71ae510-1265-46ab-adca-10c479a868ce,däba1_ed10e0e1-d952-4861-9e92-389a067bfd9c,n.,"type of tree that grows in the grassland with leaves used to wrap sago and durable wood used for kundu drums, house posts, and formerly, bridges",,,,,,,Warama Kurupel,
024eb6e0-83e6-41d0-ad33-bde3f44df273,däbaballe_907d23f9-996e-41c2-a607-08a3b9728bbc,adv.dem.,,,,,,,,,
ccb2696e-7f7f-4890-a553-6fed5047f146,däbae_19e6c184-0613-48bc-8944-b5f307f811a4,i.v.,to drizzle,,,,,,,,
d0291bb7-c9de-457c-8b6b-1c628ca4d87e,däbae_19e6c184-0613-48bc-8944-b5f307f811a4,i.v.,to knock fruit continuously,,,,,,,,
a4862c0a-69d9-4b34-8c50-0dce755bb058,däbaeya_8512ba39-f5b5-4849-975d-79c1069acde1,cop.,past singular form of däban,,,,,,,,
761b8e03-c1f5-4fee-bb51-139b9c64ee79,däbag_a6b99dc5-4500-44ff-af20-f7b829cc0435,cop.,present plural form of däban,,,,,,,,
2eab607d-b957-41a2-8e94-3e68b4a00ace,däbagaeya_8c4799a7-51f8-45aa-8f13-f0d2d5e15a66,cop.,past plural form of däban,,,,,,,,
5dbd0c9c-b7ed-4510-b8c1-04f8e28cd742,däbageyo_4bcdcede-e109-475c-970e-2ae1ddf081a8,cop.,,,,,,,,,
3e857e6c-f53a-4329-a320-dfb2771d6e04,däbagwaeya_bf0ae222-1d0a-46a9-bb3a-9828275778af,cop.,past dual form of däban,,,,,,,,
763bf652-bad5-4d45-8412-7ee9cfb7063b,däbako_4da06a5d-b852-4ae2-aa83-b6a6a96732c0,nom.dem.,,,,,,,,,
c7e3d4ab-ddbd-46f4-a26c-cabb1a7dcc4b,däballe_3347121c-f730-4aee-af6e-96dfa26b3a55,dem.,,,,,,,,,
93dfbfc8-916d-4741-afb2-2fa4f2fe4d5e,däbamasäm_e7e0a3aa-09da-462b-b6ea-d339c5ff94ee,adv.dem.,ablative form of däba,,,,,,,,
6a2b248c-a125-4f75-9e46-ad94f1d094df,däbame_d25012d4-67fc-49ba-8609-85a43fb3b3a4,,,,,,,,,,
f589df00-838a-4e35-921d-876f953398f6,däban_38d6c66a-d691-42b3-a84e-d13b6715c572,cop.,copular form of däba (present singular form),,,,,,,,
1776e1fb-f53d-4eac-8c59-66b43f7cf8aa,däbaolle_051b50f1-f1f0-48aa-9a0d-e2fa477b8812,adv.,allative form of däba,,,,,,,,
508427b8-a61f-4d56-bf90-227b4c90ecae,däbäll_66a76f61-ebde-4bbb-80f5-3905fd36a666,t.v.,to touch,,,,,,,43:13,
10b732da-7226-45c6-89d2-a54a3e8d3ce2,däbe1_9c21de71-98d5-4283-a4ef-a00e75c7bd4a,interj.,,,,,,,,,
ab9b6c4b-5cb4-494a-919e-15a7c8768c08,däbe3_b65e5430-546c-46fd-8e63-bd341a06da7f,dem.,"demonstrative, 'that,' could also translate as 'these' or 'those', depending on the context",,,,,,,,
fe735015-0937-45bb-a25d-8208c2907427,däbem_c47d76b9-8a6b-4d53-b2a0-a02e8c4c2174,nom.dem.,accusative form of däba,,,,,,,,
4e5f15b1-ab48-4b86-8926-442d13af2d19,däbemasem_1bcde8e3-9d9f-45e5-bd73-d9e1ce9d127a,adv.,ablative form of däbe,,,,,,,,
ebfe3dbc-22c1-4862-94a7-654846e89b61,däbi_4f03de86-3083-4aef-ac99-26fe62a12213,n.,green-backed honeyeater,Glycichaera fallax,,,,,,,
b19341dc-53c5-4ae5-8790-ae707b7dd509,däd_a2a208bd-3897-430b-afab-b878f3e1af8c,dem.,there,,,,,,,,
ade47fbc-c0c4-4a36-80f8-566ef1d9b46f,dädäk_71221209-0d7d-4049-a5a9-9eee2a287e16,n.,wall,,,,,,,,
36cb48c4-85b9-411a-92ff-46003717fb39,dädär2_2188d626-d732-406e-b812-1eda6afd3630,n.,type of big taro,,,,,,,,
16ea6e0a-67c2-4ad1-8091-d5ce4c312636,dädär1_944210fe-71d0-4a86-9017-0a9e662fb70f,n.,"stone, rock",,,,,,,,
4595a4ee-5f6a-4b1e-9779-c54dafe22efc,dädär1_944210fe-71d0-4a86-9017-0a9e662fb70f,mod.,dry,,,,,,,,
99ea2164-cbed-46e8-85f1-5911a35ce715,dädär1_944210fe-71d0-4a86-9017-0a9e662fb70f,mod.,hard,,,,,,,,
74829a4d-d1a0-4a21-94cd-94bc3416b6b4,dädäräb_47586684-80ed-4553-a3b1-fefc572f0cf8,t.v.,"to cut grass, flowers",,,,,,,,
b1878c47-60b3-4e15-ab0f-6eb3e321b4dc,dädär käp_7203b8e9-90fe-47fe-a652-69766da0478d,n.,stone,,,,,,,,
a2b5eafa-1bad-4cc0-a54e-eba3ab98a1d4,dädik_ca01c343-63e3-4510-b714-407c52e6519e,t.v.,to calm someone down with cool words from anger,,,,,,,,
c0fa1399-e72d-4724-8ed0-d186456f9b02,dädik_ca01c343-63e3-4510-b714-407c52e6519e,t.v.,to bump,,,,,,,,
6f60bd9f-b558-4924-8150-7f097699a243,dädme_711b13b0-aad9-4efd-a460-b0a202b04631,adv.dem.,there,,,,,,,,
f049a524-fe37-4cbf-93d9-2c7935107228,dädri_66916edd-4a58-4078-8758-cfafa812395f,adv.dem.,"there, that way, that side",,,,,,,,
c6123753-df50-441b-a961-64fe0c32dd91,däen_0e8f701b-26f5-48bc-a70d-2e852f919d55,n.,type of snake,,,,,,,Wincen Warama,
165f5d78-e087-411a-8548-c47fe20656f3,däg_aa8676de-2dae-4e0c-ada7-211ed047fade,n.,"hand, group, bunch, set",,,,,,,,
7a266c64-d988-4125-9e24-426e9e6ecb03,dägadäga_6585f80d-4d52-4398-a19a-6786124ed6cb,adv.,completely,,,,,,,,
927bf293-1c4d-4a95-868a-9048f70220f2,dägäldägäl_f7710ec9-75a9-4abd-a835-d6faaa9b5d21,n.,intestines,,,,,,,,
52325731-3b2f-4e4e-8deb-a1fb59a071d5,dägmar_43a4644e-5758-4d45-b1a0-b78ced73823e,n.,tongue,,,,,,,,
312ada61-12b0-4511-8085-be5b8398e17e,dägmar_43a4644e-5758-4d45-b1a0-b78ced73823e,n.,spoon,,,,,,,,
18ced8fa-6b31-4064-9ae8-a5a66e5c7652,däkna_f3fc7120-995e-4918-8e4e-ea9ba55cbc20,n.,"small black termite mound that burns for a long time; after a woman gives birth, it is heated in the fire, wrapped in bark and cloth, placed under a mat, and used to warm the woman's stomach",,,,,,,160:5,
e7c14e6d-945c-4cee-a7ba-c3a65da15d16,däm_5567946a-c383-400d-bec8-09c3bab9ec9e,n.,plant,,,,,,,,
d021d185-fc20-4610-944d-20fe35df476f,dämar_785e336c-6eb6-47e9-a917-ff53ba83b601,n.,type of palm tree (~2 m) that used to be cooked and eaten; also fed to pigs,,,,,,,,
0059910e-4d66-41d4-8350-14c78c09c6c4,dämädämäll_17f24725-52ad-44e9-ae31-387674baedb1,mod.,"numb, paralyzed",,,,,,,,
d3d88aac-4b4e-4f24-a873-2c28e56909b5,dämbaemeny_9fe608ec-4087-4351-af12-d157407208a1,i.v.,to doze off,,,,,,,,
ea9b2928-8d59-4e41-a131-65a6dde0b640,dämbag_e9cc7282-4832-490a-a7da-3a222ebdc98c,n.,"lazy person, weak person",,,,,,,,
116e731e-71d4-4ecc-9ae9-a9de58e9f90f,dämen_14dbd951-2d3e-4628-af16-d01c9aed2d09,i.v.,to sit,,,,,,,135:1,
2a6719cc-dd38-4cb9-91c3-53b30751096c,dämenangg_b1d10d31-935c-4056-b45c-4f161d5fab06,t.v.,causative-applicative form of dämen,,,,,,,,
274ed152-adf1-424b-aac8-6fc39fe8c71d,dämenangg_b1d10d31-935c-4056-b45c-4f161d5fab06,t.v.,applicative form of dämen,,,,,,,,
bcc89d36-780f-44d4-b19d-afb7499a716d,däm ibenen_a09bbb3c-fa54-4dce-9d86-d9a302210a1f,n.,season when crops are planted (fifteenth season; corresponds to late November),,,,,,,23:2,
36e3a647-9343-4ab4-96bf-f4655bc6fc14,dämoe_53d5085c-0c26-4f83-93fb-ac36a25da64a,d.v.,to push,,,,,,,,
b3bcacdf-a055-43a1-af69-fb76e8332927,dämoe_53d5085c-0c26-4f83-93fb-ac36a25da64a,d.v.,to send,,,,,,,,
9449136b-1017-434b-9132-25063fde66e8,dämoengg_55a0540c-249e-4c70-8878-d63d7b0c08d5,t.v.,causative-applicative form of dämoe,,,,,,,,
90cb35d0-cc6b-4a15-a4cb-b2f2142bfffc,dänäk_d07cb38b-e44e-418f-a4bf-93d712ab7969,n.,type of small bush with reddish fruit that is black when ripe,,,,,,,,
a8c2978e-8781-4fc8-a9d5-110acff42b12,dändak_04344f23-7995-4daa-9221-5a5fb55bfb83,n.,type of purple yam with purple skin and no thorns or hairs,,,,,,,173:40,
3c689f3e-30e9-42f4-b360-99e1b5d80cec,dändär1_07794911-25bd-4f06-926f-ddbbe9cf7c9b,t.v.,"to hear, listen",,,,,,,,
056cec9b-f1eb-445f-a3ca-a0a1a60197b1,dändär1_07794911-25bd-4f06-926f-ddbbe9cf7c9b,t.v.,"to sense, feel",,,,,,,,
30611e81-efac-4e2a-ae64-f6c765fe2f40,dändär1_07794911-25bd-4f06-926f-ddbbe9cf7c9b,t.v.,,,,,,,,,
c99e7697-4980-44e7-94a8-d212a06f1019,dändär2_589c20fe-297c-4a02-a5af-3f82c49d6fe8,t.v.,to stuff,,,,,,,,
de0305b6-50f9-4286-b2a9-61919d4a8460,dändäratt_5d58ee2f-5459-4de3-a257-6f8a735bd553,n.,bagful of sago,,,,,,,,
ceefc8e2-1b5e-43c1-9a84-fb3b2355c4f8,dändäräm_112d3b43-2892-47ea-b611-f6f405035a94,n.,"type of small tree with white and purple flowers and many hard, marble-sized, green fruit that children play with",,,,,,,Tony Warama,
0f0962b6-0e67-411f-b2b0-902826f29ade,dändäräm käp_94298ba4-29a7-4399-a4fd-7c842be9524c,n.,type of marble game,,,,,,,Galou Minong,
a0cfd8fd-dae1-4698-8274-abda2770d97b,dändärek_5630965c-cdda-49c2-8c5b-0b3d2d77b986,t.v.,"to control, influence, rule, govern",,,,,,,,
3e681d21-186c-4059-a767-07c6c69c8768,dänräp_a86c2d57-b087-4831-878c-be72797e14cd,n.,fish scale,,,,,,,Mado Karea,
1344b918-ab9f-4aa7-b75b-cb7447e56725,dänräp_a86c2d57-b087-4831-878c-be72797e14cd,n.,scab,,,,,,,,
49cfd256-f02a-4c24-ae48-5ce8664144d3,dängam_431fba17-2e56-4543-80e5-55428ac07d6e,n.,Blyth's hornbil,Rhyticeros plicatus,,,,,,Mayu Dobola,
dddc8077-37b0-4f3d-9a9b-3d6787b7e9d7,dänyäk_ab1f7169-361b-470d-b1bb-14220926d938,n.,small plant that grows in the grassland with purple and white flowers and blue fruit that children like to eat,,,,,,,Tony Warama,
080729cb-c5ac-4812-a382-7ea70b89f6aa,där_126fe4b3-d7db-49cd-bb8a-e0f7cce76f37,n.,pair,,,,,,,,
d450eaba-cf0e-47af-93aa-8e1bf95a58dd,där_126fe4b3-d7db-49cd-bb8a-e0f7cce76f37,cov.,"to match, balance, agree",,,,,,,,
f8878f9b-7dc0-4595-ae7d-033725f35507,däradära_f65f42c7-b4e9-4580-9bc5-fa0d3873a653,t.v.,to decorate,,,,,,,,
912dde8e-b80f-4630-baa0-3658dd02054a,Därall_182a01dc-35fa-48b6-b0da-a3029f6d6769,prop.n.,Därall (toponym),,,,,,,,
6e343f5f-a84e-49f8-b817-6f649ab37456,däräng_4bde1039-7136-483e-b4e0-43f6acd5f2b4,n.,dog,,,,,,,,
84bff745-6443-42d8-b2cb-bc7375ddfa3c,därängbun_2facdaa3-13b1-4bb3-a650-54c5fee8fc5d,n.,type of pandanus with a curved fruit shaped like a dog's head,,,,,,,97:32,
b76a58d0-0076-4bab-b7a3-bb4936cb02bc,därängg_abcc3989-026e-4f46-8df1-1a8451fed3a1,t.v.,to lead,,,,,,,,
9f72d54c-03fa-4078-bc8b-01794b7c1d3c,därängge_3421ca58-45fb-4d9e-aeb9-cc1b15b2b66e,n.,"small orchid with blue, yellow, white, purple flowers",,,,,,,49:3,
88891a73-f345-43d6-955f-495d05007fb4,Därängge_b1d51274-6d26-401c-8f93-70bd0de94a82,prop.n.,male personal name,,,,,,,,
07f763df-31a5-47c3-b2c8-7ea5817c896c,däränggedärängge_8db02a06-6e34-4a08-8903-9c457d6129ec,n.,large wild orchid,,,,,,,,
19f0478c-9915-46ae-919e-0750891d06e5,därängkänan_687bc015-a98f-4746-9ea2-fd6cd522c22b,n.,leader,,,,,,,,
5a087eff-c0e2-44a3-8f50-061aa5b23fee,däräng olleolle_1719afe7-144d-458f-8a8a-6ad9831f262e,n.,type of possum-like animal with spotted skin,,,,,,,78:3,
1ddfd6d4-43d0-42a5-8783-447c01be5e54,därba_e3273111-78f2-4100-841d-fe17a91d7850,n.,type of snake,,,,,,,79:12,
9572d90f-c20b-4b7f-9cb4-bc6b7b315e13,därdärag_9d9040ba-62b7-4f2c-9779-d2f05543f06f,adv.,in pairs,,,,,,,65:8,
c6e17018-afb3-413a-973a-18e2cef0e760,därmae_dbbfd49f-b8fa-4a6b-9618-511eaeae6d27,i.v.,to wipe out,,,,,,,,
53bda8d1-0178-47ca-ac00-974b7dbab769,därmir2_2009e042-d478-4dc9-a5af-d67af3ca41e0,n.,type of tree that is used to treat sores,,,,,,,Tony Warama,
f14ffbf6-efb3-4a7b-b06a-c24dd6e5fc38,därmir1_95a5c058-bd4b-403f-8c6f-f85685c3b729,n.,type of introduced banana,,,,,,,Sowati Kurupel,
afc7e243-4d57-4489-8400-e5c38b3061bb,däroledärole_5f8eb209-a819-4cce-b8c4-abc8db3429d2,mod.,dry,,,,,,,,
2a300381-6755-4b03-a2e8-8010a7a0fdf4,därollog_4c7642f1-e632-4293-9b8e-70b00fb5486d,n.,brolga,Antigone rubicunda rubicunda,,,,,,Mayu Dobola,
09101818-335a-4216-9c8b-f1881ba38287,därunggu_45599c02-dbe7-49d4-9309-701ef121d224,n.,bamboo tube,,,,,,,,
eb58dbc7-befe-4d07-a24d-028df62a4651,de1_51eba9ba-dacf-40d5-949f-e89102c79d8c,dem.,that (mesial determiner),,,,,,,,
9d32d4bd-3d19-4a08-a36f-aaacfc7fdd48,de1_51eba9ba-dacf-40d5-949f-e89102c79d8c,adv.dem.,there (mesial),,,,,,,,
5771d190-e806-434b-93dd-3c1efbce026a,de1_51eba9ba-dacf-40d5-949f-e89102c79d8c,det.,next,,,,,,,,
f46cfa0d-9ade-4f6e-b7a2-7d58db2b1527,de3_7a1fbe23-1d2d-4e90-9473-e69c08bf82fe,Connective,if,,,,,,,,
7505d0c3-5815-4782-892b-48290ae46ab3,=de_810e635a-6f1c-4247-a545-1ac351df5f39,nom.clt.,accusative clitic,,,,,,,,
dcb2adb6-de03-4049-bd70-a7cb01db9914,=de_810e635a-6f1c-4247-a545-1ac351df5f39,nom.clt.,argument focus marker,,,,,,,,
cf6e58bd-ac09-40fb-bd79-cc89f0254a9a,Deboa_00a16672-b864-4c6e-8d65-85fb97adf411,prop.n.,male personal name,,,,,,,,
82c3f361-45db-48d8-b5dc-76c369791aee,ded_11b82717-3b53-4083-bd45-1be6383172dd,adv.dem.,there,,,,,,,,
5c0a534c-b6b4-4228-9cb1-9cd82358b0a6,dedam_29097441-1d44-42c4-aed7-7cd202965dbf,adv.dem.,"then, at that time",,,,,,,,
a9a0679d-1df9-4249-88b4-642bea993740,dedi_4e38e6ae-275b-4a0d-9df0-fecc4647636d,Kinship noun,father,,,,,,,,
3aa15c48-b7fc-42c8-b903-943a263aa55f,dedme_71e67b64-30b9-4593-89a7-cbd02c06fd33,adv.dem.,there,,,,,,,,
7fcbf77d-035c-4b63-a4f8-39f5e83e0c7c,dedo_49e977af-6cbf-4410-862e-1474dcd1d7c2,dem.,there,,,,,,,,
b67421b7-a8fd-4c5c-86ba-15fb1cba7a68,dedre_9d9395af-73d2-469f-8171-c5f43c780f59,i.v.,"to descend, go down",,,,,,,,
1507ee82-7fb5-4356-af52-4e680e27a3b7,Deibid_7c94cfff-3b1f-4a76-9acb-20c0cf637bbd,prop.n.,male personal name,,,,,,,,
bfcad069-2f3c-44b7-b225-ca5a8d21a23d,dektta_1502de0f-0651-4451-bf64-8e54640d3065,n.,doctor,,,,,,,,
ba6085dd-46a9-414c-822d-222ba2a55982,del_41c7f180-3a1a-4345-b77a-1d99fc3a0e82,n.,coconut lorikeet,Trichoglossus haematodus nigrogularis,,,,,,Mayu Dobola,
4aeb6831-9a85-4ba8-9742-4d3d534a0c56,Delema_487bfc99-21a1-4056-8e73-ec5a07363bbd,prop.n.,Delema (toponym),,,,,,,,
c03ef9e8-3b5c-43fc-8193-0200593e9f88,dem1_92144ae9-bdf6-4cf9-99e9-78fcd8469613,n.,type of sago used for paints,,,,,,,97:17,
aa39c56b-64f0-46a6-ae31-792d8842fd89,dem2_f635f919-e77a-441a-b3e4-5df797d6e071,nom.dem.,,,,,,,,,
86f07525-0555-458c-a6e6-df68c7a53aba,deng_1fce6027-9bb8-4a1c-9b93-8c5447f9c05f,n.,dog,,,,,,,,
fe3ce0b5-44a5-43fb-95e7-fd953ebd3cf0,deodeo_2dfc2c3e-0a8f-4a6d-81f9-ace7cadacbbe,n.,termite,,,,,,,165:5,
b6c4da32-b7ea-4079-9cc2-2bd58c813954,derägmäll_938a14cb-8d17-441f-aa6f-8636f2d9ec3f,t.v.,"to rebuke, scold",,,,,,,,
6b205377-6d54-407b-a9bb-0145a6b138d4,Derideri_356f9b5d-6fee-473a-9228-ab3f8f311f5b,prop.n.,Derideri (Nambo-speaking village in Morehead Rural LLG; east of Morehead),,,,,,,"Bodog Jowanang, Geoff Rowak, Inawa Dareda",
13fb23b4-10cb-496e-9eb5-1c89d1d6180f,Dettall_435d70e7-aae2-4873-944f-cfac7d2e7df8,prop.n.,Dettall (toponym),,,,,,,,
e9b0d2c9-128d-491d-8772-8fa501610f86,Dewara_197628b9-f0c8-4ec4-920f-c47cd62885d3,prop.n.,"Dewara (Were/Kiunum-speaking village in Gogodala Rural LLG, along the Fly River; from Limol, one must pass through Upiara and Kondobol)",,,,,,,"Bodog Jowanang, Geoff Rowak, Inawa Dareda",
578425e6-8558-4c02-8db5-8309401c9664,diaba_6ea07a67-3c76-4f27-9460-b406fe635bf6,n.,type of spear,,,,,,,"Johnny Bodog, Inawa Dareda",
8e154f36-5193-4787-868b-d00c6534fa5d,Diandra_e59adaaa-2352-4588-a32a-f98d1e07aacf,prop.n.,female personal name,,,,,,,,
80e945d1-6b12-4f88-88d7-627557711bc8,diba_156f4c45-ad9e-41a8-bff5-7c15bf00b85a,nom.dem.,that (medial demonstrative),,,,,,,,
10d38ed0-7643-4ae4-942c-9038e2c41a79,diba_156f4c45-ad9e-41a8-bff5-7c15bf00b85a,adv.dem.,,,,,,,,,
0aedf5c9-f0c8-4217-a375-033032503a3c,dibaballe_0b2758e3-bb94-4d33-bff0-dfb183c7554a,adv.dem.,"ablative form of diba; then, thereupon",,,,,,,,
1ae5e54b-ee5b-424d-a420-63aef6bb8676,dibaballemae_12a01628-ea2e-4c86-b43c-7ec7c3850be6,nom.dem.,,,,,,,,,
64fe2902-a7d4-469c-a207-1a7397f6fb1a,dibaeya_b5f82713-02d2-43c3-808d-6898ada14647,cop.,cop.that.pst.sgS,,,,,,,,
b3a80672-231b-47c0-95d6-e52324f9e33e,dibag_da9d4628-782d-411b-b08a-70aeb5a981a3,cop.,plural present form of diban,,,,,,,,
d88a8c49-7244-4aeb-92c9-1b04949b7f05,dibagaeya_37a2601d-b879-4998-885e-3e2727eff66e,cop.,past plural form of diban,,,,,,,,
59401935-2c85-4ae8-9ee9-b7d6aa000b1d,dibagaeyo_4085738b-7deb-4ef6-aae2-488117588138,cop.,,,,,,,,,
cf5766bb-a33c-4908-93b8-3f431a4f2cbf,dibageyo_48fb5bff-291c-421a-8e6d-e3a33cae5f93,cop.,present dual form of diban,,,,,,,,
ebaf65e1-241c-40c1-91ef-e278dcc3db0b,dibagwaeya_4bf2e6e1-6ab6-45a5-bdbc-6ce8570ee7de,cop.,past dual form of diban,,,,,,,,
69338a24-ca6a-4820-b569-3419a41a0f43,dibamasäm_9b942820-7d68-4610-b0ed-58082f86b75f,adv.dem.,ablative form of diba; because,,,,,,,,
e51e5d2f-065a-420f-bc68-82278b565115,dibame_e32d0a5d-eb42-422b-9795-40c1c7ee52ac,nom.dem.,,,,,,,,,
e995deb9-f26b-417f-b258-beae46f4f5b9,diban_786ba3d4-3b2e-4641-9552-feea4e903ccb,cop.,copular form of diba (present singular form),,,,,,,,
7a178740-0b82-4eb5-895e-6f418d5f3d0b,dibaolle_2e4be09b-8ac5-42d0-b69b-a7b094477ff3,adv.dem.,allative form of diba,,,,,,,,
8b25a239-84f5-4fe8-b28a-248539ad863c,dibawalle_652fadd1-5462-4118-9596-aaa13a6c55c5,adv.dem.,,,,,,,,,
8afa808c-109e-44df-b640-19199d7b30c9,dibem_403e529e-e24e-4e52-95bc-abe9f59407fa,nom.dem.,accusative form of diba,,,,,,,,
501b3c41-7441-4794-ae17-cedfc4d8862d,dibie_45f34529-d3c4-4843-a563-84c5926ee495,n.,spectacled longbill,Oedistoma iliolophus,,,,,,,
e7ca999b-13f9-48de-a547-83f302f66a78,Dibllag_b4a792a8-20c1-4d04-a26c-bc593cd1296b,prop.n.,personal name,,,,,,,,
3f5b4853-5369-4d2b-9471-00cab9495c5f,Dibllagmälla_13a2abbc-8103-4bbe-993d-30b861150cb4,prop.n.,female personal name,,,,,,,,
74b346ea-47f0-4fdb-9280-d8608dd13ad9,Dibor_7bb150b5-0627-4f77-bf07-2c9522a719b7,prop.n.,female personal name,,,,,,,,
d134f6b0-6d6c-4dc4-96b9-bd1efabf8348,diboz_77dd2500-c2c8-4d94-a41d-7e846cca18c0,n.,type of bird,,,,,,,,
3b4deaa9-998d-4103-b384-77cc5b670aa1,didri_a2a839cf-8379-4a94-ae04-0c4fa924bfcc,adv.dem.,there,,,,,,,,
e5571ed7-b8c0-4518-98c3-6b97cdaf2db3,didribatt_ba291c50-8776-4727-bd26-4a8bf61bf8a5,adv.dem.,ablative form of didri,,,,,,,,
45eb2a22-de5b-43c4-98bd-8bf51b00715d,Didroe_94a93137-abdd-47c9-b945-053e387b8090,prop.n.,male personal name,,,,,,,,
62fabe84-3e3a-4f27-a32d-1e5399ed2c11,Dieb_9e0f1191-9697-4779-b299-19449ce7bf67,prop.n.,male personal name,,,,,,,,
b047f5f2-1590-403e-a69f-24d351feb015,Diendra_42d2e70f-2b8c-4501-b632-8e5a98959fe4,prop.n.,female personal name,,,,,,,,
7dc7cdff-f88e-4543-bc57-482160e5f285,Digabo Källäm_90d3a08c-ff14-43dd-ae97-2b1179d8e655,prop.n.,Digabo Pond (canoe and fishing place in Taolang; road to Taolang is in AX95),,,,,,,"Bodog Jowanang, Geoff Rowak, Inawa Dareda",
0c14fde7-f531-4df2-ba04-b8907c1de9a9,digodigol_3311f8a3-af5e-4426-b282-456b5cdda0f9,n.,type of tree,,,,,,,Tony Warama,
dea1b12c-ac12-45e3-8772-f974d85edf9a,digol_74f0da22-c070-43a2-bc17-ac5160e49ba2,n.,"type of big, tall tree that grows near gardens in the bush with white flowers, green fruits, and special, valuable red wood that is used for ax handles",,,,,,,Tony Warama,
15ae0ce4-4188-434c-88f4-44d6da25d233,Dikae_23f7865e-a25c-4f4d-9c91-1dd575ad6fd3,prop.n.,male personal name,,,,,,,,
b14186cb-8e0f-484e-ac95-61cec7cc71c6,Dikai_5e4f53b6-d80b-4a00-a825-9a4303b953a5,prop.n.,male personal name,,,,,,,,
79768f39-072a-4459-8396-d4c87179d6d8,Dikiboe_81c6fa09-e909-43c7-a3ac-8be3279b71a7,prop.n.,personal name,,,,,,,,
f05767aa-6be0-4c07-b927-f55981b836b7,Dikullowang_440c58f7-4872-4756-8359-52810f5307fc,prop.n.,Dikullowang (small island and hunting place in Taolang),,,,,,,"Bodog Jowanang, Geoff Rowak, Inawa Dareda",
e92ad741-50bd-4d7c-9f1f-e47fc1c38ebd,Dikullwang_e161284a-fd00-4070-beaf-313535c45086,prop.n.,,,,,,,,,
2ca4f5aa-6d7e-4e05-8427-99ddf0b12e9c,dikun_b1108f97-3bb5-427b-8df6-603057381beb,n.,deacon,,,,,,,,
39badc84-0fd9-433e-9e22-26b494293bb8,dimes_7f2f275f-9c86-4f56-819c-1dabddae8614,n.,"type of cultivated tree with sour, mango-like fruit",,,,,,,Tony Warama,
3fb3b633-c919-4a40-b170-097156324300,Dimgi_e9c14091-4e5c-46e2-9f45-cb8239503168,prop.n.,Dimgi (toponym),,,,,,,,
04cc027c-8ce2-429c-b244-383008316748,Dimiri_0cc2a930-1987-447e-b65c-b001d4209de9,prop.n.,"Dimiri/Demeri (Idi-speaking village in Morehead Rural LLG; from Limol, one must pass through Kuiwang)",,,,,,,"Bodog Jowanang, Geoff Rowak, Inawa Dareda",
7117bddf-b025-4f52-b5e3-00d1f6d5e877,Dimisisi_986743ba-6434-4597-9e4e-78b10d9367cf,prop.n.,"Dimisisi (Idi-speaking village in Morehead Rural LLG; from Limol, one must pass through Kinkin and Bok)",,,,,,,"Bodog Jowanang, Geoff Rowak, Inawa Dareda",
264d1dfe-f11a-44b9-af26-00132036fe5f,Dimoe_03b5984d-7c62-4366-80b4-14338a42062e,prop.n.,female personal name,,,,,,,,
2672d68c-5785-4306-b56c-f1fac20f4d8b,Dimoi_4627aebf-ecc5-45d4-94b5-b4204551a41d,prop.n.,female personal name,,,,,,,,
bc1b4c96-716e-4a27-932e-db51e73a1950,Dimsis_751e856b-4779-4bcd-8d2a-38a12d2fa609,prop.n.,place name,,,,,,,,
61148166-9be2-4c20-9b30-4649a1de7793,Dimsisi_1f343708-dcc3-4650-b913-ee0dff635775,prop.n.,place name,,,,,,,,
e6bac14d-87b9-4dff-b914-c51b624d78df,Dimson_435fc958-66a6-4a42-b996-9a68d286434a,prop.n.,male personal name,,,,,,,,
f3ee55f9-433a-495f-855e-383876ca5691,dindu_856b6abb-46ad-46ce-8ac4-5c26b256068c,i.v.,"to run, flee, escape",,,,,,,,
a2476243-5888-4f55-bafc-5cc8cd12c3b6,dindu_856b6abb-46ad-46ce-8ac4-5c26b256068c,n.,race,,,,,,,,
52d21472-0cfa-4cf0-b751-e19d2fdc8161,dini_4accba6c-c317-483b-b59d-7de9c5895b52,n.,type of small tree that grows in the bush with white flowers and red fruit that cassowaries like to eat,,,,,,,Tony Warama,
f5305f87-c179-4cc9-a69d-e0ecae020ffb,dinidini_1f7df492-ac8a-403f-92a3-609fc05adc6a,n.,type of small tree that grows in the bush with red fruit,,,,,,,Tony Warama,
1c3536b6-e3d5-4e45-931f-9adbaf3bd531,dinggel_9650ad16-b2b5-44b8-905b-9708c37f86e3,n.,sugar glider,Petaurus breviceps,,,,,,78:1,
e5b0016d-d402-458f-ae48-2ddbbe4dcd5b,dinggi_6381432c-6d16-45a7-a171-73b641cffc52,n.,dinghy,,,,,,,,
4ac9b057-41a7-4a52-be65-a2379c9b6088,dinggoll_d09e369c-13fd-4269-974d-c30d40f3bb4b,n.,,,,,,,,,
22d3393e-85be-44ae-916d-4745a88edad8,Dipa_c9f6b904-8589-4009-bd2c-9c7c4a182e24,prop.n.,male personal name,,,,,,,,
a65fbbbd-5c7f-43cb-a455-08b32ce7ed30,dirindi1_ed61005a-5bb0-4675-9637-b0675de0453d,n.,type of large yam with a white interior and thorns; with or without hairs,,,,,,,173:27,
57585960-e714-4185-8dc5-0a1201497473,dirindi2_f4cd2432-be15-423a-a426-8391fbe70564,n.,type of tree,,,,,,,,
1de3463f-6dd5-4acc-812f-d3f1eb7161bb,dirom_b7a5c7d5-df7a-4f23-9747-448f5e58f658,n.,southern cassowary,Casuarius casuarius,,,,,,,
1fae9684-688b-465d-8d59-8678e1042e79,diromdirom_7bfd4cbf-111a-4bab-b64a-3f37950d2d57,n.,"type of small tree with round, flat, edible fruit that are green and red when ripe",,,,,,,Tony Warama,
8ce6429c-4bb9-4ffa-b631-890fee533ddf,dirom gäz_d63e2527-bfd3-489e-a23d-1f9902e1df9b,comp.v.,to menstruate for the first time,,,,,,,,
963e289f-ccd7-4fe6-ba58-979a6b8e9cf0,dirom käp2_0033b816-1223-442b-8d31-f92d1b204fbf,n.,type of small taro,,,,,,,,
fe6a87fd-5ced-4780-bc84-3b81b060e17a,dirom käp1_38a3b83c-829d-4a1b-81ce-2e457a34d661,n.,cassowary egg,,,,,,,,
617a8207-ed87-4b3a-b264-95034eefd1da,dirom mas_4fe034b0-525f-44ea-a703-37a3fe30c269,n.,cassowary fibula,,,,,,,,
4311a720-3f8f-40ad-a4c1-4f563d639c40,distrik_a64b2119-df88-484d-9951-1a4a2a36f22a,n.,district,,,,,,,,
0390f490-41ad-4f4a-8b35-59ea11da7a7a,dit_b92bbbe2-d73a-45fe-aa16-32fb9eb392e7,n.,"type of cane used for building houses, bows, and canoes",,,,,,,,
da5557ef-2c44-41dc-9601-1761caa9b1b5,Diwa_c0415c0c-5151-4f9c-acd7-b5eff955bc59,prop.n.,male personal name,,,,,,,,
598aed8d-22fd-4a11-be0a-e308fe25f17a,dɨbe_2477dc23-ffb6-4078-b6af-de0802390c67,,that,,,,,,,,
4e9273eb-0d50-4c08-a527-f936a6e4ea5c,dɨdɨr_1ebfcd36-9105-4cf1-9c54-467592b64a38,mod.,brown (dried),,,,,,,76:1,
029c7f79-4082-424b-b900-36e692d1686e,dɨdɨr_1ebfcd36-9105-4cf1-9c54-467592b64a38,n.,rock,,,,,,,,
6ca8ff42-fdb2-4f2f-9553-ddc99fc88aff,dɨdɨr_1ebfcd36-9105-4cf1-9c54-467592b64a38,mod.,hard,,,,,,,,
c57237b6-468c-4b3d-b177-8477a7de0b6e,dɨdɨr_1ebfcd36-9105-4cf1-9c54-467592b64a38,mod.,,,,,,,,,
e5ccf8e5-9029-4b90-bdee-7e1dd520c6db,dɨl_820599bc-1458-49f9-aa3b-56560dbde7c7,mod.,bitter; sour,,,,,,,,
91dabb2e-c350-49a6-aba4-d4cce44e10ed,dɨp_01fd86ad-008c-4d51-affc-cd11be4a5840,n.,shoot (of a plant),,,,,,,,
964d2dcf-a3e9-4cad-941c-295441c51188,do1_27689f98-29ca-49eb-a641-414618070a34,adv.dem.,over there (distal),,,,,,,,
06cd2608-1cc6-482d-81b2-ad14ba2512cc,do1_27689f98-29ca-49eb-a641-414618070a34,Preposition,"to, until",,,,,,,,
2a906f8e-9cc7-4ddd-aa3d-088267fbe16b,do2_45aaca40-7c1b-4b5a-9394-d5ef76f61603,n.,handle,,,,,,,,
c79c7cfd-529a-412d-9359-2c3c98ff11af,do2_45aaca40-7c1b-4b5a-9394-d5ef76f61603,n.,femur,,,,,,,,
b0e4aa83-706f-4a64-9562-b13925254658,Dobola_21686036-cc27-49d0-9dd3-3ed0cd67b884,prop.n.,male personal name,,,,,,,,
68f83d5b-a4f5-4d5e-a8b4-78d9c5951313,dodo2_a87832c1-2890-44e1-8f14-a17a3fd334a1,adv.dem.,there,,,,,,,,
752ea0ad-fddf-44f6-9e29-e9d99d6e367f,dodo1_e5ef7a2f-dee8-4517-a9df-38900fd5cc78,t.v.,to blow over,,,,,,,,
fd40c4c6-9a98-49dc-a460-970c37d1c253,dodo1_e5ef7a2f-dee8-4517-a9df-38900fd5cc78,t.v.,to crumble sago into frying pan,,,,,,,,
cdf6c7f7-58f0-465e-b4f6-6752de0f7e96,dodo1_e5ef7a2f-dee8-4517-a9df-38900fd5cc78,t.v.,to remove thorn,,,,,,,,
e6680392-57f2-4c1c-b8f4-1a3e66cbfa09,dodro1_dbf9e8ab-3ceb-4bbc-a3c6-8d813cc8e346,i.v.,to slip,,,,,,,,
08b7d50c-ac22-4877-83e8-9d645d66ba60,dodro1_dbf9e8ab-3ceb-4bbc-a3c6-8d813cc8e346,i.v.,to die,,,,,,,,
5f4feb67-263b-4838-b3fa-ca37e73dce27,dodro2_e0862cc1-dbaa-4045-8265-51d1dc90a8fe,t.v.,to clean,,,,,,,,
8b73ad15-67f8-4dbd-96e7-fe11786f043f,dogma_ea0e8f48-62ee-431d-8e56-0a60684ec75f,n.,type of tree that grows in the bush with wood that smells like matches and is good for house posts,,,,,,,Tony Warama,
8a8af131-a6ab-4c46-94c3-156369a5a571,Dokoe_437612b2-4006-4a39-9374-80eb34a775a0,prop.n.,male personal name,,,,,,,,
909422cc-33d8-4135-990e-ff629c5e2752,Doli_3c81795e-e230-412d-98e2-c1b88adb8df7,prop.n.,male personal name,,,,,,,,
0183b6e7-951d-4805-b983-f80a372a758b,dom_2326ad01-ad4e-4301-b7fa-dfc83a123c43,cov.,to clench (one's fist),,,,,,,,
a20a2886-7516-4936-9f02-155cbdb3d045,domäll_9f3f07b9-2483-4896-a2a5-c1aca1917f42,n.,type of pandanus,,,,,,,97:34,
87f0c5a1-69bd-4e8b-80ef-3cd03f70e495,domäll_9f3f07b9-2483-4896-a2a5-c1aca1917f42,n.,old-style sewn mat made of domäll pandanus,,,,,,,,
5f52718a-df50-418e-a960-8675f7cb6e26,domoe_49b359c6-4a92-49fd-9486-bf4a68776fc8,t.v.,to push,,,,,,,135:24,
b6aec007-eaf3-4051-9c1e-d28cb538e871,dompa_a513e5e9-4a33-44a4-81d4-0241a142da01,n.,type of blunt arrow,,,,,,,"Johnny Bodog, Inawa Dareda",
b7a111d9-28c7-4841-aac2-2f3476f8fc71,dompa_a513e5e9-4a33-44a4-81d4-0241a142da01,n.,penis (slang),,,,,,,,
f38a2f60-0558-4fe0-99f7-1248bf95079a,dompadompa_97282ab6-fe06-41ba-b705-2b29b81b821b,n.,type of spear,,,,,,,"Johnny Bodog, Inawa Dareda",
16ad4f56-0520-4230-98b6-73d0a86ff971,dompak_04c377c9-a01e-4eb0-b876-3482c2495686,n.,eel,,,,,,,,
3c814573-3835-4e78-84e1-668c55492025,Donae_81ff7b6c-c8c8-4e30-9a43-4f175910d056,prop.n.,female personal name,,,,,,,,
461bf958-1542-46b5-a74a-fd427aab1771,Donsi_2d037b55-0bb4-4c41-897c-07db3c56645b,prop.n.,female personal name,,,,,,,,
7f1ab1d5-6432-4634-a31b-4bdefcf2a6c4,dongkal_5214ccd7-9faf-49e2-889a-3b23bbb81197,i.v.,"to stop, end",,,,,,,,
eeaa6827-68e1-4a5e-8939-a0902867013a,dongkäral_30a36f4f-1858-4ac9-8c85-162675b949b0,n.,type of lizard,,,,,,,,
1b4ecbdf-9cd6-4465-a5da-08e18d37c4c7,dongki_74297e7b-159b-441b-8c46-58a914351a9c,n.,donkey,,,,,,,,
2429e054-3297-4ce8-8ddb-e59c1c3c88be,dor_1871a578-878a-4d3b-a26e-4e080a2ca490,n.,stalk,,,,,,,,
1aa51e93-aff9-4df9-998f-644820e87d88,Dore_1707961d-8748-418e-874b-1ad6197c7ad5,prop.n.,female personal name,,,,,,,,
043d6487-5e1e-4d9e-822e-d19bc83725ef,Dorin_30bbf8cf-2e81-4fb7-910d-5dce703f6579,prop.n.,female personal name,,,,,,,,
9f8d368c-9aae-47cc-adbc-b5675a1d4100,dorko_5907408e-3bc8-4c74-bc83-e1526d8af869,mod.,dry,,,,,,,,
8529f2ce-d65a-4805-b684-667aa2a20456,dorllog_56e1b3a4-c907-4646-9fcb-51e2de74091f,n.,rufous-bellied kookaburra,Dacelo gaudichaud,,,,,,,
81cf520e-374f-4f64-b878-c77b7c0aef46,doros_00c35877-5f57-4047-8634-89b712b6c993,n.,pants,,,,,,,171:27,
7bbf749b-4015-4e9a-92a2-baee62d6b0bd,Doumori_c351bc17-a0e9-4ec2-99c7-541691c6b410,prop.n.,Doumori (in Kiwai Rural LLG),,,,,,,"Bodog Jowanang, Geoff Rowak, Inawa Dareda",
d2fbca61-4746-4a2b-8ff7-c47ceae25f62,dowa_218574de-ee14-48c3-841f-72fdebdeee51,n.,type of tree that grows in the grassland along creeks with wood used for firewood,,,,,,,Tony Warama,
5c6c8c5b-d90c-4267-b5c9-c3fc11fc80d3,Dowabunang_7eb53dc2-cd0e-4a5a-8b54-53e85f1e8b0d,prop.n.,"camping, sago, hunting place, and garden of Kaoga Dobola (on the road to Kinkin AZ94)",,,,,,,"Bodog Jowanang, Geoff Rowak, Inawa Dareda",
226d1655-e237-4d3c-bff3-7e311420c770,dowadowae_cf027483-b51c-407a-9df0-9337ca474b89,adv.,"close together, next to each other, neighboring, adjacent",,,,,,,,
71644bcd-93aa-487d-91e3-28d3fc89c027,dowae_de2d9efe-1d3a-48ad-b4b0-3558e9fdcf99,loc.n.,"vicinity, proximity",,,,,,,,
baf388b5-25d1-45f0-952d-4758dc73e346,Dowan_a1bba964-7851-4cde-a771-5fe37906785b,prop.n.,name of a mountain,,,,,,,,
0166f929-e347-4301-ad9a-5308efcbd5dc,dowattäm_03da9884-bb9c-45b4-baec-d0dadab704e5,mod.,ablative form of do,,,,,,,,
80f047ab-4806-4e46-a302-a4303224fa1d,doweae_66996352-c418-4dae-b328-439a3467f3ac,adv.,straight,,,,,,,,
8e885ea6-832a-48c6-92d9-44d58dd0eb31,dradre1_4f2c54fe-53c2-4864-8980-c9481085106d,n.,"type of tree that grows in swamp with edible, currant-sized blue fruit",,,,,,,Tony Warama,
fe85bc22-4128-4944-a371-59e60c761faa,dradre2_91672b6c-907e-4ba9-be00-78076f771b7b,t.v.,to dress,,,,,,,,
5d10458e-2c86-4ad6-bf89-14628526fc20,droledrole_bec2253e-6634-4330-9034-dfd77ec28bf4,mod.,"dry, said of sago",,,,,,,,
c3c4c149-2d41-4290-b4fa-fa7e24c8950e,druwem_2a7e67a2-f817-4dce-b0b0-51402eba4676,cov.,to knock on,,,,,,,,
88720375-65ca-4258-803e-a0bead00ad99,du_17107d78-77d5-45c0-a03a-df53067b0d0a,mod.,wild (of plants),,,,,,,,
17b6e7cd-5ed5-438d-936b-521d27afb0ea,duab_08ab07e6-fd04-4420-8cbf-7e878120ad23,t.v.,to knock over; blow down,,,,,,,,
bad98cf5-7ffc-4267-91e1-4dda3dc7682a,Duaba_47a33570-82cc-4743-9d0d-7d0d53d49b6b,prop.n.,Duaba (Gogodala-speaking village in Gogodala Rural LLG),,,,,,,"Bodog Jowanang, Geoff Rowak, Inawa Dareda",
a9166b38-7ba5-43df-bc5c-f4c2583f04f5,dubllodubllom_abc14bad-0ef3-4af6-9835-4963c4021540,n.,"type of tree that grows in the bush with yellow fruit that have a hard seed, in which there is an edible nut",,,,,,,Tony Warama,
d311607e-4ccf-49e5-a4e6-07110d1c4642,Dubolläplläp_11474a86-b733-4235-9934-75d998476b0e,prop.n.,Dubolläplläp (big hill and camping place on the road to Karama swamp; had houses on top in 2015),,,,,,,,
622fdcc7-75c5-4ac7-a863-ee722027b03b,Dubollopllop_048468f6-ca7d-412a-b584-d127137e3efc,prop.n.,Dubollopllop (toponym),,,,,,,,
7538c425-3109-487d-9102-1e470b3cff5a,duduli_607b56d7-ae41-4349-99ab-3dca37231cfc,adv.,that way,,,,,,,,
99f00567-c520-440e-b07e-b1d9cd9a08d5,Dugal_dedfce45-5360-4ad3-a99f-d8b42e7bb7c2,prop.n.,male personal name,,,,,,,,
e86b88c9-64b7-48aa-b0b0-c9acfe380e3c,Dugi_67cd55bb-4cc8-4d3b-9525-334ff38ff0a4,prop.n.,male personal name,,,,,,,,
0e533247-0eaf-4a07-8665-7e969026f2f2,dugo_69994484-a628-4f21-9f22-b45ad2330e65,n.,type of bird,,,,,,,Mayu Dobola,
20169f2f-99fd-4362-9075-1bccd0883733,Duiya_2b9a7e2d-fd39-43f5-b0e7-360ff2db6ea6,prop.n.,male personal name,,,,,,,,
b2ca7ead-7fd8-4d44-8a2e-f2b9d9775a08,Duks_6d97de25-2c01-47ee-8c61-ab54b6fbad8a,prop.n.,male personal name,,,,,,,,
207699f8-997a-44f2-87e8-1e6557a3facb,Dukumiang_611c13fb-87c0-4187-a6b3-c1215817d8e9,prop.n.,"Dukumiang (fishing, sago, hunting place, and garden; camping place of Bewag Bewag; R side of AY96, take southward road; northward road goes to Kapal)",,,,,,,"Bodog Jowanang, Geoff Rowak, Inawa Dareda",
eee996b8-55f8-4ec9-9afd-2f9cff1520f8,du kyakya_ada395bb-d92d-414f-be2e-698aeaa5305d,n.,hook-billed kingfisher,Melidora macrorrhina,,,,,,,
02b0d862-9d59-43df-b930-a894c52a0d8e,duli_53ec2bfc-a70a-4dc8-ae06-1652b11ea2cf,adv.dem.,over there (distal),,,,,,,,
e4a0e8ff-cca4-4d00-ba51-83e8f208b574,duli_53ec2bfc-a70a-4dc8-ae06-1652b11ea2cf,adv.,away (from a place towards another direction),,,,,,,,
4af4f37c-c0cd-4165-824f-38bd313d8880,duliballe_18739e07-e0f9-46f2-afe0-18b1a7234e43,adv.,ablative form of duli,,,,,,,,
ea0e96cf-2a60-474f-888d-5674ebd8ff76,dulibattäm_ddb7dad7-ff3f-44fd-8605-4fdd6f035427,adv.dem.,ablative form of duli,,,,,,,,
8ed9f9b6-0c8f-4912-9ac6-9c614a3b99df,duliduli_94d31e5d-aba5-45ca-8dda-577c0ea76f4a,adv.,,,,,,,,,
dde7c4ee-6137-413d-bfe5-a4762dd5a312,dum3_3a146a71-440e-45a2-a808-5c8e5e6d8d19,n.,width (of a house),,,,,,,,
87bfd348-600e-4111-ac82-fb7288a72b68,dum1_46123c26-f8cb-4989-a48b-5dd04890f046,n.,"type of big tree that grows in bush with strong wood used for making canoes and paddles, sap used to paint bowstrings or to patch holes, yellow flowers, and green fruit; planted near house for shade",Pterocarpus indicus,,,,,,,
9a44460d-9089-4522-b695-487dc15029dc,Dum_c1148181-f5dc-4406-8a7f-8b8de5e056a3,prop.n.,Dum (big hill on the road to Malam; Bamboo and Zarma creek),,,,,,,,
b522d14d-d8ba-4721-8e25-95f35f59e948,dum2_c63b9cbf-5fe5-4fc9-88fb-247a3b51fa1e,n.,placenta,,,,,,,,
280dbd5f-565e-4889-bbd4-f647c7f8b3a2,dumbeg_e1d279cf-97ff-4c37-88da-11ffb2d66ae5,t.v.,,,,,,,,,
50584662-ac83-4854-a85b-e4dbe9a73459,dumbi_b0148fd2-7c6a-4e40-9f1f-014006ffc683,n.,type of red tree,,,,,,,Warama Kurupel,
c2bb6185-298b-4a62-9627-be61366d6daa,dumdum_7d3640a3-bbd0-4a80-ad5f-1cc88e87de09,t.v.,to surround,,,,,,,,
15bb3ddc-adc0-4cc9-b159-875bfcaa3bd4,Dumoll_44b47cb3-19ae-4f75-85d8-6b83280f7da6,prop.n.,"Dumoll (Taolang side garden and camping place of Gidu Jerry, Kols Baewa, and Wareya Giniya)",,,,,,,"Bodog Jowanang, Geoff Rowak, Inawa Dareda",
2572263a-29a0-440a-b6b6-5396b4349110,Dum Tutu_543b1078-4153-475b-aa4b-e4c4f97253e1,prop.n.,Dum Mountain,,,,,,,"Bodog Jowanang, Geoff Rowak, Inawa Dareda",
5e0bc178-7479-4389-a187-8f30fad196de,dun_af6e43eb-9dfd-4a7a-adc3-32fc5d5b2734,Ideophone,sound of a drum,,,,,,,,
1896be43-ecd0-4308-ac8f-bf77cf053533,dundu kllamen_7d9cc70a-43e0-40fa-9dcd-539b6a7e3c89,n.,type of game involving a race,,,,,,,Galou Minong,
c9086d6e-ce2b-4389-b725-0403884f1aa3,dune_954cf2ab-fd80-42a5-93c0-ba314a41309f,v.,,,,,,,,,
997bbd97-63a5-4543-b05a-842b935edb5c,duny_d6ed3c0d-593f-4a2c-93ae-bbb155de3e87,n.,beetle,,,,,,,Joshua Ben Danipa,
b8cd1268-6d11-4b11-ade2-820b05f12201,dupi_baf4c3e7-5859-44c0-8aa7-b3489ab052b0,n.,stomach,,,,,,,127:26,
2d202edc-55b3-48c4-bc29-b94281ebcf7f,dur_528e25cd-2d7c-4079-9113-dc76726d6a39,n.,type of medium-sized bamboo that grows along creeks; used for dancing; young plants used for cooking sago,,,,,,,,
5d2109fd-8420-432e-ab59-6d9c8f078b1a,durgu_9c794b0e-bad1-44ed-a59d-a30308f180d2,n.,cliff,,,,,,,,
d3dfdb7f-5c0e-426f-8997-ff97ac4b00e7,Duwaba_64c0e4f2-bf97-4421-b7f2-ece75e993e7c,prop.n.,Duaba (in Gogodala Rural LLG),,,,,,,"Bodog Jowanang, Geoff Rowak, Inawa Dareda",
91760549-010c-47ac-894f-99c4d22e4ebf,duwar_5cba2e55-2145-4e30-a50e-8e61e37c8cfc,mod.,,,,,,,,,
3d7512ff-8ddc-4e74-a528-ab8f984e0ec1,duwel_69a12686-a7c4-497f-9a36-fbc9654ace67,n.,type of tall tree that grows in the bush near yam gardens,,,,,,,,
643a40ea-8a68-4079-9cd1-48d2c9c1ecd3,duwel sära_910acc7e-3a7c-4044-8a25-af58582063f3,n.,type of sago bundle wrapped in sago leaves,,,,,,,,
ccb2dc57-6e1d-4f0b-9a2f-9ce9c8034a45,duwel sära_910acc7e-3a7c-4044-8a25-af58582063f3,n.,the third stage of sago growth in which the leaves are shorter and the pith is almost ready to be harvested,,,,,,,,
290f6b14-1ac2-45ab-aab0-282bd9405b1d,duwem_61baa0d0-a018-4fa8-a20c-79f8b7cb0c0f,cov.,to eat,,,,,,,5:1,
6f50b115-30ff-41b6-9610-ddcbbd1a224d,duwem_61baa0d0-a018-4fa8-a20c-79f8b7cb0c0f,n.,"food, meal",,,,,,,,
6a832a56-205f-478e-a12d-80014c294b98,duwemduwem_66c5308d-bb52-4924-a8d8-99fb7bf22789,n.,"feast, fellowship meal",,,,,,,,
5d961618-1467-4204-8a58-b4d3752ca902,duwie ku_80a0e25e-6892-4bb1-a51e-fd1709e055bc,n.,type of big purple yam,,,,,,,,
88c22f07-1234-4c05-8a64-4e215f61882c,ddadd_6c9e231d-f865-4271-b8af-acf70e58b7fb,n.,type of large tree with white flowers and blue fruit; wood used for making canoes,,,,,,,,
34908cb9-f1c9-48dc-ae99-7a1d72cb0ab9,ddaddällɨg_0e5736a5-cd51-49f9-8a25-5a1ab1586358,t.v.,to destroy,,,,,,,,
03699ddc-2695-4f26-9ce2-9e1bcd48a9e7,ddaddell_481298a8-e0e8-40e6-b40f-88e8b9fd75c6,t.v.,to destroy,,,,,,,,
f0c92792-8070-43ba-845c-44da32368342,ddaddu_d0c2cfe1-ce07-4be9-9fe4-2457014fd86c,t.v.,to remove a shoot,,,,,,,,
107a11a5-568c-4209-8368-bb1c95aa89bc,ddaebän_f501c4be-11a4-40ea-832a-7721b27c8981,t.v.,to divorce,,,,,,,,
b100ab8b-3d94-454f-a6cf-ea71a9cbb1a9,ddaebän_f501c4be-11a4-40ea-832a-7721b27c8981,t.v.,to adopt,,,,,,,,
779b5e65-bf22-4b11-a386-997fcd7a915a,ddage_1a73c9c5-4180-47c1-8e64-b8d253b23e81,n.,branch,,,,,,,,
5033fdac-4360-433a-8fc6-862a855bfb49,ddage_1a73c9c5-4180-47c1-8e64-b8d253b23e81,n.,"stream, tributary",,,,,,,,
378544fe-540e-46aa-9203-122d80aa7105,ddage bun_34d965dc-1c73-498e-a7ed-ee4dcdeaf87f,n.,river mouth,,,,,,,,
065d0702-7875-45ce-afde-26f9546ee749,ddageddage_ed9de6cd-cb59-4d6e-9ebc-780545dfb12d,n.,the fifth stage of sago growth in which the inflorescence has emerged,,,,,,,,
2d49f269-560f-4916-9667-56f8f631fb91,ddageddage_ed9de6cd-cb59-4d6e-9ebc-780545dfb12d,mod.,with many branches,,,,,,,,
6e3cecb6-3dd7-48b0-93e1-8bdd71149b24,ddage llätt_55b493b3-165b-491a-bbb6-5e08bce3f469,n.,river source,,,,,,,183:13,
c452fbd0-1f3a-45c0-b2f1-66710e078e58,ddallwe_ac33b03e-3a77-431c-9d3b-cd37ce42d877,n.,type of tree,,,,,,,Tony Warama,
d1168039-1f75-4867-9da4-21171e3225b7,ddamba_fb63a02b-92d1-4d74-9251-f399ef534545,n.,wing,,,,,,,,
1fb0d2ba-ebf6-40ec-9d05-a58da8047575,ddamba_fb63a02b-92d1-4d74-9251-f399ef534545,n.,pectoral fin,,,,,,,Mado Karea,
dd49582b-5c99-4346-af8e-a41233f7dd75,ddamba mit_01db9830-9c22-4bdc-9cc9-797d4166d571,n.,metathorax,,,,,,,140:7,
6927f6e4-955a-4e05-9472-789c55a4f2a3,ddangoe_6e9befa7-9efb-4632-a63e-f5081aed340e,t.v.,to force to do,,,,,,,,
601b0903-0e2c-4924-a3d6-62297d82d658,ddangol_970c5bbb-2849-4a67-b467-6dee8c915e70,n.,type of spear,,,,,,,,
8b735a55-a99e-43ec-99a2-cfe109d6b5ed,ddapall_1e0d6c26-3efa-4ffc-b03e-f4c20d03e707,n.,sky,,,,,,,,
a3a2109a-aee9-46e4-a654-59810701b4b6,ddapall_1e0d6c26-3efa-4ffc-b03e-f4c20d03e707,n.,heaven,,,,,,,,
3815c29b-11ec-49f3-8ee9-499c44b5d08f,ddapall käkan_99351cea-7e0a-44cb-821e-4ff121030da0,n.,cloud,,,,,,,99:22,
b2da2205-ed9b-481c-af46-28e1fb41168d,ddapall källa_7b683c62-d2d4-4036-9e5f-ef8108629706,n.,cloud,,,,,,,,
33923b81-a161-4dd7-9358-f9be2ed0a5f4,ddapall ma_8642d24a-2305-42d2-8880-c535edee5aa9,n.,heaven,,,,,,,,
580c869e-cde4-4339-b9f9-0dad8a8e2fe8,ddäb_983b811e-31d0-4709-ac41-73d151fe03d8,n.,anus,,,,,,,127:7,
1f18524d-505d-4c1e-bf59-d783627638aa,ddäddäbeabag_75967db1-5c75-4b83-930d-24acf9107934,mod.,"independent, resourceful",,,,,,,,
4cfdfc0f-ef0f-4b34-ba3d-43d2fbc97779,ddäddäg2_2450e4a5-f7fc-43d9-b809-557a251e10eb,t.v.,"to peel, remove",,,,,,,,
d0578e5c-cbef-45e6-94f5-2bd0d0409cdf,ddäddäg1_2dcd14fb-d6d6-49e1-a8b2-1e789dd343e7,n.,"edible animal, game, meat",,,,,,,,
a9886f33-f786-4a73-abde-a38ae6074779,ddäddäg1_2dcd14fb-d6d6-49e1-a8b2-1e789dd343e7,t.v.,to eat meat; bite,,,,,,,,
8cd755c3-18db-41b5-bd2f-4ae8b96e514f,ddäddäg1_2dcd14fb-d6d6-49e1-a8b2-1e789dd343e7,n.,bite (of an animal),,,,,,,,
d1c2dddd-3276-4231-8a88-e9f51949683b,ddäddäg1_2dcd14fb-d6d6-49e1-a8b2-1e789dd343e7,n.,hunger for meat,,,,,,,,
3bb00747-d712-4c88-9d21-e75bd8d6d5b8,ddäddäg5_45541360-07ab-40b4-811b-42c6baf5e58a,t.v.,to bind,,,,,,,,
2f1e26ba-bac3-4e4b-bd61-ca7716af3a5a,ddäddäg4_74794f4a-9270-4716-bcce-1838a0956d6b,t.v.,"to look, watch",,,,,,,,
8f2a6f86-b7aa-445b-8003-7009c1311a59,ddäddäg4_74794f4a-9270-4716-bcce-1838a0956d6b,t.v.,"to look, watch",,,,,,,,
27fbf435-8426-47c9-865c-e1ac1a491f10,ddäddäg3_8a1e0688-8b60-47d6-b3d8-59e21337cb17,t.v.,"to pain, ache, hurt",,,,,,,,
d0739f3a-91dd-4daa-9711-f82612e46f14,ddäddäg ttoe_a10b3ca1-d657-483c-a235-398174ee640b,n.,"leather, hide, animal skin",,,,,,,,
c6fc3ef5-aae2-4ada-a54e-bdcc507ee517,ddäddäl_200dcd8e-2004-48bd-83b8-3c360c6d9b85,t.v.,to shove,,,,,,,,
a7e146ad-272d-4e31-b12c-e9cb93a87272,ddäddäll_2504cfe4-7027-4aa3-b638-7ca6e160f109,n.,thunder,,,,,,,21:12,
9e59dada-57b9-4f9d-9b0c-d12f61f8bb4f,ddäg_a38d626c-3eed-4e7d-aab9-91886b3b7de3,n.,back,,,,,,,,
7e7fea48-52ab-43fb-a2ee-25e9692a298c,ddäg_a38d626c-3eed-4e7d-aab9-91886b3b7de3,loc.n.,outside,,,,,,,,
b5811624-b61f-4a19-89a7-608e5a362ea4,ddägaddäge_c7d7fa6f-ad8c-4067-9d2c-d0a705bc35dc,i.v.,to write,,,,,,,,
d03250ad-2c2a-462a-a500-c18100822ab2,ddägaddäge_c7d7fa6f-ad8c-4067-9d2c-d0a705bc35dc,i.v.,to branch out,,,,,,,,
78de33a2-f41f-4a78-af96-062191ac3e80,ddägattalle_4deb2c64-4e10-4b53-a957-c95c4d40444a,adv.,"later, after",,,,,,,,
025fe7d3-50c4-4fc8-bb8f-22af88886312,ddägddäg_7f290630-6457-47c3-899b-da603cd0ac9e,adv.,from behind,,,,,,,,
36b6cdb2-3792-42ae-8d7d-d4910f4a9f32,ddäg kutt_5987184d-0505-4eaf-805b-22f1d985e4c1,n.,"backbone, spine",,,,,,,,
f22cbf83-646e-4206-b457-769253cf05a9,ddägnan ma_50dd02ff-ec63-48c5-b8fe-61b7099ba9a7,mod.,edible,,,,,,,,
defe4c2d-b2f5-48a0-93c7-b4865e834102,ddäkop_d7d2668b-e143-4655-b72f-1bc754f06b6e,n.,kidney,,,,,,,127:4,
f9120f59-7435-461a-b9db-ed42e5ac1104,ddäll2_a216e23b-d40f-492b-9aae-6793461555f0,i.v.,to arrive,,,,,,,,
9ee80655-da79-4d23-a16a-99227857a541,ddäll1_da264a38-57fc-4309-a9f1-641928e98195,n.,chest,,,,,,,11:24,
18bf369d-1705-48f6-9273-6da7338fa9ed,ddäll1_da264a38-57fc-4309-a9f1-641928e98195,n.,part of the sago trunk closest to the leaves before the shoot,,,,,,,,
e0acfe6d-2976-459a-90f2-13867a83e4f6,ddäll1_da264a38-57fc-4309-a9f1-641928e98195,num.,ten (lit. chest; body counting numeral),,,,,,,,
972c2a87-53cf-4798-b195-37aa0f9ea058,ddälläb_0dcc8076-6aa3-4f8b-9969-d428451754fd,i.v.,to fall over (of a tree),,,,,,,,
b15a79f7-6f1c-4fb6-aef9-3cd6b4d8255c,ddällbän_82cc84bc-9192-44c5-8ef7-efcd644992d1,t.v.,,,,,,,,,
f0b8ef97-bdc5-46fb-8ecf-8891c1c08d81,ddällgoe_cd383aff-f2c6-4797-98a2-c7eee91a9e3f,t.v.,to go through thick bush in search of animals,,,,,,,,
f4804d61-a3fd-45cc-ba5d-76e722d9bc06,ddällgoe_cd383aff-f2c6-4797-98a2-c7eee91a9e3f,t.v.,to disturb a beehive,,,,,,,,
12de1d7c-1e00-419c-98b3-a19b09de6296,ddäll kom_9da5d58c-9cfd-4a79-a8b0-573ebc172263,n.,chest hair,,,,,,,127:5,
f710817f-412b-48cd-b4eb-56eb55da9dbd,ddäll kutt_5cb35f4f-316c-4702-921f-448bb4dd509e,n.,"sternum, breastbone",,,,,,,Warea Giniya,
e3cf1f07-0116-4376-a793-97b818ea6d39,ddällombog_35c5d8bf-3476-4d70-9013-1827b6a9a95a,t.v.,to miss,,,,,,,65:9,
8354799d-2dfe-4c71-9a95-e79b3e0de969,ddällpoyampoyam_6325ebc6-8581-465c-ae7d-1ea3f1953589,n.,type of mushroom,,,,,,,Joshua Ben Danipa,
457b05f9-d7d4-440c-861e-d3f119452d0e,ddäma_f414cc3d-1b28-4ba8-b1c7-ecdf8b4674f6,n.,basket,,,,,,,,
1641e390-1545-4839-ad5b-92ac92524660,ddäma_f414cc3d-1b28-4ba8-b1c7-ecdf8b4674f6,n.,pouch of a marsupial,,,,,,,,
672dfb78-e3f7-4003-8f0a-087063f7aae2,ddäma_f414cc3d-1b28-4ba8-b1c7-ecdf8b4674f6,n.,uterus,,,,,,,,
1181bd37-1e93-4eef-a267-a2c74fbbb951,ddäma mu_ebf3b76f-8efa-43b1-8fa3-c5a697be9683,n.,birth payment made to the maternal uncle,,,,,,,,
cfcd0dc7-b96c-4bf1-b480-5ab74d268e03,Ddämir_6fccafe6-96bf-4f9d-9cec-353815093b32,prop.n.,Ddamir (toponym),,,,,,,,
a78f5585-29a5-4191-a36e-5506b4296de3,ddämoemkäp kuibiag_0ea8dc7f-2ce7-4a98-bc30-f6638ea4d36b,n.,type of python,,,,,,,66:12,
9bc52877-5f17-441e-9e6d-0671a14e0369,ddän_e1081c96-e5cf-4f57-9d59-1ee330916de8,t.v.,"to pick, gather, harvest",,,,,,,,
a959f025-e6aa-4d32-9bec-1e266dfa496d,ddänddäl_feb1ba3d-dd54-4aee-aa06-32a086089177,i.v.,to climb,,,,,,,,
dce9eccb-3027-4f90-9ce6-d4423c32e44b,ddänddäm_5960039f-7d79-4aab-89dd-30d7fadaec1f,i.v.,to drown,,,,,,,,
52972770-5728-4d75-836d-8aab908b9b92,ddänddäm_5960039f-7d79-4aab-89dd-30d7fadaec1f,i.v.,to set (of the moon),,,,,,,,
83c3cd2d-c761-4c01-b011-eed7ef19f43c,ddänddäm_5960039f-7d79-4aab-89dd-30d7fadaec1f,i.v.,"to drown, sink",,,,,,,,
a6da9e0a-0393-4441-91bb-ea029917cd79,ddänddäm_5960039f-7d79-4aab-89dd-30d7fadaec1f,i.v.,to worry,,,,,,,,
f799740d-fb9d-46ba-a9a9-5775b46dd107,ddänddäm_5960039f-7d79-4aab-89dd-30d7fadaec1f,i.v.,,,,,,,,,
49be8308-41e1-4ca6-a7ac-053cd59716c9,ddänddängeny_c264d139-00df-4540-902b-ece1550d93f1,adv.,immediately,,,,,,,,
04d134fa-2eaf-4054-8037-26ee233d2184,ddänmäll_feda15f9-26c4-44ff-8634-000fb5ef7790,t.v.,to struggle,,,,,,,,
f90e127e-ff51-4793-8766-19c4f2e059d9,ddängall_86815cad-9c4e-49e0-9389-5595dc5e522e,n.,type of stinging bee found in trees,,,,,,,63:2,
439ce679-cd6a-4f00-a398-65ce1e6e7894,ddänggab_857dcb0f-aea7-45e6-a6ba-ed850b0496c9,t.v.,"to hold, grab (with one's teeth)",,,,,,,,
147c1070-641d-4bf5-9a17-4768efaa4fc5,ddänggaddängge_2d34153d-2f01-4544-9e01-a66081e51415,t.v.,to crucify,,,,,,,,
36a340e6-4c4c-4cfc-abd7-bab372573a34,ddänggaddängge_2d34153d-2f01-4544-9e01-a66081e51415,t.v.,"to catch, trap",,,,,,,,
a28b987a-b2ee-4199-bb46-77a318d2387a,ddel_495c0bd6-c04b-4141-a44e-cbe01add26e2,t.v.,to explain,,,,,,,,
a4d9f61b-6dd3-4891-af8a-90897edce04f,Ddele_50a03c70-235f-4356-9acf-8c27fdedac3a,prop.n.,Ddele (toponym),,,,,,,,
6cdc22b6-c076-48b9-9b92-bcec001e3d41,Ddeleag_f00aadca-2890-42d3-b5ea-2c05f6f2e0cb,prop.n.,Ende dialect spoken in Ddele,,,,,,,29:4,
cd0195ea-f261-409b-ad2d-190b4c8c6b13,Ddelema_6b532faa-1565-432b-8815-21a5bae83749,prop.n.,male personal name,,,,,,,,
660ccd7d-44c3-41d4-8037-5246e44d8fe6,ddia_4496c84f-b023-40cd-8aef-ed5eb9f3f8bd,n.,deer,,,,,,,,
6df8d735-44b4-421e-afef-32c7834e09b0,ddob_feecb155-9825-4a30-9687-01df8f426db9,quant.,some,,,,,,,,
9c664300-ae87-4587-807c-5fc48ef0c8d5,ddob_feecb155-9825-4a30-9687-01df8f426db9,det.,other,,,,,,,,
63014a44-17e9-46ef-a1d2-338c9115a225,ddobae_9e2bbc08-e07c-4bf3-9d61-a9ffe327574e,adv.,very,,,,,,,,
7380c0d0-8dbc-454d-acb9-e7267b3dd34a,ddobaeddobae_7195b83b-59a8-45d6-8d19-a72b3d005d4d,adv.,"very, extremely",,,,,,,,
ae1f59d4-0993-4f6a-9a4e-495d433daaf4,ddobag_52b7922d-0664-4a3f-907b-e545b9326b79,pro.,"some, others",,,,,,,,
91c6cad1-6df8-4a4e-932e-9bf75f069c77,ddoddollem_45c64e9a-18dd-43b0-8d5a-70b3a40f54d7,cov.,to make noise,,,,,,,,
b32900a3-c411-48fd-b14e-0ea813253a43,ddoga_9fd7737a-84c7-4d59-8bc4-b84b2a92d321,n.,type of tree,,,,,,,Tony Warama,
eb3487af-9c61-4fcb-8c3f-4960276b06d8,ddogoll_89f285c3-d02c-4a5c-bc80-878b85c7dae6,t.v.,to put together,,,,,,,,
61a610c6-b62a-464d-94c5-a341644cd238,ddogoll_89f285c3-d02c-4a5c-bc80-878b85c7dae6,t.v.,to stick,,,,,,,,
958ff831-be94-4b72-a386-c3da91225939,ddogoll_89f285c3-d02c-4a5c-bc80-878b85c7dae6,t.v.,to join,,,,,,,,
73c8a29e-3ce7-4fb0-ae01-a6c147bf3397,ddogoll_89f285c3-d02c-4a5c-bc80-878b85c7dae6,t.v.,to lean,,,,,,,,
de62ab5e-7c09-45a5-9b72-524baa68107d,ddogollop_48632e61-a52c-42e3-9b13-9b38acd4abbd,n.,reptile scale,,,,,,,Warea Giniya,
5cded717-8dcf-43fe-ab30-7d25a795ecea,ddokddok2_0de5511b-8e7a-4654-b6eb-092437ced9ed,mod.,blunt,,,,,,,,
09282baf-6265-4b91-979c-7e35397b1ac1,ddokddok1_9ad79563-e9ca-484a-9d5b-73a8aa2f1178,n.,type of spear,,,,,,,"Johnny Bodog, Inawa Dareda",
88befa26-d2b2-4567-b240-ce261e683dd5,ddokop_0640fd68-26af-43b4-9e12-38e2b6f15eef,n.,kidney,,,,,,,,
d679e21e-1293-487c-ab50-305b373a2b02,ddol_4a8eb7c3-c378-47c8-b472-d6a035d532b8,n.,"foam, bubbles, gas",,,,,,,,
0204893e-1cf8-4b03-bff9-a122f8296ec4,ddolag_6f9d055a-1d09-4cf6-9624-7a19082b8ce4,mod.,"foamy, bubbly, gassy",,,,,,,,
69719900-a163-4319-9b78-b378c5dfc678,ddollombog_289d3bc8-ce7d-4d5d-a649-9cc28d6bc623,t.v.,"to misspeak, speak with mistakes",,,,,,,,
70a46742-a9fb-4cf0-b06c-7f02273ce422,ddonddo_28198702-0409-4ca9-8624-ea9fa67ed6d8,mod.,proud,,,,,,,,
58c5c150-b1b8-44f7-b95d-5a31b50d1f97,ddonddo_28198702-0409-4ca9-8624-ea9fa67ed6d8,i.v.,"to boast, brag",,,,,,,,
efa1f703-5a08-4ac0-b913-f282965651b1,ddone_35ce5d75-5b62-414d-ace9-b368972e18f9,interj.,no,,,,,,,,
f06e611b-ff3e-48d3-a453-02541ae8ea7c,ddone_35ce5d75-5b62-414d-ace9-b368972e18f9,Negation particle,not,,,,,,,,
cc1136f2-ab95-4a1b-9703-2132c266c9ce,ddone_35ce5d75-5b62-414d-ace9-b368972e18f9,Negation particle,,,,,,,,,
b9846301-9e41-4ffb-8ecc-f83199eafb9b,ddone ada_1137ac9d-ca87-47ef-9afe-d616767aad6d,adv.,"very, a lot (antiphrasis)",,,,,,,,
63db1a1f-441d-45c6-b4b0-b02f3ce1323c,ddone amom_e9715d92-b748-442f-92a7-fe705ff800c4,pro.,accusative form of ddone aya,,,,,,,,
c69573a0-c063-424e-bee5-93a27787ce28,ddone any_a497b7d0-bf43-453d-b1f7-ca48e2952019,pro.,nothing,,,,,,,,
9b38c8cc-526e-4d26-a876-8cbe2cae5bc9,ddone aya_1648ce36-d470-4827-b9b1-d19ecf7ec290,pro.,"no one, anyone (nominative form)",,,,,,,,
273d39df-9bb5-4740-b950-f5fd0c1d9f3e,ddongddong_6007d6bd-ba7e-49e7-a47a-fe40970b8618,n.,thick cluster of short grass,,,,,,,,
f4d894a2-8ba4-4832-b99d-ed7abae1fa6a,ddugwemddugwem_378804c1-4884-4e45-ba56-cf8032ab9ca0,adv.,stomping,,,,,,,,
d63bb0d1-4c0f-4753-b659-e3c22ba473d7,ddumbi_027a3a56-ab86-437d-b672-7145f35278bd,n.,type of spear topped with the claw of a cassowary,,,,,,,"Johnny Bodog, Inawa Dareda",
c7208b7d-2ec0-4f02-8db3-ace8ee866ca9,ddungg_8062639c-5e21-4618-9918-ff590a5f699c,t.v.,to decapitate,,,,,,,,
8a1caa7f-019c-4638-a19a-53a1f11baad8,e1_283757a0-0b2c-44b7-b8ae-355b049c7cae,interj.,whoa,,,,,,,,
ecdb2c01-e64a-4fed-aaa1-b3914b0d3e1a,e1_283757a0-0b2c-44b7-b8ae-355b049c7cae,interj.,let's go,,,,,,,,
66d5be5e-fb4a-460f-a3a3-597e0353c97d,ẽː_3281c0c5-49c4-4b9a-8089-b7c039ebf342,,,,,,,,,,
e691fb8a-01ac-4397-8d6f-d320d31ba039,e2_4e2ec2dc-02c1-4f1b-a0bf-938d3ce18156,rel.pro.,"which, what, that",,,,,,,,
f7faa34a-144b-48c7-89b3-a34058916e8b,e2_4e2ec2dc-02c1-4f1b-a0bf-938d3ce18156,int.pro.,"which, what",,,,,,,,
a7d94de7-4352-4044-ae6d-3fbc79ceb75c,e3_6a98a30f-f15c-4a6b-91aa-5152d9597c7f,coord.conn.,,,,,,,,,
85397de0-f9fb-4909-9c05-ff6af0fc9578,=e2_d3a477bb-92f5-4136-891f-a3fbec0a693a,Discourse clitic,vocative,,,,,,,,
c4a547fa-1a3b-445c-a10e-84baa6bb8432,=e1_e33908e8-e241-4e57-aeed-5b4d30de5db3,nom.clt.,"allative case clitic; to, into, towards",,,,,,,,
4f6b5613-d41d-4a97-8c4e-b05025c3c634,=e1_e33908e8-e241-4e57-aeed-5b4d30de5db3,nom.clt.,"for, to (purposive use of the allative case; also follows nonfinite verbs to express desire, intention, or the start of an action)",,,,,,,,
cca0fcfa-ad1c-4c08-b1b0-4faadc2b8a08,ebagal_808704ee-1c71-47a5-b475-22a4ecf3491e,n.,type of spear,,,,,,,"Johnny Bodog, Inawa Dareda",
0e23fdb9-2122-4164-8c9a-fae6fa0860cf,ebdo_bed6fba1-d5f5-40c8-9736-c3c14d467200,n.,day,,,,,,,,
42cf0871-beb9-4cb0-bece-4d29505fbbca,ebdo_bed6fba1-d5f5-40c8-9736-c3c14d467200,n.,noon (approx. 11 AM –1 PM),,,,,,,,
f5a0502d-97d9-41bd-b77e-7e53c0ea051c,ebdo duwem_e0f58278-7153-43d8-ad28-d0a60021a631,n.,lunch,,,,,,,,
64e7edb5-5277-4205-a2a5-7912b92cb55c,ede_91112a12-540b-40ac-90f3-08ceda08f3a8,sub.con.,"so, therefore",,,,,,,,
8b8c43bf-50bf-4cc8-aad3-df11d2c94bca,ede_91112a12-540b-40ac-90f3-08ceda08f3a8,adv.,then,,,,,,,,
309355d2-edc9-42e7-bda7-04d86e8f9718,Edeb_9cb46db6-cade-41ec-8ece-855435f1a9df,prop.n.,"garden, camping, and hunting place of Tewa (on the other side of Karama swamp)",,,,,,,"Bodog Jowanang, Geoff Rowak, Inawa Dareda",
9a62e634-91a7-4ad3-b3f0-5f5c5121c133,Edeb_9cb46db6-cade-41ec-8ece-855435f1a9df,prop.n.,personal name,,,,,,,,
55ddefb4-ae1e-4901-b49a-ebad73f603b9,edeya_4135b3d2-389d-41da-b705-3e8a3ca3b9fc,Connective,but,,,,,,,,
d9ca68b0-ab23-4ab9-ac60-c3d142e885f9,Edna_067bc360-050f-465c-9d8b-647a2e5480d1,prop.n.,female personal name,,,,,,,,
0f040160-ebdf-45b6-aaba-d4cebb34b1f0,Edward_3d8873ac-e7e7-43e9-8847-8afbcf663db7,prop.n.,male personal name,,,,,,,,
c3f9738d-4eac-4189-9e6c-6e774e89c305,eddom_2699bbac-dc8e-42b8-8749-b2453d5cc3e4,Temporal adverb,the day before yesterday,,,,,,,,
135d83f8-d55b-46d3-9b36-3fc9b3abc417,eddrugoe_222b6e9a-2aa1-493f-9ebe-aa2a4fc39851,t.v.,to shout,,,,,,,,
3d34e16a-1d44-4013-9e12-f34182aab653,Egapo_9edb06a4-ba7e-49d4-a897-658ef09fa9f5,prop.n.,camping place and large community garden (in Limol; road to garden is visible on L of AZ96),,,,,,,"Bodog Jowanang, Geoff Rowak, Inawa Dareda",
bf116d28-cb2d-41fe-86f6-c36bb83484f4,ege_0369a5a3-58c6-4bfd-a44c-832cf5dec582,,now,,,,,,,,
d0d3b59a-c874-4e6c-a0ca-5c1e5483aca7,ei_f752b433-704a-41d1-9bea-9d7708c2e342,interj.,hey,,,,,,,,
848d305e-137e-4ff7-8868-347057e75138,eit_6733eee5-d648-468f-96f8-e7bb88c9efdc,num.,eight (English numeral; also general),,,,,,,41:24,
efea87da-8bc6-45f9-bb97-da372fcc6dfe,eiti_f85c2e4b-7d94-41f9-ad86-a0700d0e6122,num.,eighty,,,,,,,,
35bb5a8d-3ce3-4167-b6e7-313a9f9e818c,eitin_e9b01b32-c2f2-4355-aad0-91a769e21416,num.,eighteen (English numeral),,,,,,,,
deae67c0-80ef-457d-a33d-fac4686211f1,eiz_17e4b0a6-cc09-4853-ae9c-3ba4c0c7211f,n.,HIV; AIDS,,,,,,,,
8132983a-e491-4d37-87e7-ca7fae498ceb,eka_d2bd91e9-89e9-49a6-bc01-73a0bb1733d1,n.,language,,,,,,,,
3222c995-5517-41c5-bcc0-7c12ac2606d8,eka_d2bd91e9-89e9-49a6-bc01-73a0bb1733d1,n.,"word, message, news",,,,,,,,
4d6a434f-fd1b-4adb-9fd9-093e7bea1382,eka_d2bd91e9-89e9-49a6-bc01-73a0bb1733d1,n.,story,,,,,,,,
0bd865f6-948b-4aee-949e-f9c63e18a96b,eka_d2bd91e9-89e9-49a6-bc01-73a0bb1733d1,n.,"sound, song, call",,,,,,,,
1fbcbc8a-8b82-4415-a38c-5e14e17c16d2,eka_d2bd91e9-89e9-49a6-bc01-73a0bb1733d1,cov.,"to say, speak, talk, tell",,,,,,,,
1931a606-817c-4292-9eb1-3f2a84f7ec19,ekaeka_04fe03ff-3388-4333-a3c0-a20836d86b73,cov.,to make noise,,,,,,,,
b070e5f1-58ad-43d5-a634-95c302548b6b,ekaklle_019193a0-40ff-435b-9000-d8cc138540f1,n.,land,,,,,,,,
d1dfb574-cba4-44e2-8e08-ea70243adaaa,ekaklle_019193a0-40ff-435b-9000-d8cc138540f1,n.,ground,,,,,,,,
b9e5f7fc-095d-4533-ab20-0bc47efa8c87,ekaklle_019193a0-40ff-435b-9000-d8cc138540f1,n.,Earth,,,,,,,,
0edd511e-3a13-4a1c-8387-3e79f6126209,ekaklle_019193a0-40ff-435b-9000-d8cc138540f1,loc.n.,low,,,,,,,,
ffd263d7-830c-4c5b-b963-86446e514a31,ekaklle ulle_28009ebe-8b03-469a-82f8-d6246a1221e8,n.,world,,,,,,,,
5e81d721-7ab6-4865-abab-8080ee089052,ekakukiang_e6c15c49-7953-45f6-97b6-d7492c73ce58,n.,liar,,,,,,,118:5,
38047bd8-a190-403f-bdc5-704f9012f055,eka kutt_c73cff04-c06b-447c-bef9-4248de2a4b7f,n.,word (single unit),,,,,,,,
51e11cdd-0ecb-4719-b1b9-4102f2773320,eka laem_6e285f0a-dd97-4f43-9466-008e5c28f4c3,comp.v.,to argue,,,,,,,,
25a6c48a-cba6-4f16-ade9-1942cdbe405d,eka llɨtɨtang_f73f8058-be5d-4170-b975-291cab2b5827,n.,"messenger, prophet",,,,,,,,
2a070709-ca6f-42ed-8e04-d14333464e92,eka malam_d110e115-8cec-4e05-a442-a15cc5ae2fcc,comp.v.,obey,,,,,,,5:2,
6c567d84-ccaf-4650-9091-4a69401a769f,ekamatär_acb909e2-d89a-4044-8c0e-04df5f1dff1f,n.,throat,,,,,,,129:10,
cea9574f-a423-42d8-aa05-d1ce27e78475,eka midd_fc8315ea-7c1b-4d89-bfec-b08d2cc9ce61,n.,meaning,,,,,,,,
f5191ff1-56b6-4900-b0e5-5f49746dfded,eka mu_8b149802-84fc-4016-bfaa-bf559a317a77,n.,"answer, reply",,,,,,,,
c7e0f165-4997-46e7-8eaf-a9f971eb7e5b,eka panypeny_b0252641-2bd7-4850-a3f4-a172880efe36,comp.v.,to speak,,,,,,,,
bd3d73df-9ebb-4136-9af3-85913fc2f6be,eka panypenyang_568b5175-b703-4dec-9c13-eae172351d81,n.,speaker,,,,,,,,
8bab8e6c-5d2b-42d9-be47-b7bb7a6ed84c,eka panypenyang_568b5175-b703-4dec-9c13-eae172351d81,n.,spokesperson,,,,,,,Sawapo Badu,
abe6809b-110d-4251-a0f6-7edd42b91025,eka pänaenenang_83fcce8b-04d9-4a08-b12c-973bf556b37e,n.,linguist,,,,,,,,
1a0602fd-99f0-43da-9e40-ebdb2df170b3,eka tameny_fadd0b43-3546-467f-be9a-4a54c309ac53,comp.v.,"to discuss, converse",,,,,,,114:1,
f37f3859-0560-4886-bc1e-cf613210ba5c,eka tameny_fadd0b43-3546-467f-be9a-4a54c309ac53,comp.v.,"to tell; converse with, speak to",,,,,,,,
359a4449-91f6-497e-9356-0147ecce67a7,eka täp_97d59689-59d2-4f5f-841f-04e4f7d5d312,n.,"disagreement, debate, argument",,,,,,,,
1f97977f-1ae1-4aaf-bc06-03cce19e74b4,ekateptep_b2496a8f-3a35-45b5-bb4e-28a81ec0308c,n.,"liar, conman",,,,,,,118:2,
2db16698-0ab4-4d85-91be-2275a2300c81,eka ttängkɨg_41d0f16c-0adf-4ed7-9183-5bbe32cacd31,comp.v.,"to answer someone with force, to talk against someone",,,,,,,,
89412ad3-a2fc-42d7-8198-5d359fbdcbae,eleben_34268a33-f2aa-4c5f-9a26-255151fd2ed4,num.,eleven (English numeral),,,,,,,,
c58d6dea-f6fa-4a84-bd6c-7cc842b82d45,elementri skul_905809f9-20c3-4084-9575-7041ffcb15d6,n.,elementary school,,,,,,,55:4,
c36265f2-7dc5-4f9e-b336-8c77c81e8099,Elisa_5df497a7-956d-484f-afa0-1e5f00e1c64e,prop.n.,female personal name,,,,,,,,
3f86a4af-188f-4238-b036-fb5114a37df6,Elizabeth_2625fac2-7f96-436a-a3b0-7993ecbdd9d7,prop.n.,female personal name,,,,,,,,
581a0129-34d7-4fd6-b652-8e7d71998902,Elsie_e579673a-ec0a-4f28-9a99-9dbad90cd902,prop.n.,female personal name,,,,,,,,
e492a50a-fe7c-449e-aecc-c691daf63510,ellollo_9d306ca4-cdca-4da4-8583-240bf7f61c38,i.v.,to put down load and rest,,,,,,,,
900f8422-9755-4be0-9dd3-ae7dec2fd62d,Em_0d569073-284c-4371-a7a5-8d939c1b5aca,n.,"Em language (Pahoturi River language spoken in Kurunti, Kibuli, Beyambod)",,,,,,,,
a657ce5e-3f34-4c0b-bf1f-93e624926fae,em_b9ce243e-e2af-4507-8607-3e411d92ebd8,int.pro.,accusative form of e,,,,,,,,
f0240feb-b495-45c8-a0f2-d22d2a9f7590,emaemae_8e4a0cdd-6e7a-4d2f-acc3-7a2d6caa4135,mod.,"various, many different kinds",,,,,,,,
2cc00cc9-c325-49f9-afc6-853ffaabebec,ematta_db132c94-3840-42d2-b8f6-0b7c03222636,adv.,ablative form of e; why (relative),,,,,,,,
22ed0099-76bf-428d-889b-27b97a39c6f6,ematta_db132c94-3840-42d2-b8f6-0b7c03222636,adv.,ablative form of e; why (interrogative),,,,,,,"Inawa Dareda, Sawa Badu",
7f440453-d646-4a44-bd81-891ebff4300f,Emi_8e2d9a38-77c3-42ca-831b-2756ebece2a9,prop.n.,female personal name,,,,,,,,
56c94c8e-a2db-456e-8915-6b58b7023049,enanae_83a10131-55d1-4563-9db5-e633d1dccdd1,adv.,"directly, straight",,,,,,,,
8e9b7b43-b034-4ec7-b1b9-0619557b252f,enanae_83a10131-55d1-4563-9db5-e633d1dccdd1,adv.,"forever, for good",,,,,,,,
ba286ca0-bb58-4674-9226-3b72f923c7d6,enanae_83a10131-55d1-4563-9db5-e633d1dccdd1,mod.,"final; finally, at last",,,,,,,,
6ac4d75b-35cc-4d8a-8644-709442ad95a2,enanaeenanae_2d172ce9-7609-4078-8a4e-33712ce8fcb2,mod.,eternal,,,,,,,,
70c86102-be7d-497e-a1b1-014e6c70414a,enda_22898b10-5d73-4efe-8748-bd671fb7a7fe,int.pro.,what,,,,,,,"Inawa Dareda, Sawa Badu",
521cdc7e-143f-4ec1-b0af-12ca54e4bb4f,endaeya_b59e3455-6c9d-4ba8-aa9c-952a29180443,cop.,past singular form of endan,,,,,,,,
adb11403-f11a-46c6-96a5-907e92cce848,endaeyag_895abcc5-8c80-4586-b9e9-0315c5db1586,cop.,past plural form of endan,,,,,,,"Inawa Dareda, Sawa Badu",
5629744b-bc95-4460-9580-a06652db1893,endag_82159106-f812-4515-a959-d3e000886b4a,cop.,present plural form of endan,,,,,,,,
fc06b392-9bbe-4b2d-9da5-f7a28e27283b,endagaeya_3d363bcf-9b16-4cfa-9b1d-36c9e9f9c262,cop.,past plural form of endan,,,,,,,,
5934da66-0b65-45b3-84af-01460f548998,endan_84bbd8bc-45d5-4204-b55d-c63ce4e68d04,cop.,copular form of enda (present singular form),,,,,,,,
8957d5ea-b753-4782-aa82-ee3bcf72661b,endaya_534cf4a9-c387-4884-9d19-66ee3ca7393d,cop.,past singular form of endan,,,,,,,,
732c6027-6822-42d2-9ae6-ee3289526b1c,Ende_696f852f-e18e-43fb-a336-a8cd695e497c,prop.n.,"Ende language (Pahoturi River language spoken in Limol, Malam, and Kinkin)",,,,,,,142:7,
c13fa286-d0b8-4098-bcc8-85d01f8db918,ende_b9c47b6d-a03e-49e4-8677-0503d881a83a,int.pro.,accusative form of enda,,,,,,,,
a219ae99-e77b-4f46-8dcd-a5ec8517fcf9,endeya_3a6433b6-35df-4edd-9cfb-b343729a2753,cop.,cop.what.pst.sgS,,,,,,,,
a55a07ff-a6fe-4643-82c2-7f1fb0df35a8,Endo_5c1efcef-67be-443e-ad11-8ca18d17888e,prop.n.,female personal name,,,,,,,,
d4355d2e-142e-4b45-86ff-f86448d43654,enddäna_f8530e47-0719-4c44-9d22-6549a9d027bb,n.,clearing,,,,,,,,
aa576d16-4eef-4040-924e-6f3882717c0e,enddänaenddäna_48b4a3da-6a4d-4f2d-a0fc-32780273dda4,adv.,"in the open, openly, freely",,,,,,,,
027b3c47-71f4-42c5-9146-bbcfe2c65b95,enma_72abfa50-87c8-4ee0-b77b-f48553a7a313,n.,nature,,,,,,,,
913bfc55-28a7-4541-beb4-c1ac044a1419,Enza_202bf38d-402c-4600-8ae6-f1f387090068,prop.n.,"Enza (Bitur-speaking village in Oriomo-Bituri Rural LLG; from Limol, one must pass through Bisuaka)",,,,,,,"Bodog Jowanang, Geoff Rowak, Inawa Dareda",
87ab5c62-feb3-4578-b435-8063176c5be2,enzul_464cbeb4-7e1d-457e-8a9f-868920515c68,n.,angel,,,,,,,,
4158ebf1-cb24-49e1-8530-ff4b58e9a27c,English loanword_2a5bb079-5db2-4380-8b19-a34437351657,Pro-form,,,,,,,,,
6d7b07a9-5b8d-4569-bc79-571128b6a03e,era_19694eb6-5683-48af-88ef-1fd83363ba56,rel.pro.,"which, that, who",,,,,,,,
b7e4fd34-06b4-4c4e-bde4-4ee4b431772a,era_19694eb6-5683-48af-88ef-1fd83363ba56,int.pro.,"which, what",,,,,,,,
fab3152a-43f7-49c3-a417-202e61566e8d,era_19694eb6-5683-48af-88ef-1fd83363ba56,nom.clt.,focus marker,,,,,,,,
b549ea15-ab66-4804-8ca2-df7b3eb8ed09,Erabal_0a7da783-5b3f-48f4-af9b-663bd6a4fa60,prop.n.,female personal name,,,,,,,,
b9463240-7956-41b2-97b6-2cf3dec3918b,eraballe_27e70b2d-504a-4f6a-8950-b9c68fb28a3a,rel.pro.,instrumental form of era,,,,,,,,
efc36814-51d9-4378-892b-3c0e7f15dbee,eraeya_84366845-1c91-4174-aad5-88afc0374261,cop.,past singular form of eran,,,,,,,,
a1b385ce-8503-498a-8ab8-8c191a070fd9,eraeyag_cdb28be6-6fa9-418f-97dd-5fa94e43234d,cop.,past plural form of eran,,,,,,,,
cb30848b-b325-43b2-9fff-3d96ab0edbf9,erag_7b245bd5-4077-49d5-8d2e-e44d2178953e,cop.,present plural form of eran,,,,,,,,
92c6f53b-8396-4be8-b087-157cf4ec488d,eragaeya_1efa69d0-d7b1-4c4f-84c4-d96b17810ea1,cop.,past plural form of eran,,,,,,,,
201a4787-bd10-4af5-a053-4860eda8af8c,eragwaeya_460efd1d-62a8-49ac-8a47-f60f882dcdc3,cop.,past dual form of eran,,,,,,,,
e7d35a10-d48e-41b1-9a98-e512209a3faf,=eralla_c98762ce-429a-4d85-8ab2-5e17caf5f828,aux.,aux.prs.1|2nsgA>3sgP,,,,,,,,
36f1ec8a-e657-4c9e-906b-f09ab526345b,=eralla_c98762ce-429a-4d85-8ab2-5e17caf5f828,aux.,,,,,,,,,
79933467-0db9-47d2-8e31-d1b3cdef624d,=eralle_f2cadb49-adff-49ff-9ec5-33518d94d0a1,aux.,aux.prs.2sgA>3sgP,,,,,,,,
d31d4047-4e20-42ac-8182-980ca344860c,=erallo_6903a3f5-c73f-424d-93cc-96f99f29889c,aux.,aux.prs.3nsgA>3sgP,,,,,,,,
dd8e1a10-267c-4416-8d2d-4eb97d80ae5a,Eramang_e34a7cc9-52a1-4c19-9c59-b99b1d7fcb25,prop.n.,"Eramang (the main canoe place in Limol; for camping, fishing, hunting)",,,,,,,"Bodog Jowanang, Geoff Rowak, Inawa Dareda",
c430fdec-e7a8-45a3-900c-d8f6cf41c426,erame_6106e8e2-910d-4130-abf8-2285ed15d922,rel.pro.,"locative form of era; where, in which",,,,,,,,
d850f81e-78a1-4202-abc4-8dc663c0ffb5,erame_6106e8e2-910d-4130-abf8-2285ed15d922,int.pro.,"where, in which (locative form of era)",,,,,,,"Inawa Dareda, Sawa Badu",
5a988bef-96e6-4083-b90e-d8123640852d,eran_0ce00fd4-836d-489b-8f09-fee7a9f24555,cop.,copular form of era (present singular form),,,,,,,,
aa39ad18-f5d4-4851-814f-5eb698e6dc00,=eran_a0f7f2d9-bde7-4bca-84dd-9db2fc40765b,aux.,auxiliary verb in the present tense that marks a first or third person singular actor acting on a third person singular patient,,,,,,,,
c6d419c3-e146-4744-8cea-2229ba9ee4f8,=eran_a0f7f2d9-bde7-4bca-84dd-9db2fc40765b,v.,,,,,,,,,
871250cb-1975-4aa3-bfa8-289ed561681a,=eran_a0f7f2d9-bde7-4bca-84dd-9db2fc40765b,v.,,,,,,,,,
f89027db-05e9-4b9c-98bb-d35e1729b6bd,erang_3d223c9b-1b41-4540-b539-13405ff32e55,Kinship noun,exchange sibling; exchange brother (man's wife's brother who marries the man's sister; reciprocal); exchange sister (woman's husband's sister who marries the woman's brother; reciprocal),,,,,,,51:29,
2cf317db-f3a8-4d37-a83e-5c32153e5c57,erany_bae9135a-4341-402c-8d3e-ec5d8473324f,n.,scream,,,,,,,"5, 15:8",
c9985f15-5908-44c1-b7dc-0b8a99f1dc45,erany_bae9135a-4341-402c-8d3e-ec5d8473324f,cov.,"to scream, shout, yell (at)",,,,,,,,
7a34c2a0-d1fb-4be4-9e0c-b4519ec6dfec,eraya_91c8faf3-3659-4c90-9260-daafce1fe682,cop.,cop.where.pst.sgS,,,,,,,,
8c58e201-42fc-425d-b0ac-e6f0256929b1,eräl_f623bf9c-0983-471c-b4cf-2e251ecbf9f0,t.v.,to name,,,,,,,,
c5994ee0-c8af-4b32-92fc-fb181b188949,erängg_54df2c53-7391-42a6-aaa3-b2cbe9b4317f,t.v.,"to test, try; taste",,,,,,,,
fecd4d5c-0bd9-4ed6-88bf-753002525e52,erär_78b8acb4-fff5-42e0-b2d5-3fa9115f2471,t.v.,to name; pass down a name,,,,,,,,
92b90637-e2a9-40e4-b323-cf400c5119b0,erär_78b8acb4-fff5-42e0-b2d5-3fa9115f2471,t.v.,to measure,,,,,,,,
217bafef-094c-4809-8de8-0f14de707505,ere_04e5292a-68fa-4c03-8566-4fbc5ec18d45,rel.pro.,which.acc,,,,,,,,
626a1993-17b5-4ee6-a0f5-956f1a374ab5,erem_f35ea826-0f5e-4cc6-a3b3-3967af5b5e33,rel.pro.,accusative form of era,,,,,,,,
7b7c7b64-1372-43d5-b1ad-6e356aae7c47,erem_f35ea826-0f5e-4cc6-a3b3-3967af5b5e33,int.pro.,accusative form of era,,,,,,,"Inawa Dareda, Sawa Badu",
8ed26985-f595-4ae2-99ca-027ce29fff0c,Erga_29b41fad-2f8d-48e0-b400-b78fd1cbe07e,prop.n.,female personal name,,,,,,,,
076d8422-d393-4320-9176-6477e1606ecb,ergod_f473dbb7-ac9f-4494-8565-a61d3fc80cd9,i.v.,to crawl,,,,,,,135:6,
f20a3112-de07-4b68-9266-1112341337f5,ergodag_b76523f3-30a6-4b1c-8706-cdc44d1abe9f,n.,toddler,,,,,,,,
41f9dcdf-8e02-476e-a5d3-955963547b74,eria_3cfa93b3-ed60-4014-8ac5-088c464c7a5d,n.,area,,,,,,,,
c9a4ede2-f66d-4d06-af2a-82e4e94dd3cf,Eric_16618d9f-c3e1-41f9-afcf-46f60e1ec8da,prop.n.,male personal name,,,,,,,,
89f4540b-9c7c-4ebe-ac9e-f8cf9a3ad457,erkoll_e40a67f9-5ec8-437f-98e1-d0306a6d51b1,n.,dirty water,,,,,,,,
007d57da-f4a4-4ef5-8b77-8d840f1f6ec0,Erme_d0c6da4a-4f4c-4a81-9f82-4e140c4c67be,prop.n.,male personal name,,,,,,,,
54be296d-8061-4ba7-90a9-8983e8f7504c,erngazeg_fe654fef-01d8-41ce-9310-b777e88130bc,Kinship noun,exchange cousin (one's parent's exchange sibling's child),,,,,,,51:27,
5d72c783-6798-42fc-b0de-2211fb50ac92,erngazenda_28619df6-03c9-4cfd-a68e-9c6c5b353d58,Kinship noun,exchange uncle (one's parent's exchange brother),,,,,,,51:28,
0f52f4c8-c043-4031-92d1-909cb3f023ab,erngazmäg_5a1dc795-027e-4d83-9b5e-77e8ff90b929,Kinship noun,exchange aunt (one's parent's exchange sister),,,,,,,,
821e0c8e-4b11-45e9-b25e-b409fa412836,ero_3497a877-1d16-476a-b8b3-f67e36ad43d2,rel.pro.,where,,,,,,,,
af394df6-031b-41af-b149-011f338a8ffd,ero_3497a877-1d16-476a-b8b3-f67e36ad43d2,int.pro.,where,,,,,,,,
915a9fe1-e0aa-43fa-8373-e62c3696f99b,Erodias_cddca0e7-b17d-40dc-ade9-52e280599455,prop.n.,,,,,,,,,
00817f7c-c112-41be-ae23-d6797222f6ee,eroe_791c8721-2ea5-4586-97dd-c006fa78276b,loc.n.,side,,,,,,,,
efa255c7-6871-4ecc-b17b-29c6b1d21b33,erongg_fc68c759-66e9-427b-be26-22cc97572f0c,v.,to start weaving (crossing strings),,,,,,,,
d040d52f-6340-4afc-8cfa-a1b57741a8cd,erowattäm_d8f5f858-a803-4e08-b8e7-e8aff27b29ed,rel.pro.,ablative form of ero,,,,,,,,
69091ce6-451b-47dc-8038-b18a0e2350e5,erowattäm_d8f5f858-a803-4e08-b8e7-e8aff27b29ed,int.pro.,ablative form of ero,,,,,,,,
97f46efe-2708-48da-a335-55fa44daf081,erowe_b496a16c-d86f-4cfd-bd9e-c0d06d61cf3e,rel.pro.,allative form of ero,,,,,,,,
baa651a1-dd93-4021-93bb-c38239de32fc,erowe_b496a16c-d86f-4cfd-bd9e-c0d06d61cf3e,int.pro.,allative form of ero,,,,,,,,
93407efc-f4df-49c6-85e8-9dfff28195e5,es_4a91d6e7-29c7-4eef-9d5c-be797e621d69,interj.,come (command given to animals),,,,,,,,
e630afe0-06f3-4fe6-8cc2-dd4a217c4158,esam_c73b3c8d-cad7-4a9a-a77e-345427eed875,n.,lemongrass,Cymbopogon,,,,,,Warama Kurupel,
693a937d-07f6-486d-990c-8b39b9a990b4,Ese_cea2e4c5-cefb-4b4f-9899-b3aa2374f7c2,prop.n.,male personal name,,,,,,,,
446d38eb-fdcf-4abd-b01f-ec21f0654f3b,eso_177775d9-4d17-4fca-8d68-4f4003ae338e,interj.,thank you,,,,,,,,
2fe6c6e9-b841-4317-824b-93b72e8ada3f,Essie_6080535a-9cca-41ee-8210-128cbbfdda0e,prop.n.,female personal name,,,,,,,,
73339599-56ca-44df-8b38-065a02c44a69,Esta_b8c20795-3eab-46b7-97ed-c905be3a1d75,prop.n.,female personal name,,,,,,,,
65cc6b7b-2568-4cdc-8c01-e52c8b2c6926,ewede_53221e2c-811f-44f8-b888-9880991efea4,rel.pro.,why,,,,,,,,
6504b7b2-42eb-4c5c-b224-8f979d519f1a,ewede_53221e2c-811f-44f8-b888-9880991efea4,int.pro.,why,,,,,,,,
3082d271-cf1a-4b24-aa86-c72dd05fd7a8,ewembe_c65b263a-4dcc-46ee-b84b-607280b1f66f,n.,"type of very big yam with a white interior, thorns, and hairs",,,,,,,,
34e53735-6c4e-4fa2-92ea-1e1add50e19d,ezi_e9f14890-ba8e-4f8b-a639-12463efccfb6,n.,sharp edge,,,,,,,73:7,
14e6791d-e806-474b-8a41-f660f3e3ea95,Ezra_8f5fb3cb-e082-45ac-b922-d2d47816ca48,prop.n.,male personal name,,,,,,,,
49e7ad33-5ff8-412a-a9db-05e896e6ce6d,Evelyn_40786e9a-624b-4a0b-aa2f-bf602c20e082,prop.n.,female personal name,,,,,,,,
3b60ef33-0d22-4a41-8419-1a5e3cfb2248,Felix_afd6bc80-0422-46f0-9a8a-32aeeda23632,prop.n.,male personal name,,,,,,,,
446fa3ff-2714-4e16-aaf5-a735ea3601ba,femli_99dcc04a-48a1-4822-b8bf-776342a5f6f7,n.,family,,,,,,,,
a47c1008-90bf-4f10-b7c6-0b41a7c25e37,five_5b7320c9-5234-4ee6-b98c-e1050cbe5661,num.,five,,,,,,,,
a5e7385e-b4d3-45ba-b1a1-e5a4f46840d6,Flora_eaac0490-2783-40d8-99e5-1c8177e4432e,prop.n.,female personal name,,,,,,,,
d81e8b99-da5c-47bf-96db-79b3df80f783,fo_9c8784c5-b182-4a94-8471-9c240af87d04,num.,four,,,,,,,,
62105624-799b-40be-b530-f18250cad773,Frank_688be5b0-1caa-4748-82d2-e4935866c0d7,prop.n.,male personal name,,,,,,,,
2f3ec903-b53d-441b-986b-d18975cf0ab4,Francis_552f5b52-16fe-4f51-8843-68a3d6ed269d,prop.n.,male personal name,,,,,,,,
e287420f-a1ac-4907-b4ec-636d8c31ecc6,=g_0d31324e-3049-4fd5-84b7-2823497a3d53,Verbal enclitic,cop.prs.plS,,,,,,,,
4142ec3b-1a0a-48a1-b1f7-7cb63883a158,g-_3da13ea5-bb00-4b8b-a3a5-ebe165d9e797,v.,rem.intr,,,,,,,,
0a17225e-3e30-4d47-9e80-83e16fe4204c,g_747c4116-66a5-4a8c-ab69-e3e29f5e4fe3,aux.,aux.nonpres,,,,,,,,
1a77ca41-46f6-46a0-9266-ec615d012418,ga_d3f7d38b-fa34-453f-ac3f-801422d66b19,aux.,,,,,,,,,
03a83063-1e31-4b90-b1d4-ea0ecd8d99f9,Gabadi_850bbd37-a1a3-44d2-8f9a-5bccb34416b9,prop.n.,female personal name,,,,,,,,
fa04b695-b925-49a0-b2f2-5e6b0bce6369,gabana_d6a30758-a9bb-4914-b80f-8e08ec73e9eb,n.,governor,,,,,,,Sawapo Badu,
e8dc3bb2-4055-4bf2-8e68-d22f6fcf4972,gabän2_b86e5159-8eba-4d6d-a7d5-8393fe4762ea,t.v.,"to cut in half or to split, e.g. to split a deer thigh with someone.",,,,,,,,
cf03531e-047b-424e-87bd-7aee1ba95fa0,gabän1_ec7660b1-1cdd-479d-a58e-9b8128c6600e,n.,wrist,,,,,,,129:2,
14d1f498-91e3-42cb-830b-9c87daddeab8,gabän1_ec7660b1-1cdd-479d-a58e-9b8128c6600e,num.,six (lit. wrist; body counting numeral),,,,,,,,
3f07ada1-df15-4d15-a35b-72d6c16afb38,gablle_6a9d9f6d-a68d-4dfe-8266-6d7df49afb3b,n.,hip; waist,,,,,,,128:23,
aa083500-227c-4c55-ab30-b9d28d029b60,gabma_06be4464-f81f-43ae-b887-ec68a1766646,n.,white person,,,,,,,,
20c49c32-3f09-448a-bee8-635f2606ae85,gabma_06be4464-f81f-43ae-b887-ec68a1766646,mod.,"white, Western; foreign",,,,,,,,
805ba82f-e1bd-4e9f-9954-6782031af317,gabma bägäl_90348357-0896-4e40-90a5-6febadb64d18,n.,gun,,,,,,,,
1570921d-1df8-4997-a7a3-7e34aa507f4f,gabmantt_87638535-2808-4dc4-a840-4ecb4184762c,n.,government,,,,,,,,
1d956c44-7c24-4080-a021-e0b3a91f2639,Gaem_ecdb99d8-eddb-4c91-991b-9bcc65429124,prop.n.,female personal name,,,,,,,,
7501f830-bf01-4b61-86b7-5efa2579605f,gae nge_1092b8b3-8204-4441-b704-99e33bfc8728,n.,type of palm with coconuts with a red or green exocarp; the husk is chewed and the young coconut water is drunk,,,,,,,,
e26ae1b9-d17d-460e-98e0-ecadfe2fbe0d,=gaeya_930f85e3-a592-4b24-9e67-fc724c24169d,Verbal enclitic,cop.pst.plS,,,,,,,,
f7ec4e2b-3658-4d75-8c45-db4245af353b,=gaeyo_44a5842d-7120-4cc7-aabf-f5574de533ed,Verbal enclitic,cop.prs.duS,,,,,,,,
36941da8-5082-45aa-9045-433e5467a363,gag_7a45516f-628e-46e3-889a-182602083d27,t.v.,to store,,,,,,,,
f3fdc6be-c42b-4d2e-a9b0-571be275f12b,gagagäll_1904ae00-68cb-46a7-bf8c-7723c9be0591,adv.,,,,,,,,,
6013ad19-3a17-47ca-b28a-95307bf12776,gagägagäll_8522458c-cfe2-4556-ac09-838e71263d12,adv.,"badly, poorly",,,,,,,,
200aed8a-bbb3-4e9c-9be1-b67eb1775896,gagäll_272648d5-ba7a-4d07-9379-764c5e3eede1,mod.,"bad, rotten",,,,,,,148:10,
4b341fc3-9838-4d11-959a-a5962dd58637,gagäll_272648d5-ba7a-4d07-9379-764c5e3eede1,mod.,dead,,,,,,,,
21b451be-b065-4bcd-82d6-888d6d684d7f,gagäll_272648d5-ba7a-4d07-9379-764c5e3eede1,n.,sin,,,,,,,,
cabdfdf7-751d-464e-8bc3-b922df07d453,gagälläd_c29cb7bd-a2d1-4f5a-9145-c6f5833b9aaf,t.v.,to cut leaf,,,,,,,,
3255d798-5c3c-49ca-974a-bc57ab74859d,gagäll ine_c8d4d8ab-f5f8-4d19-85d4-dac4b3646728,n.,beer,,,,,,,,
0afba8ce-521f-418b-aadb-adf4cdf95611,gageb_58e8bb6f-5c1a-48a6-be4b-5f1742faf911,n.,hind leg,,,,,,,,
c5127aeb-1ec1-4dcc-a2a1-67d40c7f119f,gaguma_c872e84e-2ca7-445c-bc69-a6baac706b9b,n.,yamhouse,,,,,,,59:15,
4816d57a-1b5f-4a54-9ffe-7e9e0fad7fb6,Gaima_ad55bf8c-9219-4f46-b390-bfb8fa4fdbee,prop.n.,Gaima (toponym),,,,,,,"Bodog Jowanang, Geoff Rowak, Inawa Dareda",
0ad8f451-fca0-4562-90b0-0ae828a1c449,gaimbi_9c48da59-bc54-4dfe-a2a4-63e07fdef6d2,n.,type of fruit tree,,,,,,,Tony Warama,
7fc6f95f-2ca2-4747-be47-62cb1ee4ebac,gal_9149b7cd-d91f-4577-81cf-b836446001d3,n.,food offering,,,,,,,39:16,
023d9350-5958-4f0e-bd7f-b8656b27db08,galbe_1f0b6f0e-96f7-4c8f-b442-077590c3d79c,n.,purple/greater yam,Dioscorea alata,,,,,,,
048980b1-3a67-4d6b-80e9-93b8b9c82cf7,galib_6da4b181-dba5-4f8b-b28f-856a1cb56539,n.,type of spear,,,,,,,"Johnny Bodog, Inawa Dareda",
ca3f1b4a-80a4-427f-9e39-8e05dc64bccd,Galibma_1cdd9d9c-2c14-4e67-9047-4cb54e2b54ac,prop.n.,"sacred place of Biku (Madura) Kangge (on the road to Bisuaka, after Limol ma kuddäll; bush area, creek)",,,,,,,"Bodog Jowanang, Geoff Rowak, Inawa Dareda",
2bd62ef2-d6d5-44bb-b695-9673e4d1f8b9,galigali_df30a700-25a9-4a9b-a1d9-cfeda09cca32,n.,type of small taro,,,,,,,Sowati Kurupel,
d50b0d3d-c101-445f-ba38-7b5f2549a9f1,Galo_ad3e12c2-a65a-468b-8bd1-f5bae322b095,prop.n.,male personal name,,,,,,,,
54590282-222a-4aff-9c55-c9967ea595b2,Galwe_bba0f94c-b62a-46c6-862e-8b1c0d8323fa,prop.n.,male personal name,,,,,,,,
dfed4866-f7be-4468-88d1-270195b1b5b9,gall_2f8f4611-85a8-49d8-bd18-359ecea68f80,n.,"canoe, boat",,,,,,,183:17,
a1f7d883-30d8-40a0-b729-48313c9453dc,gallab_57d23975-43bb-431b-b58d-67476cac932c,t.v.,to open (one's mouth),,,,,,,,
4db6aeac-39e1-4284-9baf-f4a2f036b2ed,gallgall_647872b9-6fe6-45e3-9033-b06f9406a029,n.,"bank, coast, shore",,,,,,,,
1ca5745d-578c-4813-bc49-c3154355fb8d,gallgell_d88ee71a-640b-43d2-b0ef-07edd525162c,i.v.,"to remove leaves, take leaves off; remove skin, skin",,,,,,,,
893a93e3-a8ff-4a09-85c5-9587004ed616,gallgell_d88ee71a-640b-43d2-b0ef-07edd525162c,i.v.,to open mouth wide when screaming,,,,,,,,
4ccd3716-4998-4133-a3c5-defeda2d585b,gall gullem_1580ab6e-0c72-4174-8cb4-0f9a5be09ef7,n.,canoe outrigger,,,,,,,183:36,
58c4d03e-8c8d-4e98-bc51-b8f112e599a1,gall ngattongag_2288f977-1ff1-4134-a3c5-baff6b557214,n.,navigator (of a canoe),,,,,,,,
03004d24-bbd5-4833-89c3-3ff22635bd14,gall onyang_345612b4-a0fc-40df-93e7-fa42f57d124c,n.,operator (of a canoe),,,,,,,,
ce545450-cfc4-4648-85b2-13a832690520,gallwab_15d2cf6a-ae01-41d6-b969-ea88ef583b60,t.v.,to prune,,,,,,,,
dfae04be-61b1-4391-9fa8-7bdf6c985b33,Gamaewe_966b060b-21a8-4bfb-91d8-ae2cce069e71,prop.n.,Gamaewe (toponym),,,,,,,,
d28b5c98-7098-42ff-8885-d06148dd82d7,gambäg_1b580209-18e8-450f-9ef8-9bcc4544f4d0,i.v.,to stand closely,,,,,,,,
36a605c0-b7c5-49f2-b717-cd3942cb0c6b,gambän_6eab883e-662a-402d-a5de-f54d793f5853,i.v.,to stand,,,,,,,,
159b5038-cc99-46b3-ac88-e671f71f89c8,gambenängg_a8c38b85-f023-4468-a876-d5cbd2d19207,t.v.,to help (someone) stand,,,,,,,,
8b0eabbe-6f9c-4aaf-82ad-0254ef86242b,gameny_3f6232d8-7054-4abd-a269-be0e129e68be,i.v.,"to become cloudy, when dark rain clouds are forming",,,,,,,,
372995dd-3197-4624-91a9-7e7bebb5293c,gamo1_549e4766-b878-418a-9d33-ccd490f5faa1,n.,type of large sea turtle,,,,,,,,
ea8a2dc7-79d3-421f-9633-8c13c012c41a,gamo2_55fa96b2-7de0-4d1c-b364-51783f3cc7cb,n.,,,,,,,,,
13286dd8-c8af-48c3-8a49-c61da6d9af42,gamu_5ed078d5-0898-41a4-80d5-cdad004b67bd,n.,type of ginger with flat leaves; used as medicine for centipede bites and as bait for catching flying foxes; chew it first and the flying fox will eat it and become lethargic,,,,,,,,
a611dd75-12d6-400a-bb7b-dc5f5460f875,=gan2_ad67faf7-4df9-4ffc-9ae7-66c1dfc507d7,Verbal enclitic,cop.prs.plS,,,,,,,,
083df012-c16a-4e96-bab4-cc78871a22b5,gangan_f5490469-daf6-4707-b634-6553a4bf6206,n.,type of tree,,,,,,,Tony Warama,
b553a929-bc28-4df7-b4b9-f8f6430d82de,gany_571386e6-2cce-46a1-973b-eb7c96eddf74,t.v.,"to plant, place in the ground, put in",,,,,,,,
ca2d3626-cb39-45fc-a055-82de2a21ad9c,gany_571386e6-2cce-46a1-973b-eb7c96eddf74,t.v.,"to focus, tune",,,,,,,,
81c072b4-3312-4bfe-935d-8a1632f68048,Gao_a3e98a2f-6c52-4f43-b069-57c0d3ff807c,prop.n.,male personal name,,,,,,,,
423ad911-66ac-4e75-ab03-82e5bd2a0ce9,gaopi_83275afd-6e3d-4ba8-b366-c1bc588d14ac,n.,Australian pelican,Pelecanus conspicillatus,,,,,,,
138ac4c4-bf86-42a7-9690-c0a75cd0fbcc,gaora_556aecf4-4cdd-4833-bf9f-18c28fce96f2,n.,type of sago,,,,,,,97:27,
3136cb20-0217-4a1b-b95a-caef06e3626b,gara_a9403f71-43e0-4143-98ea-690f69e45b1c,n.,aquatic leech,,,,,,,,
ebd964db-5b27-4c34-8002-9521b79b2bdf,Garayi_b8edc8bf-c18f-48c3-b8b4-632084844146,prop.n.,male personal name,,,,,,,,
02d1a33b-5b10-40c2-a82e-395736d49d0c,Garaz_629a70bb-4782-4103-846f-21bd8357a4dd,prop.n.,male personal name,,,,,,,,
a15b2edd-5a8f-4292-acf9-9d313ff63b26,gastol_d2049656-98c6-48ff-b720-508284db6f6b,n.,type of fish,,,,,,,,
9037fa49-ac0c-41d8-a420-479f2b548c2c,gaugau_eecd184e-21ba-4e32-809e-89bc2a6f56b8,n.,type of big tree that grows in the bush along creeks with wood used for canoes,,,,,,,,
2e2c9921-3481-440f-964e-3845da6b3851,gazen_e71216c3-b2d4-43c3-8af0-69e8ff3ee86c,t.v.,"to come out, get out, exit, escape",,,,,,,,
d13ade30-1408-4db6-82d4-dcf1a5face7e,gazen_e71216c3-b2d4-43c3-8af0-69e8ff3ee86c,t.v.,"to rise, come out; shine",,,,,,,,
d8af8b3c-96e6-47b1-85fd-2a98690ecb9d,gazen_e71216c3-b2d4-43c3-8af0-69e8ff3ee86c,t.v.,to take out,,,,,,,,
6ff354ab-c021-4e49-88bf-0dc6e0adcf74,gazibra_0e272d50-fe61-414e-8691-6daf365434e4,n.,type of edible water snake with skin like sandpaper,,,,,,,,
cd6a0624-8fe9-4c88-b2b0-a09ef6756688,gäba_e01d5e6e-3dd1-4bdf-9f42-990ca943ce04,n.,shade,,,,,,,,
0926b670-ba06-41a8-bf65-c694cc1c7b48,gäbaeb_12a122da-8464-4b34-96de-77a86b2aff40,i.v.,to jump,,,,,,,,
915eac4c-a60f-448c-bace-ba303bcabdeb,Gäbag_8c967ce8-35a1-4043-bda7-f3df45b9dbfa,prop.n.,male personal name,,,,,,,,
0966be7d-b5b5-498d-8b01-38ea3b8373d0,gäbagäba_cfdf18a4-f91b-42e4-8640-2f5c5d9be773,mod.,shady,,,,,,,,
10fdc32e-7c7f-4aa0-91b6-5261103d2274,gäbän_fcf3cc45-e2f2-4592-9b0f-638b8a19b38b,i.v.,"to jump, hop",,,,,,,148:6,
688a1d3b-4214-40b8-90e0-30b23559ec58,gäbgäb_9b0a842b-0c83-4fcb-8280-9d3bc98b1f32,n.,type of tree,,,,,,,Tony Warama,
4f41df8f-0d38-4ec2-8a9c-9dbbf5a4d9ba,gäbmäll_12c7276c-a183-4e06-98f2-88afbec0b4e5,v.,to skip,,,,,,,135:5,
f0021f67-0991-410f-8d85-be31587a88c7,gäbmällgäbmäll_a3c56484-5f92-4759-b0ca-0eb9b3f7a835,adv.,skipping,,,,,,,,
f90e7a22-b3ec-420a-90f1-2f73861f211e,gäboll_cc7c50c6-3632-49d2-bd28-15fd0796e794,n.,magpie-lark,Grallina cyanoleuca neglecta,,,,,,,
e883fbaa-5778-45bf-a543-9e4642ce8a2c,gädagäde_7533cf43-aeb4-403e-a312-b4893b954072,t.v.,"to beat sago, pound sago",,,,,,,,
0b9bb7ce-f69a-42f8-8cd1-f9130ea06e56,gädagäde_7533cf43-aeb4-403e-a312-b4893b954072,t.v.,to sharpen,,,,,,,,
05e7c7be-616c-4650-a17c-0492883eada9,gädagäde_7533cf43-aeb4-403e-a312-b4893b954072,t.v.,to throw a tantrum,,,,,,,,
dbc900bf-9404-49df-9708-93b586a597bb,gädän_c4da59d4-91d3-49a9-800f-d5bb17582986,i.v.,to land,,,,,,,,
0c842c89-f34d-4b4f-86ee-e87d43e25d7f,gäddgädd_d39a967a-e5c4-45ab-81b3-9c0b55b50b1a,t.v.,to fight,,,,,,,95:14,
c9a9ddbc-4463-4529-98af-717a812f199d,gäddgädd_d39a967a-e5c4-45ab-81b3-9c0b55b50b1a,t.v.,to catch,,,,,,,,
cefd6472-9f2a-4ff1-9d7b-0f111060e9de,gäddgädd_d39a967a-e5c4-45ab-81b3-9c0b55b50b1a,t.v.,to cut (leaves),,,,,,,,
54df402b-7e8a-47fd-802e-6c2417f17255,gägabäll_53afb4bd-3e06-4c67-914c-86e01c9246a2,i.v.,to stand,,,,,,,,
4bd7c4c4-5ee1-4caf-9631-2c52e5f0e092,gägäb ine_a6e43f7e-181d-41fe-8a6f-734aa64115c1,n.,dew,,,,,,,,
696d8dce-01fd-44d5-84a1-b5f396af974f,gäglib_db9c1e48-c255-44cd-b1ea-d2b7c26598a6,t.v.,"to chase, scare away/off (wild animals)",,,,,,,,
2179ecd5-93a3-4cb2-92c8-2772e0cfd5e8,gäglib_db9c1e48-c255-44cd-b1ea-d2b7c26598a6,t.v.,to pluck,,,,,,,,
a3c3cfba-4899-42a0-a899-0894ee75d1ab,gäglläb_ef6ebe93-6fb3-4156-8f94-aa19445aceca,t.v.,to weed for the first time (hard work to remove the large plants),,,,,,,,
f06bb9a1-1109-4186-80a5-073a0eedf9ae,gäl_a2555834-cdd4-4f31-a199-9d9975d7aac1,n.,"type of tree that grows in the bush with white flowers, brown seeds, and fruit with a yellow pericarp and green exocarp",,,,,,,Tony Warama,
f55d5e75-ad24-4693-bfea-498ac11d38eb,Gälabi_ec52ab3d-b518-418f-884f-5c3bcb4e49e1,prop.n.,"Gälabi (Wipi-speaking village in Oriomo-Bituri Rural LLG; from Limol, one must pass through Wipim)",,,,,,,"Bodog Jowanang, Geoff Rowak, Inawa Dareda",
fdbe73e7-2f0d-4655-b30b-6ac81d69aa1b,gälas_badc9d3f-b117-4704-b8e7-f17e1e5de222,n.,weaving pattern with concentric squares,,,,,,,177:9,
6992f3ba-09b4-45f9-a204-4fdb583cad89,Gäläb_d72aa40d-c878-4894-9cda-322e59a6c90c,prop.n.,Gälab (sago place and Geoff Rowak's camping place in Limol),,,,,,,"Bodog Jowanang, Geoff Rowak, Inawa Dareda",
9e582137-c969-45c5-b770-c406657a34f7,gälbän_602e800b-3474-485a-a70a-b06b86aadd7f,t.v.,to knock (a fruit),,,,,,,,
bd2a24ca-842c-4cfa-ae9b-c3de709e44ba,gälbän_602e800b-3474-485a-a70a-b06b86aadd7f,t.v.,"to defeather, depilate, remove hair; remove teeth",,,,,,,,
113197c3-9023-455a-8d70-14555b2d25ca,gäleb_ddf405e6-690e-4bc5-a241-047e4a336f54,n.,type of tree,,,,,,,Tony Warama,
6c020940-9886-4902-bb32-65fe51292d12,gällall_89d9ed28-3140-4d06-8c2f-98132a98c5b2,n.,type of pandanus,,,,,,,97:35,
3ed19032-4974-4814-ae59-cac61c7156f6,gällatater_00721a84-0009-4f80-8c7a-9728f6c2a4f4,n.,type of tree,,,,,,,Tony Warama,
2cc33574-1d4c-47d5-8362-71222fdeebe9,gällbän_d85fe0dd-4b39-4a5c-9668-5e75862065c0,i.v.,to break,,,,,,,,
a02e26be-5b02-47b6-8154-3b5958e27830,gälle_7c519961-1a25-49c3-867a-11111dc2d85e,n.,"type of big tree that grows in the bush near big creeks with wood used for canoes, white and blue flowers, and edible red fruit",,,,,,,68:1,
a4b03b3a-54db-4f72-9d5b-b61537f80cf5,gällnen_082d389e-6504-4b24-b76e-8e154baf5a2f,t.v.,,,,,,,,,
dc7161e1-cff5-4a5b-a720-4d364762ed8d,gämäll_9d127bd5-cbc9-413c-85f3-419a19b06023,cov.,to steal,,,,,,,,
a45910b6-0b47-4258-b2de-290f246cd918,gämäll tänggag_1cf51bea-5bc0-42e8-abd3-372c9ac68452,comp.v.,to steal,,,,,,,,
9e460628-5af9-49cd-ad73-a1c86cbf55e2,gämbanengg_5327c131-53d8-4001-b535-67a271976fff,t.v.,causative-applicative form of gambän,,,,,,,,
070e1037-f61e-40e0-8548-f0daddd9ccd4,gämoe_aca7a2ab-6ed1-4e6a-a52f-4adb6494030d,t.v.,to miss,,,,,,,,
075f510a-05e7-41a5-bc0b-f4cd91244a62,gämoe_aca7a2ab-6ed1-4e6a-a52f-4adb6494030d,t.v.,"to miss, feel longing for",,,,,,,,
690fca44-e98a-4b5c-a627-8a9a53dff276,gän_3bd58b58-5d34-4c85-9686-f6064e73696d,n.,gun,,,,,,,,
16fa77f2-6744-4050-9d11-c92c11a0b20d,gänggälläm_b2e406de-319b-4352-8d0a-fc5e77846df3,t.v.,to wash (a body part or inanimate object),,,,,,,,
e0ff9912-f729-42f2-a686-08b7e4e19d92,gänggllam_e72f11b8-b0b2-4fe6-83fb-2d374642871b,cov.,to snore,,,,,,,,
cfd6a06e-7539-4b61-aff3-fd86e609acbf,gängglläd_ed712e44-33bf-49e8-aadf-9db4a2a589dd,t.v.,"to shove, push",,,,,,,,
1756ef70-56e0-403e-b697-4ff645d06225,gängglläd_ed712e44-33bf-49e8-aadf-9db4a2a589dd,t.v.,to extend (e.g. a garden),,,,,,,,
d157cfde-7809-4510-92be-619f99f1b89c,gänya_3aba7605-cbde-476b-951a-fa675d41016b,adv.dem.,here (proximal),,,,,,,,
fa966914-8ca7-41c2-94d8-8303539506f4,gänya_3aba7605-cbde-476b-951a-fa675d41016b,dem.,this (proximal determiner),,,,,,,,
727cbb3e-229c-4629-96e5-7030fcfaaa12,gänyaballe_ae491433-4963-4317-b746-92d169429188,adv.dem.,ablative form of gänya,,,,,,,,
1ca1d2ac-c18d-4e49-9f9c-39e6ffdff514,gänyaeben_9e070ccf-9da2-4f7d-8602-8a4d19c3d0e6,cop.,restrictive copular form of gänya (present singular form),,,,,,,,
9754ec9e-11bb-458a-8571-007b117902ab,gänyaeya_37763417-0d8f-4bcd-a319-9a63fc4d3b5d,cop.,past singular form of gänyan,,,,,,,,
10753698-d4df-4e86-811c-13407d00d15e,gänyag_4f3bdebf-a954-445b-bf15-fd194548b3ab,cop.,present plural form of gänyan,,,,,,,,
6ea01225-225b-4b11-be32-0cd413f746dc,gänyagaeya_863624f5-3171-43d1-9a7b-b25d6c7587f6,cop.,past plural form of gänyan,,,,,,,,
2b1247e7-7367-4076-ac42-3687215d3c4a,gänyageyo_a597c653-0b9e-4c39-bcb1-e4f7d3284a0d,cop.,present dual form of gänyan,,,,,,,,
ca80f7f7-6c58-4fb1-84a5-ff0ac5215a87,gänyagwaeya_3287b6b2-9093-4e4a-89fd-2aeac74ccd50,cop.,past dual form of gänyan,,,,,,,,
9b7bdf4c-1afb-4233-bb62-d5f2bf784cd6,gänyamasäm_3a968ef7-5475-4e16-95fd-a84e348a1ff8,adv.dem.,ablative form of gänya,,,,,,,,
dfbbbc26-569f-4cbe-94a1-c9e2772bd209,gänyamasem_fcd7013b-38de-4cea-ba2b-f316028fdda3,,,,,,,,,,
d2f71779-7924-4ab1-b02c-fd898fcdcb6d,gänyamasen_88f990af-ee04-4918-a615-0f6d57a96755,,,,,,,,,,
2cf83648-0edd-4d26-9d8e-53b31f693da6,gänyame_c41b0475-8bb8-4e45-afd1-8353e8920f12,adv.dem.,,,,,,,,,
50a305c8-e602-469d-bf0e-6196bf0ecaf2,gänyan_415ea472-0aed-4dc0-89f7-a865955fdc61,cop.,copular form of gänya (present singular form),,,,,,,,
7f7f3456-35eb-4da9-be8c-3d45dbdd7b7b,gänyaolle_00a83d9c-639f-42bd-9052-9a36d2e55ee0,adv.dem.,allative form of gänya,,,,,,,,
dd0e2b16-7580-4274-bf19-5f54a86edcea,gänyaollemae_8ab588f5-2d7e-499b-b7ed-22dbffbb241e,adv.dem.,allative form of gänya with perlative clitic,,,,,,,,
c99b870c-1b97-4dea-b695-5f172715c414,gänyäme_ddd70610-20f1-428b-9ce4-5706bb8c5d63,,,,,,,,,,
b235cbd1-95d0-4a24-a725-fdcd4e6c64cf,gänyeri_a1bae507-1736-475b-9c50-14cfd86e2820,adv.dem.,this way,,,,,,,,
22751cb5-c2dd-44ce-9675-bf6b41b4530a,gänyeriballe_22052eba-05fc-4800-a694-7971a659d0df,adv.dem.,allative form of gänyeri,,,,,,,,
e64205cb-4e92-4fd7-8bf2-9871c4bb6abc,gänyerimae_c4ca2747-9067-4603-ae93-d0068db3c424,adv.dem.,gänyeri with perlative clitic,,,,,,,,
0d3f1d2e-c98d-406e-ac12-4a1bb21a8690,gänyme_1117825d-d29a-4460-b1a4-8fe5f19f6490,adv.dem.,here,,,,,,,,
58f41a58-57f4-40bb-802b-2bf2fd4ca127,gärep_a0ec14f4-9dd4-487f-825f-7fc56709e1ed,n.,grape,,,,,,,,
57d1cfc2-d498-43a4-974d-e7f84fb7f7ae,gäz_d5695850-397e-4e2e-802c-67de01882905,t.v.,to kill,,,,,,,,
e5e350fe-8c14-4a4a-b033-d77ed8fe1012,gäz_d5695850-397e-4e2e-802c-67de01882905,t.v.,"to hit, beat",,,,,,,,
ed222914-bc8a-4dfc-b19d-1913de110122,ge_8ac8e329-f506-4d04-82b1-42a4447fb998,nom.dem.,this (proximal demonstrative and pronoun),,,,,,,,
310a6dfa-483a-4567-a5f1-ea249707eee2,ge_8ac8e329-f506-4d04-82b1-42a4447fb998,adv.dem.,like this; for this long,,,,,,,,
faed7d6b-a2d0-47d3-8f57-4c4e1a0ae31c,geagell_e2b118b1-7f62-4d87-a61c-874dcc8f1cf3,n.,Lewin's rail,Lewinia pectoralis,,,,,,,
36f19536-9d8e-4b53-82f9-bf9d4784bf82,geawe_4d44e2cf-6f05-491e-9567-30c8d5d4a495,n.,type of big tree that grows along creeks with bright purple flowers and wood used for canoes,,,,,,,Tony Warama,
2c7150e7-8d2e-44ab-8574-6ec4f84bdb66,Geleli_6f409707-7557-4b23-a26c-e2a429f66504,prop.n.,Galilee,,,,,,,,
f3712abe-8bc5-4154-b7ab-0972bc66856e,gem_d739b567-ba5f-4e62-9628-25513bfb07b9,nom.dem.,accusative form of ge,,,,,,,,
8500fb13-a101-407e-93ab-ae50ec099a4f,gemae_b9034305-c28f-4f6a-863e-3c42eadc5a99,nom.dem.,perlative form of ge,,,,,,,,
677235ab-835f-4289-9e66-1f166d1f76de,geme_584d3fe5-406f-4764-9dae-02b3bd1fed26,nom.dem.,locative form of ge,,,,,,,,
ac82ec48-3cb2-4545-a738-dbaddd856965,Gene_399c08b8-acbf-4f5e-b7c3-c932b9cdaecc,prop.n.,male personal name,,,,,,,,
9b290a14-1118-4212-a603-c23ace5b0d54,Geoff_712681d7-fa37-48d8-af72-6843445ea865,prop.n.,male personal name,,,,,,,,
e7d6d820-3b72-4925-97c0-085fa8b273f0,Georgina_02cbb168-48c5-471c-b234-5d0c4def609e,prop.n.,female personal name,,,,,,,,
e077092b-023d-4ca0-b7bd-eedc017bd5d2,ger_1e7800f5-5cab-4884-a66e-8347049b7556,n.,type of big tree that grows in the bush,,,,,,,Tony Warama,
167023e5-3c1d-4d60-b94c-88bca9614ebc,Geser_b2194e14-9496-4b41-9f1a-ec444ade86c5,prop.n.,male personal name,,,,,,,,
043d882b-9261-4c1d-9392-7b9de6562bce,geyako_6d182f1e-c9ed-4911-aca5-08c64b3a7450,nom.dem.,,,,,,,,,
1bba724b-2a19-41d8-b778-f1630f5d3d72,gi_40c9f994-74b7-4a49-9063-6b7d60c38cb3,n.,"grease, fat",,,,,,,,
ca4daf57-bd56-4645-a241-3dd4e20aa839,Gibson_1b57e30e-9f9e-42e0-b837-2e8f2f04404b,prop.n.,male personal name,,,,,,,,
d451dd78-ac2e-4eea-8bf9-5926ce58be29,Gidra_929a1ea7-d24e-477a-9d13-8083fe7ae964,prop.n.,(possibly derogatory) Wipi language,,,,,,,142:12,
c4dfdbf7-5f52-4d13-964c-914aed1519e0,gidre_edd098b4-9b7e-43da-a0a7-aab854a29006,n.,enemy,,,,,,,,
0784afed-6725-48a2-a276-08e73e9877f2,Gidu_c3014c2f-8fb7-43a8-a1d0-1e28ddf5bd98,prop.n.,male personal name,,,,,,,,
1a31aa0b-38d9-4199-9cca-8aa646356727,giddoll_936c7769-c643-4825-ae88-8d16eff8bbb6,n.,life,,,,,,,,
5aefd0c6-1911-4717-b4b2-1e20bd6603a2,giddoll_936c7769-c643-4825-ae88-8d16eff8bbb6,i.v.,"to live, reside",,,,,,,,
4361b7fe-1077-4613-b344-9f8614cf3cfc,giddoll_936c7769-c643-4825-ae88-8d16eff8bbb6,i.v.,"to stay, remain",,,,,,,,
045eadc4-961a-4e42-8b0f-e9d61120dde7,giddollag_b06c78cd-2873-4851-88c9-91d7f8e532e6,mod.,"menstruating, on one's period",,,,,,,19:23,
0197ae9a-3225-4400-a4d0-c66b1716a766,giddollmeny_38b83d32-01cd-4a32-9719-e638f51279df,mod.,in menopause,,,,,,,,
a255dccc-4f8b-453f-b8fc-6cdaef006ca7,giegier_a2f11d6e-616f-48b3-aedf-10a4e3f3fe69,n.,white-browed crake,Poliolimnas cinereus,,,,,,,
1d26f7da-fcfd-4905-a4fa-85c7a2464852,Gilbet_b125abdc-0e26-402d-a358-2614b3591857,prop.n.,male personal name,,,,,,,,
9b6d3c5e-7b5c-4f51-a102-8b11026a32f1,gilib_c4934ee6-8b12-4d3f-9c74-d0dd9c5e32b5,n.,type of bird,,,,,,,Mayu Dobola,
2b15bde1-3915-4153-9135-35f719d4bbbe,Gimaga_0713857a-1832-4652-9360-67f51d46e1de,prop.n.,personal name,,,,,,,,
3f90b50b-c8b0-42d8-b9c4-13126c794151,Gina_e5544336-f2cf-472a-ae99-fcae9453580d,prop.n.,female personal name,,,,,,,,
91f3dce4-729e-402f-b9d4-832e623eec21,Ginarang_823eb858-2d4e-4901-b0f1-021cb57020f8,prop.n.,male personal name (the original Ende man [see SE_PN022]),,,,,,,,
acdc9180-c3eb-4719-ad39-eec497d15966,Gini_15bf21dc-c069-4949-825a-2ee0e13dbf05,prop.n.,female personal name,,,,,,,,
e90e823f-13ba-49bf-bb93-4f76588d56d2,Ginia_abbbebde-0d41-413c-8cc5-abd839364b42,prop.n.,male personal name,,,,,,,,
31331a47-40bf-4c96-affb-3f8775e1236f,Giniya_a080f64e-3a14-4784-b1ae-421d1f513254,prop.n.,male personal name,,,,,,,,
1b12d151-1961-4821-aa5e-0562881fb350,girag_cc651348-f759-448d-b727-a06bf830fb6f,n.,long-nosed echymipera,Echymipera rufescens,,,,,,78:10,
c64fa6d1-182a-4a87-a49d-2d59b98acb68,girag dirindi_4643544c-d33f-4a50-9b5e-c465794ef220,n.,type of yam,,,,,,,,
44fb9180-dfa0-466f-b552-a743c30a8cca,giragirag_351d2e1e-e687-473a-893b-f3b5f9569260,n.,type of tree,,,,,,,Tony Warama,
3f77f753-31f4-41d0-9c3f-6c9336db6f34,giri_56ef9998-cc27-404f-81f6-08d29337c9ee,n.,knife,,,,,,,,
5427a6b7-18ea-401e-accc-20acc899ba4a,giri busa_c31060f0-56cb-4495-9e6a-aaccdfc31c82,n.,sword,,,,,,,,
19cc0d03-c69b-4e34-b4d9-1247117439be,giritai_624445cb-b0f0-4a8b-8b0e-e77b336ebda8,n.,type of long yam with a white interior and hairs,,,,,,,173:33,
487fd675-bb16-4ed2-8614-ea7d7f8e942e,giriwak_c94d6db4-9b5d-494c-b412-51b7bd3b6a6f,n.,type of tool,,,,,,,73:22,
3acf1b9a-21de-49c4-adbc-5477349d503c,giro_daa67504-df72-4fa9-84ad-efb32975cf8b,n.,chicken pox,,,,,,,,
2fab045e-a86c-4339-83bb-8d257c72084a,gita_85f1c856-4969-4c4e-9dd7-ba68bb4e5fe4,n.,guitar,,,,,,,,
f7a36ffc-096f-4864-9432-7804a5aa1d97,giwi_7944a591-53e5-4b8d-baf1-85bfd976cf72,n.,"fruit dove (coroneted, orange-bellied, pink-spotted, orange-fronted)","Ptilinopus coronulatus, P. iozonus, P. perlatus; P. aurantiifrons",,,,,,90:13,
a4d1c87b-36b8-41f1-87ba-d2bc84999315,Giwo_d894b095-ccdd-42b0-930d-4945ec294372,prop.n.,male personal name,,,,,,,,
2371529f-b90c-4dc5-8e88-e5649e947f61,gɨg_05485649-a2c3-4ad0-b1b7-5a5049a6a898,t.v.,to collect ants,,,,,,,,
ea0310ea-454c-49d1-9bfb-aa8e612680d1,gɨlgɨl_21b5f59b-ef84-448e-a861-4c2e38dbab11,v.,descend,,,,,,,,
8ca5c54a-810d-4299-8bd4-0a5c91e4c1a9,gɨngg_7fb53f25-85d0-4b0d-a61c-c6f4dabae149,t.v.,"to ambush, gang up on, attack in a large group",,,,,,,,
de4fae22-5a88-4b5b-a950-634ee8179971,Gladis_e53096c9-1456-40ec-9fe7-15d22a2192fd,prop.n.,female personal name,,,,,,,,
e26b3bd3-4a65-4207-99a6-1b2b88afaef9,Glan_abc80fce-1709-4232-92bb-eb0df27a1b06,prop.n.,female personal name,,,,,,,,
4242579d-f8f9-4efc-92b2-cfd8510e8714,glas_f5f2bc6e-9c4e-49f9-a847-5da9c66e8822,n.,glass,,,,,,,,
b76178a6-85d1-4460-a4bc-7df0e2a6b3d7,gleb_8fd0046c-1ebf-49d4-8d87-5c741c445fbd,t.v.,"to take, steal",,,,,,,,
178bab5b-049f-4ecd-8ab8-b9c62bc10843,Glendis_7775e7f5-0546-4d4f-9fe0-e39eca385e22,prop.n.,female personal name,,,,,,,,
0562fe0d-ffd2-4028-9ea7-d283c9431156,Gloria_39efd441-6428-4b9c-b11f-c3dcf9e85dc1,prop.n.,female personal name,,,,,,,,
dd96c222-b4f9-4883-84a3-1ee5df8fb5e5,gllae1_ef642982-e6ef-447b-9525-9f693aa87a81,t.v.,"to float, drift; paddle",,,,,,,,
11cfe131-f9a4-4758-84c1-ee8ac0cb8920,gllae1_ef642982-e6ef-447b-9525-9f693aa87a81,t.v.,to paddle; pedal,,,,,,,,
fb6bd243-e10e-4e65-aae3-e5cdb35bc2cd,gllae1_ef642982-e6ef-447b-9525-9f693aa87a81,t.v.,"to dig, spade",,,,,,,,
8d66189b-0ab2-4b0e-9140-b89979a26763,gllae2_f8f65f36-6e5b-4f56-b9fc-f20ce16f9dd4,i.v.,to shine,,,,,,,,
21fdde2f-21cd-4f26-9d6f-ebf9ef5ae3d8,gllaengg_4d4d108f-935c-446f-96b5-3e7c78c16a8a,,,,,,,,,,
beb0c4af-016d-4a21-8926-362098ead489,gllaglle_fdc721e8-cfe1-4363-9f08-e09b532e9bee,t.v.,"to skin, remove skin",,,,,,,,
ea4089a7-cd2f-4127-b9a8-97549a7aa2c7,gllangglla_d77873e3-ac4a-4f7d-b68c-8d084271d8d9,i.v.,to swim,,,,,,,15:47,
530d42b7-05c6-4ebb-831d-1f4b0966edfb,glle_226a1821-149e-4015-801d-7d38288799b9,n.,type of tree with small edible fruit and wood used to make canoes,,,,,,,,
dba2c150-16f2-465b-ae72-63e81aaee391,gllo_378cc003-82f0-4259-9bda-cd895c91efd2,t.v.,"to take out, remove",,,,,,,,
8c67baff-89b4-4608-a70a-0ffba7a2dc97,gllogllo_4ef9ff02-f7ec-4447-baf1-6313a945fae4,n.,marbled frogmouth,Podargus ocellatu,,,,,,Mayu Dobola,
16ecf226-024e-4846-99ba-262796b8fc69,Gllu_5eb49621-2dcd-44ea-9119-6d0f44326c0d,prop.n.,Gllu (toponym),,,,,,,,
70588b3d-cb00-45a9-8ea2-278c831d1b58,gllu_f17f1034-42d6-4cd1-9e8d-14808df9c51d,Ideophone,splash,,,,,,,,
f2adbe6f-a6da-448a-8c93-2096d748177b,go1_a586fd1e-f0f4-4838-8a3c-6338b79993eb,n.,drain,,,,,,,158:32,
1110ea0c-72e0-43d5-8d2d-5953e725af54,Goballwang_dfa2401d-6f61-40ae-919a-5e3e34a319f2,prop.n.,"Goballwang (camping, hunting, and garden place in Karama swamp between Upiara and Limol)",,,,,,,,
2aa05827-fdb9-4e2c-800c-9c4a1df0449c,god_727140c1-cedc-4861-b2f9-e89bdebab04f,n.,type of cultivated fruit tree similar to dimes tree,,,,,,,Tony Warama,
e3ede3fb-0ff3-44e3-a5e1-1dfd5a6ad636,Godd_3d4b0d90-1fba-49c5-9448-1aa6e6486a3c,prop.n.,God,,,,,,,,
6b200d5e-b965-453b-b625-feead1434a46,goeg_d8d5ac7b-04e1-4a51-b3de-22161c3d2e78,n.,old garden that is ready to be cleared again,,,,,,,64:19,
194b0f4b-73ea-457f-ae98-2a7e944c148c,Goeg wälläng_94bc8df7-db7c-4370-a2c6-b4dcd8714873,prop.n.,garden place in the bush on the west side of the road to Taolang,,,,,,,"Bodog Jowanang, Geoff Rowak, Inawa Dareda",
e9180679-f10e-4da3-b842-fb78f283c387,gogäle_753bd4f3-ca20-4233-883c-66760467f471,n.,noise,,,,,,,,
6110f720-bd16-4f66-b983-daee2c21b379,Goge_21007f47-a29a-4849-983c-b9d4eb3d4939,prop.n.,male personal name,,,,,,,,
fcdeac89-c3bd-483b-b52c-21c29b6c1e5e,gogo2_0eef7e65-7af4-4f56-97c7-209aa5411c99,n.,varieties of palms with coconuts with a dark green exocarp,,,,,,,,
68111d1e-c3c5-4b0d-a3f9-80e3535fd844,Gogo_717ce6d4-5ae0-4ea6-bf73-d947ca1078d6,prop.n.,language name,,,,,,,,
4713a6b1-7cf0-40df-92a3-d7fb3858f583,gogo1_ea40a3ff-e66e-46cb-af1b-bf9c0888f461,t.v.,to build,,,,,,,,
1bbde289-9fcb-46be-87a7-da214fefe31c,Gogodala_2e85d655-b194-43c5-85c4-0557403888bc,prop.n.,Gogodala language,,,,,,,142:4,
61e8139d-60c8-4a52-85da-d38ff1b07448,Gogodara_9ea87416-6b87-45cd-ac9c-e078a31db2ec,prop.n.,language name,,,,,,,,
454057e5-d8a3-4449-8274-2373b8f66a07,gogodd_c4634488-8ad4-4332-b0db-69f3648a3275,n.,spleen,,,,,,,11:10,
c4c58e07-2d3f-4c0a-9bbc-dfcabd6e5680,gogodd_c4634488-8ad4-4332-b0db-69f3648a3275,n.,bladder,,,,,,,,
5148cf89-fca2-4be0-a9fe-98d63ede8fdd,gogodd pänddäg_8ad1b2a0-e107-42ae-8be3-b5725946f3fb,,water breaking,,,,,,,19:13,
c7e1578a-3031-4982-9d89-23ce49313014,gogo kottllam_733aea88-fb84-4958-8fe0-3b88538e542b,n.,type of turtle with yellow scales on neck,,,,,,,,
dd99dfba-3994-4ea0-8e80-90303779399b,gol_dd7a557b-1a93-4aa1-98ed-dd08c33cc67c,n.,goal,,,,,,,,
8d20cfe9-9e15-4785-b021-9783f3a2fec9,golgol_404b00db-3f4d-40d2-b331-897242c03f71,n.,type of tree that grows in the bush with a straight trunk and wood used for house sticks,,,,,,,Tony Warama,
a8d60d37-7000-4fcc-8efa-a636373b368b,gollab_09502ff8-30f0-41bb-ad93-717a1cd13243,i.v.,to pour,,,,,,,,
94a903a8-aaeb-4ba3-8479-53f41b5c2894,gollab_09502ff8-30f0-41bb-ad93-717a1cd13243,i.v.,,,,,,,,,
b1525d84-ca8c-47e3-bd7c-9fb8735dcd99,gollaeb_22593164-5b24-4cae-9b56-eb9c4a834999,quant.,many,,,,,,,,
951d45cc-b66b-4c8b-976f-df349f4777a0,gollaembäg_ab106186-cad0-4929-8dd2-a56649b844fc,t.v.,applicative form of gollab,,,,,,,,
de8fe108-4ea5-458e-984b-cb3c415a653f,gollob_79d8f66e-3405-46e5-a41c-9d507df45db5,n.,"outer layer, hull, shell (e.g. of a turtle, egg)",,,,,,,,
383979c1-49b0-4c5a-a2a1-8598f4002036,golloll_569fc64f-1805-4287-80d4-d6e254ec942c,loc.n.,"back, behind",,,,,,,,
a768d5b9-b7dc-4dff-b3e9-e2b6b644caed,gollolla_850b24f3-fbbc-4115-a2fd-1565545d5451,n.,type of palm,,,,,,,49:5,
a0582dae-6661-4496-92f9-4f92869ee997,gomoe_deddeba9-1724-40ee-9dd0-28fdb66d0f65,t.v.,to make a mistake,,,,,,,,
fa8300c6-b62d-4d3d-96f6-6de56f24a510,gonagone_0a3c8136-ed70-4c21-8ce2-fbc4769569ac,t.v.,to cook,,,,,,,,
a0ee16d8-aea1-4b4f-bdb6-efb3307e7c3c,gonagone_0a3c8136-ed70-4c21-8ce2-fbc4769569ac,t.v.,to burn,,,,,,,,
7c5545f5-6957-4ea8-9dc2-83dd9a59bb80,gonagone_0a3c8136-ed70-4c21-8ce2-fbc4769569ac,t.v.,to heat,,,,,,,,
42a6daee-9cde-4b28-beb1-0261c7bd9f93,gonangg_2a037d13-7b42-44e7-b0b7-1bde68b64132,t.v.,to cook,,,,,,,,
abfe8a18-46d2-488b-8e39-acf9e8fc1b0a,gone_ffdbffbe-40b2-4c23-aac3-fc2e81f604fe,v.,come,,,,,,,,
16b05c31-ce1a-457c-bca2-df1c794d175f,gonz_136b8c9e-6922-48f9-969e-0ed412fb0c1e,n.,reed,,,,,,,179:18,
b52e02d5-ad13-490e-b9fc-6ad8f122f91a,gonzagonzar_3c2453c7-6792-46fe-91a8-28c4aa4098a3,n.,type of tree,,,,,,,Tony Warama,
1cfa61ba-4df8-49de-943a-a512d906a8c4,gonzagonzar budar_1e288085-ddb2-406d-8e3d-89653ae0fbf3,n.,type of grub,,,,,,,Joshua Ben Danipa,
b4279026-5245-40a7-98bf-c27ccd4035c5,Gonzer_83d5a0f1-0105-4377-a19c-adcbfda6453c,prop.n.,female personal name,,,,,,,,
6247a8a7-82ab-478d-b7d7-6ca64fde4be2,gongg_4523bac3-78ed-463b-9a0c-fd3776d3473c,i.v.,to disturb a bees nest and then to feel the bites,,,,,,,,
2de9a050-0523-4d50-a19f-1fbfb912105b,gongglem_9462e5ca-b480-46bc-9080-dbb907b8a620,n.,immature coconut that is partially solid inside,,,,,,,,
3118151a-0327-49c7-b6f1-32de50335cfb,gongglem_9462e5ca-b480-46bc-9080-dbb907b8a620,n.,the eighth stage of coconut growth during which the endosperm of the fruit is solidifying,,,,,,,,
c6380bfa-50f1-432e-910b-f19acb72fb5d,gonggo_8dce9cb9-e93e-4657-a539-f920074995d9,n.,piping bellbird/crested pitohui,Ornorectes cristatus,,,,,,Mayu Dobola,
04022495-a431-444d-90ca-ed71307160d1,gonyo_58280271-5264-46ff-be8a-29ce44e20dd0,,here,,,,,,,,
bd6c7b9f-64e8-42a1-87dd-e3d41e19427b,gora_dc9466c6-ab95-4a0b-90cc-c0b15024ddb0,n.,rattle,,,,,,,143:20,
83e36524-f2a0-43db-9452-ce0f4672d6e7,goral_9d7ecc74-da43-4a93-98a3-b54afaaa45cc,n.,type of tree,,,,,,,Tony Warama,
9d0cf002-4a85-4449-bc29-d985b2724073,goro_eb9c1c8c-7849-498b-b1dc-375fee72215d,mod.,"lush, overgrown, wild",,,,,,,,
4f8738b1-8d7a-4ec3-b69c-37dd88465f64,goro wälläng_8931818d-0001-464e-bba2-2ceece1d5623,n.,jungle,,,,,,,,
5cabd59e-542c-4b02-874f-f7a90dd815e9,grawa_a0dbcd97-e683-4f75-a9aa-e454669f1a28,n.,Australasian darter,Anhinga novaehollandiae,,,,,,Mayu Dobola,
e25f07df-1661-43c8-8bca-e820138f2cc4,grawa_a0dbcd97-e683-4f75-a9aa-e454669f1a28,n.,little corella,Cacatua sanguinea,,,,,,,
1792abe7-f30f-4752-84a0-73e08c9f476c,Grace_518448ff-29b9-4b61-b0d2-ea0ecb3e8c92,prop.n.,female personal name,,,,,,,,
abd384be-7c16-41a0-b526-f21d9339a60e,greid_7d97ea83-1135-4f8c-a5e7-5545fe9a50c3,n.,grade,,,,,,,,
8df897f2-23ca-403e-a203-d71e83c93e53,grup_06234457-2d8f-4074-a90c-f02f83b92df9,n.,group,,,,,,,,
c4f145bf-2f7f-48d1-ba14-9d16f88dec6c,Guar_409ac7cf-6d05-4ef7-84da-957db95d31c6,prop.n.,male personal name,,,,,,,,
6d4dccdc-5baf-43f2-b5b8-95b27535714e,Gubam_2243c5a0-6e32-464c-99ed-c85d359b9c0c,prop.n.,Gubam (in Morehead Rural LLG),,,,,,,,
9ca773bd-817b-487c-9b16-42834c814950,gubare_2f76e4fd-b2da-4eb2-b383-7fd96eb1e6bc,n.,crossbeam,,,,,,,,
39c50cea-e516-4e57-8d53-e6b098f55907,guboll_da33f49a-b3d0-44ef-9fef-2712aa4215bb,n.,New Guinean magpie,Gymnorhina tibicen papuana,,,,,,Mayu Dobola,
f9c922af-add0-4c6c-91dd-6b3bf01ce261,gudae2_485447f3-b0f3-41d2-ae27-3b0bbc7e09d9,quant.,plenty,,,,,,,,
c33b27d8-b970-4243-a307-76041d0f4833,gudae1_afc5d0c4-8714-4a2a-83f2-41ee319338ec,mod.,early morning,,,,,,,,
57c306e5-f43f-4a06-a2b2-950825b6628f,gudae1_afc5d0c4-8714-4a2a-83f2-41ee319338ec,n.,"(the) past, before",,,,,,,,
b703ebf6-ce6f-44ba-b6fa-79aebf275d0a,gudae1_afc5d0c4-8714-4a2a-83f2-41ee319338ec,mod.,"earlier, previously, in the past, before",,,,,,,,
e6af3530-6ee5-4cec-9cd4-999947a064b3,gudne_16587c3b-bbd0-4529-b1c6-fb50cb1e04b5,mod.,old,,,,,,,149:3,
eead5503-2d3f-493a-9ce8-6d35078b09b9,gudne_16587c3b-bbd0-4529-b1c6-fb50cb1e04b5,adv.,long ago,,,,,,,,
a9ffa17e-42ac-4850-be50-df2d7367af42,guem_3026b19e-51a8-4641-b601-e701d37e10c0,n.,channel; deep part of river,,,,,,,183:21,
7f7bad4b-85b8-426a-aedc-af9941ce6aba,gugall_57b81cee-7949-4482-b744-710263008a21,n.,"type of plant with red, yellow, and white flowers and fruit with small, round seeds; children use the fruit in bamboo blow guns",,,,,,,,
209f427d-74cf-457d-bad4-00ef2d9e6646,gugi_41bffca4-54c6-4d28-932d-0b8739f5f63a,i.v.,to stand,,,,,,,,
83a77a2c-62bd-4242-b055-b0382d66db71,gugu1_85435264-58b8-4af7-937b-769d365b628a,n.,type of big taro,,,,,,,Sowati Kurupel,
fb1ba76e-69fe-4ff7-aed5-d2253b65b8f2,gugu2_9bf6df2c-82eb-4147-962c-df0d464680e7,n.,row of leaves going up the roof,,,,,,,,
fe07554e-9731-4880-8cf1-0bf60622ea1c,Gugu_d56f5d91-ca06-4ff9-bf95-8a70cd719c19,prop.n.,Gugu (toponym),,,,,,,,
24ec2853-c4bf-49b1-bd32-e3da6862e5aa,Gugu Gel_eff5c977-1149-4544-b567-fc81a9847c25,prop.n.,female personal name,,,,,,,,
5cef86e0-a43c-42ef-888b-7e511e3a7280,Guim_0e4251be-abe9-4520-9a5d-f5f603ffebaf,prop.n.,personal name,,,,,,,,
a6311484-d139-46c6-9965-261da50ff3d9,gul_82027046-c8ce-4ac5-ad45-5cbb771b5842,n.,"crowd, group, mob; school (of fish)",,,,,,,,
62f5e5a9-bb31-4add-8ce5-86d22390b399,gulag_8ca8aadf-4eb7-4763-b987-ed94196b771e,cov.,to accompany,,,,,,,,
aa08aeb8-63d1-43ee-9a42-5637ea16cb9b,gulag_8ca8aadf-4eb7-4763-b987-ed94196b771e,n.,,,,,,,,,
ce7257cd-ee31-4d80-9000-9a93ae5c4b6a,guli_dae57dd3-1eb6-49d0-b70b-9d4cffd93202,n.,type of tree,,,,,,,Tony Warama,
55ac5e61-d869-49e1-bef1-82b0f38120dd,gulin_22594071-35ff-460c-8666-982acadac379,n.,,,,,,,,,
4d3d7253-d627-4188-a54c-4f7f38a6af2c,gull_de7da6a9-3019-409e-9337-666b91dba69c,n.,net,,,,,,,,
5e3fc08c-b550-4b82-b15f-a33570275c93,gulla_1632c145-bfac-473b-a979-3c7cad66e06c,,push,,,,,,,,
0d8f7905-bec7-4d00-883d-1568a8777bf7,gullabgullab_d9af0457-7462-4141-a993-5284a706c38b,mod.,fat,,,,,,,,
126aa959-1f83-4ede-bbc0-3c76a88d72fe,gullba_a0a65be2-1093-45eb-aed9-299c82e6e6e9,n.,bundle of sago,,,,,,,,
483feea7-0c4f-407e-b740-84549c0a93ef,gullbe_0c2fbdc9-ab60-4196-9a36-6bc01106163f,Kinship noun,husband,,,,,,,,
e5e1d73c-662f-411b-9606-bc6f73848239,gullbe_0c2fbdc9-ab60-4196-9a36-6bc01106163f,mod.,male animal,,,,,,,,
1c7ac2ff-a21c-4079-abf1-0bd64a965317,gullbe_0c2fbdc9-ab60-4196-9a36-6bc01106163f,mod.,"huge, big",,,,,,,,
f195c42c-6339-4488-9b68-835a08dab37b,Gullbe Bikme Auma_a96d8ead-6c1d-4a27-bcb4-1cac8badf068,prop.n.,sacred place of Dareda (near Karama swamp),,,,,,,"Bodog Jowanang, Geoff Rowak, Inawa Dareda",
df24e927-c371-404f-9261-6351e8d478ed,Gullbe bo llädayatt_9b1535ac-2828-4552-806e-ba8cdbd39b7c,prop.n.,sacred place of Dareda (large hill),,,,,,,"Bodog Jowanang, Geoff Rowak, Inawa Dareda",
7d2274c7-c9ab-4c27-b447-1fe909ecf900,Gullbe bo makollamatt_c58095b5-0935-4765-8332-428b25b3480f,prop.n.,Dareda's sacred place (hill on the road to Kinkin),,,,,,,"Bodog Jowanang, Geoff Rowak, Inawa Dareda",
875f6efc-6393-4f6c-93f3-0a9a4b560343,gullbe peyang_d9457878-b4a9-45a3-ad60-a1abe04e48e5,mod.,married (of a female),,,,,,,,
716ea718-ba44-4cfe-9149-35bb55ab5681,gullbog_f6b40922-4c78-42b2-9c86-2dfa2cc97f81,mod.,married (of a female),,,,,,,,
42321e8a-370c-4faa-b742-8f0a4b3f588c,gullem_1024e654-96cc-40dc-bbf0-631f474c19a7,n.,snake,,,,,,,,
6ec03aa0-ae65-4000-870b-dd98297b2001,Gullem suwe_fe718627-5d37-45a9-8fb3-0d3f050a73c3,prop.n.,gardening place; Galo's sacred place (AZ97),,,,,,,"Bodog Jowanang, Geoff Rowak, Inawa Dareda",
fdbfa6ea-a1fc-4ee6-9897-7f1f554ef77a,gullem suwetar_e9b0d6cc-256f-4e17-ba7a-23a29104f76c,n.,type of tree that is used as medicine for snake bites and to repel snakes,,,,,,,,
30bdbbee-1006-4270-9947-edab25aef027,gullme_85a86382-52de-462a-a80e-a7e8331e3e27,n.,"type of flowering tree that grows on the riverside in swamps with wood used for firewood and long, hanging red flowers that smell nice",,,,,,,,
6d3ea8fa-4643-4c6b-b478-9dc8c4208aa6,gullme käpang_e3e70bf4-c595-4014-a8bb-53cdbe410b29,n.,type of spear,,,,,,,"Johnny Bodog, Inawa Dareda",
9fdcf1b5-d15f-4b86-83e3-8fa3fc303be1,gullun_d8c1bade-8147-4351-ac56-a25771b8d9b0,mod.,old,,,,,,,,
23845226-8655-4074-b55f-372d27af7fb4,gumae_f7fc3b80-c9da-4f52-902e-897536272782,t.v.,to go around,,,,,,,,
bdaea47a-ad2d-4a03-bcf2-12e1fb2ba48b,gungg_b791180a-e3af-4edc-bcdc-19f316041919,t.v.,to marry a widow,,,,,,,,
a9d7df28-ed7c-447c-85ce-f3c61b2e013e,Gurel_fbf37198-e439-4ba7-ab79-4fa9443bf4a4,prop.n.,male personal name,,,,,,,,
66137461-94f6-424b-bff8-7052ee5e37ff,guwaba_8d57a917-3a45-4c5e-961d-71e99ce5f8de,n.,guava tree; water steeped with its leaves is used to wash sores,Psidium guajava,,,,,,Warama Kurupel,
1d374a30-f423-41e2-96e4-4a0ad27ff758,guwo_13745ec1-870a-4629-9437-944336cc06ec,n.,heart,,,,,,,,
2318f046-6494-4f6f-bec4-d00af67e0d02,guwo_13745ec1-870a-4629-9437-944336cc06ec,loc.n.,inside,,,,,,,,
a896eeac-3e39-433d-b837-6a0e00e42114,guzi_c00c7929-ec6b-4d47-85e7-0d6746d2fa8d,n.,yabby (type of crayfish),Cherax,,,,,,,
2b772a4a-eef4-4f96-b109-35823fba363e,guziguzi_3e35d6e4-e20a-49b2-aa02-41e837fb94fc,n.,type of tree,,,,,,,Tony Warama,
127cb50c-75f6-4214-aad7-8792f5563da3,=gwaeya_335b0800-2fe6-45fb-a18b-20b8675cbb80,Verbal enclitic,cop.pst.duS,,,,,,,,
82b4f294-a3a4-4751-b117-934a432588dc,gwaga_2d3379ff-6dcf-47d4-b35c-6570e199b7f8,n.,"type of big tree that grows in the bush with big, edible fruit that are yellow outside, red inside, and stain lips brown; when ripe, it will open and drop the heart-shaped seed",,,,,,,Tony Warama,
9353d19e-be61-43f3-833e-5e89d01e69c1,gwaga_2d3379ff-6dcf-47d4-b35c-6570e199b7f8,n.,the sixth stage of sago growth in which the fruits have matured and the pith is drier,,,,,,,,
c2d73344-d187-4b01-8232-f7fa00f675d9,gwaga käp_e24a492e-f8be-4b1a-ae4c-f6832dce2af9,n.,fruit of sago palm,,,,,,,,
b318ee89-0120-46e2-b9dc-b6e756e8c665,gwara_619e0473-06ea-4770-9f0a-cc5c5a57e01f,n.,lightning,,,,,,,21:14,
f16a91e2-0e1f-4aeb-a725-892926805217,gwazi_23148a61-087b-44bc-90b3-0840d131ecc4,n.,type of big taro,,,,,,,Sowati Kurupel,
28f71a7d-e665-4425-a826-a55d0fc25654,gwälläd_f55912c3-4862-47b8-8415-42b9011aa5e8,n.,type of tree,,,,,,,Tony Warama,
9cf643c4-89d2-40f1-b6a1-7d60bb4c52f6,gwängäm_e7d1eb0f-fb57-450e-a542-f9f79b07ec4c,n.,"one of the secrets that was practiced by men only, an animal that was killed and eaten only by men inside the festival of the bullroarer, not women or youths",,,,,,,,
0b4fc24f-f743-4436-bc58-10d6c1845d38,gwell_10beb976-bee8-4d61-857d-410c86055772,n.,"rule, law",,,,,,,55:29,
9f4c75ee-eaef-4efd-9d53-cb35e24550ee,gwell_10beb976-bee8-4d61-857d-410c86055772,mod.,secret,,,,,,,,
40b1e435-b005-4b27-8d58-85a264afa798,Gwen_2baed8ad-5ac0-4239-8cd9-864aba3f4441,prop.n.,female personal name,,,,,,,,
155de38e-df3e-49e1-b9ad-0c1df232b250,i-2_46c70fb6-91e7-4e59-80bd-cae55e594783,v.,"irrealis aspect marker, marks events that have or will not be realized, this includes meanings such as conditional, should, ""try to"", ""don't want to"", it co-occurs with the prefix b- and the suffix -alle/-allo.",,,,,,,,
0345e0a6-97a1-44f0-b9e3-fafd644fe74a,i-1_7557c988-d5e9-4381-b4f4-021dcaa44b39,v.,venitive prefix,,,,,,,,
eb7b05bd-5ec8-40ba-9a13-643437aeca74,i_8d49faff-a61e-4149-b68e-0445828f8b88,t.v.,to weave; interlock,,,,,,,,
d4d478ce-d794-45d3-80f2-b1f7fa53718f,i abal_01530243-2d8b-4ae1-a396-9ce2bb200027,n.,plain weaving pattern,,,,,,,177:3,
99999882-e25d-4c8a-9125-c17d565ec04a,Ib_7dcb4268-65c9-4c70-916e-d6919a746e82,prop.n.,female personal name,,,,,,,,
88f9d76c-e33c-4c51-8e53-70e29dfc0850,iba_3aa0a64f-8a51-41e6-a2ef-c47cff9c89f1,pro.,genitive form of ibi,,,,,,,,
07b15e4d-1425-4533-bbe0-802ac0910468,ibae_60f5e9f0-1d66-4472-a6e8-51eeba9268e1,t.v.,to dig using one's nose,,,,,,,,
b8a7ac88-0756-45d4-a61a-04f5e913d591,ibe_22fe4dca-ffe9-419b-8062-d526e5dfafa2,n.,mist; fog,,,,,,,,
b4af4655-da91-4df5-9757-8faceab8e5c8,ibeny_c25cabde-d56c-4133-a1fd-bef0daef2400,t.v.,to plant,,,,,,,59:7,
22f3ce69-1c6c-4a03-8b16-cda6037d4ba0,Ibetty_22984dd8-04e5-474b-b7c8-66ffe3fecb92,prop.n.,female personal name,,,,,,,,
c8d309c8-e5ec-4f8f-9350-548c702ba555,ibi1_715ea20d-237b-452e-988b-8d9f9cdc5a0a,pro.,"we (first person nonsingular inclusive pronoun, nominative form)",,,,,,,,
58ba4b9f-7523-43d4-8586-e9a2f519ab1e,ibi2_880abb05-2115-4e05-ab92-35f110c0f082,i.v.,to go,,,,,,,,
d3c930d5-9f40-4922-a25d-f70ecb9123c8,ibi2_880abb05-2115-4e05-ab92-35f110c0f082,i.v.,to walk,,,,,,,,
af4e39ad-3440-4231-afd4-a6931d0e8008,ibi2_880abb05-2115-4e05-ab92-35f110c0f082,interj.,let's go,,,,,,,,
e92c8d51-3bf2-48c0-a327-139b148b44b8,ibiatt_fecc07dd-f772-4774-bef0-cb22a24f0a73,n.,footprint,,,,,,,,
c00e765c-dfc6-4fda-8a56-1ccc25e11f24,ibik_9e26435c-26c8-4d17-a666-57bd69c09e49,n.,digging stick,,,,,,,74:3,
cc626246-0b8a-4ba3-8e0e-bcfc31d85da5,Ibikang_8e643d1b-e085-45ed-b5da-080873003df3,prop.n.,Ibikang (Kawam-speaking settlement of Wim; not far from Limol (AY96)),,,,,,,"Bodog Jowanang, Geoff Rowak, Inawa Dareda",
8a8a57c3-7f1a-4d05-b18c-d424f0610ab8,ibim_eb62d3bb-cf8c-4418-ad6e-dc36fb98fd31,pro.,accusative form of ibi,,,,,,,,
03f4cd50-85f0-4c96-8cb8-512eb34484bf,ibra_88634969-7222-4908-a204-744d73a80a93,pro.,dative form of ibi,,,,,,,,
4f9fb567-587e-427b-b535-61adbf9612eb,Ibru_8a9d0ee4-7207-482e-807e-dbd4f768521c,n.,Hebrew,,,,,,,,
0dffac34-43f7-4bb2-8ee5-03e8b13b5e63,idab_09883727-2bef-401b-8368-6c58af1238dd,t.v.,to dig out,,,,,,,,
dc3ba57d-9e5a-43b0-87b6-89aab14b0b58,idaida_f67ecdba-f43c-4e8f-b80a-9d52c5312e54,n.,type of game played outside in open space,,,,,,,Galou Minong,
31a58138-4674-469d-aadf-5e012a7673c0,Idan_cba534fe-1709-4d70-b726-57cae1c2acae,prop.n.,male personal name,,,,,,,,
b1da0fb8-a5fb-4ef2-833c-03b434efaf0c,idän_d2e77656-8856-4cbb-8a9d-ef3aa4a43454,t.v.,"to pick, harvest; dig up, uproot",,,,,,,,
5417dbbf-5c51-4a50-8df4-b7ef96bb913b,ide_79793e76-b59d-40b9-809b-b91ec915b473,n.,side,,,,,,,,
365a982d-1bf2-468c-8b20-ef40fb8ab1f6,Iden_871bb11e-2995-41ae-a202-ff7e71459b10,prop.n.,Eden,,,,,,,,
c77bc7bd-a5c7-42a7-8d9b-21fd118bc4a5,Idi_20d0a726-fc66-40a9-be4e-40f0d1e7c0e8,prop.n.,"Idi language (Pahoturi River language spoken in Dimsisi, Sibidiri, Dimiri, Iblamand, and Biram)",,,,,,,142:5,
677c88e4-b0ee-4f0a-8964-225cc795e509,Idi loanword_2541e32d-422c-41e5-903d-76c06ad957f8,,,,,,,,,,
3df8bb06-325c-4a48-a257-5468d6bb7c35,idoidog_7cd8f277-f0cf-48fd-bf3f-7de8049d178b,n.,harpoon,,,,,,,,
946aa9c4-99f0-41ac-b453-147f498058fa,Idugoe_9930d2ad-36a7-4e9b-9c3a-a96d85f1128e,prop.n.,male personal name,,,,,,,,
76128d14-ffa6-48a6-8ed6-b84ee9e4d447,idd_c9011742-2c10-44ac-8716-859465f5d491,n.,ghost,,,,,,,156:14,
a3f21fbc-4dc6-42d7-a51b-309fc1d67ff4,iddi_4674c583-b277-4454-a03c-2315aa0a3541,n.,,,,,,,,,
72550d08-3649-4700-a41a-bf1e38dfbc3f,idd ma_1fa094a0-d7e0-4327-8626-e3edebdd8bd7,n.,afterlife,,,,,,,156:7,
9bf66ceb-cdf4-4eb2-910c-bd1074320a77,iddnge_1869f235-37b4-4e05-a3fe-492faf8b187c,n.,type of coconut palm,,,,,,,,
f7edbbda-1632-449c-aa60-00719d51a602,iddob_402e6773-5475-484c-bb21-750a13f945d5,n.,night,,,,,,,24:27,
8df28c5b-9fa0-4432-a68a-638f4c0e78b0,iddob amnong_2f6addb4-05fd-4d54-8c33-7d1ee06c6ac1,n.,midnight,,,,,,,,
b375b2f9-17a2-4b67-88aa-c6c6cba5f745,iddoiddob_edbfd84b-3a69-401c-8498-564606c840fe,n.,type of tree,,,,,,,Tony Warama,
0127d084-6e89-4e33-9995-821199a00e32,iddpo_773df8c5-53a5-453c-bd6b-a1b5056e066f,n.,"clothing, clothes",,,,,,,171:23,
6a6a6276-5329-46b7-88cf-8a7bf9a75ca4,igi_182f88aa-b34a-4c70-bcc7-ae8842683773,loc.n.,bottom,,,,,,,,
3cd7f633-83bf-42fb-add7-a307dc4d3e13,igi_182f88aa-b34a-4c70-bcc7-ae8842683773,loc.n.,underneath,,,,,,,,
e32e66c2-70ab-42c8-9188-f2940d19f2f0,igiigi_c813e95e-0fd6-409e-b328-c8a195c30291,loc.n.,"under, beneath",,,,,,,,
aefe1171-7b89-457f-991d-e913c7ace498,igi pite_5c8ec3e8-248f-487a-917d-9b031ff0a8fb,n.,underwear,,,,,,,,
b34f6c84-026b-4eef-acc2-6f966efad93c,ik_4618af22-c309-47d0-a340-c52b8ba9154b,loc.n.,inside,,,,,,,,
e0c2d8bb-5c5e-4ddf-bfbc-458cb4272714,ikikib_e1c09b6b-db9d-4720-8dc9-a699cdfe7ad2,n.,dizziness,,,,,,,,
aa2cf0fa-2709-4716-91a2-d704e39b8124,ikllo_7284b305-c310-4b7a-8655-b7713c83a9de,n.,smoke,,,,,,,,
501e8478-c232-4203-b612-a082e7ba1447,iklloikllowang_8183878a-fec1-40ff-91aa-e666c8ce1510,col.,grey; the color of smoke,,,,,,,,
ed2aea0b-4fb5-4793-84e7-e05717c7d654,ikoikop_27bccfa0-f95b-4607-9308-0655f45db40e,v.,to watch,,,,,,,,
80e075a6-e983-45c9-a27d-2064c1c7dbde,ikoll_2ad1658b-60aa-4829-9633-55a75969f22e,n.,"incident, problem, trouble",,,,,,,,
01377817-87a1-47b8-8b0d-4cd94210e615,ikop_2164520a-8d96-497a-9ac1-4cf52d103260,n.,eye,,,,,,,,
9a35eeae-6106-4d04-bfe0-307311be60cc,ikop_2164520a-8d96-497a-9ac1-4cf52d103260,cov.,to see,,,,,,,,
805085f1-5459-4f34-9f29-d4b7490fea3f,ikop_2164520a-8d96-497a-9ac1-4cf52d103260,cov.,to look,,,,,,,,
c30a6e5b-397a-4ed7-9de0-ecd8570b1a0b,ikop ddäddäg_e5056258-7bb3-4c28-a9ab-82f01c224cd4,comp.v.,"to look, watch",,,,,,,,
55de06f6-f34f-4ab6-95f7-83657e8ed05b,ikop ddäddäg_e5056258-7bb3-4c28-a9ab-82f01c224cd4,comp.v.,"to look, watch",,,,,,,,
0926485b-6925-4cf4-b05b-d8f4100c5675,ikop glas_deeabf03-4abc-4b61-a166-838e488028bb,n.,"eyeglasses, spectacles; goggles",,,,,,,171:35,
ceb61354-f476-4b49-abf8-7531a0c47039,ikopikop_235bcda0-279a-4d61-9416-17ad3b2ebc51,cov.,to watch,,,,,,,,
74543be3-0e2b-4c2a-b83a-6430883c8f15,ikop käp_b8d326c3-d2a6-45e6-8fee-6bbf78d4772b,n.,eyeball,,,,,,,Warea Giniya,
0f15535e-d0cb-4b62-9217-b64f9d52a3a9,ikop kom_c0afdd5f-4cc5-4a43-b855-256556944e67,n.,eyelash,,,,,,,,
20045e0d-c363-4dd7-bcbb-96fcbe7cfc4e,ikop ku_4750d5d8-c378-41be-b64c-361f1e32f5fd,n.,pupil,,,,,,,Warea Giniya,
15fc954b-105d-4db0-87e5-1d66878fa890,ikop kutt nängazmeny_5b4f140d-9a72-4133-8398-9a48a602313b,Phrase,stare at someone intently when angry with them.,,,,,,,,
fdb8732a-2dc7-45af-bc4a-62373ba99400,ikopmeny_aea379ed-8e47-4723-8c43-db6cd04db9c7,mod.,"unseen, invisible",,,,,,,,
aa8e8137-f163-44b0-a4ae-a4bb5536addd,ikop sära_3715c6b0-7c21-4546-a8e7-9cf342eb2eaa,n.,wink; eyebrow raise,,,,,,,,
0fd710be-d7a2-4c6b-87e4-1e69ae2297d4,ikop särem_93e10cd2-29a4-4ac9-abfa-9a1b96d31e2b,n.,"fainting, losing consciousness",,,,,,,,
e63e2c7a-1305-47e5-afab-841a0a984628,ikopse_ef6f8045-13eb-46d8-bfba-a8990e58e0e4,n.,prayer,,,,,,,,
54a77ca3-8ffa-4982-9043-1bec0b331671,ikopse ma_ed4bad44-b18a-4716-9e01-b1f63dd1c251,n.,"church, temple",,,,,,,,
1661c0ed-0b2b-45fe-9f93-cc390dd14fde,ikopse ma ma_1df91e95-869d-435a-ab19-d164d9d2e6f8,,,,,,,,,,
00fdddbc-9ebb-4d8c-ac38-13005e4e054f,ikop songgorag_0204ff23-ccad-440c-b2bb-52dc2c455756,mod.,blind,,,,,,,,
ab320453-1c7d-4863-9b36-b0e24470b55d,ikop su_184b57ed-e71f-4929-a2d6-3b495819eac9,cov.,to peek,,,,,,,,
a486e6ba-0887-4502-a345-51c5bd91068c,ikop ttoe_45b533e4-36b7-4338-8a3e-6672ff238a4f,n.,eyelid,,,,,,,Warea Giniya,
efd2be3b-9703-48e4-8638-41fe6adc9ef5,ikrol_d4657b89-8d27-42bd-a7da-824967ae3e45,n.,ash,,,,,,,160:6,
0b8e619c-cc38-49a3-a542-1d59c3b72baf,Ilaeza_fd49fa9e-18ac-4b8a-bf16-33b6a905759a,prop.n.,Elijah,,,,,,,,
479bae39-b336-4c80-9f27-ff4128b4e18d,ili_8093f93a-3f52-4aa8-a6a1-ca823bc51132,rel.pro.,where,,,,,,,,
eace7060-1c2d-4e2b-bf1d-984ea1a887c9,ili_8093f93a-3f52-4aa8-a6a1-ca823bc51132,int.pro.,where,,,,,,,,
755489ad-b9e2-4996-b136-72200f6ce9d5,ilibattäm_d8c97804-df10-4fea-8c3a-c06f488fe888,pro.,ablative form of ili,,,,,,,,
9be43024-8acb-4ebf-908f-d8d4e69aeac9,imam_d0cac2f9-11f0-41df-b052-f84c65d2876f,i.v.,to leave behind; leave without saying goodbye,,,,,,,,
b759c61a-c6d8-47ca-a09e-76c094cec220,imamalle_2cda0f16-cccf-4925-9459-d41c0446107b,adv.,intentionally,,,,,,,,
1f6f258d-c765-4e01-8fd6-55b12194d4e6,Imanuel_a54e79dc-536e-45ec-99f2-a613a32d8fc0,prop.n.,Imanuel,,,,,,,,
e0d928a6-bd20-4ad5-a50a-019b9e68ec07,imne_3771197d-0350-4c5d-a38a-f556215104bd,loc.n.,"rear, behind, back",,,,,,,,
37dd5f00-4c6b-4991-8233-4e1fbb6f7acf,imne_3771197d-0350-4c5d-a38a-f556215104bd,adv.,"afterwards, after, later",,,,,,,,
bbe72949-c2bf-4b19-8235-2dceb4e2c9b4,imnealle_85e9bbd2-1c66-40a6-af3a-a1d01cc44e03,postp.,"after, later",,,,,,,,
49528d76-9dc4-403d-af0a-ce3f5a5a4a14,imneimne_a1f4ebf2-9ff8-4cc1-a470-69759a26042c,adv.,from behind,,,,,,,,
6f76e6dc-8b4f-416e-9183-f2fcdc8e98e3,imneimne_a1f4ebf2-9ff8-4cc1-a470-69759a26042c,adv.,"behind, late; later, after",,,,,,,,
11c0ca83-151b-4919-a106-16bafd6246fc,imnong_13c2ad53-fc68-4c21-bc72-7cd1f37298da,mod.,after,,,,,,,,
1a2488cf-27a7-41b8-b832-aa6ccf0ede8a,imomdae_78fca840-d0e7-4dfa-a552-b6ee3c125866,n.,truth,,,,,,,,
01d7139a-1e7a-4ec4-870f-e16742d13232,imomdae_78fca840-d0e7-4dfa-a552-b6ee3c125866,mod.,"true, real, actual",,,,,,,,
06a143ec-416e-431f-b851-9796ead44c6a,imomdae_78fca840-d0e7-4dfa-a552-b6ee3c125866,mod.,"correct, right",,,,,,,131:2,
6c84e60f-9ba4-4e33-b667-9ecb02bcc728,imomdae_78fca840-d0e7-4dfa-a552-b6ee3c125866,cov.,to believe,,,,,,,,
22559896-f482-4129-a65c-62f9b2046211,imomdae ngasngesang_139c4e97-fe15-4da5-9157-5ef1557e5e0e,mod.,honest,,,,,,,117:8,
a5f3be8e-cd97-4bac-b132-943818a6bd58,imomdae ttättlle_26595fb1-d1b5-4ea5-91a9-7748db241c20,mod.,honest,,,,,,,117:15,
f43c1c19-7ab9-415b-bb16-43351ec342a4,imomdae ttoen_3c3d4a63-474c-4e20-8d52-0277a5df4768,n.,"faith, religion",,,,,,,,
a655c3e7-2ef9-40f6-8b81-9aa2d4f6a848,imomdae ttoenang_36d8bd68-680c-4fb2-a865-a62e6461f650,n.,"believer, faithful",,,,,,,,
3da381bc-cee8-4f7e-a048-aa14273ab5e2,imonz_b2aa76ff-795f-4224-bce2-049e6a997d31,t.v.,to touch,,,,,,,,
e9f12541-0f85-4418-9d15-789c695f1287,imonzimonz_1a644c8d-27d1-437d-a802-8d580c2bd234,n.,tag (game),,,,,,,,
8f97aceb-becb-4932-9ae6-e331f1b87d29,imullgoe_69ac73ec-6985-41f4-8e19-2807e943fcdd,t.v.,"to drop, push, make fall",,,,,,,,
e9744e47-4307-40ff-a20e-790e93630a08,Ina_39f7f0cb-add2-493f-a8b0-a7ac6c46c485,prop.n.,female personal name,,,,,,,,
5c35b5bc-4d5b-4645-9e05-1ce747c25a8f,inam_4db6a5a0-55d8-455b-8dca-f3ece6635df6,t.v.,to cover,,,,,,,,
eef4d319-47e6-4ad1-b02b-96cf65b1ecbf,inam_4db6a5a0-55d8-455b-8dca-f3ece6635df6,t.v.,"to weigh down, press down",,,,,,,,
1725da9d-644f-491b-b4ae-2c5ca3dc4755,Inapa_540fe6db-0b49-45ba-b2ca-d46061dd2f2f,prop.n.,male personal name,,,,,,,,
4b68e97f-bc5e-458c-bf66-e5979584b819,Inawa_52bca8ba-5128-49bc-b3dd-104035eaa6d2,prop.n.,male personal name,,,,,,,,
d49fccc7-7c59-4091-bdfa-529a79619e67,inbo_15d14493-f2b1-435b-8bd2-885ab63206e0,Kinship noun,brother-in-law (woman's husband's brother),,,,,,,51:26,
175a6ce5-75ee-48e5-8885-9ac3c05fc10e,inbo_15d14493-f2b1-435b-8bd2-885ab63206e0,Kinship noun,sister-in-law (man's elder brother's wife or woman's husband's younger sister; reciprocal),,,,,,,,
16a33652-9267-4dff-ba86-fe88c0ce099d,inbunatt_163a8fdf-c1ab-419d-9538-e7d790ab9198,n.,"mallet fish (big, lives in creek, lean)",,,,,,,,
c4fe1f29-b043-41a0-82ab-51695edc6a86,Indonesia_cac2c2ad-db0a-49e0-8403-bc27e7d841c0,prop.n.,Indonesia,,,,,,,,
d1eb3288-e735-428f-91fe-fbc3899ffe0e,indraindrang_6e2680fb-6f9c-43f5-8f41-b95f029b4a50,adv.,clearly,,,,,,,,
bd321943-a5c4-4dc8-bbd3-9b767db5ca78,indrang_7f7e6e5a-4e03-4d96-80be-6528ac726c61,n.,light,,,,,,,,
439284ea-6021-4cfd-99e2-341c046d3b41,indrang_7f7e6e5a-4e03-4d96-80be-6528ac726c61,mod.,"luminous, bright",,,,,,,,
aff4945f-f89e-4794-a28f-d828782e96dc,indrang_7f7e6e5a-4e03-4d96-80be-6528ac726c61,cov.,"to show, reveal, illuminate, bring to light",,,,,,,,
cb9ff7a5-920e-4dad-992b-9f0b64e9fd2f,indre_dda58524-b1cf-47bf-841d-af73a6c85fe8,n.,"type of tree that grows in the grassland with edible brown-yellow fruit and good, long-burning firewood",,,,,,,Tony Warama,
ea436738-e604-4aaa-ab2e-b6de4701414d,indre gullem_9eca4a84-9d5c-4c96-9b7d-62ff9deefed6,n.,type of snake,,,,,,,,
68b0c433-aa42-4c60-ae76-e4cc4552716a,indugoeg_9964c1d1-e348-4bec-9f11-bb54a8c28ca4,t.v.,to command,,,,,,,,
6cff758f-c05a-48b8-8611-29dbc8072c63,indurgoeg_d58aad7f-3c87-47ae-8ec0-5246c8479e56,t.v.,to yell,,,,,,,,
92099373-79a3-466e-9e72-d7105a00c90f,ine_dccfcca6-3755-47e1-8a45-ec5708f0de01,n.,water; liquid,,,,,,,,
51b5a6fb-cfd4-43fc-b898-179cbce73ca9,ine_dccfcca6-3755-47e1-8a45-ec5708f0de01,n.,alcoholic beverage,,,,,,,,
8ed0f2b1-c7db-43ae-b9e6-36ffca5b65db,ine bib_edba0cfa-721d-43f3-a5eb-cbd3e03e70a1,n.,spring (water source),,,,,,,"179:5, 183:27",
684a4be8-f4f2-4a6d-8ef4-732d8dc75383,ine källa_ae4b3689-2b4e-435b-b409-a94c4567daae,n.,"mud, clay",,,,deer and wallabies come to eat it,,,,
bd8a048e-d6e5-4494-8edc-e8f0d0e6b7bb,ine konkonang_a0eb5cc3-ee2a-46a5-a733-34366135b361,n.,,,,,,,,,
481e406a-677c-40d0-9fbc-8a87539135e4,ine kup_09dba9d6-6a16-42fe-95e8-f6392145ee14,n.,well (water source),,,,,,,,
7c72eb54-a415-4d6b-8dbf-312a05118a2a,ine kutt_a2398a61-abfd-40f2-944e-4711fb4c168a,n.,"bucket, water container",,,,,,,158:36,
e3771678-cddb-445f-88d1-a3ce8bf39c81,ine ma_2767537e-dd9c-4fa9-82f9-20d21bb083bb,n.,well (water source),,,,,,,3:16,
3f53719f-9118-4bf6-9b59-83d36b7dfbf6,ine mallmell_e072080f-5b38-441f-895f-5d34ca959049,n.,type of snake,,,,,,,66:20,
2d9727d8-1d47-415d-a374-85aa41b6d13c,ine takmäll_4772cdc3-893a-44ef-aec5-db12c8e563c2,mod.,seasick,,,,,,,,
70b13439-cad6-4cad-a2a4-3c77370f0e87,inkäm_2e36f0ef-71f7-4df3-ba46-dbe8755a5313,n.,voice,,,,,,,,
606ef74c-99f4-4b72-8162-9d5dd95bf9c9,inkäm_2e36f0ef-71f7-4df3-ba46-dbe8755a5313,n.,neck,,,,,,,,
dc5dfa52-9271-4948-a1f8-8764accc941d,inkäm tän_b019c4ca-0886-43f2-b18a-ab3c34b44224,n.,,,,,,,,,
6b0ee78e-612d-4ade-a908-754833218e6f,inkäm tär_54afc868-1ee9-43f6-b4a2-eebbbaa71a5d,n.,throat,,,,,,,11:17,
42621859-b050-47d2-99b3-d1daa44692a1,inkätt_3c0ef379-2696-4936-89aa-0bb6b52e9a1f,n.,neck; throat,,,,,,,,
7a94dea9-9f08-4bfb-890b-4f4349e42dd6,inkätt_3c0ef379-2696-4936-89aa-0bb6b52e9a1f,n.,hollow of drum,,,,,,,143:10,
8c452d30-4e4c-454f-a12a-3ae8bf25267d,inmol_b3ca22fb-a838-44a9-af31-31364eb3adaf,n.,type of small tree that grows in the bush along creeks; used to weave grass skirts after being pounded,,,,,,,Tony Warama,
3add9663-c5fa-43d9-b020-56c37507e4da,inmoll_c7d2b86b-98cc-40d2-bc3b-499bfc4ac0b6,t.v.,to cover,,,,,,,,
ed6db6cb-f0d4-4cc0-9a39-69bd780b1b31,inmoll_c7d2b86b-98cc-40d2-bc3b-499bfc4ac0b6,t.v.,to step on; vanquish,,,,,,,,
caa11e60-2276-45dd-8de4-54eb86b2c523,inngoeinngoe_d73395c9-a7cf-4213-a177-c5d1c5ca6c73,mod.,shaky,,,,,,,,
021f528e-08ea-42c1-af8f-7c70da774cca,inpiak_7cb1260d-daa6-4b8c-a687-255ebde891c3,n.,whistling kite,Haliastur sphenurus,,,,,,Mayu Dobola,
c24229bb-2204-4063-9243-53eb2dd81df3,Inpiakma_55a8c4e1-625d-4835-8aa1-1baf68e43a2e,prop.n.,Inpiakma (toponym),,,,,,,"Bodog Jowanang, Geoff Rowak, Inawa Dareda",
d4d52a7f-548d-4491-8fa4-ceeae92ce68d,Inpir_327a1c4e-3141-48a6-bf6d-4a3f4c5c248a,prop.n.,Makayam/Tirio language,,,,,,,,
087affc0-d663-4d34-b04e-11a0eef513d7,intot_99437c40-e90d-48a6-a1f6-2c227564c48e,n.,brow bone,,,,,,,Warea Giniya,
cb249de4-c5bd-44b4-a717-78bf5bea7b9f,intot kom_a350b994-632e-47f1-8b31-82d96a3f6664,n.,eyebrow,,,,,,,130:25,
79b2aadd-abb9-4c29-86c3-ef795d6a16fd,inttemängg_7bd6f9b1-4f13-4a0d-bd18-96b8cf5e9f83,i.v.,"to part ways, leave",,,,,,,,
e32fe37f-8b97-49ed-b776-040bdbd208f1,inttemängg_7bd6f9b1-4f13-4a0d-bd18-96b8cf5e9f83,i.v.,"to leave, see off, release, set free",,,,,,,,
e6ea2b9a-d0a2-459c-b59e-0e4d4e0465f0,inttemongg_3e9a4b0a-fe21-4fc7-98cc-41eeca06674d,t.v.,to let go,,,,,,,,
d9efd584-f7dc-407c-932e-c698decb48b4,inttoemängg_ddde3a24-458d-45d2-8451-e920b7bd4597,t.v.,to see (someone) off,,,,,,,,
fcec7111-3997-4c32-b2ce-dabd80626863,inu_148c9164-2dc9-4edf-bcb3-4b836c75a655,i.v.,to sleep,,,,,,,,
35dbeb5d-65ed-4da0-8125-f2c43eb0bbf5,inu_148c9164-2dc9-4edf-bcb3-4b836c75a655,n.,sleep,,,,,,,,
a05fea7c-dbeb-418b-b3b0-7f4b7e452544,inu_148c9164-2dc9-4edf-bcb3-4b836c75a655,mod.,"asleep, sleeping",,,,,,,,
d0b7b47a-1181-441c-8994-551c5950740f,inu_148c9164-2dc9-4edf-bcb3-4b836c75a655,n.,night,,,,,,,,
00aa9ad4-703a-4460-9c9d-86c5157819d2,inuinu2_95bbf8cb-cf07-48b8-a085-9c2305f2cd4d,n.,white-faced robin,Tregellasia leucops,,,,,,,
56bd0808-74ca-408d-b235-eacace22cdfb,inuinu1_f722f7c6-0057-4512-9636-2b29b65f494f,adv.,sleepy,,,,,,,175:5,
9e94eb1b-c60a-4061-9b6d-262bbaf67aaf,inu kuddäll_58ea6b51-4179-464e-a156-30ada4b45eae,mod.,"fast asleep, dead asleep",,,,,,,5:18,
0c79a24f-db5e-47e1-99e3-a2d04d86e3c7,inungoe_bff100b6-ac8c-48eb-b883-adff42f0a64e,t.v.,to shake (when dancing),,,,,,,,
71222784-667c-4797-888c-6f67f2644b06,ingellab_15824f95-8966-48cf-bf6b-6198da683d87,v.,"to rise up, said of an animal",,,,,,,112:7,
fcc36f77-798d-475c-a615-ac6ff43af148,Ingglis_b9bfbb80-e4f1-46c6-b76a-1b8270aef621,prop.n.,English language,,,,,,,,
1c9f0beb-f094-4cd9-bf54-0c39db8a226a,inggoe_614a2a4f-f79e-4c0a-bf38-a84465e99cd4,v.,,,,,,,,,
3b6e102b-09b7-437d-86ff-4372ca445cda,inggoemeny_d72768ac-c00d-492e-8a08-04305285778f,i.v.,to joke,,,,,,,3:4,
dc48af07-fbcd-4e52-b24c-f7eb326d9dd9,inggoemeny_d72768ac-c00d-492e-8a08-04305285778f,i.v.,"to blaspheme; insult, mock",,,,,,,,
0630bad1-3a7c-4ec5-a0ce-7b0cca489cb1,inggol_a9068c22-d95f-4694-8fe2-379411384270,i.v.,to move,,,,,,,,
ab93e963-5cc0-44a1-a9e8-f98538d0be4d,ingneningnen_7265156c-7959-4b32-9203-05466460a636,adv.,dancing around,,,,,,,,
739b5ea3-5136-47cc-89ee-2fa67e46ea6c,ingoll_25cefb3a-eb04-4df3-8940-8d754bcdbd03,n.,face,,,,,,,,
ea0e25e8-997d-4c2f-abf3-21c39cd2e60b,ingoll_25cefb3a-eb04-4df3-8940-8d754bcdbd03,loc.n.,front,,,,,,,,
d448644e-4f95-4057-922f-090587a47a1c,=ingoll_468708cf-7b98-415d-8db0-921f64cfbb01,nom.clt.,similative clitic; like,,,,,,,,
fa5930b2-c802-42d7-96f1-5516d54f1507,ingong_215a7367-4b58-4f78-b11f-7924c044cc06,n.,dance,,,,,,,,
66f2f380-df15-4f66-8fda-e6bf738f3ff9,ingong_215a7367-4b58-4f78-b11f-7924c044cc06,n.,sing-sing,,,,,,,,
b6ba75f2-2195-40ab-baf0-e474e86b2877,ingong_215a7367-4b58-4f78-b11f-7924c044cc06,i.v.,to dance,,,,,,,,
205abe46-9a82-4e63-baf3-d1eb11199d9c,ioläm_e41d8aff-2d8e-42b6-9074-caca490f5d37,n.,type of bird,,,,,,,90:12,
2c84188e-7508-448e-bdfc-7471bcedd939,ip_69984eb4-b42a-49ef-8126-2fc509c15c8e,n.,type of tree that grows in the grassland with bark that is chewed and sap used as an adhesive or poured on a spear to strengthen it,,,,,,,Tony Warama,
72433cbd-4fe2-4e95-8e51-e9944d2134d0,Ipott_c6414d0b-124e-4278-be75-573bee55d294,prop.n.,Ipott (on the road to Bisuaka near Limol ma kuddäll),,,,,,,"Bodog Jowanang, Geoff Rowak, Inawa Dareda",
60b464ef-7761-4ed7-9953-17187b038a9a,Iräm_7ef5bd92-b35d-47a0-a01b-f6088408fefb,prop.n.,"creek and washing place (in Limol, AZ95)",,,,,,,"Bodog Jowanang, Geoff Rowak, Inawa Dareda",
cb9b5fdf-82f9-428d-a3b1-c7688ddf6801,Iräm ine_a1a11c8c-0a9c-41d0-b915-a0241a0d9480,prop.n.,Iräm creek,,,,,,,,
4483131a-548c-4045-9bf8-a706732122d1,Iräm tatuma_5d2b2e87-1528-4be6-bcda-ff06b7629863,prop.n.,Iräm washing place,,,,,,,"Bodog Jowanang, Geoff Rowak, Inawa Dareda",
e440e1dd-9c47-4235-86b4-f48c4c46e1db,irängän_a7cdb2db-a24e-4741-b734-228d79f4f520,i.v.,to come out,,,,,,,,
81a58799-1032-4b56-856f-04691a075449,irängän_a7cdb2db-a24e-4741-b734-228d79f4f520,t.v.,"to get out, lift out",,,,,,,,
5c8d2658-dce6-45f0-a420-f58e00262749,iräpang_5d53d03f-333f-45c7-81ad-65e9c205f956,mod.,dirty,,,,,,,,
4c57cf16-c1fd-4151-8a51-34e98672949e,irwe_ea236ca3-1025-49d3-9a37-3bf2b287b86e,n.,"type of cultivated tree with white flowers and juicy, red and white fruit with two seeds; used to treat cough",,,,,,,Tony Warama,
b851a50a-e43f-400e-a688-c9cfd81d3d25,irwema_edeb46d3-bf4f-4314-a16b-cb605bc70e66,n.,two female friends who share a twin fruit from the irwe tree,,,,,,,13:14,
d5a7eae2-1e90-4086-bf1a-90bacede1920,Isago_19bfd466-6978-4787-80c5-2b0574a5c9f5,prop.n.,"Isago (big island, perhaps in Fly River)",,,,,,,"Bodog Jowanang, Geoff Rowak, Inawa Dareda",
805c21ac-40ab-4326-b3b5-da53f9149e32,ist_40c19f77-fe7d-4943-bbfd-991dc30b4fea,n.,yeast,,,,,,,,
378c52f2-1d8d-4a40-a022-5e56092fb8f1,ita_a836d9bc-194f-4521-a333-79d50640fd80,n.,type of sedge,,,,,,,,
e126f9cd-a2c4-4a9e-9c32-a79914dfeace,itaita_875f428b-2520-4eca-8c5a-d4e168b7b4a4,n.,type of big tree that grows in the bush with red fruit and a straight trunk used for timber,,,,,,,Tony Warama,
9d635e72-584d-4aad-ab15-c7537114a4a8,itbonmäll_f5fccac4-4dba-44da-9f55-0e1938d8a3ce,n.,dirt,,,,,,,,
1eb6661c-c86a-4b53-9b8e-f3e2929a1bcc,itrae_db830bd4-1b72-413b-b801-b387cbc20dd9,i.v.,to hang,,,,,,,,
3837cdb5-fc5f-43bc-846c-dffb8e5f1ab6,itrell_c13c8c43-89dc-49eb-afa4-ed1958da9b20,n.,"disease, illness, sickness",,,,,,,,
f9f44df6-08bb-4266-8d41-ff39fb8c5103,itrell_c13c8c43-89dc-49eb-afa4-ed1958da9b20,i.v.,to get hurt,,,,,,,,
89e74bb8-22e1-4a87-a8c1-d1fc03808d91,itrellang_012a22d1-51b5-44ae-a7e9-9ebe3f9a634d,mod.,"ill, sick",,,,,,,,
0afcdd64-6044-4bcf-8dd7-7157da970b4f,ittall_32085b26-15ce-4e40-a4f7-0f619a8aff58,cov.,to hang,,,,,,,113:5,
b2658b0f-27c2-4b66-b640-93e41b8d46ed,ittall_32085b26-15ce-4e40-a4f7-0f619a8aff58,v.,"to follow closely, stalk (+ peyang)",,,,,,,,
1e77b5d8-222c-4608-bc66-cb1b9a84a90c,ittɨtt_0cb9c524-72f3-4ca6-9c5f-e0d842b2fa90,t.v.,to catch (an aquatic animal),,,,,,,,
37dd5384-4f79-41a3-b82c-6f4d2d845427,ittma_0787e187-88f3-40bf-837b-4ba8da9700aa,n.,husband's house,,,,,,,,
95e9ff3e-6616-465e-b749-1af1aeb9ad29,iwae_295b19fd-fa3d-41d4-a17e-1f076eadb226,n.,type of weapon,,,,,,,73:16,
d3282de5-76dc-4426-9a38-d9ea7bbe49e2,iya_7528da63-fe04-470c-b34c-6101de599d50,n.,Australian masked owl,Tyto novaehollandiae calabyi,,,,,,Mayu Dobola,
29f752d0-f1eb-4eca-a598-76ed286f5561,iyeiyem_bc7df174-2ad7-458d-9fd9-ba04f1bf0c33,n.,common emerald dove,Chalcophaps indica,,,,,,Mayu Dobola,
af4e0a7f-c3ae-44ee-8f72-94dfeef39f35,Izag_833338e0-270e-414b-8165-0901bae8d465,n.,name of clan,,,,,,,,
54700f56-a245-42f1-b47d-1f79155b0d39,izig_19735867-bc0f-4513-875c-106a885a271a,Kinship noun,co-sister-in-law (woman's husband's brother's wife),,,,,,,,
47eb91e9-5db4-49e8-906a-23b975bcd57c,izig_19735867-bc0f-4513-875c-106a885a271a,Kinship noun,co-wife (another woman married to the same husband),,,,,,,13:2,
2cb9331b-86e1-44e1-a7e6-68d37cfc9d48,izigag_2ef08bb3-41f8-4e7c-a121-ae2a03048393,n.,polygynous marriage,,,,,,,,
8e458172-94b6-47a3-93f8-27b9bade1bd1,iziz_0ba06c05-eb6a-4333-abbf-afcfece0661c,n.,bribery,,,,,,,Sawapo Badu,
3770de1e-37db-4031-8344-161a01311e9a,izozallo_a3d81802-5a83-4a74-9578-8fda3f11f120,n.,animal friend,,,,,,,,
1eb2092d-6e4f-4f65-abab-c31ec135c393,Ivan_c8e0b150-180e-4fe1-968b-c14252ca5b6f,prop.n.,male personal name,,,,,,,,
2b4691cb-29e6-4839-88ee-72f27fc90e12,ka1_c746107b-5ea2-4cdb-bf7c-0d4a6307d4c3,TAM particle,counterfactual particle (often preceded by ada),,,,,,,,
425472e8-67cb-4494-94f2-c0a2ae40ccf9,ka1_c746107b-5ea2-4cdb-bf7c-0d4a6307d4c3,Question particle,question particle,,,,,,,,
73f5c8d3-7646-4368-a4b3-d402186e82bf,ka1_c746107b-5ea2-4cdb-bf7c-0d4a6307d4c3,disc.prtcl.,emphatic particle,,,,,,,,
9faa3b56-4f29-4cc2-9108-995c94ba8b49,ka2_e1ab75bf-a2b3-421c-ac81-bb2816a64247,interj.,no,,,,,,,,
ad3c0ac7-55c8-4574-8b60-5c629d9c4afe,kab_1d7856ca-a4ad-45a6-bc2a-8b92a9ff35ae,n.,"string, rope, fiber",,,,,,,,
dd94f013-1cfd-4e82-9df7-1897c45689c9,kabadu_20540943-cd91-4509-aec3-bd4cc08b8379,n.,"traditional dish consisting of coconut cream, sago, meat, and tulip greens",,,,,,,,
9c148f9a-3191-4790-b473-f7873fb36a1d,kabag_61312878-40bc-4dab-bdd7-4085e604e493,n.,type of thick grass that grows in swamps,,,,,,,,
3dd48322-ef8d-45cc-b82d-543cae65c193,kabär_3cc85450-7bba-48b8-ac20-5a0a7a16aeef,n.,type of big taro,,,,,,,Sowati Kurupel,
0932660e-5285-4bd8-879a-eb2f6b93f1e0,kabkab_af47ef30-9b76-416b-9d38-fce730e358a4,n.,type of vine-like plant,,,,,,,,
7f5562be-c111-428e-90a1-b3d446589e5a,Kadawa_d8c8a137-a94b-4aae-b5d2-33ccf0e0002f,prop.n.,Kadawa (in Kiwai Rural LLG),,,,,,,"Bodog Jowanang, Geoff Rowak, Inawa Dareda",
6c6b2d59-3e0b-4d14-b17b-9e264376c3fc,kae_3daf6605-bcf3-45b4-ad7d-7bb28cf2abcd,n.,a type of plant traditionally chewed and used to welcome people,,,,,,,,
d211b4a2-8673-4cfa-a888-08b9d0ca0979,kaeg_863306a0-b56a-4124-8461-3545ab1f2aed,n.,close male friend of the same age who went through initiation at the same time,,,,,,,13:3,
a1f50e8e-60f9-4aea-a763-426e28810b50,kae ine_6c8093da-ad09-4d7b-9956-416896663f42,n.,wine,,,,,,,,
cbc2663e-234c-406a-bc4a-a76f6aa3a001,kaekae_7371d25f-94df-4d12-8019-99aca2c45e47,n.,type of small plant with blue and purple flowers and black fruit that cassowaries eat,,,,,,,Tony Warama,
8a48681a-9700-48d1-95ee-69ea83bfe5c2,kaekep_e5dce1a4-aaea-4d82-bf9c-48a9f981bf57,t.v.,to chew,,,,,,,,
b26e0a11-a97c-46de-90bf-04113fb17556,kaekep_e5dce1a4-aaea-4d82-bf9c-48a9f981bf57,t.v.,to struggle to cut (e.g. with a dull knife),,,,,,,,
d04a909a-d4a2-43c5-b226-edee0605edc4,kaembre_152fe09b-824f-4afb-9210-04e8a97245c2,n.,type of tree,,,,,,,Tony Warama,
c2784963-9bca-4c3b-9e4c-bd30df40b739,kaemne_bb395a2a-9d5e-44ec-ac97-35ef262b747b,n.,bee,,,,,,,99:30,
f241bc08-1cf1-460c-a6a8-924d6099b585,kaen_1ff83d51-1863-4a39-b327-e21c3d5c037a,cov.,to wrap up,,,,,,,,
8bc097df-f6af-48ab-b692-a92d0493109d,kaepse_aa674910-aa39-4929-b766-a93040586ec2,n.,"type of tree that grows in the bush with white flowers and big, yellow fruit that cassowaries and deer eat",,,,,,,Tony Warama,
d056b7f5-75ec-4bc6-959f-c6cd27172472,Kagär_c33e525a-795a-465b-8ba1-4f511d05d08f,prop.n.,female personal name,,,,,,,,
0cef468e-bc0f-40e8-907e-6d85c222cf49,Kago_2d4a843d-a6f4-4913-b975-52b85c0f35dd,prop.n.,male personal name,,,,,,,,
21d28183-9605-4c78-b757-4e2be805e6dc,kak_a771e91f-9d05-4c3d-888a-db4c1801902c,Kinship noun,grandmother (one's parent's mother; reciprocal),,,,,,,51:30,
5dde1cc2-670b-460b-b76d-39c3273d92ba,kak_a771e91f-9d05-4c3d-888a-db4c1801902c,Kinship noun,grandchild (woman's child's child; reciprocal),,,,,,,,
1b1d7f8c-9826-47c9-9c57-799843cf7518,kak_a771e91f-9d05-4c3d-888a-db4c1801902c,Kinship noun,mother-in-law (woman's husband's mother; reciprocal),,,,,,,,
24a06267-06c1-4223-a38f-cddf222fae38,kak_a771e91f-9d05-4c3d-888a-db4c1801902c,Kinship noun,daughter-in-law (woman's son's wife; reciprocal),,,,,,,,
aa103f2d-e3bc-47d0-9df4-9bfb233baa8d,kakab_8cc2c357-5c16-4709-bca1-58c3393e3944,n.,"leftovers, remainder, remnant",,,,,,,,
086d3ce5-0957-4a05-909e-38cc585cc346,kakab_8cc2c357-5c16-4709-bca1-58c3393e3944,mod.,"leftover, remaining",,,,,,,,
fd7f5311-ec4f-429b-a770-111997844de9,kakak_90666d50-0f52-4973-9a2f-7dda9b7d8900,n.,nonsingular form of kak,,,,,,,,
75c76439-9dc7-409a-944d-694a72219186,kakakän_3b6e121e-2986-4d7f-a18c-05082e562157,n.,(outer) space,,,,,,,,
60fe2c8c-a4b6-45ed-80aa-454b81dbafc6,kakakän_3b6e121e-2986-4d7f-a18c-05082e562157,mod.,"loose, floating, unbound",,,,,,,,
bcbbb39c-5595-410a-bc12-b7c153a31b6e,kakakän_3b6e121e-2986-4d7f-a18c-05082e562157,cov.,to float,,,,,,,,
8dc100e9-1e84-4a4e-9c36-bf49972f651b,kakal_7dfb446c-b38f-40c7-8612-b90692684594,i.v.,"to enter, board, go in",,,,,,,,
fc24453b-ce6b-4364-b8a9-edd497eb95c5,kakal_7dfb446c-b38f-40c7-8612-b90692684594,t.v.,,,,,,,,,
77c248fd-edf6-4894-b224-80d23c457d2b,Kakaya_a31b7bb0-c418-4be1-b10c-3886f986b857,prop.n.,Kakaya (toponym),,,,,,,,
d0b49d65-d7a6-4505-9716-f0a00a6cbe5d,kakayam_3266247b-ca4d-4619-ac6a-a5c58ed564fa,n.,greater bird-of-paradise,Paradisaea apoda,,,,,,Mayu Dobola,
07b79b76-a070-495c-a398-7adc47f0fdeb,Kakayam_4c87c5b7-009f-44a3-af00-53f0b62c65a5,prop.n.,female personal name,,,,,,,,
eea1f77e-65ca-4d66-9ac7-93bdb2e00b23,kakällät_e60bc805-2d56-452f-a417-7f1126f92073,t.v.,to split a leaf,,,,,,,,
ba2b4833-2d15-4f1d-80e9-ec0f035d78f4,kakänkakän_8e5433eb-86ce-4549-88f8-daae5acfe6c8,n.,air,,,,,,,,
aae52332-365c-4ae0-9596-355b75b5619e,kakänkakän_8e5433eb-86ce-4549-88f8-daae5acfe6c8,mod.,floating,,,,,,,,
80118d76-d567-4eaa-9ff1-cbbb285c5cd7,kakep_cd3938b3-47bb-4ae2-8a68-f472021009e6,n.,pain,,,,,,,,
4fb90122-0a1f-4ece-a82a-eec95728ce40,Kakeya_40621ed2-56ed-436b-9834-829540b642c3,prop.n.,"Kakeya (bush, camping and sago place of Baba Zi from Upiara; on the road to Bisuaka)",,,,,,,"Bodog Jowanang, Geoff Rowak, Inawa Dareda",
918cb5c2-142d-4ff5-bd2a-3bf34fcd1ba5,kakne_3bc62cf8-bc6c-40ce-93d7-bb4ff00b3f82,mod.,"floating, loose",,,,,,,,
708f50b8-c371-4122-97f5-8554c7a9a7be,kakoll_55588147-6eff-4656-a4d9-30eb30ad0a42,n.,dish,,,,,,,,
1e9f6eba-96ec-45a9-aae1-1e3219132b9c,kakoll_55588147-6eff-4656-a4d9-30eb30ad0a42,n.,cup,,,,,,,,
a968a063-de16-4a4a-bfb6-e776429a3ffb,kakoll kutt_7b79531c-17f4-4618-a48a-0ff00161c791,n.,endocarp of coconut,,,,,,,113:6,
784c5221-3e63-47e4-9a99-5692872c2159,Kakos_0c22942f-dbca-42e8-847c-d12440d47dd4,prop.n.,female personal name,,,,,,,,
e1de7b16-077b-4779-b0e9-b33a45b23983,kakud_f8d23978-180e-464e-b441-e437ad6524bc,n.,"type of thin, curved, and long yam without thorns",,,,,,,,
59ec09b5-2f68-42cf-8521-7a9e762afafe,kala_219225a4-f4e7-466f-a48d-fbd9a44cd845,n.,"color, pigment, dye",,,,,,,,
337a75c1-198f-4fd0-92b4-c5d56db7e1e0,Kalamato_46fbc2cc-be7d-4c75-b6b5-8b5c785f1eb9,prop.n.,female personal name,,,,,,,,
422972c4-b21b-486f-bf7c-4de86d4c5b73,Kaldon_d0fc6fcf-59ea-4b79-86f9-e454c9bc7b3d,prop.n.,male personal name,,,,,,,,
2fb298f9-de23-4e31-a336-cfc7d3cc31de,kalemtoe_af388604-b650-4fc1-a1ac-81b69e10c8ed,n.,"type of tree that grows in the bush with small, long, thin edible nuts that must be broken with stone; nuts are edible when steamed and are also eaten by cassowaries and doves; flesh is used for cream; similar to toe tree",,,,,,,Tony Warama,
dd7e2531-02ef-4788-9706-8a800ebb1472,kalkmo_72751f4d-23f1-4c86-a5a9-bca7b9eb19f7,n.,joints,,,,,,,127:15,
7f2b16b7-4c7e-4ae7-ad24-70c36e71ed7d,kalmoe_923124d9-1a6a-4720-822a-35df39b49d12,mod.,"pliable, bendable",,,,,,,,
231291d5-85af-49fd-8bb1-a9168147fd5b,kalmokalmoe_885e8970-0887-4783-b4f0-a5cdba2e76f8,mod.,welcoming,,,,,,,117:16,
c4e52c02-a618-4e72-be0a-7be440fcc64f,kalokalo_76ef4133-2743-4d90-88fd-24525f81808c,mod.,"pliable, flexible, bendable",,,,,,,,
a0beca8c-a2be-49af-bec8-ae2e94a2662b,kaltakaltamang_8b723d42-da1d-4c73-9c87-2efd51086a35,n.,type of spear,,,,,,,"Johnny Bodog, Inawa Dareda",
4d7d0ad5-9d24-4eb6-b41b-a1583db5b91b,kalla_f3efdb8e-9769-43f9-92ab-cd41139e3f0e,i.v.,to lie down,,,,,,,,
f1334830-ead2-4ac8-bab4-6beac343f617,kallag_05196284-ec6c-4a68-ba93-c6ddaec95817,n.,fish type,,,,,,,,
538e7654-d46f-4e42-acb5-dbde2c6f52c4,kallakalla_a45739a1-85f4-4297-9f1f-516d9f278e85,n.,,,,,,,,,
f11006db-b975-48bf-9ede-d3dd77f44498,kallamatt_3a2e6914-c2f9-46dc-a0a8-b5ef4fb369b9,n.,Oriental dollarbird,Eurystomus orientalis waigiouensis,,,,,,Mayu Dobola,
7fdc8c8b-638e-464b-a629-868401d966a0,kallat_f3cd104b-b4e6-4ac8-92f8-84f4e11a342e,,burp,,,,,,,,
bcda6608-101d-4c9d-8749-e7618ec8290f,kalläg_8e23173e-ebaf-464b-af6a-304cad2898af,n.,"type of edible, fatty fish with big scales; found in the swamp, similar to barramundi",,,,,,,,
5dee18c6-c9be-4e01-9b01-9808dd4b1251,kalläntäg_dda638a7-c935-4c77-868a-ace5b7b7a4ed,t.v.,to split,,,,,,,,
aaa5a8b3-39d0-4a29-a293-05ce1d5dd7a1,kallänggag_07c3667a-af33-4c91-bfb8-add4e899c61a,n.,"stage of life, when a baby is still lying down.",,,,,,,175:14,
b2bae7bd-88fd-4d06-aca3-db83d6e43955,kallekalle_34dfed6c-f6d5-46a9-abf4-c235e0bb92cf,n.,"type of yam with a white interior, red skin, and hairs",,,,,,,,
d5f21548-4155-4c2c-b22b-429010affbcc,kallɨngg_8b04f140-d29f-4eca-a4bd-1afa29e6e672,t.v.,to kill,,,,,,,,
104cdba7-b076-419f-8f5b-972e76d50981,kallkäll_089391ae-dab3-4536-a0f9-d29555f4630e,n.,cold,,,,,,,147:6,
b276b1b4-ce4e-4ad2-b8aa-37548301cfec,kallkäll gllaengg_0b4e9b78-a0da-4a43-96a1-1e89169b55e3,comp.v.,"to warm up, get warm, warm oneself",,,,,,,,
02082bdb-20c1-482a-bdb1-b3002ed2d111,kallkäll sod_43c29d38-4142-427c-8efb-7b4127cb4981,n.,long-sleeve shirt; coat,,,,,,,171:13,
017b0747-f5f3-4d33-a173-f763b0eecc7a,kallkell_0a762df4-94fe-4227-a2cc-30880e4755ed,t.v.,"to deleaf a plant to reveal the shoot, or to take the skin off",,,,,,,,
4df3a23e-36d7-4481-b988-3e505340dfab,kallmo_51b51f68-a154-4f72-8073-e88b411d6363,n.,"butcherbird (black-backed, hooded)","Cracticus mentalis, C. cassicus",,,,,,Mayu Dobola,
e9725bfa-4dd2-4f3f-a2ae-db64ef13b6d4,kalltam_38aba7bb-b44b-4897-9500-fa9b421e9572,t.v.,to split,,,,,,,,
3cfa5def-cd7d-4d58-a3df-8582e8ed6c1f,kam1_5aaa2cb8-f736-4723-94f9-1d538fd8c6d7,t.v.,"to start, begin",,,,,,,,
ea4c1e83-5c5c-4851-898c-fc65c3150410,kam1_5aaa2cb8-f736-4723-94f9-1d538fd8c6d7,t.v.,to start,,,,,,,,
8c574b32-4dee-4ebd-9fa1-3f0e1b40992d,kam2_6f03cb93-b64d-4d84-9cc0-be833aa7c2eb,t.v.,"to cut (e.g. meat, skin)",,,,,,,,
a955fbaa-f5d1-4873-80d1-ca1ab24d06c3,kamäkamät_1f687a53-93c9-467e-8584-74ce34bb40b7,n.,type of big tree that grows in the bush with yellow flowers and big yellow fruit that are collected,,,,,,,Tony Warama,
ffb795e8-2fdb-497f-a4b0-804e32b5b5dc,kamän_0260ced9-1dc7-499d-a6a5-e4d2de832087,t.v.,to kill at once,,,,,,,,
592a32a5-ed25-4d0f-bc30-b43d14ce4974,kamän_0260ced9-1dc7-499d-a6a5-e4d2de832087,t.v.,to pick (e.g. mushrooms),,,,,,,,
96ed26cf-a09e-4d29-ab6e-35353aa418ae,kambäg_338af55e-4eb2-4a73-a9eb-b340f4f99857,i.v.,"to escape, flee",,,,,,,,
7702ac90-293f-46d8-a956-97c0e8f5fd62,kame1_76498ed1-24e2-4f9c-aadb-a4a02d6014f8,n.,"ignorance, non-knowing; incomprehension, non-understanding",,,,,,,,
23dfcf62-13b2-48ba-989d-448afc99f4ee,kame1_76498ed1-24e2-4f9c-aadb-a4a02d6014f8,mod.,"unknown, unfamiliar",,,,,,,,
6a4f46ee-3c2f-48cf-a3b2-72827ffe7dec,kame2_8ce3d85c-6022-483c-9e6c-66b73a8e0995,Temporal adverb,again,,,,,,,,
bff35b05-993c-4957-8362-dcf2672d885c,kame eka_62c2b51a-e257-4ef0-9cd9-21bf364574c5,v.,focus,,,,,,,,
9509f7cd-d48b-43b6-8cc2-002b80d50896,kameka_83adb7fc-906d-441a-b399-4fe785a19f62,v.,to ignore,,,,,,,,
76c48fd1-aa71-4a5f-baf1-c03c703eb994,kamekame_16f8ad0e-b6a0-4b24-aa59-2d86f182438f,adv.,"unknowingly, mistakenly, wrongly",,,,,,,,
84864d35-acc0-4e04-8640-7444f5df51a9,kamekong_2ecf5bad-d38a-4f20-86b9-11961392ab69,mod.,busy,,,,,,,,
590b52f7-6b4c-45ff-911e-578b34f678d3,kameny_dd0987a5-987a-497c-a6ec-f4901439c5b1,n.,absence,,,,,,,,
33af3618-7f5e-4a57-b0d4-8b08e8b2a784,kame tameny ma skul_37947dd9-9b45-4e5a-9310-03dd5520d7ae,,open distance school,,,,,,,55:39,
b3f5744a-5db9-4bcf-a397-afa714f37f6a,kamo_882e0be5-29f8-4194-a0e7-0d56019ea7f1,n.,reciprocal term for the young man and the older man that takes him through initiation,,,,,,,13:4,
03e4f6e7-924e-4ec6-a80e-e2f39ea63be1,kampani_fea954b3-bf91-4e0d-9d14-a7ecf93f31ba,n.,company,,,,,,,,
2b4d69b6-3304-4434-9d8c-353eefce7f10,kampentri_9f8c3be0-2c7d-476e-be46-5e572f93babf,n.,carpentry,,,,,,,,
06643d4c-a3be-4d93-8928-f66188fdcbd5,kamuka_644781b3-062c-45c5-9f6f-e044e9c906fd,n.,type of cultivated thorny citrus tree with small white flowers and softball-size fruit with thick green skin,,,,,,,Tony Warama,
4260d436-b05f-42ad-bb2f-bb0b5a767dc5,kanas_7fd7ae1e-3c59-4716-a662-60171172d9d9,n.,type of basic arrow,,,,,,,"Johnny Bodog, Inawa Dareda",
246d42d4-21ed-403d-881c-8116d8c82cc1,kanas ma_7f26d386-d096-41ae-8669-87d088a270f8,n.,type of pointed roof not found in Limol,,,,,,,,
212e8eb7-0314-40d6-b353-bf38c2263abe,kandärmang1_0266aae6-8c87-4144-9a26-7ef162c3f679,mod.,"sorry, apologetic, regretful",,,,,,,,
65703c05-cdc4-4fcd-9a14-74e0791b5fb9,kandärmang1_0266aae6-8c87-4144-9a26-7ef162c3f679,interj.,sorry,,,,,,,,
9116a2c2-5a0c-4d76-beb5-6076825f1345,kandärmang1_0266aae6-8c87-4144-9a26-7ef162c3f679,n.,"pity, sympathy",,,,,,,,
730d3522-8382-468b-8184-3def351626f5,kandärmang1_0266aae6-8c87-4144-9a26-7ef162c3f679,mod.,"sorry, pitiful, unfortunate, sad",,,,,,,,
ec6f2bbb-4f1b-4b3c-a647-61c3c4dae8c5,kandärmang2_cf9646f4-9f5c-4bcf-b33d-60b344f0f5bd,n.,"present, gift",,,,,,,,
180f4158-3e56-4959-bba5-742c9c67d723,kandärmang eka_ba28a829-f31d-48cb-8474-aa3dead4280a,n.,apology,,,,,,,,
2cefc60c-a106-41a2-9499-6f2125cb67cd,Kanengga_609a7fe3-3ad2-4a2e-b428-d0f716023970,prop.n.,male personal name,,,,,,,,
0d8d5e2d-189a-4869-b7fa-4ee9c1316f92,Kaninga_f9991b4c-cdb6-4318-a5cc-257ab33112d9,,male personal name,,,,,,,,
7303c16c-3475-4157-ad6d-b1628da5f52a,kanken_137eae4a-90f8-4f64-9e74-2608469363b8,n.,type of mushroom,,,,,,,Joshua Ben Danipa,
9ce2f01e-3952-4c17-9a96-645310081a59,kannas_171d35b0-d7b0-40e1-9487-71b5862ce5f8,n.,type of bow made out of pitpit,,,,,,,137:3,
08f4ccb0-703a-428e-aebf-9ea2bcc63278,kanoe_205e13b7-fd9e-49a7-8b8a-5fc292d73f4e,n.,"type of tree with fruits that cassowary, pigs, and deer eat and bark that is put in the water to kill fish",,,,,,,,
25c2ae21-30e1-4f77-8e13-ad73d3a0ddd7,kansel_a688f26d-030c-4190-8084-0d304fe72ae0,n.,counsel,,,,,,,,
ba31aa24-392e-44d9-9561-56980c6e5a14,kantärpie_ad8f519d-9cc0-4360-950b-8467c4354913,n.,log stuck in the water,,,,,,,183:29,
9f54933b-d95b-4bb5-bec7-f9ebe1a3768d,kang_4853e390-37d1-4c56-b6ad-73487e93df97,n.,sucker (additional unwanted shoot that grows by the base of a tree),,,,,,,,
420f8c4a-e8ce-4cb4-9ffa-62307c8053f1,Kange_5a2f2d42-05f1-429e-8a70-358d5da7c38e,prop.n.,male personal name,,,,,,,,
37b629c5-4bd8-48e4-9aad-23be38710434,Kangge_c2e04eb0-5be1-4d8f-bf6a-c60f1b09a06a,prop.n.,male personal name,,,,,,,,
d57bfb8d-7aa8-400b-8751-5fa1bb36e4a9,kangkäg_1bd7e9ad-d485-46b8-a916-e27b981d45f7,t.v.,"to carry, bear (a load)",,,,,,,,
990bebd9-aaff-4380-8211-d8fa77ec2c67,kanyam_4378abad-ee43-4dfb-89c5-cab4c1953521,i.v.,bend,,,,,,,,
a80b208d-d38e-44b6-8a1c-f6c60abed220,kanyekanye_4a40a5ae-8a85-4114-ba75-6dd8bdf2d1d2,cov.,"to move around, travel",,,,,,,,
fce16cb8-78a5-4082-a8aa-9f7788de57f7,kanyekanye_4a40a5ae-8a85-4114-ba75-6dd8bdf2d1d2,cov.,to go hunting,,,,,,,,
9b423c17-ad3a-4a24-99d3-2180dc6abce9,Kaoga_e7206617-538a-4559-a1a8-888a5e4c0394,prop.n.,male personal name,,,,,,,,
e9ae6f6a-d873-46e0-9e39-d16de3d43909,kaonggall_a6160bf6-400a-4eb6-93a7-6ee54709b443,n.,yellow-faced myna,Mino dumontii,,,,,,,
70e9d959-5ede-4ab9-9c83-43076faa46cf,kap_f1d3e37d-5154-4613-9ece-166b1b3f49a6,n.,,,,,,,,,
035ac864-9b9b-4810-ba28-08f005699397,kapa_808baa4d-f4dc-4819-81b3-167b791c98cb,n.,,,,,,,,,
2409dffa-1b78-496d-931b-27512bdd5c9d,Kapal_5a5b90fb-2e02-43db-b0c2-feefd214ca18,prop.n.,"Kapal (Wipi- and Kawam-speaking village in Oriomo-Bituri Rural LLG; has airstrip, aid post, primary school; from Limol, one must pass through Bisuaka)",,,,,,,"Bodog Jowanang, Geoff Rowak, Inawa Dareda",
0f2a8609-fda2-4e5c-8c9d-3a6c20c1708d,kapalla_66eaa9a2-1c5a-4cc8-940b-1fc3e62291fd,n.,floating grass,,,,,,,182:6,
64cff976-9aa5-47ef-b62c-48657a656339,kapang_da24745a-6cc8-4812-9e7f-b3107c34d34c,n.,Acacia,Acacia,,,,,,Warama Kurupel,
79c7c4e2-7b54-4285-a225-874ddfeb9d62,Kapangang bun_057f7a13-c6d4-4d43-9c27-32b73f89417a,prop.n.,Kapangang bun (sago place on the way to Egapo),,,,,,,"Bodog Jowanang, Geoff Rowak, Inawa Dareda",
0b2f190f-7800-40a1-a330-6f58dab5a2fc,kapang bile_7140ebcd-be40-4dcc-b8bf-e6cd5cb5fb02,n.,type of medicine,,,,,,,Warama Kurupel,
5c9c2126-83b9-4c4d-b65a-0a35ec6463f9,kapang budar_3edd40e2-4713-4bad-9afa-669740d54a10,n.,type of grub,,,,,,,Joshua Ben Danipa,
14f1d7c6-447b-4a8d-a92b-448f29667a21,kapangmändär_cd95f4ca-8a89-42a5-9237-cb75ffa1c450,n.,type of mushroom,,,,,,,Joshua Ben Danipa,
8ad08e56-8723-4e70-b941-7af0cacd498b,Kaparnaom_b7c7c560-87a8-46ab-8ade-9ef94872374f,prop.n.,Capernaum,,,,,,,,
e2364744-80d7-454d-8fa7-68ae1968e335,kapän_6f0396b4-dd2b-4b51-856f-90aff6eec3d3,n.,,,,,,,,,
194cc7cc-c7f8-4c7c-9930-be0577e769f6,kapera_bb66a69d-5758-4311-8e6b-9d40c7a59ab2,n.,male friend or partner who comes from out of town,,,,,,,13:12,
2f6ad951-88d1-41d6-b3da-ba8ee777193d,kapkap_4323f073-7725-4719-bb1f-76ed006e0dbc,n.,mudskipper,,,,,,,,
aa778f88-6790-4cd3-a241-8a497b7800db,kapräl_99c7197e-a0f0-4827-acbe-91577a7f0c8b,n.,type of tree,,,,,,,Tony Warama,
c1f61dfe-4f9b-46af-90c2-179efd414f7f,kaptte_58d2c642-2cce-4c48-9369-361dfd72f771,n.,cloth,,,,,,,,
6c2682a8-f10f-4c41-baf5-c16b21af6f34,kaptte_58d2c642-2cce-4c48-9369-361dfd72f771,n.,"clothing, clothes; piece of clothing, garment",,,,,,,,
49eea6e3-486d-4622-9b43-5990e27091d1,kaptte dodro ma_66a4c64c-fac7-4d24-833c-26102264c1a5,n.,washing board,,,,,,,158:40,
9cfefd3b-fab1-4a3d-a3b3-19b58e730f71,kaptte gällämnan_8c96ce00-95a2-4193-851c-d08a022d63d8,n.,"laundry, washing clothes",,,,,,,,
302ec28a-ab6a-49cc-961e-bcebeacb70de,kaptte ittal ma_6b1e3cad-1fb0-40e1-b731-c66857b628af,n.,clothes line,,,,,,,158:46,
5aaa3417-e3d1-4b63-9def-a9f3bd959c03,kaptte tubutubu_eff228a0-d82b-4718-b12a-9822799a8895,n.,short trousers,,,,,,,171:20,
e7dde5a8-fb88-4b6e-8924-1844dad7432c,kaptte tupi_39316828-11a1-464a-94b0-95d195420c4f,n.,long trousers,,,,,,,171:14,
26b16ee7-4e5f-45b5-96fd-292f4eb8a6d9,kapu_7cace02f-d25c-480b-a852-a67b2a59525a,cov.,to carry,,,,,,,135:9,
5a3684f5-fee3-4cb0-b12b-f8b008c4b49e,karado_e3f10246-e2c7-4121-a382-8986c912330d,n.,long spear for fishing,,,,,,,123:4,
3e966cb5-c25d-4413-8a1c-2781447a9a70,Karama_898069c3-b9a7-4bd8-b8c5-bbb43261bf46,prop.n.,Karama (swamp and canoe place in Limol),,,,,,,,
fce3a538-37ab-415c-bf57-4d45cbf53a69,karama_d09ba224-d6f9-4eb2-a4fb-f85913742970,n.,swamp,,,,,,,,
821ca782-30c3-4104-bb85-e3ea6461b60a,Karama Popo_47167f9f-0d3a-47ae-9778-def2db7bc348,prop.n.,female personal name,,,,,,,,
02ea2779-7d1e-40a8-b117-a2b4f42916e6,Karamapopo_cd7f0319-042b-42da-ab43-9a26f987778f,prop.n.,female personal name,,,,,,,,
9fe20269-2a9b-42a3-87d2-60e63743bcc5,Karao_8e70789b-bffc-47db-8e2a-51a4ba25a9ee,prop.n.,male personal name,,,,,,,,
02de11a2-07cf-4c5b-8093-e925562e4cb1,Karau_115e82a5-ebbf-4b81-8ee9-5c3d4bc197a8,prop.n.,male personal name,,,,,,,,
c1f4982a-f48f-4f9c-9bdc-4895dad15d65,Karea_2af255ab-eaec-4f43-9b8e-f74fa809c99c,prop.n.,male personal name,,,,,,,,
67131008-9475-4e90-8472-7db03246ea56,Karen_1d221b21-b3ff-4850-a64d-a357cf91692f,prop.n.,female personal name,,,,,,,,
7e1a1028-9523-40e9-b384-63a6ee0df4d6,Kares_f4937cd6-762c-4992-9acf-b6de141b099d,prop.n.,female personal name,,,,,,,,
096c5886-8bf9-4b31-9f8b-34c20bdc096e,kargeam_decded14-9c59-45f0-a623-7e27e2dbb851,n.,type of big taro,,,,,,,Sowati Kurupel,
09235919-2ddc-4f88-a722-d9d3d0594ea0,Karis_6d0cb40b-69df-4c89-a991-73fa8dd102c4,prop.n.,female personal name,,,,,,,,
a21dfd19-e142-4149-aa72-3b8a88435fb5,karita_3d29e2b1-6a1a-4425-bf62-1e749459131e,n.,type of introduced banana,,,,,,,Sowati Kurupel,
3091a51b-26f1-4303-8a21-a39d411f2a35,karpo_9da9db0c-819b-4297-b35f-9ad95706a686,n.,jar,,,,,,,,
1802a430-16bb-45cc-81d2-f841e5988281,Kas_09f5c559-fdb3-4d0e-a08b-1c5a5c801c19,prop.n.,male personal name,,,,,,,,
4d18e548-c7a3-4a0a-8af0-d3e1004275d9,Kasakmai_df80a67d-7e97-430c-b6f5-ead58300baf9,prop.n.,Kasakmai (toponym),,,,,,,"Bodog Jowanang, Geoff Rowak, Inawa Dareda",
0743d8c7-74be-4336-ad14-8947b31727f6,Kasakmai_df80a67d-7e97-430c-b6f5-ead58300baf9,prop.n.,name of a person,,,,,,,,
9634f740-9ffa-4c78-8c20-ca91c865d103,Kasimap_1e67fc4a-f020-4107-830c-c4dfde152ed2,prop.n.,"Kasimap (Abom-speaking village in Gogodala Rural LLG, near Zanor; has an elementary school)",,,,,,,"Bodog Jowanang, Geoff Rowak, Inawa Dareda",
cc307c31-9e40-4ed9-ab8e-5168be136ea4,Kasir_7dbb4168-faf2-4c38-acca-63ba449e7156,prop.n.,male personal name,,,,,,,,
afb346a6-9f5b-4f21-b19e-475871a98765,Kaso_3c562203-0925-4b90-a594-1f591033375c,prop.n.,male personal name,,,,,,,,
b0458ebb-75d9-49be-82be-e30b5ee9d3b5,kastom_3f379270-5a56-4bbe-96f7-d18ea2806e02,n.,custom,,,,,,,,
26e68f51-55c1-4b78-8bbe-2089518bf062,Katama_3991ab19-41a7-44e7-a6ac-ffe17f0065ad,prop.n.,male personal name,,,,,,,,
afbc3ae3-7499-448f-9e74-1f4099b90a55,Kate_21896070-c8ba-4b67-a2bf-32000339c5ad,prop.n.,female personal name,,,,,,,,
ec267ff5-5b46-4a47-8d27-f22da2e4035a,katre_bfbb178c-d4ac-42cc-a182-d16d06ea896f,n.,board; flooring,,,,,,,,
c9c5d280-8df1-4012-940a-54fea44a900e,katre_bfbb178c-d4ac-42cc-a182-d16d06ea896f,mod.,"raised, elevated",,,,,,,,
c90c649d-977f-445f-8ec7-8fe38977aebb,katrekatre_0beca86e-6fa5-4184-b670-1ab5bcddd699,n.,table; desk,,,,,,,,
d61d6f35-bd11-4473-9c6b-9c42a0a1182a,katrekatre_0beca86e-6fa5-4184-b670-1ab5bcddd699,n.,shelf,,,,,,,,
4fad3fe3-5118-4be9-96ac-f7db626fa58d,katre ma_94111f3b-4443-44e8-9957-f126ddf695f0,n.,"raised house, stilt house",,,,,,,,
e293ab80-1f29-4b10-9a8b-757596b08d44,Katherine_7681ea84-58b9-4916-992e-a4c4d1c1293b,prop.n.,female personal name,,,,,,,,
08686f35-787a-4dfd-95aa-84fc22b8b8e7,katt1_0483f7d5-3ec1-414f-ac3c-e3c0efc2134a,n.,Meyer's friarbird,Philemon meyeri,,,,,,,
ee8a6d19-480e-439b-ac03-41a0ac85d741,katt2_e2ef9a48-85e5-438f-ad6b-21a712b515fb,n.,type of medium-sized rodent that lives in the bush,,,,,,,,
3df004f3-b5e3-4112-b0c0-0b547d493970,kau_8410df1c-f6d2-45a6-8b11-fb1621c48871,n.,wrestling clothes,,,,,,,171:16,
53eb7697-16f7-481e-9cc2-b94026e2b2e1,Kauga_a18b1cf9-8f24-4f64-aec9-2c67e833e355,prop.n.,male personal name,,,,,,,,
f386c3a5-970f-4e88-8c66-a18b46289811,kausar gllall_e41e6b0a-f1fe-4095-a889-9955851aa942,n.,,,,,,,,,
1ee29289-e0ab-4681-8948-611596992410,Kawa_2eef3ec9-bb78-4aa9-873c-25434bd56c35,prop.n.,male personal name,,,,,,,,
7ac266b8-052b-4218-8fa3-f5f9db3a5da1,kawa_4b618fe4-6b8d-4e96-9e3d-a37cb37722ff,n.,"announcement, notice; plea",,,,,,,5:21,
47a5c8d6-f7d6-4ebb-8d55-b25a2de3217d,kawa_4b618fe4-6b8d-4e96-9e3d-a37cb37722ff,cov.,to preach,,,,,,,,
1d2c2acf-e427-4806-aa47-44c6f7dce81f,Kawam_6b1fdfe1-d2ed-496a-ba58-37fed90f2b54,prop.n.,Kawam language (Pahoturi River language spoken in Wim),,,,,,,142:13,
241d73b4-df6b-4101-9295-ace1f1cb255d,Kawiapo_0826be40-b5a3-4730-a1c5-b9ecd708e3e4,prop.n.,"Kaviapu (village in Gogodala Rural LLG, near Tapila)",,,,,,,"Bodog Jowanang, Geoff Rowak, Inawa Dareda",
de070d4f-2ed1-49d9-bb95-dca92615ea42,Kawito_d8e2c8b3-2711-4b8b-86cc-f161cd7201ef,prop.n.,Kawito (station in Gogodala Rural LLG),,,,,,,,
c41f518b-f53f-46c6-9184-3ac48adf8a42,Kaya_d55a6101-861b-4a0d-b49e-fbbeed1f3632,prop.n.,male personal name,,,,,,,,
039bb010-4509-4079-a212-24a93943e8d2,Kaysy_0f6f8c8e-e719-48ed-8032-f83854b869b7,prop.n.,female personal name,,,,,,,,
e93bea97-70ba-4628-8701-d1557c5da644,käba_cd59c771-d339-44f6-9f69-d04ed114e8f4,n.,solo hunt early in the morning,,,,,,,,
d746492a-450a-4c4c-b2cf-069ea99fcb80,käbab_cb1f7713-0862-469c-bc17-c7827795a97e,t.v.,to stop,,,,,,,,
9e3a729b-0e31-4a74-a36d-82fde8623ad9,käbab_cb1f7713-0862-469c-bc17-c7827795a97e,t.v.,to stop,,,,,,,,
a6173ce1-449f-4e58-a99e-0ad24ce9faa6,Käball_d4fed209-f013-40f3-9668-97ccbd56c179,prop.n.,Kaball (toponym),,,,,,,,
f951f20c-5c53-4468-bdcc-938706667f68,Käballag_ce7e9763-6f14-4fb7-972e-17298f17f503,prop.n.,Ende dialect spoken in Käball,,,,,,,29:3,
72b7559d-fcd5-40b7-9c06-b475832063d8,Käballag_ce7e9763-6f14-4fb7-972e-17298f17f503,prop.n.,Ende clan with the dog totem,,,,,,,,
6f1442c6-a290-44a0-ab64-3a047f06a84b,käban_d3f7838a-41a0-40e8-a3a3-eef73e7bc6ae,n.,louse,,,,,,,128:11,
bdafbfad-aab4-43be-9b6e-dff0ec88e582,käban käp_6d25d7e3-b110-4fc0-993d-1808425f9026,n.,"nit, louse egg",,,,,,,128:12,
aa9e3b5d-e02d-40ec-ae9f-373596cba08c,käbädral_7e1c9fe3-b4a6-4f20-80cf-cfea69a0cf2f,n.,type of tree that grows in the bush with sturdy wood,,,,,,,Tony Warama,
14195e7c-c688-4234-b903-33137bdb6703,käbäll_15c94f61-7541-40f9-baeb-b6cf851604d3,n.,type of tree that grows in the bush with soft wood used for canoe paddles,,,,,,,Tony Warama,
5d720ebd-665c-4093-a78a-887cfa99a837,Käbäll_1a35c496-76db-410f-9f7e-983dd0d500a9,prop.n.,Kaball (toponym),,,,,,,,
56e1a015-db05-4efc-95da-e91e094443e0,kädab_6df978a8-94e3-4e94-b504-89b614136a8f,t.v.,"to break, split",,,,,,,,
d853a68b-e079-4d92-b3f2-d69ef569099e,kädab_6df978a8-94e3-4e94-b504-89b614136a8f,t.v.,"to share, split, portion",,,,,,,,
d00a9bb7-62d9-496d-bdc3-3fa84a1cc8ef,kädakäde_266bc9fc-517c-4c6a-b75b-f1561c80ca52,n.,pieces,,,,,,,,
3f767cd8-b5a4-4dfc-9066-a456e024464d,kädbae_416c88ea-040f-4000-a4e6-c8fd52b8fca6,t.v.,"to test, try",,,,,,,,
19ffd9ef-2912-4d38-80b9-47b0895f0b1b,käde_5e5da618-8481-42e4-8743-86335d80759e,adv.,,,,,,,,,
eb2f6816-9cad-4723-8dcb-9ae769f13342,kädebällag mälla_84d2b934-efd5-45c2-9f85-5b5af99ae47a,n.,type of big taro,,,,,,,Sowati Kurupel,
1df0f6bc-68f8-4b2c-9f8c-af3e3af15c4c,kädgal_b2fe47b3-4860-4c4e-93f9-c094412810e3,n.,type of tree that grows in the bush,,,,,,,Warama Kurupel,
c4c54cb8-2d12-4920-9bf7-77ad8a7cdd0e,kädkäd2_1ad57fc5-4c71-4ef9-959f-ad7aa8aed1d4,t.v.,"to remove bark, debark",,,,,,,,
2d129ceb-c6b0-48ec-8007-cd97f3f32155,kädkäd3_bc06ec6d-569c-4859-9b23-4eaa2e1010d3,n.,type of initiation that one must do before you get something from someone,,,,,,,,
7689bd3e-8b8d-4f5a-be4d-4e896f91eace,kädkäd1_d5a675e1-4749-4706-a3af-46b1804d6170,mod.,cold,,,,,,,148:4,
62549309-6b7b-4b1e-8e79-21ba492b156f,käg1_5f197d8a-8277-4760-9349-31e34fb27538,n.,type of palm with wood used for flooring,,,,,,,,
88bb4ee1-7e86-47c1-86dc-5439b9fffb88,käg1_5f197d8a-8277-4760-9349-31e34fb27538,n.,floor,,,,,,,,
e911680e-656b-45b5-b044-341c23d222f1,käg2_ef216529-1d86-4748-912b-360cee8d26e7,prop.n.,vague container-like thing,,,,,,,,
f24ccfa0-db78-4600-9bfb-6d9ae279d439,käg bänbänang_436fd58a-2592-482c-a6c1-65101023727f,n.,type of spear,,,,,,,"Johnny Bodog, Inawa Dareda",
483b75df-192b-4144-9330-bfa865b31b74,käg botta_dfd03fd1-d33c-4e44-ba8c-6ca4e4c8a68b,n.,horizontal boards on which the floor goes,,,,,,,158:24,
24ccd84b-7248-4d8a-88bf-211bef0e7c78,käg drol_217a1780-4357-40d7-ba39-66f55a3597d5,n.,container,,,,,,,,
20e21365-fe81-46b6-8bfb-f7989b4da1ac,käg manas_c3524e80-57f6-41e6-a498-eef84fe2efe4,n.,container for squeezing sago,,,,,,,74:6,
5d28dd9b-a3ce-4313-983e-56ee45c0d58a,käg tater_32ecff1e-c399-48b2-99aa-777e97402800,n.,"flooring, floor mat",,,,,,,158:33,
f2160dc0-137c-4fdd-9e52-1f8a20a3fcfc,käk_b3c43f3f-a813-429b-8ff5-aa2690ced350,n.,bubble,,,,,,,,
2609a752-72b4-40fe-8d8a-22bfc95f9b3f,käkan_6e5841e5-0ed9-4d5c-a7d8-c0d8ba408e72,n.,tide,,,,,,,,
a04fd9bc-5e0f-4406-aefd-b47793d78658,käkan_6e5841e5-0ed9-4d5c-a7d8-c0d8ba408e72,prop.n.,vague amorphous and/or liquid thing,,,,,,,,
17b0f039-5b0e-4de1-803f-4dc233296852,käkäm_1bf475ad-b761-45d8-b6d4-f09ff675b537,n.,young leaf,,,,,,,,
3aceab2e-028e-4ac4-81f3-580693e73099,käkäp_6c000ba6-35f4-4c96-8861-a5e7c6daf97c,n.,half,,,,,,,,
a01329a8-bf47-419f-9f0c-e85fe6f4b2ed,käkäpyo_0f7fe1b7-5bba-4fcd-918b-a0764cde700d,n.,type of tree that grows in the grassland and savannah with flowers that wallaby and deer eat,,,,,,,Tony Warama,
a511b19a-1906-46b5-ae7a-69314b9332ab,käklläp_373168c4-36f3-4b29-b998-08aed10243ca,t.v.,to weed for the second time (easy work to remove the remaining plants),,,,,,,59:13,
8870d846-4638-472b-a9c6-07cf729edaf4,käklläp_373168c4-36f3-4b29-b998-08aed10243ca,t.v.,"to sting, be painful",,,,,,,,
204ca5e7-577e-42d0-b060-09b0027e3cf9,käklläp_373168c4-36f3-4b29-b998-08aed10243ca,t.v.,to be amused,,,,,,,,
1b0f87bf-4d83-4b2e-9b9d-764d80037a1a,käkllätt_8d6db305-6975-46a5-89b7-f8563032e2c3,t.v.,to weed roughly (leaving bits behind),,,,,,,,
39e1391e-2192-46e7-aeea-5a21d3cef75d,käkllätt_8d6db305-6975-46a5-89b7-f8563032e2c3,t.v.,"to fight, argue",,,,,,,,
45db3cad-d17e-42e8-8850-df180edd9416,käkoll_1073e0df-8e56-4be5-a21b-7c0bce853d8e,n.,baby mat,,,,,,,171:30,
af8ec14b-7cd5-48e5-8f04-34317123fdd9,käkpäl1_69f94520-23e1-40fb-9533-dc9efb4d370d,n.,type of tree that grows in the bush; burned to fertilize the ground,,,,,,,Tony Warama,
032f1c9d-b074-4e85-b039-93865061f4a8,käkpäl2_756ba13a-adc2-492c-8459-a9c2687aaabc,n.,sago cooked directly over the fire,,,,,,,,
20a55a43-5147-49bf-a035-ce887d2371a3,kälae_d310e514-088d-4d7d-8a58-111b19589437,mod.,"small, little",,,,,,,,
544d202d-b1c6-434a-a83b-956d1ed3d3d0,kälae_d310e514-088d-4d7d-8a58-111b19589437,quant.,"little, few",,,,,,,,
772d4d3d-82f6-4f70-bb53-1c18a74275c5,kälaekälae_a6a4ebdc-a075-4c9e-8ad1-ddae9f19b879,,,,,,,,,,
972cf42e-031a-4680-8cf3-8da6c4bd9365,kälaepot_2008062a-1566-45e8-8c39-047097d6a34a,n.,tiptoes,,,,,,,,
6f895108-7d23-4df3-9107-9fa4ed5c519e,kälakälae_4c158653-08bb-4650-903a-e048159cfcfb,adv.,a little,,,,,,,,
289a751d-744f-4b9e-83a1-6c790b482848,kälakälae_4c158653-08bb-4650-903a-e048159cfcfb,adv.,into pieces,,,,,,,,
bcf4cf11-1faf-4183-8e4a-b2e4c1666b78,kälakäle_da37d428-2efe-4edc-93ed-295eabd06a6b,i.v.,to set (of the sun),,,,,,,,
9c13c2d4-bc19-4292-92b2-14799cfee1db,kälämpag_fb175c71-016b-43b3-ab05-791c72b3cd2d,t.v.,to pad (with cloth or leaves to support a heavy load),,,,,,,,
a8a21384-39d7-4d85-94e0-4c96f6e2f8c1,kälämpag_fb175c71-016b-43b3-ab05-791c72b3cd2d,t.v.,to patch (e.g. roof),,,,,,,,
53ea531c-2de0-4c1a-8b64-5881ae9ed8e7,kälängkäl_6efb55d9-df50-46d0-bb0b-067b31313552,i.v.,"to climb, ascend",,,,,,,,
efae51e3-b987-40d0-807a-ad7cdcca3669,kälbae_981b938d-55f4-48ec-a146-cadf281192af,t.v.,to singe (use brief heat to remove hair or down),,,,,,,,
9a8b97d4-1210-4e40-86e9-960fee55366a,kälekäle_60be88b2-3439-4f92-8d3e-65482435afe4,mod.,nonsingular form of kälae,,,,,,,,
3735edb2-f3d3-45a4-ab47-65e699c17012,kälepalle_9b695a34-46d8-4fcd-a080-6a1141fc457e,man.adv.,slowly,,,,,,,143:21,
a5409fca-2a84-4bc3-97e4-a128a41f3acf,kälkäl_5c38f3ca-a0d6-463b-80da-e515a21149d5,t.v.,"to lie, fabricate",,,,,,,,
de933752-2bcc-4216-b7ef-5ca668c6a69e,Kälnyam_6301342d-58fc-4229-885f-6e616fb76496,prop.n.,male personal name,,,,,,,,
dd62379e-c2c3-4ec8-9d8d-bbdf2f82c2ee,kälsäre_e3078e58-902f-4dc6-84fc-c0c50af9a7e4,mod.,"small, little",,,,,,,149:4,
8ca433f2-acf5-406e-8a72-5247d30e40d8,kälsrong_780d1182-f149-497f-923e-70cd2f55e2a1,mod.,nice singing voice,,,,,,,,
5eeca6a8-bd02-4fdf-89d7-8046a40444ab,käll_0f012fcc-53ba-4fe8-84ca-422a8063cb36,n.,spleen,,,,,,,,
17860f6d-a960-4333-b13e-53ea1348d97c,källa_d694fa23-6168-435d-8238-e3cc11f52216,n.,"feces, poop, waste",,,,,,,Mado Karea,
ca0f9c02-dd3c-461b-b6c4-1a8e344b7bff,källa_d694fa23-6168-435d-8238-e3cc11f52216,n.,"intestines, bowels, guts, innards (of an animal)",,,,,,,,
43a67bdc-7eb5-4f91-a941-ddf05b4a6f16,källa_d694fa23-6168-435d-8238-e3cc11f52216,prop.n.,"vague amorphous and/or soft thing, lump (e.g. cloud, fish tail, lump of earwax)",,,,,,,,
94a9a3a9-2313-422e-a409-013f6258c3e6,källakällae_c5437e57-426c-4272-97e3-36cc22b6a916,mod.,hospitable,,,,,,,117:5,
dfeda6b9-d257-4416-ad1c-10298eb61377,källakälle_c8299718-f2f3-49fa-aff5-40547d87f75b,t.v.,to poison the river,,,,,,,15:5,
a5cd59a2-3159-405a-87c6-308619cabcb7,källakälle_c8299718-f2f3-49fa-aff5-40547d87f75b,t.v.,"to scrape food off the fire, e.g. banana, taro, yam",,,,,,,,
f981a5c5-9fc8-4d58-8a39-d17e9b2a6cf5,källakällong_3e25d08b-c670-4be8-8bf4-7711c0dd26ab,adv.,while pooping; constantly needing to poop,,,,,,,,
c1a8eb06-c4a2-49a0-b268-dc73f605e806,källakällong_3e25d08b-c670-4be8-8bf4-7711c0dd26ab,adv.,"traveling urgently, arduously, or nonstop as if to a toilet",,,,,,,,
72e0d010-23ce-44a7-b370-975c49733542,källama kup_335c4aa1-c3b0-46aa-9e0b-3b02529b7a79,n.,toilet (lit. hole for pooping),,,,,,,158:27,
48754b8f-3888-464a-a1ce-cd7d0214401e,källa mit_0e5ee240-b61e-4993-a8a6-0160ee59688c,n.,bottom of fence,,,,,,,59:4,
bca070ec-562b-4daa-b00a-d36f7adb60d2,källamitang_87634122-5b46-4408-a0cd-cbba8e37896e,n.,the first stage of sago growth in which the root has developed following planting and the plant is ~1m tall,,,,,,,,
413bf7b2-4ad3-4921-bf64-a979e98f745e,källatolma_de5d06ab-fc39-4780-8739-cfb72fd64a6f,n.,middle finger,,,,,,,,
f145351a-c858-4ce8-b281-ecfe2e2586ee,källatolma_de5d06ab-fc39-4780-8739-cfb72fd64a6f,num.,three (lit. middle finger; body counting numeral),,,,,,,41:2,
4c30e4e0-95fe-4e2e-b835-4bffd219bd49,källayoyo_df2b5a72-1997-41b8-a24b-ae146918d7b1,n.,type of tree that grows in the bush with leaves used as toilet paper,,,,,,,Tony Warama,
5ce2b487-05d7-41dc-892a-9f9230fb2077,Källäk_18deaacc-04a2-4ce0-a924-2829c863b744,prop.n.,Kallak (toponym),,,,,,,,
6cd29feb-2df2-4f65-95ac-4c14bc093da6,källäm_d05b35ec-6f16-4015-a36a-b9a71927d0a8,n.,pond; lagoon,,,,,,,182:2,
e9788e2c-a0d3-4271-971a-de003b6e9d8f,källän_0cfce0df-c8e0-46fe-aec8-776ec041d8cb,n.,belt,,,,,,,171:21,
a561cdb5-89a0-4522-b902-1db1ca69bb20,källän_0cfce0df-c8e0-46fe-aec8-776ec041d8cb,n.,waist,,,,,,,,
ea3287c9-e03e-4a4f-8c11-38583c45ab95,källäng_1c0a1a7c-49b6-4748-9b16-ef4d41506bb8,n.,type of animal,,,,,,,Joshua Ben Danipa,
2f747ad6-7f41-4ca9-9669-a5c7fcaaf6a7,Källängmäll_a4d41a36-1f13-4452-8d3e-f19f0e104c21,prop.n.,sago place near Old Kibobma,,,,,,,"Bodog Jowanang, Geoff Rowak, Inawa Dareda",
89752a8d-3943-49c7-a842-7da00b5dddaf,Källid_86b778a4-8a37-43d6-ae7c-ffde8085dc10,prop.n.,female personal name,,,,,,,,
c6115843-4838-44f2-aa20-3d0d341dd744,källkae_466e9106-2edc-4224-aab7-4a0ddf4625cb,n.,future,,,,,,,,
6b1689c3-90d6-4dd5-86b7-54b10dbb6c4d,källkae_466e9106-2edc-4224-aab7-4a0ddf4625cb,Temporal adverb,"later, in the future",,,,,,,,
1390bd33-541f-4357-8f7e-b7bcdb6e1960,källmakällme_8cf57c98-5773-4517-942d-8f1688263003,i.v.,to survive,,,,,,,,
009d3860-b836-4d7b-9ee9-3ce0667d5a2b,Källnyam_2742ad07-3578-4413-9fe4-aff71a654bd3,prop.n.,male personal name,,,,,,,,
fbc19faf-c52c-4aef-9dd2-8e46d56dd920,Källtae_43b6f919-ecca-4b46-929d-92f97ae0097b,prop.n.,female personal name,,,,,,,,
da4f7817-c999-4406-b11c-8285645a45ef,Källtai_a49d417b-7bbd-4dbd-951d-bae3b3029302,prop.n.,female personal name,,,,,,,,
d16fba28-47b8-4abe-b449-eacccd2bfad5,källttakälltte_7e747b0e-8012-4218-b790-9c01d99f8e66,t.v.,"to cast away, expel",,,,,,,,
1e945313-6951-4842-b2da-d6783e2a9422,käm1_454e29ec-fd9b-4950-9961-1c1b29e1d622,n.,stomach,,,,,,,130:24,
f5050836-5327-4c1a-ab7d-fda92b970809,käm1_454e29ec-fd9b-4950-9961-1c1b29e1d622,n.,womb,,,,,,,,
3fdc5ec7-0191-4beb-87bf-c3a2a7b846f4,käm3_4a35dd1c-4736-4c7c-a305-8840cc65c0e4,n.,"love, enjoyment",,,,,,,,
3c8db888-5900-4da2-85c5-bb3333297ff7,Käm_8e74c2c2-abb5-4922-a826-09a66a4a8a7c,prop.n.,female personal name,,,,,,,,
8d87a2d6-79f1-4da2-838d-36a89b90d686,käm2_e718f4d0-1aeb-4160-9855-4928afc0c317,loc.n.,"underneath, under, beneath",,,,,,,,
252c0f23-023e-4974-85ee-6f3d56578b8c,käma_06e911fa-5bae-4e34-a13f-10e4f416d84e,man.adv.,maybe,,,,,,,,
cd67ea67-ba58-4201-8983-26ff67271e72,kämag_6ea494ac-2ae4-4c90-a890-356fdd5e2d70,mod.,"west, western",,,,,,,,
8dadfe07-ba75-43bb-a50a-1e1d4929b9ef,kämag_6ea494ac-2ae4-4c90-a890-356fdd5e2d70,n.,round dance with singers and kundu drum in the middle,,,,,,,,
136c6eb7-6b68-480e-a989-5635fd3cd53d,kämag_6ea494ac-2ae4-4c90-a890-356fdd5e2d70,n.,west wind; windy storm from the west,,,,,,,,
9f03a581-50dd-4e94-8e6f-abf1cf8c8d0b,kämag_6ea494ac-2ae4-4c90-a890-356fdd5e2d70,n.,season characterized by windy storms from the west (first season; corresponds to January),,,,,,,,
543a446b-0599-45e8-b28b-a165f274419a,kämagma_0ed29fb1-57ed-459c-91e7-72aa20438728,n.,west,,,,,,,,
8c879c58-c4e2-4c97-b346-03e986c82b60,kämag wel_ac27766b-0c19-4f06-98d2-65a4dff41cc3,n.,"Big winds in January, a big wind from the west that blows trees down",,,,,,,95:9,
1d6245d4-3195-44ff-8200-a5c09cd4de0d,kämakäme_4b9926af-5300-4170-8218-2c373d775b3b,t.v.,to heal,,,,,,,,
c72ee147-97c1-42a8-bb94-fb62835d0a37,=kämall_c59d38da-f983-44dd-9003-49e16a3b9347,nom.clt.,"comitative case clitic; with (only used after oba, ama, and nouns followed by =aba)",,,,,,,,
1c43b711-15fa-47e6-8c2a-f277d2c91d7b,käman_dd9af0fe-a62a-41df-a8f6-c6ff404f3245,n.,traditional type of cassava,,,,,,,,
777ae42e-8959-42d8-85da-885555c06b16,kämang_003afdb7-a726-4b8e-823b-2a49a805e0c0,mod.,pregnant,,,,,,,19:20,
d9ed7db3-b182-4792-8e2b-9a9f4d3b1e96,kämany_bfe25be9-745e-41ba-b372-18dc73f16122,n.,type of friendship,,,,,,,13:1,
b021532d-0422-4d18-94af-3bdea3efa22a,kämätt_6146554c-0c1f-4d4e-9ab6-fbb7ae775fed,n.,testicle,,,,,,,129:6,
1f176407-bbf0-4c74-aef9-a21b9cdb24c2,kämbäg_3918136d-c2a2-476a-94f0-b545ab13616d,i.v.,to dive,,,,,,,121:4,
69c43690-3288-4869-80f9-82b434bff525,kämbäg_3918136d-c2a2-476a-94f0-b545ab13616d,i.v.,to baptize,,,,,,,,
bfda9738-96af-48ac-99e0-cc507517011d,käme näkäp me ddäganen_3503f297-1c28-4ade-9803-e67c93593179,t.v.,to memorize,,,,,,,55:48,
dc0b2a0d-dc15-4fa9-ba9e-87e034b674d0,kämgag_e1e20e12-df04-4465-acfa-a1881aac4ebd,n.,type of lizard,,,,,,,169:7,
dd5ea39c-bfa7-468b-bb78-428b8a381284,kämgall_53bac395-b4b7-48a7-b068-3b62c2ea9721,n.,underneath,,,,,,,,
f9b3c06d-818f-4bb6-b844-07708a837c73,kämlla_05336f9b-a09d-4843-b223-992e72693d2c,n.,short-beaked echidna,Tachyglossus aculeatus,,,,,,,
4f9a20a0-ccb9-48b3-8ccc-96c20e758f90,kämo_87f6c597-9782-45aa-ae1c-2b280d075e01,n.,centipede,,,,,,,165:23,
e9c689bf-ef4f-4263-aad5-724db70492bf,kämoe_26432c6f-6db8-4210-813a-1a83975b0919,n.,,,,,,,,,
61fd4d6f-aa8d-4e4e-be7e-f60e08626678,kämongg_d7636d53-5b65-4e1a-8a1c-ba0341ef349e,t.v.,to get from someone,,,,,,,,
60571204-b494-42e0-a8b4-5d485913c58c,kämser käpang_9b217844-fd42-4af5-8c4f-239f440209f5,n.,type of arrow,,,,,,,"Johnny Bodog, Inawa Dareda",
2c01e5d4-1807-4f1f-841e-8e62f869747c,kämsir_3bb9634f-c857-4b0b-9841-b1080cfc8504,n.,type of tree the grows in the bush with fruit that is black outside and green and red inside and is eaten by cassowaries; similar to sir tree fruit,,,,,,,Tony Warama,
e54b0689-87c7-419b-b25e-6f463e58b27a,kämsir budar_9eba12dd-13d8-4332-a9ce-fdceda424c34,n.,type of grub,,,,,,,51:58,
2d3a1bec-4f38-4f94-952b-89c73399982e,kämtupi_7c58a78a-e8d9-4d6d-acd1-c0f8014026c2,n.,type of ginger,,,,,,,Joshua Ben Danipa,
e28c4848-0517-401c-976b-d5bfc256cc43,kän2_81339178-5a86-4ccf-bad8-2ebcc5c73e83,t.v.,"to withdraw, come out",,,,,,,,
3a4aa9de-dffb-47cc-815b-4990000a6e9c,kän2_81339178-5a86-4ccf-bad8-2ebcc5c73e83,t.v.,"to remove, take out, take off, undo",,,,,,,,
f710b4c2-0fe6-4879-b693-dcae684eb2e3,kän1_db40de36-3f3a-451e-a9b0-b8d8caf25516,n.,"type of big, round yam with a white interior and thorns",,,,,,,,
556ce1f6-35f1-4112-9d25-3eee9f140525,känameny_9e23736c-bd85-446a-8937-20f4f5512064,t.v.,,,,,,,,,
ec98fe8b-1439-4583-a289-803107258a2d,känazbag_b8779c77-017c-4424-a677-147b497dad0a,Temporal adverb,tomorrow,,,,,,,,
f92c830f-aee5-4710-9369-88c4afa89810,känär_28b2c320-096d-4053-a051-2636c98eecbf,n.,type of edible grub found in the bush,,,,,,,Joshua Ben Danipa,
5d954bc9-dda4-41f8-9195-32191dea8905,känär_28b2c320-096d-4053-a051-2636c98eecbf,n.,,,,,,,,,
5edd2987-c5c2-4c75-a4d2-14452f510b7a,käntrokäntrom nane_0f7ed762-93ee-48a8-9965-1943e57c8159,Ideophone,gulp,,,,,,,,
63df3652-f089-48a3-84b1-a668b2edde75,känttatt_b33d1f40-cebc-4596-97a7-8e273233d1b9,n.,"bedroom; room, chamber",,,,,,,158:23,
4b4cac01-27fb-42d0-9183-734747600a16,känz_09837746-34af-48c7-b9d2-41fc49f52c07,i.v.,"to go aside, go off course",,,,,,,,
11deb681-546d-4b75-9fac-0471b9791842,kängkäl_0d2e1355-def0-4143-a748-ba9463ccc7c7,t.v.,"to ascend, climb, go up, rise",,,,,,,,
600068a4-2c5a-4424-aae5-e51113ae488e,kängkäl_0d2e1355-def0-4143-a748-ba9463ccc7c7,t.v.,"to ascend, climb, go up",,,,,,,,
cb9c2485-8269-422f-a804-1fa35b62a442,kängkäm_87e48143-af9f-4945-a72f-6d87d5ad49c9,t.v.,"to squeeze, press",,,,,,,,
1fe99453-75d3-4998-867e-ec23bf2a9aa5,känyär_bdd5c698-cb3d-4dd6-84b2-8c3c22f2595a,mod.,quiet,,,,,,,,
7d2c2d69-9a4f-4b24-900c-e75d2c6f299f,känyär_bdd5c698-cb3d-4dd6-84b2-8c3c22f2595a,mod.,"secret, secretly",,,,,,,,
480a6dcd-7100-45ec-a663-9bed9b1cdde3,känyär_bdd5c698-cb3d-4dd6-84b2-8c3c22f2595a,mod.,"alone, by oneself (follows a genitive noun)",,,,,,,,
dc505d64-0dcf-4d7f-a5c3-e45abbf5a241,känyär eka_3391e901-572f-4ad9-9dae-bea1b03b7eda,n.,secret,,,,,,,,
c520573f-1dee-4510-8f6c-4d8f122dcf72,känyärkänyär1_2706dda8-fdca-4a4a-acb0-830183809d7d,adv.,secretly,,,,,,,,
3282c983-0f9b-4aab-8d00-573ca3d2a45c,känyärkänyär2_6fe74ae9-3eec-4ae4-89c9-9999f0b7bd7a,cov.,to soothe,,,,,,,,
74e57e6f-d001-4e81-b239-d5511272ef9e,känyärtto_d550e324-62f5-4b94-977e-29350c27be99,mod.,"silent, quiet",,,,,,,,
562d5576-03b6-411b-8739-df339840d749,känyär ttoen_71ee8443-6b87-41f6-b481-55c3a72ebb2c,n.,secret,,,,,,,,
d321cd5f-daac-429c-9a8e-86303ee72dea,känyer_9737505b-319e-445a-8036-40024d500fa1,n.,self,,,,,,,,
f1a2c76a-73b0-40d1-889e-7793378a7098,känyer_9737505b-319e-445a-8036-40024d500fa1,adv.,quietly,,,,,,,,
73e9f16d-1821-46d6-9905-c98d66ca9935,känyer_9737505b-319e-445a-8036-40024d500fa1,cov.,quiet,,,,,,,,
fdb8ef26-3258-4384-af83-ffa09adfe685,käp1_6083cd94-6eae-4eab-b6ee-256e1a4c50bc,n.,fruit,,,,,,,,
0b458dcf-dbc4-48ab-9082-8ab3df44f4f7,käp1_6083cd94-6eae-4eab-b6ee-256e1a4c50bc,n.,egg,,,,,,,,
a4b66ffb-7dc6-420d-bf6d-d4d5fa26f009,käp1_6083cd94-6eae-4eab-b6ee-256e1a4c50bc,prop.n.,vague relatively small and round thing,,,,,,,,
1b47f866-2111-490f-91a0-6102230844bf,käp1_6083cd94-6eae-4eab-b6ee-256e1a4c50bc,n.,,,,,,,,,
c7dc654e-76aa-463c-bbd3-5aa34ca57671,käpang_6616151f-f318-4528-868a-3794617e00f6,mod.,bearing fruit,,,,,,,,
6a2b6c9c-47e4-474a-ae07-043c7c7c0cba,käpäkäpät_8857d346-1271-4920-99c2-78677dae214b,adv.,"wet, soaked",,,,,,,131:3,
570e2529-5e37-48d8-b365-298958c9ca83,käpät_c3a2c5c9-e8df-4e16-a2a5-f2abacdabf53,n.,moisture,,,,,,,183:35,
19eeae96-ae5f-4f4f-bbb6-6ebceea9d578,käpätang_3a4e9b0d-7168-4182-995d-ca92765c6d1c,mod.,wet,,,,,,,,
6cfb1f29-16c2-4c3d-8e0c-e772029655d2,käpe sen_858e218a-9f58-4ff4-bbad-5a9abc372417,v.,come out,,,,,,,,
67991c0e-726e-466d-87bf-63680a967a8b,käpkumett_15a10433-1eb5-4041-aeb0-16fd5098b0d0,n.,type of tree,,,,,,,Tony Warama,
c388a5f6-7380-4c7e-85d9-3263b14333dd,käpom_14e86728-9938-4b40-9fc6-3f795ceb8714,n.,type of big tree that grows in the bush with white flowers and edible white fruit; used as medicine for cough,,,,,,,Tony Warama,
12ac2a4f-c848-4e77-9f54-313a750fff4e,käpre_60ff4d21-2e57-4f21-aff8-dbe9ae06d4a3,n.,"type of big yam with a white interior, thorns, and few hairs",,,,,,,,
ac673049-23c3-4016-8f93-4f7a476435d7,kärakäralmeny_457c104d-098f-4cc5-841a-f33717bdaa8a,mod.,swirling,,,,,,,,
4d17b629-d475-422b-95ff-8c6f76a9e231,kär pipiem_8f5de72d-835c-46b4-95fe-5cf96d1c1200,n.,purple-tailed imperial pigeon,Ducula rufigaster,,,,,,,
5ab795d4-16bc-480a-b3da-605186673dd6,käsre_568dc9bb-f5d5-49f7-b6c2-12625542bac8,adv.,then,,,,,,,,
9e4bd082-975f-4389-92ac-55f5d29078c0,kätam_b0f09e1c-0ee2-41f4-8941-06e5129693cc,i.v.,to splash (of an aquatic animal),,,,,,,,
0f8c2f20-24af-41a8-8fa5-2cf1ad181477,kätam_b0f09e1c-0ee2-41f4-8941-06e5129693cc,i.v.,"to flip, do a cartwheel",,,,,,,,
85191ac1-e90e-40da-a777-3287df2e506d,kätang_50488ef1-9d39-43de-872c-dafe9de83703,mod.,blind,,,,,,,,
0c0bde54-559b-4a3d-a2da-9ac5f732ee4f,kätäräl_3608c808-b82f-45c2-8860-d456f1479227,n.,color,,,,,,,76:11,
4037aa8d-d472-4d46-9477-862a2b736826,käträkäträl_dd47c003-fcf0-4f06-9c5e-7d311d25a537,mod.,multicolored,,,,,,,,
60700390-4833-4100-981f-2f96cc436f38,kätt_8a56a06e-81aa-4605-8b2e-e33ac85d182c,n.,bivalve; shell of a mollusc,,,,,,,,
88961e94-d981-469e-9027-b965609208c7,kätt_8a56a06e-81aa-4605-8b2e-e33ac85d182c,n.,shell blade,,,,,,,,
080aab91-542e-4d2e-94c4-5cccacdaebbd,kätt_8a56a06e-81aa-4605-8b2e-e33ac85d182c,n.,"(slang) vagina, vulva",,,,,,,,
234b11db-dd5c-48bc-853c-4f9657656402,kätt_8a56a06e-81aa-4605-8b2e-e33ac85d182c,prop.n.,vague hard and thin thing (e.g. a blade),,,,,,,,
1c854510-0eeb-4e3c-8b38-f03883377a55,kättapun_9da1fe62-3b09-4c37-9ecc-5749da7cc1e8,n.,type of reed,,,,,,,179:10,
50405be1-940c-4f91-a3d3-e06f8548b2aa,kättekätte_bf91226f-545e-4708-be2c-9e778df514cd,n.,red-cheeked parrot,Geoffroyus geoffroyi aruensis,,,,,,Mayu Dobola,
8fe8abfc-1f9d-47a4-8885-10b707662503,kätt ine_9391ebcf-cc3f-466b-a9b2-958269fcef7d,col.,blue (lit. 'shell water'),,,,,,,76:6,
0fb65c38-45e6-4192-9cbf-836a88f8638d,kättkätt1_0c01983a-a2b7-4f62-a2c3-1efdbd64a845,n.,weaving pattern with alternating cross and chevron,,,,,,,177:12,
3642aceb-648f-46c4-b27b-32cbc95937bf,kättkätt1_0c01983a-a2b7-4f62-a2c3-1efdbd64a845,t.v.,to start a new weaving pattern,,,,,,,,
97718564-3fac-432b-a7a8-f4aecf4ee397,kättkätt2_72c65485-1d2d-4f91-90a8-b78e88cf66c5,t.v.,"to fence, wall, build a fence or wall",,,,,,,,
53b8b410-a719-4ea9-b264-ea41b567a8fd,kättlla_a301e5d2-9f5e-4158-ad21-2dad3a7a81c0,n.,type of tree that grows in the bush with white flowers,,,,,,,Tony Warama,
c616465b-e8f5-4a1a-80a2-5857e43740cb,Kättpälläk bällämang_db5e8e51-dd7c-4755-a607-9e729f9fc1ff,prop.n.,"Jerry Dareda's sacred place (near ttälebun, on the road to Kinkin, near Binyomoll)",,,,,,,"Bodog Jowanang, Geoff Rowak, Inawa Dareda",
46ceb318-939e-45e2-975e-214297ed57ec,kätt tongoe_908b2ad9-8667-4499-bb79-b9224705b83d,n.,type of game played with shells,,,,,,,Galou Minong,
fd70450e-2546-433c-8007-a1e785050154,käza_0c3800d0-f06c-4eff-914f-a63a79cb2122,n.,Hall's New Guinea crocodile,Crocodylus halli,,,,,,,
f826ee29-63b5-42f1-ab13-227a4694d5f2,käza_0c3800d0-f06c-4eff-914f-a63a79cb2122,n.,iguana,,,,,,,156:8,
48ac36fa-031b-408c-9934-303a31c615d4,käza allko_3e07ed74-388c-4321-95d0-25847c81adc1,n.,type of fly that antagonizes other flies,,,,,,,Joshua Ben Danipa,
c468dee1-3726-458f-b6bb-6e683793417c,käza bädma_88519c49-ddd8-4ad0-b80a-6c8da403d456,n.,type of plant that only the crocodile clan wears when going hunting for crocodiles; also a traditional medicine,,,,,,,,
6e8376e2-2d85-4b03-8e9d-3c013876d5b2,käzabun_dcf04861-8ce8-4825-8302-1bdcf156b02a,n.,large sago flower,,,,,,,,
b7c84862-c66c-41d1-af8d-192946bcb862,käza burala_07fe847a-7c5f-4169-b7b0-ef779b29e4d3,n.,water lily,,,,,,,,
daf27456-118b-4cdb-ba73-85f4ebd88b38,käza da nägagan_d1e13531-218a-4d74-9bd8-f082e6565a12,Phrase,to miscarry,,,,,,,19:15,
74749768-a225-4f4a-9ece-0163decc0f3a,Käza kup ine ma_b9688507-dfb9-4694-8679-b47157f8f9f4,prop.n.,well and sago place of Kwakmae in Limol (behind aid post),,,,,,,"Bodog Jowanang, Geoff Rowak, Inawa Dareda",
599afae2-475a-4c00-b72c-f479a45f421f,käzapig_a1d09aa1-db3c-4c7a-aa91-a2274f35903c,n.,"type of tree with big, sour, black fruit and white and blue flowers",,,,,,,Tony Warama,
1dda00e8-13bd-40bf-a9e7-030abd8550b5,käza wirwir1_31f0f7e2-88e0-430f-ac06-f4d581686364,n.,frilled monarch,Arses telescopthalmus,,,,,,,
361ea350-f48d-4493-a0e0-d8953e00f4e7,käza wirwir2_f39839c3-d6b9-4ddc-953e-5af0874d3560,cov.,to call a crocodile out from the water,,,,,,,,
9efd696b-e20c-4a08-a6e0-82e455627586,ke_32a59d60-3a02-4d7c-ac24-12a201d549d8,Question particle,question particle,,,,,,,,
04d44bd0-54c9-4067-8ffe-a3a02d73b4fe,ke_32a59d60-3a02-4d7c-ac24-12a201d549d8,TAM particle,counterfactual,,,,,,,,
90ca1eab-4b99-4f1e-9dbe-ab821e7246e2,keam_8ccdaa6a-deb0-40c2-8ecd-1845887c8566,Ideophone,sound made by deer,,,,,,,112:18,
5dcee340-e7e0-4515-bde0-12cfd4a18ec0,Keisi_7b05c52e-848a-4405-93de-91fa4f0f991f,prop.n.,female personal name,,,,,,,,
53bd56da-4de1-4449-8379-1321da4c9d7a,Keit_e25f2a36-3c93-4874-98ae-f87d56c1001e,prop.n.,female personal name,,,,,,,,
5a2fb6d5-5680-4300-b6dc-f6bd05dcae4e,Keith_d92470f5-84b6-4de8-9e17-7d0041e8518b,prop.n.,male personal name,,,,,,,,
1e2211a7-ce18-4326-8a40-249587709e55,kek_e3554f44-1aae-46e4-97c6-a4ab7555fb15,n.,orange-footed scrubfowl,Megapodius reinwardt,,,,,,Mayu Dobola,
71be1085-f471-4caa-8a25-779b4b6ab8de,Keke_0830178c-2f4d-46c7-935b-532ace7e90e2,prop.n.,female personal name,,,,,,,,
270a9eb4-3d2c-49ab-9865-eab10b4afe88,Keks_d36eb673-8491-4394-98f2-efc564f331c9,prop.n.,personal name,,,,,,,,
95bae930-cdde-4154-b988-6edc91e6cadf,kemibi_0fde6b0a-1599-4490-b020-0aa1229a3041,quant.,many,,,,,,,,
eaafa983-98ff-455c-98a8-14f4bccd4636,kemol_50e7622d-813a-4e77-8d1c-ac7b6ce83baf,n.,camel,,,,,,,,
c4a88d9b-f68a-450d-860f-fc46c285a2e4,kemp_63b6093e-506e-492e-b71a-26259a1c8219,n.,camp,,,,,,,,
067a3e54-2f64-4276-bfcb-a6a83bb86f5f,Kemu_d2c56093-4a9e-4294-b468-992637c4ca1c,prop.n.,male personal name,,,,,,,,
f9df5c35-827f-4119-ba1d-909e8b9acf2b,Kename_45ebec59-5647-4df5-aacb-de708211bc12,prop.n.,Kename (village in Gogodala Rural LLG; on an island in the Fly River),,,,,,,"Bodog Jowanang, Geoff Rowak, Inawa Dareda",
8605f57c-f398-4ac3-8963-08507e091fce,Kenny_69198ece-cf32-4b8f-966d-826bd0343885,prop.n.,male personal name,,,,,,,,
96998307-a824-4467-a65f-49d61b4288a7,kep_5d4de066-791d-4344-9866-6cbb52e3b716,n.,hip,,,,,,,,
3d4f33cc-963a-42d5-b8ec-a91ff03fc8d5,kep kutt_2409fcd3-af25-4b89-9ea9-9d5ac4ca1d14,n.,hip bone,,,,,,,Warea Giniya,
3aa29440-ca00-4ee4-a1c4-7fd311453ca7,keräma pudd_1585d484-2462-4d8e-b5ed-eb28047d44bd,n.,type of small yam with a white interior,,,,,,,,
17880e4a-9a5d-444f-a557-b55038b56378,kerema_ec82d081-76f8-4980-98ce-653c3cace3f8,n.,type of taro,,,,,,,,
40a10285-410c-4abb-8550-199ed01441f9,Keren_62754e21-72bc-42ae-af7c-ab3da49a2602,prop.n.,female personal name,,,,,,,,
86a6b0c0-94b8-4fb7-9762-7e0e86d48427,Kergowa_36bf280a-c661-4e2b-847d-14776ca1a71e,prop.n.,Kergowa (in Gogodala Rural LLG; near Balimo),,,,,,,"Bodog Jowanang, Geoff Rowak, Inawa Dareda",
aa1dd199-0046-44f7-be29-fb61b3c129be,Keriso_5636aa00-2e2f-4465-ac7f-49698ce0271a,prop.n.,Christ,,,,,,,,
465d91a8-a273-455f-97ed-48921cbdff9d,Kesa_9706ccb1-4a97-43f3-8e8f-8083a29858ba,prop.n.,male personal name,,,,,,,,
fd570daa-5833-47b8-b478-c89ffee10cab,Kesama_22b08bd4-9648-4ef4-a1bf-1d797135551b,prop.n.,male personal name,,,,,,,,
448c08f5-c13e-4723-a60b-779387b2995f,keta_4de7f998-a996-4760-9bb3-401634d497e6,n.,roof post,,,,,,,,
e6973ef5-c4c1-4268-80c1-2fbbfd60848a,Keti_378099ba-ed05-49af-85fc-47553302d166,prop.n.,"Kurupel Täräp (Limol village), which was moved from Old Limol to Old Man Kurupel's camping place approximately four generations before 2015",,,,,,,,
c1f16bba-03d6-41b0-94a4-6f443b06a51a,ketmar_6f9f0211-a98c-4d38-96cd-d74d33b5eedf,n.,"type of tree that grows in old gardens; after being skinned and soaked, it is weaved into skirts",,,,,,,Tony Warama,
4190e7e5-9f86-4f4f-8a53-a6b3d45aa164,ketmar_6f9f0211-a98c-4d38-96cd-d74d33b5eedf,n.,two yams hanging from a stick in the center of a yam counting pile,,,,,,,,
fa6498ec-146d-4f69-81d9-f4329cdf94ec,ketol_b9f5b306-c88e-47d8-b782-b29863313744,n.,kettle,,,,,,,,
ae08061e-a23e-4d8d-b449-4d7a84871fc7,Ketrin_a471642a-0139-489a-afe7-e009286ec43d,prop.n.,female personal name,,,,,,,,
92f03966-3be8-46a2-b78e-766ec2941863,ketrop_8e009a65-1463-4bb7-885e-c93cd5052072,n.,season when rain clouds form but are blown away by the wind,,,,,,,23:4,
88faf136-8594-45b6-b62d-558e6fb4ef5f,ketrop_8e009a65-1463-4bb7-885e-c93cd5052072,cov.,to stop the rain,,,,,,,,
b7324be9-d2db-4322-8938-bbb4e5b0c943,Kewameyato_82a28a8e-ba52-4876-a6f4-a471b5947917,prop.n.,female personal name,,,,,,,,
c4052704-21dc-4c62-94a3-a8eb6355ee8f,keyadaola_0ab06b9c-c52f-46d1-816a-6944b77a35f2,n.,type of bird,,,,,,,88:16,
35f13132-b765-456d-b9cd-641c5bd949ea,Kevelyn_de74aec8-50a0-48b7-875c-4f4e56aafe0d,prop.n.,female personal name,,,,,,,,
4b185c24-f37d-49b2-870f-ffc21c032d9a,Kiata_2d1d63e8-02e5-42d9-bc4e-ecf16137f831,prop.n.,male personal name,,,,,,,,
851a58d9-649e-41ab-9ed1-72cff5324440,Kibobma_31fd65f2-00af-4c8a-bef4-e1ff4b6e1609,prop.n.,"Kibobma (previous settlement of Limol village; on the road to Kinkin, near the creeks)",,,,,,,"Bodog Jowanang, Geoff Rowak, Inawa Dareda",
26e98530-e060-429e-87d6-2352563dd904,Kibul_309230de-d88d-43ec-b48c-ab2ebabfe6f0,prop.n.,place name,,,,,,,,
1f67eed6-db98-4d95-939f-2a10d067f2d8,Kibuli_7bd464af-c8c5-41c1-8574-8529e66e8033,prop.n.,Kibuli (Em-speaking village in Oriomo-Bituri Rural LLG; near Kurunti),,,,,,,"Bodog Jowanang, Geoff Rowak, Inawa Dareda",
3b1f8f0f-8fa0-4ada-a429-a0fe71f92a25,Kidarga_bce024ca-1ae1-45a0-bf59-1e75c2cc4451,prop.n.,male personal name,,,,,,,,
fadf589f-1b93-412f-b054-7b8be2bf3e3c,kidwe_c836505d-3444-4391-9b38-7b938e12ee7c,n.,millipede,,,,,,,165:11,
6e56ff2c-6767-4a96-bc87-45f299274ab4,kikiem_f5423ef4-4089-46c8-8708-0a8ff49ff7d9,n.,type of bird,,,,,,,Mayu Dobola,
c0163b7d-f840-46a8-917f-3bcb3a35efe3,kiklem_a3c99fd3-23c6-49fd-84ff-e8f5b152d70f,n.,type of small edible rodent,,,,,,,Joshua Ben Danipa,
34c27626-1071-4032-91bf-ce80ecd793bd,Kikori_98fbb745-507c-4d4e-8c22-d1a57f1d75f3,prop.n.,"Kikori (town in Kikori District, located on the Kikori Delta)",,,,,,,"Bodog Jowanang, Geoff Rowak, Inawa Dareda",
1e9848c3-1e23-44cd-9360-74a4b7ece3c4,Kikori_98fbb745-507c-4d4e-8c22-d1a57f1d75f3,prop.n.,Kikori (river that flows into the Gulf of Papua),,,,,,,,
ff48ae3a-94b6-4e01-876e-704335420582,Kila_0e426eb6-e9f6-464a-854c-65d81616c5c5,prop.n.,personal name,,,,,,,,
5e45d11d-aa4c-4d8d-aed3-8314587df741,kili_14d0a5db-0066-4d36-b60e-3998edc82016,n.,"happiness, joy",,,,,,,,
ee39206c-39f3-4e6f-af4c-bbcb5503bc2f,kili_14d0a5db-0066-4d36-b60e-3998edc82016,mod.,happy,,,,,,,,
669ebfae-7302-4c12-849b-3188930a9c32,kili_14d0a5db-0066-4d36-b60e-3998edc82016,cov.,to praise,,,,,,,,
bf1efa14-4dd6-4a0e-9a6c-d8cb54739f8a,kiliang_e1c79127-123e-47d5-a80f-4b66d06e9b57,mod.,happy,,,,,,,117:6,
138a6c31-82bb-4945-a633-77166e8423f8,kilikili_a2478355-cb74-42eb-8396-a831f6e218fa,cov.,to greet,,,,,,,,
019ec32f-32ba-495e-95d7-afa7c9443f42,kilikili_a2478355-cb74-42eb-8396-a831f6e218fa,cov.,"to rejoice, celebrate",,,,,,,,
ad27b24f-7311-4590-b1e4-98017e4e9192,kilikiliang_c5520a53-3d5f-4c26-bb32-61aaefab23b5,adv.,"happily, joyfully",,,,,,,,
724b41d7-78df-402b-9b91-da7c14e4249c,kilimeny_c2ae9705-b6c8-4c73-9648-949fa9135aec,mod.,"unhappy, sad, annoyed",,,,,,,,
d532ecce-563b-4274-b4d3-069f4b160ceb,kilimeny_c2ae9705-b6c8-4c73-9648-949fa9135aec,cov.,to insult,,,,,,,43:18,
42d3ae48-ee3f-40d6-8616-440947798db2,kina_1a686d84-befb-4178-8aaa-1c0631a9907b,n.,"kina (PGK, the currency of Papua New Guinea)",,,,,,,,
8ceb95c6-3365-4f54-82a3-1ccd8cc862f5,kinekineang_582e5088-216d-4c01-ac4f-2b0528603545,mod.,smart,,,,,,,117:17,
fe1b0c5c-2e4e-4b5d-845e-898afe8b3e99,Kini_95f6f7b5-6f93-4f93-b261-239df26d8bee,prop.n.,Kini (in Gogodala Rural LLG; near Balimo and Awaba),,,,,,,"Bodog Jowanang, Geoff Rowak, Inawa Dareda",
2538d1e6-5249-461d-ba70-3e4b5838fca0,Kinkin_2f4d7c13-bf8a-4012-927f-a07740e960c2,prop.n.,"Kinkin (Ende- and Taeme-speaking village in Oriomo-Bituri Rural LLG, near Limol)",,,,,,,"Bodog Jowanang, Geoff Rowak, Inawa Dareda",
3747b8bc-633c-43d0-a97a-49158a9c8875,kinpop_6900a195-d30c-41b1-affb-5a96a806fa70,n.,type of tree that grows in the bush with white flowers and wood used for house sticks and rafters,,,,,,,Tony Warama,
7052afbb-df69-4727-82a5-590bbfa08601,Kingsli_85ce777d-bada-45ce-a807-c7aaabb319bc,prop.n.,male personal name,,,,,,,,
e01de2b8-0169-4e0c-9745-463758856fe8,Kinykiny_dc70aaba-2c33-4677-9d31-48e3a664a035,prop.n.,Kinkin (toponym),,,,,,,,
b3b69e1b-ba61-4f88-a959-3d9672373b10,Kiongga_5702a9e9-a0f9-4c97-b2bf-96eb8c999bc5,prop.n.,Kiongga (toponym),,,,,,,,
7eede46c-4860-43b1-bafe-2062d4eb958c,kip_fd4017d0-50a0-44d3-876f-58abf17201a1,n.,top of a plant,,,,,,,,
e523ad62-e17b-4190-8bd1-91446acfe82e,Kiplin_6893a1b4-889f-4ec1-8ea6-b39880fc5e01,prop.n.,male personal name,,,,,,,,
383a44f7-63fe-48e6-a7d6-c5e1d9dfc53a,Kipling_ee4e0501-b802-4b4a-b379-9d6a4c116341,prop.n.,male personal name,,,,,,,,
be1772d0-2e44-4eec-a0a9-59a5e937f5b3,kip papa_efe6ca17-650d-4884-9e10-5c79ac8f5b51,n.,top of fence,,,,,,,59:12,
29878400-040e-48f6-b787-ff8d96530a49,kire_ef1a6a56-c414-4c04-8a84-6847be336222,mod.,"unripe; raw, fresh",,,,,,,,
7fbe2c07-f946-4b9c-8088-144bd7ea96df,kirekire_9b70b451-953c-4d72-8db8-d82b81c6faa3,col.,green,,,,,,,,
40051260-a917-4239-b677-127998e5a0e4,kisin_2372b1cf-4f68-4198-b583-b7dd74d7c413,n.,kitchen,,,,,,,,
630421f5-d929-4d8e-8d54-0e28b812ff49,kitapatt_083300e8-9495-483e-9fcf-d39aec690a9e,n.,type of bandicoot-like animal,,,,,,,78:13,
3addc475-a80d-4243-aa48-6f54482768b6,kitar_c587663c-7b61-4fed-bb36-6ed7f2dc414e,n.,floating grass,,,,,,,,
6ad9b064-8ae1-4df8-a87c-5122e564cff8,kito_4444a285-0bfe-4105-83ff-c2e199981520,n.,"type of black palm; in this immature stage, the shoots eaten as medicine and used to make baskets Used to build house and mat in the bush",,,,,,,Warama Kurupel,
9d7fad44-0fc9-4bdc-bd13-a78cde5a687b,Kiwae_55f3b152-beb6-49bc-a649-61ade4f194a6,prop.n.,language name,,,,,,,,
fea6d38a-e997-4b73-8890-c5aa5be5b1fb,Kiwai_5f5261af-7889-49b7-811a-61bface838da,prop.n.,"Kiwai language (offical language of the region, native language of Daru; children's school songs are sometimes in this language)",,,,,,,142:3,
d39f322c-0096-4e16-843d-8a5a0abd6caa,kiwale wel_19528586-8761-47f0-b384-33044477453e,n.,type of wind,,,,,,,95:5,
d05f3602-667e-43e7-9409-1789e0848d9a,kiyaddadda_77440a5a-c979-46a8-942a-6b543f72264b,n.,"paradise kingfisher (common, buff-breasted, little)","Tanysiptera galatea, T. sylvia, T. hydrocharis",,,,,,Mayu Dobola,
04d19345-6360-48a4-9dc9-35d13a7db029,kɨk_e750e8a6-97a3-4138-adb9-c872008ad178,v.,to crumple,,,,,,,,
b0bd1a0f-6567-4256-a784-cef1f5c1165b,kɨllakɨlle_5233851f-94bf-48da-950d-0655ec3cfb6c,t.v.,to scrape,,,,,,,,
261b0b80-d5c3-429f-a670-24bb79ed8efa,kɨllɨll_507eae73-df83-4240-a6ae-261455cad9be,n.,type of snake,,,,,,,66:13,
276a77c1-1e0a-41ec-ab6e-e570bdb15c49,kɨllɨm_f01330b1-e08c-4313-a1d9-9436704031d7,n.,pool,,,,,,,,
370eac4e-7de3-4f9e-89eb-50a7fc430107,kɨllkɨll_63d460ae-aaa6-4850-83ab-69135883d849,t.v.,to dig,,,,,,,,
4baa8717-eb73-40a1-af6e-aa25a7920459,klak1_672ca826-126d-4ad9-8352-d4d680a142a6,n.,court clerk,,,,,,,Sawapo Badu,
3e1adcbf-67b9-400b-a8dd-9c05dcc82aee,klak2_9cc53bd1-9352-465c-b1ba-16d18dd522f9,n.,type of harpoon for fishing,,,,,,,,
306cfff8-8e03-43f9-bd6d-c80795b20ce2,klas_8660f0ce-79da-47c8-8e20-c453efae98dc,n.,class,,,,,,,,
aa45b2b5-7b74-4ef3-8a76-451ccd97e6be,klasrum_6edcbdb0-9f23-421b-9911-642a960b4bed,n.,classroom,,,,,,,,
0e3153b9-65d4-4f1d-a9ba-a093703d29f4,klloklloe_991a9e41-990a-4e54-8b2e-78f525a1e77a,t.v.,"to gather, join, come together",,,,,,,,
513e59d0-3091-4e36-9eb2-75e5b67acdb5,klloklloe_991a9e41-990a-4e54-8b2e-78f525a1e77a,t.v.,"to gather, bring together, mix",,,,,,,,
b2a4e72f-6bf9-4860-892a-977d110aa590,kllomokllomoll_33940b0d-2f37-43c3-8fc9-f12d494e5087,adv.,"downwind, leeward",,,,,,,,
54bca1bf-e752-4c7d-96cb-5921ad607a80,ko2_97dafe34-5673-4408-ac73-469ea41b69b5,TAM particle,until,,,,,,,,
bc96f7ba-500c-4258-a7f1-33cb68ce0380,Kobam_e6cd6985-6c18-4593-9f42-18c15aeb6f45,prop.n.,male personal name,,,,,,,,
8111fb5e-14a4-4db7-b179-0756345555a5,kobädd_4764ac14-5154-4c90-8d28-798ea6f952d4,n.,type of tree,,,,,,,Tony Warama,
748601fc-974a-40be-97a5-b9e35dfabd89,Kobddag_9c02f97a-ff02-40f3-a758-52ee8ce58f8d,prop.n.,Kobddag (toponym),,,,,,,,
f3e628bb-4066-451a-8878-72dba0a03364,kobe_3c9484a6-eb00-4e81-85cc-60ee7d5e1e56,n.,type of tree that grows along creeks (~ 3 m) with white and red or blue and purple flowers and edible red fruit with black or white stripes and 4-6 seeds inside,,,,,,,,
12572f10-d9b5-4a92-8e5c-a39038f8e183,Kobe_81e38ac6-3af4-4242-ab5e-7ca12e57b155,prop.n.,female personal name,,,,,,,,
8e1a53d9-5c06-4035-978f-e93687aab60c,kobeam_6b6a393c-b3f3-4bc9-927a-fc0e7431ab33,Kinship noun,co-brother-in-law (man's wife's sister's husband),,,,,,,,
9e5fde50-55b6-4dae-8ee0-d1f663aa3caa,Kobemitang_017b0716-d4a5-42fc-9c5f-38f2def2640d,prop.n.,Kobemitang (toponym),,,,,,,"Bodog Jowanang, Geoff Rowak, Inawa Dareda",
df70258c-ba56-49c4-a349-a35009ef1784,Koboddag_5ead4273-f5b3-4887-90d1-d0fcc7f172fa,prop.n.,Koboddag (toponym),,,,,,,"Bodog Jowanang, Geoff Rowak, Inawa Dareda",
9b40cabd-8abc-4226-9a12-469da2d40bd2,kodor_af650851-1b0b-4d59-b490-bdc47f3664a1,n.,"piece, lump",,,,,,,,
0b41b9aa-282e-4f1c-a366-af324187ebb9,kodowa_8c0cb716-1eb5-4b13-8d38-d5307d2fdecd,n.,dish consisting of sago cooked in leaves on the fire,,,,,,,,
8373bfaa-97e8-47db-a09c-03b3c68f6a3d,Koe_df3e089e-be82-4e87-bc1a-af97c06e11d5,prop.n.,male personal name,,,,,,,,
d7380e4f-98a6-4521-81df-43dd4834298c,Koebänang_43948c2f-c8da-4dff-a6fd-dba9a4cca006,prop.n.,Koebänang (sago and hunting place; old settlement near Buddobuddog),,,,,,,"Bodog Jowanang, Geoff Rowak, Inawa Dareda",
fd1eec20-6a63-4cbf-bca6-a5781f38170f,Koebnang_5c34fd4f-5974-49c9-a284-81c08e3ca8d4,prop.n.,Koebnang (toponym),,,,,,,,
594ea3b1-9cf7-4cda-aacd-019217cc7ffc,koeme_0c3f59e1-742e-413e-9d71-f8684ad5cc28,n.,"type of tree that grows along creeks with edible, round red fruit",,,,,,,Tony Warama,
315e23a8-41a0-46e9-aa4c-ebc5bcbe5036,koemekoeme_9da8aa40-daeb-4037-a6ce-04d026fec885,n.,"type of tree that grows along creeks with inedible, small red fruit",,,,,,,Tony Warama,
d96d6881-7444-451d-b266-91066b04a1a8,koen_279209ee-e85b-4d3e-8d7d-4cc0ee11c351,i.v.,to turn back,,,,,,,,
d014fd97-a7c3-4202-a4ba-9e00996ff617,koenbäll_0becb0c5-d40a-452f-af95-1dbac87e5a54,n.,type of tree that grows in the bush (especially in old gardens) with hanging green fruit and liquid used to treat sores,,,,,,,Tony Warama,
a6041a99-d573-4a1f-92a5-f3af74684bbf,Koenbäll kutt_e1a943e3-39d1-46e4-8425-b3f80777045e,prop.n.,Koenbäll kutt (sago and washing place of Paine and Warama Kurupel),,,,,,,"Bodog Jowanang, Geoff Rowak, Inawa Dareda",
f0f7febf-312e-4263-8ced-d75eb53de5d3,koenmäll_3109f7f3-13ab-4116-ab0b-c697db5a650b,t.v.,to chase,,,,,,,43:12,
1d2a8d36-405a-4aa9-b301-1675b0477394,koepang_30fe26e4-01ca-4386-9be9-e3cc6e0c0ea6,mod.,sour,,,,,,,,
93de2dae-cb36-4fe8-8139-5d80fd118025,kok2_63d6602a-8be7-421d-b9d8-44fecb73f648,n.,moon,,,,,,,132:13,
0e4c1639-9db0-4b12-85c7-612d0893de08,kok2_63d6602a-8be7-421d-b9d8-44fecb73f648,n.,month,,,,,,,,
049d09f1-4e1c-447a-9adf-e7a927e1bf5d,kok1_7b1cc721-1583-4947-877c-3d32eb6de0f5,Kinship noun,grandchild (one's child's child),,,,,,,51:20,
ee52344c-6818-4aac-8b9e-c2643c83250a,kok1_7b1cc721-1583-4947-877c-3d32eb6de0f5,Kinship noun,daughter-in-law (one's son's wife),,,,,,,,
1335119b-e5c1-4207-9b61-1574776e562c,kok3_b418d452-bb6e-464c-bdba-10eb8878f2ad,n.,grasshopper,,,,,,,,
6bd910db-4a35-4e89-9701-04e3bfa498ad,kokall_968be190-a9b8-4a60-87db-9a4d7eb4dc15,n.,type of palm with fruit that are smaller than coconuts,,,,,,,97:6,
e619a86d-c3ad-4267-a211-87ffb2e62574,kokallkokall_a58ab65a-7d5f-4773-b003-6f4d083fd064,n.,type of tree,,,,,,,Tony Warama,
f44278df-f6be-4a12-9f6b-6cb3ce9c4e17,kokallma_b57b45b8-5c3f-455e-81ad-6633f1c99d51,n.,two friends who share a twin fruit from the kokall tree (palm tree in the bush),,,,,,,13:10,
f133cc7c-b826-4df6-b78b-9b6ab7bc2cd3,kok a nganzig_1bb282f6-7da5-4b9b-b938-fdb14915a2f7,Phrase,to go a month without menstruating,,,,,,,19:10,
b71c4e8c-07cb-43fd-a01a-190730d3b2d6,kok apte_d3f56b28-4543-49c3-9b41-5a9109e33b8f,n.,half moon,,,,,,,24:17,
fb14fcd3-e910-4df7-9805-c37e28b260f0,kokäl_7fd9605f-d4ad-4a59-a02f-32efaee561c9,n.,small mudcrab,,,,,,,,
7651418c-59eb-4819-95ed-c96ced749362,Koke_1f193565-6249-44d6-968f-acdc45b6fc2f,prop.n.,Koke (toponym),,,,,,,,
c0533c85-5aa9-404b-b988-c76fe57e36d3,kokeya moleg_caaa54ce-fde9-45a6-bb56-f8b08c358131,n.,lost sacred stone with markings on it; represents a girl that belongs to the Dumollang clan,,,,,,,,
b58e6ecb-f923-489e-9d36-1c68f780e1e6,kok indrang_65f291f5-aa74-44e8-a0ba-23ca12af5100,n.,moonlight,,,,,,,,
7f9557d3-fc33-4209-83db-ae25944ae9bd,kok kätt pälläk_c6e7b978-b1fd-44ff-a657-ed051ba97f4b,n.,,,,,,,,,
f53bd8da-5381-4318-b9e9-cc326b984e97,kok kuddäll_3344d14b-1061-418c-a66c-a9a50358f9cc,n.,new moon,,,,,,,24:13,
821ba72c-c398-47a3-aa21-831e153e3640,kokllo_3741bccb-3320-4415-a089-78b627da1d41,t.v.,"to scratch, scrape",,,,,,,132:9,
c60a5c33-a0a5-4965-bcf5-9aa40a484bf6,Kokma_b768af4e-595f-48de-a0b8-7fa385175fde,prop.n.,Kokma (toponym),,,,,,,,
3b9ccfa2-2fb7-4360-a47f-cd138a02b79e,kokmer_9fe4a7a2-a213-494a-ab02-5f8a1d7dc4a6,n.,when a hunter calls out his sister's name after shooting an animal (she will get the back of the animal if it's killed),,,,,,,,
4e45b2e1-228a-42ec-818d-f28c965793cf,kokne_25d9207f-6e9c-4a17-af4a-ba88f5cbbb37,n.,type of tree that grows in the grassland with blue flowers and edible blue fruit,,,,,,,Warama Kurupel,
3fe13c25-594d-4684-8bfa-bc4bd2bfcccc,kokngal_5abfbc31-8c51-4c1a-855b-4bc3198747fa,n.,hunting in the rain,,,,,,,137:25,
f46b19ee-32f9-4be9-8284-3bfdfa1d4d62,kokngal_5abfbc31-8c51-4c1a-855b-4bc3198747fa,n.,"season characterized by heavy rain, hunting, and fishing with lines and nets (third season; corresponds to mid-February)",,,,,,,,
77edd0b1-5c02-4a24-a03b-edde7927de2c,koko2_40fd1a73-1afe-4e45-95fa-d11749928556,n.,shoot (of a plant),,,,,,,,
a2aea3df-2146-4493-8d87-055a77985ce0,koko1_bff40a07-fe96-496a-be48-e01b9c5086a6,t.v.,"to cut (flesh or meat), butcher",,,,,,,,
7a95cd35-2bde-4efa-8459-2298a72f6299,kokok_71f30edb-40e0-4a6b-80e2-56c5b110b448,Kinship noun,nonsingular form of kok,,,,,,,,
fb08074c-b13e-4963-9ada-c6b1ad3b0306,kokol_2fb8937c-8827-4503-afde-e05221b3dc7f,n.,type of introduced banana,,,,,,,Sowati Kurupel,
edf04d88-1ecd-4c3c-96b9-d759ed535a6e,kokop_cd30b000-41c7-47b2-b54b-c5c09ac5cd69,t.v.,"to peel, skin, husk",,,,,,,,
d7d5bbc2-0bd7-4ec0-8f8c-49240bc8960e,kokopasi_a1843169-25bc-4674-85ae-390c3d1ce56a,n.,"shrikethrush (Arafura, rufous)","Colluricincla megarhyncha aruensis, C. rufogaster goodsoni",,,,,,Mayu Dobola,
a85cd4eb-8dfe-432e-9bac-74db8b89c2f2,kokowang_e2620b4f-b4b7-4a19-9564-5411aeac5f3c,mod.,sprouted,,,,,,,,
75b0dc1d-c3bb-4788-a0a4-4c8666812982,kokowang_e2620b4f-b4b7-4a19-9564-5411aeac5f3c,n.,the first stage of coconut growth in which the shoot has just emerged (before planting),,,,,,,,
fe1e1c10-b1e6-4f47-b48f-16b2f0138c5a,kok patar_7a260be0-a02f-4443-8d2f-2ef09a9dea14,n.,necklace,,,,,,,171:31,
80e0f1cc-46e0-4ec9-b219-2e3c05a83d3c,kok pälläk_e0a206e7-1688-48e5-95da-e75726e6a24a,n.,first quarter moon,,,,,,,24:15,
10c03730-064d-4e12-ab8c-4da5a876506e,kokpe_2f064471-eb83-40ba-b89d-40ba257a6b83,n.,type of tree with yellow flowers and leaves that are used to wrap food for cooking on the fire,,,,,,,Jerry Dareda,
46cf04f9-330e-44cd-9727-e53cee73c542,kok pllayang_b56cc99f-00a4-4e04-a528-eb0913f35058,n.,full moon,,,,,,,24:16,
030187d1-1b6a-42c6-91ed-5ddad9bb194d,kok sisor_57c061d0-281c-4da5-b4d9-ab04bcea7fd2,n.,first light (the end of a new moon),,,,,,,24:19,
ce1237e1-6645-4f21-be8e-43c672e087d8,kokta_823424fa-8ad2-4ad8-9257-65969df864ce,n.,moonlight,,,,,,,,
fc60df77-c5b6-4ccc-a07a-cd318314066d,koktakokta_a9acc5b7-e1ea-4794-9319-d3582fed58a4,n.,when dead trees or tree branches become dry and shine in the night,,,,,,,,
d420d189-0083-4bc6-a01c-4012c7e1b323,kok tärangg_f5d36aa6-c88e-4a5e-a413-9e04fa0596e7,n.,fast,,,,,,,,
48b2e69c-4d33-4fec-8943-7be52d6b5145,kok to_0bf6b9ec-250d-42e2-b325-129ae328f465,n.,orgy,,,,,,,51:32,
7a5bf201-d118-4749-82a0-f1c6d4630567,kokto_34a71160-ec04-4e74-a276-c41f75df7fa7,t.v.,to bail (water),,,,,,,121:1,
5db8893e-b696-4f6d-9f64-f99c1b25e3f9,kol_a685d9b4-9276-4e82-89da-37ec4731a379,n.,sago pith,,,,,,,,
4ff6b35e-d2ea-47ad-b09b-0fd2f61fb46d,kolem_6821d520-dab4-4139-91db-349486e16a4a,n.,type of palm with coconuts that come in red or green varieties,,,,,,,,
f2bfb5e2-3f65-4447-b348-fa8739122258,Kolmet_2df57afd-604c-4bc0-9956-100e9ceeaac7,prop.n.,female personal name,,,,,,,,
90d296e6-c5bf-4d8e-9cf7-a541a6756508,Koloam_2b5eeb82-1e9e-4586-91f4-ce707a4e3723,prop.n.,male personal name,,,,,,,,
30fa4179-99c2-45fe-adf7-18c2959c3e7a,kolos_19a1439f-2c3c-4575-9a24-8b18ac58a307,n.,constable uniform,,,,,,,,
1ae37835-8532-4334-9594-da572c318702,Kols_6f70d92b-8389-46cc-9aff-2c1610d7d963,prop.n.,male personal name,,,,,,,,
a0626f5f-732b-446b-8f5d-aa5a6003661d,kolwa_66bad444-46ee-4c6a-9d21-c4748cb0beff,n.,"type of tree that grows in grassland with a trunk that has a diameter of ~9 cm, but very strong and used for spears and weapons",,,,,,,Tony Warama,
83a3eff4-b7fb-4b41-a1a9-3d9013514346,koll_4edfbe87-61d9-4af8-8fac-09b5fb60872f,loc.n.,inner part,,,,,,,,
df923859-e093-4994-a10b-45e935bddaef,koll_4edfbe87-61d9-4af8-8fac-09b5fb60872f,n.,part of a bow,,,,,,,137:19,
1ca27c99-869f-4d5d-b046-bb72e3e66caa,kollam_f2061fee-f523-4c79-909b-7ecb9a851a53,t.v.,to stand up,,,,,,,,
7fafdcbe-a10e-4a67-ba18-2136b169fc67,kollba_cdbd95c3-0bd5-4eab-a1ea-c325d051fa7d,n.,fish,,,,,,,166:7,
ef18ee2c-3c2c-457b-a1ad-69fc7408b87a,kollba täkäll_f3a3a91c-134d-4ab1-80a1-1a016a871797,n.,fish fin,,,,,,,165:20,
41267151-4d31-45f3-91fe-11fd917d7dc6,kolldab_cc55c252-076c-4435-bfb2-bea2695b5908,v.,,,,,,,,,
9cd5798c-febe-4d63-a236-8e58a4217fda,kolldän_1e0140fb-3255-4636-90a8-bd73bb429b0c,t.v.,to shoot; stab,,,,,,,,
cbfd825c-df11-4c07-aece-88c6fe8ee514,kollko_09546e17-24d8-4554-833a-3f429a1dd5af,n.,breadfruit,Artocarpus altilis,,,,,,Warama Kurupel,
e124553c-1451-4b7d-ba49-2c45898dbdcb,kollkokollko_43b17f91-c3fe-4f41-bd3c-7efb54f71cb9,n.,"type of tree that grows in bush with edible red fruit with an edible, big round nut in the seed",,,,,,,Tony Warama,
917dd137-c7a7-48f4-84ca-a5b3e62fa3af,kollmäll_c2139a8d-a8c2-4efe-b96d-e6532e9b8b28,t.v.,to follow,,,,,,,,
79339d6b-868d-4170-bd62-c3545c6c21e2,kollmällang_c488279f-c433-4f9d-add2-109f3801aa28,n.,"follower, disciple",,,,,,,,
98347425-27c6-4c5c-9a00-9ca03c2c4200,kollmos ttam_939b0a2e-98a8-4a47-9334-c2bb988e4d2b,n.,soul,,,,,,,,
3a34f5b4-c1dd-4ee8-a7c4-7cd61237295d,kollong_cdff8c0f-395e-4e27-8b49-6bf333c47a9e,n.,type of tree that grows in the bush; used for grass skirts,,,,,,,Tony Warama,
28d8e081-ae6c-4fd4-a1f1-eaa4ca9f2d95,Kollwam_27a31b37-2f27-4b5b-919f-63681724d63f,prop.n.,male personal name,,,,,,,,
1c6268c7-8e5f-41a0-a8ba-df997e335ff8,kollwany_de8de5a9-7af7-4dbe-9da2-1d5e59061ff0,t.v.,to hang,,,,,,,,
e149f9d5-d8c6-44d3-aca7-d9537b33d5b6,kom_38461696-db0c-4b9a-ac0d-676d1c1660e3,n.,hair; hair-like thing,,,,,,,127:1,
23e2bec3-2458-493b-b0dc-77c4f75a990b,kom_38461696-db0c-4b9a-ac0d-676d1c1660e3,n.,feather,,,,,,,,
13ce3db4-ff47-4952-ae1b-71d31f3fea56,komälle_1d09fcb1-21c7-4955-8862-33f8e4a7f3be,n.,type of game played with string,,,,,,,Galou Minong,
7864f14b-f388-431a-949f-1279ebf40ee3,Kombosie_fdafbf6d-400d-4dd1-9c26-111b124e5c61,prop.n.,male personal name,,,,,,,,
b9c3d2ab-20b2-4f15-b9a7-ca1ece2b62d2,komene_e7e7963a-7941-4391-bdd9-60b47bac27bf,n.,postpartum period during which a woman warms herself by the fire,,,,,,,19:1,
15409ede-224a-4744-b181-2dc154486f7e,komengg_29e43b06-7423-4a9c-9af0-3f8b9853b329,i.v.,to go and come back,,,,,,,,
0ebf1be3-be26-497f-8d34-87214110b45b,komett_1a81225d-ab94-41cb-a037-5cc7dfb266be,n.,committee,,,,,,,Sawapo Badu,
cea19e47-1229-4005-adf6-337bcd8fe87b,kominiti_ad742d1c-0078-4408-8caf-64677ce5f690,n.,community,,,,,,,,
9fb3ea58-e12c-4220-846a-432a8e075ef6,komiti_a6875448-620c-4677-bf3c-f0b2e87ca8f0,n.,committee,,,,,,,,
f0d51844-2a28-4b34-82ca-dc33713f00c7,komlla_2fbd5410-bf5b-4fee-9a72-f5e892938849,num.,two (yam counting numeral; also general),,,,,,,41:4,
1896b8c8-fc0c-48f0-824a-4e18d68387ab,komllaebe_5754cf33-c43b-45ac-b6cc-51f6557fd4d6,num.,exactly two; both,,,,,,,,
42b1d019-1724-42b3-bd1d-b164681b1181,komllaebekomllaebe_6021d40d-4a99-485b-93df-a3bfd69ed510,num.,exactly four (2+2),,,,,,,,
33aa3a9c-0d03-4224-b8a8-4b42fb565398,komllakomlla_6673586e-1ffa-4569-beca-dabeff67bc6d,quant.,both,,,,,,,,
fa54f9e6-a903-4fdd-8f87-f115772352d9,komlla komlla_f25ae995-3c7e-40b7-9a0f-2afeb3dd63cf,num.,four (yam counting numeral; 2+2),,,,,,,41:5,
6290ebc7-291d-495d-bfba-692b37b5b8c8,komlla komlla ttongo dduma_0f2afb77-6431-4ef4-9303-ac77d6265b7f,num.,five (yam counting numeral; 2+2+1),,,,,,,41:7,
39475b54-3864-43c8-bd46-5f53c4dc0838,komlla putt_40052ea6-673e-4c9c-a162-d8b16d9b98ee,num.,twelve (yam counting numeral; 2×6),,,,,,,41:39,
44e37b8e-dc19-493e-bc07-f29d341ff055,komlla ttuim mängallmeny_d729e342-56aa-4c14-9419-6e917d52a607,,two thighs weak,,,,,,,19:27,
f7a456d8-d02e-48b2-9c66-44e90d2c37ef,komlla we_5898a87e-cfb6-4194-b9d6-331721da1d4c,Ordinal numeral,second,,,,,,,43:11,
e2158045-cfe7-464c-8003-e2465f1255ad,komlla yangete_fdeff421-c80b-4268-b8a4-ce5885f5d405,num.,"doubling two, e.g. shoes tied together",,,,,,,41:3,
3d35549a-2b85-4138-b646-a3ea61285811,komllazegatt_e191e568-0084-4844-b321-f55f62ede95a,n.,,,,,,,,,
09fb745c-d768-4f56-b60b-2fb6ab19e97a,komlle_0b30f99c-2ef3-40cb-a4a9-ea721eeb9ecb,n.,type of game played with string,,,,,,,,
f9e5b646-8457-45f6-b807-c5dc8059f669,komo2_81249275-4b5d-476b-ae55-3bbd5ebb2a49,n.,ginger,,,,,,,,
c5575483-7d58-4a3f-944a-6f0b0dcdaf7c,komo1_c3d5c91b-21ce-4caf-9a9b-a2cfcc43d372,n.,centipede,,,,,,,Warama Kurupel,
a18b241f-6ba1-4478-ba6d-f414572bd040,komo1_c3d5c91b-21ce-4caf-9a9b-a2cfcc43d372,n.,scorpion,,,,,,,,
e25d24f1-bc53-4e78-a99c-067c8a6b1b96,komo mogmog_5b432f58-4cb0-4f01-b8fb-6849f6a4c6cd,n.,type of black scorpion,,,,,,,165:24,
5b8c893c-7f0f-43eb-970e-79baea79d615,komongg_e17ea158-21e2-4856-b684-805fce501fbf,d.v.,"causative-applicative form of ony (to make carry; bring for, take to; take from)",,,,,,,,
b806fd5f-fdab-4eb6-8b04-a7c64fec6d8f,komony_89bbb36a-5b4c-4e8e-b817-d3ab9fe778e3,n.,,,,,,,,,
cccc5248-8e30-4898-a1eb-be7ff7c4ca95,komo takle_ccfa9ec2-01d2-4bad-8e5b-764cca18a446,n.,type of scorpion,,,,,,,165:10,
c0172927-b9e5-422c-bff6-b74eb459a4ba,komotupi_21cdd5a3-f34d-4283-afa2-7783c4f96089,n.,long ginger,,,,,,,Warama Kurupel,
147b4e60-f70d-4566-a6fd-49aba4851ca1,komotupi molle molle_acfe30a6-dd83-4f1f-9807-fed421b8190c,n.,type of dancing game that involves ginger,,,,,,,65:18,
673becbf-7d51-4b14-8eb4-82afaff45b21,kona_36f90eaf-3a03-48d1-974d-69a442270923,n.,corner,,,,,,,,
78690339-243e-4877-b89f-c081f8dd2096,kona_36f90eaf-3a03-48d1-974d-69a442270923,n.,"district, section, area (of a settlement)",,,,,,,,
a5f1fb6b-0bd1-4d33-aaf5-f4f71a36c227,konakone_68f1821e-0eee-4739-ae5e-8f8df907bfe9,t.v.,to cover,,,,,,,,
b84137cf-6bd1-44ee-a4b7-33fcb20aa408,konakone_68f1821e-0eee-4739-ae5e-8f8df907bfe9,n.,"cover, sheet, blanket",,,,,,,,
7ea32037-3a97-488d-877d-05fc42093477,Kondobol_e10ec536-4a3c-495a-82b4-28b7b6a98bc1,prop.n.,"Kondobol (Taeme-speaking village in Morehead Rural LLG; from Limol, one must pass through Kinkin)",,,,,,,"Bodog Jowanang, Geoff Rowak, Inawa Dareda",
34ae606c-9842-4c2e-b6a2-3b1c455dc825,Kondoboll_9d913e6b-1fdf-460e-af99-d75bcec0c6ef,prop.n.,place name,,,,,,,,
918103d3-dfaf-4c18-a1e6-c145878d7ebf,Kondobu_b69c780d-acda-4074-9ef5-fa5ba5d8a9b0,prop.n.,Konedobu (in Gogodala Rural LLG),,,,,,,"Bodog Jowanang, Geoff Rowak, Inawa Dareda",
2f1e3261-bb6a-40d0-9bd8-e33a789c478c,konkon_e0ab8876-5c94-40de-8c49-db5e24f2f142,mod.,"crazy, mad, insane, mentally ill",,,,,,,,
c08ddf59-4af2-4369-9573-4433016610d2,konkon_e0ab8876-5c94-40de-8c49-db5e24f2f142,mod.,"stupid, ignorant, foolish",,,,,,,,
ddb5edaf-d825-49ad-af17-d168a388c22e,konkon_e0ab8876-5c94-40de-8c49-db5e24f2f142,mod.,"intoxicated, intoxicating, consciousness-altering, drunk",,,,,,,,
3953e7e2-ffdf-409d-aa25-e9542943702c,konskak_3af89e38-59fa-4356-8626-13911d68ab36,n.,type of big taro,,,,,,,Sowati Kurupel,
9b48dbfb-673c-4142-9688-df97fa7865e6,konzar_184f517f-3691-4afa-b51d-0fb53e960845,n.,"type of small yam with a white interior, hairs, and small thorns",,,,,,,,
6fd9fb81-c3f8-47a7-abfb-fa239a4e8e1a,kongkottom_2dd03a16-47cd-40f3-ade1-b43c19e25190,t.v.,"to gulp, drink quickly",,,,,,,,
a837b3fc-469a-425c-a796-73ecf5312963,konykony_5775cb8c-e845-4f93-9cf6-7b38f2e9a6d5,n.,type of stinging insect that lives in the ground,,,,,,,165:18,
010f1fd9-5ce3-43d9-ba6f-3c01bb4d5832,konymad_e36d0cd0-2c5d-44f9-bfc2-55b8c3a87fd5,n.,man who steals a woman's things during her initiation ceremony,,,,,,,,
7d3b4599-a66f-4a2b-a011-27370db8285c,kopae därängmeny_32f7d1fd-efa3-4003-b4d9-ccd6df19750a,n.,to go to another village to trade,,,,,,,,
4f523448-6c47-408e-b51b-a7d7940339d6,kopek_955cd3a1-b274-4c0f-9541-f34309e1363d,n.,valley,,,,,,,,
28acdbdc-2d0d-40a6-9864-658cf0f2e3f8,kopek_955cd3a1-b274-4c0f-9541-f34309e1363d,n.,"pit, hole",,,,,,,,
2eb46b29-38e5-4a5d-829d-20c502a0824f,kopllalle_66b78d29-335b-4fcc-8581-9e1bdd178406,n.,"oriole (brown, olive-backed, green)","Oriolus szalayi, O. sagittatus, O. flavocinctus",,,,,,Mayu Dobola,
5b2e6239-dbbb-4ef2-abd2-db5b85c4c028,koplle_f941938f-7fb3-499c-bc84-29c735adb880,n.,type of big tree that grows in the bush with fruit that cassowaries eat,,,,,,,Tony Warama,
ed043b66-e31c-4d08-86a7-c1ebc9ef5044,koplle täkmäl täkmäl_bc39c7c1-58e7-437f-bbc3-b4eb3e1d7343,n.,type of game involving throwing koplle fruit,,,,,,,Galou Minong,
861a9eac-a9ce-4516-a3ad-8e83d24949ef,Koreya_22b3eb0a-2906-4851-9725-187617355bbb,prop.n.,Korea,,,,,,,,
0440dccd-3340-4694-99fa-4a413a8d08b5,kormas_2e1d3a12-d0b8-462e-97f1-a1837a5a0a75,n.,type of bird,,,,,,,Mayu Dobola,
0e0973cd-c949-4ace-8895-eecb977959af,korolläm_f83b590e-cd1f-4f66-be4a-a04e9a6ee95a,n.,type of vine that grows beside creeks. Leaves are used to wrap things.,,,,,,,49:2,
e4410c4a-3488-440b-9e83-b6969740d1e3,kos_428411c2-f5ec-4dbb-8f7b-98662c4c6c9b,n.,course,,,,,,,,
61bec330-9619-4194-85e6-659530053396,kosrom_6d872b07-162a-4657-8c3a-b38e219ad8ae,n.,type of large mushroom that grows in the winter,,,,,,,Joshua Ben Danipa,
371bcc9f-c393-4a33-8904-a22ee55fcc18,kot1_4e61b1f9-0d12-4808-9675-075ba4b3e69b,n.,dirt,,,,,,,,
78f377f1-e8ce-4afa-b34a-9ab3e9caeaa8,kotang_c5942bb2-d5e7-4979-a628-e37ae9c8f58e,mod.,"dirty, unclean",,,,,,,147:13,
0bf11862-b6c4-4c19-ae29-03cd823630f7,kote_e5e6d039-e3e2-489a-a007-5b074897cba1,n.,nape,,,,,,,128:29,
3efb6a5b-d35a-420a-983c-724f04ce5452,kote kutt_2544d7fc-e082-41f5-a783-6a0f208cf478,n.,cervical vertebrae,,,,,,,Warea Giniya,
ff8aa65b-cd11-41ad-8a3b-dd4274132aad,kote ttäkam_ae0d003b-6b63-4be8-8338-d7ff4c48e7d1,comp.v.,to hang one's head,,,,,,,,
e218db7a-a725-44e1-8592-a855cae9bcaf,kotkot_d15e88f9-a215-4c45-8887-76290591efdc,mod.,"dirty, unclean",,,,,,,,
b90330a1-f956-43e8-9e9b-ad4b6540cd38,kotmeny_91a8ed66-baa5-4698-a1ef-27cc981e773e,mod.,"clean, pure",,,,,,,183:12,
334d8220-08e4-42ee-bf6f-564b5ff02089,kotol_a18bad95-13bf-48b7-9f16-70678c7ff6c0,n.,traditional practice of sterilizing women after having 6–7 kids; the placenta is buried and a coconut is planted on top,,,,,,,19:22,
334aed47-8cfc-4dda-8d2d-25cdc2e9da49,kotol_a18bad95-13bf-48b7-9f16-70678c7ff6c0,n.,traditional practice of stopping smoking,,,,,,,,
a7612ea4-fe3a-40c9-ad75-263a977edb36,kotom_d4da0b1a-1c68-4228-ad68-17920217a9a4,n.,"head covering, crown",,,,,,,,
3abdb672-7014-4499-b7c3-e1cf84dcc8b2,kott_8e479271-860b-4987-af9b-cea0b456e9bf,n.,testicles,,,,,,,,
3a809054-945c-466d-a36c-22c8a6fa7ff3,kottllam_cff27354-65d0-4ad7-a7e6-9101b0719373,n.,"turtle, tortoise",,,,,,,,
1f81fe64-a648-4d31-aaae-f59637f7565b,kottma_14f4d036-fe5b-45d9-961f-5ebc08b3fab3,n.,body part,,,,,,,127:12,
4484d22b-e8fd-480c-bcad-5d354aec1874,kowa_645efee4-bd1a-4b5e-a373-8af3c1da28c8,n.,upper back,,,,,,,,
71b95de8-ac0f-4333-ad03-73492d71369a,kowatt ikopang_ce9dc01f-16a4-4ff0-8745-5c5f704ec07f,n.,law and order,,,,,,,Sawapo Badu,
5d045c9b-2177-408b-a845-cc6e4384f9ac,Kral_ee5a6ddd-df9d-487e-b2ef-65c4c98bd0f7,prop.n.,female personal name,,,,,,,,
9d59bca2-378c-45c6-a26a-cbdbaf65775d,krismas_807fb00b-7114-420f-913d-57a7ece9593c,n.,Christmas,,,,,,,,
fef70eb4-cc42-4bea-85c1-ea5d094905e8,kristen_b718fda3-6d1e-432d-86c9-bc241012cb2e,mod.,Christian,,,,,,,,
f341f418-74cc-4530-aa76-7168e4986d7b,Kristina_70fc178f-922d-47b7-bddc-0dbfc28d5d3f,prop.n.,female personal name,,,,,,,,
0e42f66d-d79b-4e1b-b657-c5d98c75e82d,ku1_0e07e08b-c546-47d9-8dce-fece94e044ce,loc.n.,"center, core, middle",,,,,,,,
b1ea1618-f6c5-4302-8889-aabbca3404cb,ku2_28907b08-a649-4d08-bc59-72ca2e2eb3da,i.v.,to wake up,,,,,,,,
e463579d-c79e-44ce-87a0-404ef605b00f,kuang_81584031-d864-48d8-8259-d63526c74991,n.,the ninth stage of coconut growth in which the endosperm of the fruit is fully formed and coconut water remains,,,,,,,,
463ffc01-4f7a-45f5-a9b9-0998ad2a2cda,kub_02a2f170-3512-4ae6-bf39-c012c36bc091,n.,"flesh, meat",,,,,,,,
c5fb395e-cbbd-4f16-8f5e-7efdc516d17e,kub_02a2f170-3512-4ae6-bf39-c012c36bc091,n.,shooting star,,,,,,,,
e1cd7d81-f8f7-453f-9db1-ba3b3d0119e8,kub_02a2f170-3512-4ae6-bf39-c012c36bc091,n.,burning red fire,,,,,,,,
93014b19-37ef-48c6-80c4-161beb39d4b8,kube_e77aebbb-ad3b-49eb-9b71-dee5dd749324,n.,bucket,,,,,,,,
d64391f3-d76d-40ee-b470-4a5e26fb792d,kubllu_0e38767e-b129-4fa0-9087-c21cc5263ee7,n.,type of tree that grows in the bush and savannah with bark used for string; similar to kapang,,,,,,,,
2d5f5683-b54f-4e96-bf17-5b90b715bc86,kubull_a6b5b13b-97fd-4030-a196-2155476bd956,n.,"bush wallaby, dusky pademelon",Thylogale brunii,,,,,,Joshua Ben Danipa,
0aa30423-94d9-4ca4-a611-583b736abd7e,kud_add50477-c694-4b54-ac84-d64660b4d08e,n.,type of pandanus with fat triangular fruit,,,,,,,97:39,
2485d7d3-5c60-4084-9758-1139d039ae72,kudäd_d5545ec9-6412-4cd1-9feb-77389159d327,mod.,barren,,,,,,,19:16,
eb7d3d81-3f34-4b7f-ba1c-07ddfbddc1f4,kudädäri_8d7b0ffc-9956-4ffd-9b88-4ef075d7c55b,n.,Zoe's imperial pigeon,Ducula zoeae,,,,,,Mayu Dobola,
8c24f0d1-4bc3-403f-86e5-136d091e7a94,kud dämadämar_2f5b1f94-ade7-4e9a-9354-00449f43ea28,n.,dragonfly,,,,,,,,
2ab35d3d-1b90-4953-ac7e-04763701cdd7,kudu_3732b21d-887d-4b16-a990-56f2886f9d08,n.,corner,,,,,,,,
eb58b751-55ff-48a5-b117-714c481e385a,Kudurwe_4b4bd34e-4fcc-488e-b26f-6ed203169792,prop.n.,female personal name,,,,,,,,
76e92fb3-d508-4c4a-9753-99312e8bfd73,kuddäb_6d779816-46b8-436c-90b5-8be4d360f14a,n.,raft,,,,,,,,
17a8af3d-0853-4480-b119-317ab618c83a,kuddäkuddäll_fc0294d9-3207-4067-b320-0788f881aee6,mod.,soft,,,,,,,,
037518a9-b012-4754-bfe5-7453a53f73c9,kuddäkuddäll_fc0294d9-3207-4067-b320-0788f881aee6,mod.,easy,,,,,,,,
02609fa4-cc4f-4426-b25f-88c4a62eb4c1,kuddäll_1d643e5b-21ab-49a0-8729-5b9c961e7383,n.,death,,,,,,,,
dbf2ea33-d845-4a95-a221-c847f001fb08,kuddäll_1d643e5b-21ab-49a0-8729-5b9c961e7383,cov.,to die,,,,,,,,
8804f8b6-4a1c-418e-9fa5-41361ac9ae8b,kuddäll_1d643e5b-21ab-49a0-8729-5b9c961e7383,mod.,dead,,,,,,,,
3553f19b-59f5-4c03-893f-2e3ae20503df,kuddäll_1d643e5b-21ab-49a0-8729-5b9c961e7383,mod.,abandoned,,,,,,,,
1e7fb3c4-78fd-43bc-9a0d-178a85176791,kuddällkuddäll_1b5230b2-2b1d-4ab2-aff8-0bafaa107c5c,adv.,,,,,,,,,
cf805bd4-64d1-4b57-b594-29535408f10c,Kuddäll Opap_93fadecf-aaa3-444d-87cf-52b789afac5a,prop.n.,Passover,,,,,,,,
d3828212-73e8-4d5d-8b8e-c31498cac8d3,kuddäll ttam_d6e980a1-93be-4d8e-9aae-2e00ff3a9c27,adv.,"life-or-death, to death, as if one may die",,,,,,,,
bc64995b-bb04-41b0-b5cf-035689aabca8,Kui_2a1ed25b-19f8-4c0f-976e-cc57f6c9fa4b,prop.n.,Kui (toponym),,,,,,,,
03cd6f48-bc8b-4ae0-af0f-f4493575a535,kui_9640bae6-ebb2-4991-b016-f477ed84cfd8,n.,island,,,,,,,,
a5474405-15a9-4bd6-b48d-50498c5df79a,kuib_d941a245-edda-44d5-a3c5-f7a1d3a62da3,n.,type of drum,,,,,,,143:19,
191c91ef-e7b2-45e2-b3ef-1af530d0b06f,kuibiag_6dc4ba3b-781e-4043-973b-e5a2aa85663a,n.,Papuan black snake,Pseudechis papuanus,,,,,,,
036760bc-b337-43a5-9f96-c21f2fefe825,kuimang_cf1061e5-c878-499b-9c60-1d946270da62,cov.,to knock on,,,,,,,,
398d5f74-34c4-46c3-87ef-8abbf44e8994,Kuiwang_ad77b11f-9aa2-4841-aeb9-ca8d388de963,prop.n.,"Kuiwang (Taeme-speaking village in Morehead Rural LLG; from Limol, one must pass through Malam)",,,,,,,"Bodog Jowanang, Geoff Rowak, Inawa Dareda",
c60af7fb-0a7b-454e-ad7c-ca45d7996634,kuki_9f5a68bd-53a7-473b-aeb0-f6d2eceb4290,mod.,"false, deceptive",,,,,,,,
8c97c294-7ee3-4b58-9db2-89d9966d99f9,kuki_9f5a68bd-53a7-473b-aeb0-f6d2eceb4290,cov.,"to deceive, trick, lie to",,,,,,,,
efae8779-9287-4256-824e-42bc1d4d42fb,kuki eka_be68267a-4351-4d01-a7dd-c985ba9d9992,n.,lie,,,,,,,,
c9a68a1e-c217-4e8e-8940-b395ad0320c6,kukiny_69067023-85cc-4820-9025-91b9e9775234,n.,type of long-leaf grass,,,,,,,,
26a4a7e4-9858-46f7-88ce-decae7bbc67c,kukiny_69067023-85cc-4820-9025-91b9e9775234,n.,type of spear made from kukiny grass that is used to hunt birds,,,,,,,,
2a2eeec6-7548-4575-9526-bdae4997c577,kukoll_3800f293-be62-4592-990d-8163363ed2b0,mod.,"healthy, fertile, vibrant",,,,,,,,
48c601ce-d693-476b-a863-a33c89905d89,kukollkukoll_92aad2aa-0ef0-4a2f-bb7a-8f4cd5dfdc5d,col.,green,,,,,,,76:4,
8b7af134-66af-40fe-bda6-b3b6206c6a5e,kukpi_970b8354-9ec1-4eea-816e-f71594cf1be6,n.,type of tree that grows in the bush with big fruit that children play with,,,,,,,Tony Warama,
cb4fda04-5966-4dc9-b5ce-0e70f1d4c556,Kukpikukpi_a1498723-cc1e-4a71-8a26-4848a448239f,prop.n.,Kukpikukpi (toponym),,,,,,,,
7cdc51b0-373f-4687-bb64-2fdebe73e377,kukrub_70091c8e-d97c-4995-92dd-e943e91f41bd,n.,immature coconut that is fully liquid inside,,,,,,,,
97c92baa-a143-4332-a982-73205a42b3ce,kukrub_70091c8e-d97c-4995-92dd-e943e91f41bd,n.,the seventh stage of coconut growth in which the endosperm of the fruit is completely liquid,,,,,,,,
9f71c1ad-5c3b-471b-b8cf-2d3b0da78532,Kuks_30191df0-7a8b-4fea-a191-6829a05d7288,prop.n.,male personal name,,,,,,,,
38e41083-91f1-440f-b38c-020511e8f181,kuku_a20073e9-6d31-42bc-829c-10ef6bcf9d98,n.,type of grass,,,,,,,,
abb8fbfe-54e9-4830-b5c7-c6df80d0aea2,Kukua_55d0db2b-3939-436f-a4dc-f8daa299c5d9,prop.n.,male personal name,,,,,,,,
144ffe4c-6ca5-4e28-8623-4f4738100629,kukull_24e348b5-57af-4eae-838d-e4400a60a66d,n.,grassfire,,,,,,,,
ffd0ca8e-588c-42b2-9543-0f7091cd8057,Kukumi_6fce44ac-dc8f-42c0-a93b-f8d930cfd68f,prop.n.,male personal name,,,,,,,,
eb58bc96-ac3a-431b-8e11-517b524bbce6,kul_a222675f-e6fa-4654-8e72-cea69b8f014b,cov.,to smash food,,,,,,,,
9dbfaa4c-7878-4359-8e7a-1fa70280df04,kulläb_f22a5f99-a898-4010-80d4-01f39da6b1a5,n.,large black termite mound,,,,,,,160:7,
43986faf-3a77-47c3-8784-20071774c985,Kulläntti_ab1e4197-d112-4c1f-96b9-65f72aa47599,prop.n.,place name,,,,,,,,
5588cd3b-7ba6-406f-863c-1bdf6a4a6858,Kullintti_35614f0f-9b06-4d98-8919-bdb84dccf405,prop.n.,,,,,,,,,
f0bd084f-bcee-4bf5-93de-311cedd812f0,kullkull_a530f6b6-7dca-493f-b580-ead5f45b4d91,n.,grassfire; burnt grass,,,,,,,,
1e4b5538-4725-4840-a0a9-8cb48061f15f,kullkullatt_18c68a6f-712b-42dc-b0f8-3bc90f724113,mod.,burnt (of an area),,,,,,,,
bf49a810-1ef0-4a56-bc4f-53f1807e0685,Kullme_719eda7e-dde2-4ea1-a188-1b7cb0ee7d15,prop.n.,Kullme (garden place near Egapo; filled with abandoned rubber trees),,,,,,,"Bodog Jowanang, Geoff Rowak, Inawa Dareda",
aac1da31-7b1a-4fd2-964e-c38ef1e93138,Kullopang_068c4b40-91d8-454f-bfb2-3ec752538fed,prop.n.,Kullopang (sago and garden place of Kaoga Dobola; on the shortcut road to Kinkin),,,,,,,"Bodog Jowanang, Geoff Rowak, Inawa Dareda",
9be75d31-9b53-4c20-9b02-aa2a64b76d88,kullum_ac99a5cc-dc85-4a70-874a-64a231c7c9c2,n.,group,,,,,,,,
85e7d81c-3a09-43db-96d2-a73cee85161b,Kullwam_133d3566-3f1e-4fc9-b686-c81a22929941,prop.n.,male personal name,,,,,,,,
ce5652bc-e530-417b-8ef2-424b8380a63f,kum_5deee804-25bd-4f78-88be-9be941125d4c,n.,"buttocks, butt",,,,,,,,
0d038cfd-d122-4446-b241-949f584c23ed,kum_5deee804-25bd-4f78-88be-9be941125d4c,n.,abdomen of an insect,,,,,,,,
fd45de6e-1c94-4e08-b2df-b9c671f4501c,kum_5deee804-25bd-4f78-88be-9be941125d4c,loc.n.,"butt, base, bottom, lower or back part of something",,,,,,,,
7c4f1c09-3607-4478-8171-6f1260152e6e,kumattkumatt_86903296-3ebb-4697-aa59-09ba00963cbc,adv.,back,,,,,,,,
ea981182-3d29-4e1f-b985-662b8810b082,kumi_b02f362f-98a9-4023-b0d5-7f22a6234013,n.,central roof beam,,,,,,,,
2c646750-f8e6-4d44-86ca-85448aa0e0f3,kumie_5ca007e1-2174-4867-8bd3-5aa813e560f2,n.,cough,,,,,,,5:35,
283ae2f3-e4bd-4c7e-b9e6-ec25638ce00b,kumi kakälläp_d011913b-0122-4725-a084-44a1e9d85ea0,n.,bark on top of roof,,,,,,,,
7a96e557-a331-451a-b926-66ee4cafb5b3,kumi spun_c96150ea-6514-4102-b8db-7872895db343,comp.v.,to put the center roof post (kumi) on.,,,,,,,,
e4958fe2-6ab8-4912-9954-53e7393d4f89,kumiye_d14b6fa3-4656-4bdf-a834-305f438f2bf0,n.,cough,,,,,,,,
0e99b7a1-ac01-4f81-b91f-4eda0bea3717,kumiye käp_049595bb-9574-4d12-9a93-8f395086f1cb,n.,phlegm,,,,,,,,
da4d977c-fe87-494c-83fd-35ef3d3de51d,kumiye käp_049595bb-9574-4d12-9a93-8f395086f1cb,n.,part of a fish,,,,,,,Mado Karea,
e1fab70b-9d40-4375-acfb-8318e0224add,kumiye käp_049595bb-9574-4d12-9a93-8f395086f1cb,n.,bark on roof ridge that prevents rain from coming in,,,,,,,,
33e04d4f-4207-4499-8034-936431d5f09c,kumpit_b3553b4d-8c06-4248-9b66-e1bb728ec352,n.,stinger (of an insect),,,,,,,165:8,
d1156efa-0b58-41ec-9f50-81c559e13410,kumuddäga_2eb26cff-6a2e-4db7-a764-690e6f7f89bd,num.,three (yam counting numeral; also general),,,,,,,41:41,
2a5a3ddb-92e2-41b2-9b15-948f932d563b,kumuddägaebe_0e61052f-03e3-4b68-8ef2-85986bca3200,num.,exactly three,,,,,,,,
1cd3d773-613f-45b3-af41-8c71d12f7295,kumuddägakumuddäga_300ca913-2ddd-4408-9728-e1a3abfa212e,num.,six (3+3),,,,,,,,
f2c1e46b-5a98-4c40-9354-70dcc1ac0c35,kumuddäga we_f44d7124-d7cd-4190-b9b3-53addac25c37,Ordinal numeral,third,,,,,,,113:16,
0bba1474-baed-4d75-96f1-43e0a5d4d1f6,Kumull_e827428e-4fe7-4c0e-971b-3d7a6003be8e,prop.n.,Kumull (toponym),,,,,,,,
61ac21af-9e9e-4c1d-bf40-c238e32b3f17,Kuna_9263fb0b-0be4-4292-b67a-c872332ba8c0,prop.n.,male personal name,,,,,,,,
2ab7f2f1-841d-4bb8-b13e-c3f8bb703278,kunen_6785fae3-2800-4ccd-b22c-06d3cf94e85b,i.v.,"to flee, scatter, run away",,,,,,,,
49bf169a-01cd-4566-86c1-e414d5ba9661,kunob_0304a803-4634-4e54-9484-a4eaad7df85c,n.,type of tree that grows around creeks with light wood used for house sticks,,,,,,,Tony Warama,
44b1d98b-45f2-4d45-aee2-9a632aa07f14,kunu_c0b62f44-ef3e-4421-b3c6-aa346764ae62,n.,type of short tree that grows in the grassland with poisonous bark for stunning fish,,,,,,,126:6,
8a818aa0-eaa9-4385-9952-1499687b1d5a,kunun_e6dd0789-8e21-42ad-8877-0c783a97ed20,n.,season when crops are ready to be harvested (sixth season; corresponds to April),,,,,,,23:1,
b59d3b87-d194-4c58-af07-61d2026d7af6,kunur_fa31d1eb-fcfe-49a9-b575-bed5a4101b61,n.,"corn, maize",,,,,,,,
c2c3b23c-91d0-44d4-96b0-86f364d715b9,kunur käp_673becc9-3e6b-4bae-bc98-98fa13329121,n.,corn kernel,,,,,,,,
1195806d-5898-47bc-a828-bee7a6c67fca,kunuwälläb_7f90c9eb-2cf7-4a85-97a6-52f8910d0917,n.,type of big taro,,,,,,,Sowati Kurupel,
3dfbe2af-2846-4a53-a914-3f12d409e6c2,kungge2_2df2ffc9-fd0d-4c4c-8ac8-f9e6742c840a,n.,type of tree,,,,,,,Tony Warama,
85e5b48f-79e3-4f90-97ed-c26533e9d0ae,kungge1_aa24c294-fcfa-4aed-acaa-40cb0932f872,n.,spider,,,,,,,165:9,
61ca2689-4b49-44f8-b5bc-3a40314e8516,kunglle_098abcd1-2704-4c61-8c02-8c537b4dea18,Ideophone,sound made by flying foxes,,,,,,,,
f7d9df36-408d-4737-838c-51c4ee61f368,Kunyemäll_22e58510-7cf6-4052-bb2d-9359055b91fa,prop.n.,Kunyemäll (on the road to Malam near Zarma; filled with black palms that were cut for the school),,,,,,,"Bodog Jowanang, Geoff Rowak, Inawa Dareda",
592a8e5a-8c9a-4695-ba87-765204df706d,kup_7fc910b6-1f04-43dc-a0df-2d905fa89cfa,n.,"hole, pit",,,,,,,,
36f21af0-e9e5-4bbe-a5ae-1cd6fb9321e4,kup_7fc910b6-1f04-43dc-a0df-2d905fa89cfa,n.,well,,,,,,,,
d3d4999c-1a46-484e-9a0a-aeb9225ad0b6,kup_7fc910b6-1f04-43dc-a0df-2d905fa89cfa,n.,valley,,,,,,,,
f10749f9-0a13-457a-a327-86f0c88b40fa,kupi käp_b5ad900a-468a-4d83-b007-a3e6b873ac7f,n.,type of fruit (~4 cm in diameter) that children shoot at birds,,,,,,,,
be307435-9d19-4392-90e7-57f8c7b55458,kupkup_427a86ec-f099-4f3c-b715-5b87fcc38897,n.,"small hole, pothole",,,,,,,,
62158499-8368-4111-81f8-cee6b00f5513,kupoll_b52b1cde-cf9a-4be6-bb3d-277e81b945c9,n.,hookworm,,,,,,,,
206450c2-b067-4439-9224-5cd604ef36ac,kupull_26aafad0-3c40-4d17-a63a-caf965c98957,n.,"earthworm, worm",,,,,,,,
8405a334-fdf8-4bd8-bf14-b0baa09f352d,Kur_afec24c5-15be-48ac-9cee-c0acef374701,prop.n.,Kur (Wipi-speaking village in Oriomo-Bituri Rural LLG; on the road to Oriomo),,,,,,,"Bodog Jowanang, Geoff Rowak, Inawa Dareda",
badf443e-edfa-42a0-b919-c791fb11745d,kuram_c824c9ff-c4a5-40d0-bd03-d012a4f8e416,n.,"type of long yam with a white interior, hairs, and thorns",,,,,,,173:26,
f6ccc286-fbfb-41da-8c94-84750a5f17d9,kurikuri_96ffc983-9b8d-4f18-8d09-96cd31460044,n.,game involving spinning tree fruit on one's hand,,,,,,,Galou Minong,
8a642f8e-8c2f-4569-8072-f39eeb081f28,Kurinti_be98cdda-1c7b-40cf-9ec9-8d85ca51aa2f,prop.n.,,,,,,,,"Bodog Jowanang, Geoff Rowak, Inawa Dareda",
61ef0110-2b84-45bc-b107-28cb8c6fc738,Kurintti_1ce88a5d-c071-4a27-a4fd-c70cf66bf287,prop.n.,,,,,,,,,
9a2ab3f3-0f50-4992-8163-9db776f3d87e,kurkur_9ed4a001-3745-40fc-a79e-aa6bcce2d2c1,n.,type of bird,,,,,,,Mayu Dobola,
eb11ddad-b3fa-4a81-a8f0-96f3e9455e3b,kurmirang_afb82f95-d94e-4dc5-9526-7099b23b1876,n.,type of spear,,,,,,,"Johnny Bodog, Inawa Dareda",
2b86463c-67e6-4351-b35e-9f7e573531b7,Kurunti_08b86244-aab6-4ef7-bfd9-18bb1d2608f7,prop.n.,"Kurunti (Em-speaking village in Oriomo-Bituri Rural LLG; from Limol, one must pass through Malam)",,,,,,,,
da4e795d-8c2f-40c3-85fa-b277daf94225,Kurupel_3f7e620c-90e7-4921-b229-4ece96403cb1,prop.n.,male personal name,,,,,,,,
0395dc92-e647-43df-b352-b78a079942bd,kus_506dbfda-db0b-490e-bee1-6ad9d17aeb2e,n.,type of bird,,,,,,,Mayu Dobola,
68a7c15f-a710-4b0f-b562-8be86802018f,kusi_3c984ba5-668c-408a-a92c-aa3895521c2f,postp.,,,,,,,,,
5ae34edd-bb02-4d62-b979-8b0a1f39cac9,kut_f774d857-b62b-4ff7-a412-1b31426b72dc,n.,raincloud,,,,,,,,
48acbc92-93db-432d-a124-c2fe4d049915,kutae_8cc3bed4-dd71-42ba-b39d-db84c6a6a7f8,n.,type of small yam,,,,,,,,
37378e6c-00b7-4229-916d-dd16a927fa6e,kutkut_9cbec6eb-4539-4439-af48-f5899eb78e75,n.,name of clan,,,,,,,,
70b7e015-9ac2-4e94-9f04-777320389a7c,Kutpi Käp_5c448557-7825-4382-8ad5-0b5635085b07,prop.n.,Kutpi Käp (toponym),,,,,,,,
a15d7482-e02e-4dd7-a627-230573a790e5,kutt_c797f2fa-c017-4953-8968-7df6d2d85379,n.,bone,,,,,,,,
cb3580f5-28ee-474b-b0fe-5cad2219a7d6,kutt_c797f2fa-c017-4953-8968-7df6d2d85379,n.,"seed, core",,,,,,,,
5a210bb7-ed05-4a94-ab7d-67aa53b015d5,kutt_c797f2fa-c017-4953-8968-7df6d2d85379,prop.n.,vague hard thing,,,,,,,,
b5f9bb8d-6cdd-4487-b0f2-d22fb436bfc7,kuttakuttang_c597ddd8-35c5-4fc2-b9a4-cce130b21341,mod.,"thin, bony",,,,,,,147:12,
630a0351-1355-4855-8cad-f3e61254ee62,kutt gugu_d4c8dbc3-834a-420a-b044-a0b73b11336f,n.,type of peace restoration,,,,,,,64:9,
0ebf2b5c-099b-4c8d-bb83-9726c6fcc9d8,kutt llo_5c5e87c5-65bf-4398-8bdf-7a99a498f256,n.,type of tree that grows in the bush with bark that is scraped and rubbed on sores,,,,,,,Tony Warama,
f8630711-beb2-483e-a8c1-68bf67409a6f,kutt tataem_6accb1e1-01bd-4d47-9198-e300df4e8712,comp.v.,to shiver,,,,,,,,
412f1468-fec8-413d-9af7-627da87dc694,kuyu_96b06673-a9ad-4493-a4b6-6f7894cad9b2,n.,type of tree that grows in the bush or along creeks with soft wood that rots easily,,,,,,,Tony Warama,
cc7a9db9-ecf2-4adb-82d6-5d93867d7e00,Kuyu_b901494a-d9aa-414a-a540-d32ecffd1236,prop.n.,garden place of Matthew Bodog and Kaoga Dobola in Limol,,,,,,,"Bodog Jowanang, Geoff Rowak, Inawa Dareda",
e5d3d8ad-913f-4148-ac8f-a4629907d958,kwa_233bc4b5-3ad7-448d-a849-d990cbae3237,Ideophone,sound made by a dog in pain,,,,,,,,
c618fe74-c572-4129-ad9b-344e8d0b8a58,kwae_8cf37ee8-0b2a-49e0-b783-0052e1142e25,n.,type of yam with a white or purple interior,,,,,,,,
876919f6-170d-44bf-ba07-eb38022178e8,kwaena kutt_eceeb1dd-37f7-44b4-9a16-53a50b9290a6,n.,hip bone,,,,,,,Warea Giniya,
33d5319a-afe6-4a5d-9625-c460085dfea8,kwakall_f4a731a2-6bab-495c-891a-b453514b6660,n.,type of tree,,,,,,,Tony Warama,
3c7b0780-344d-4fd2-9a82-29e65e5a990c,kwakasru_ca08755b-572f-4c5d-b6ae-01f54e9fe84c,n.,type of snake,,,,,,,66:7,
1b3398a8-afb9-41d1-ae25-adaefc068dca,Kwakmae_bac9c4c0-f7a0-4ed1-9a24-bdb123516a71,prop.n.,female personal name,,,,,,,,
3860aa80-fd22-4cdb-b64c-3c838dd37e2d,Kwalde_d48fd50d-6bf4-4600-9438-6c63762248a7,prop.n.,male personal name,,,,,,,,
b7552598-8b94-49fe-9b22-aab7e9cf4586,Kwale_4d528d02-d43b-48ee-a695-805fcf252dfa,prop.n.,female personal name,,,,,,,,
69fc9099-bc7c-4ca0-83f5-67ee9fdad841,kwallang_44198a3e-8ae7-40b7-970b-5ac3f3d2fb33,n.,type of bush used for posts,,,,,,,Tony Warama,
7425e329-753c-4e7c-8112-d1ca9ec297eb,Kwallangkäbäll_b2fa59eb-7739-4dfd-945a-a3c043f4c571,prop.n.,community garden place in Limol,,,,,,,"Bodog Jowanang, Geoff Rowak, Inawa Dareda",
c7f04c09-e222-44f5-82ed-ec54c323b950,kwantta_f20f7596-b512-42e9-89f7-f3ac1d42423a,n.,type of tree that grows in the grassland (~9 m) with green and yellow leaves used as bow pigment and hard fruit used to play a hockey-like game; also used for posts; liquid is extracted from the bark and given to dogs when they show signs of sickness,,,,,,,Tony Warama,
8f41a9eb-ada1-47e3-ab15-8a6a5036a890,Kwangka_2b7fc208-b9c4-4e01-86e0-a24401bf0efb,,Kwangka (toponym),,,,,,,,
0ab51453-8149-47e6-87ef-1f9eb2e13c27,kwangka_cd20e5fd-c4ad-49c1-8fa2-047096a1c63f,n.,Torresian crow,Corvus orru,,,,,,Mayu Dobola,
697fd639-6678-4a8e-9a31-4adfa122aa93,kwangka lläkäm_bbee3a35-5c80-4c04-b404-f3598da77567,n.,type of inedible mushroom,,,,,,,Joshua Ben Danipa,
088b910e-8d22-4dd5-89ea-d9ec7188d6c5,Kwangkangatt_a89278a7-3e0d-4c6e-b22b-c9e15d4254d8,prop.n.,sacred place of Dobola (on the road to Malam),,,,,,,,
b908c022-94c6-44ae-bf5c-8d01429b9b5e,Kwara_4979a285-be25-4f7c-9754-44befab328ec,prop.n.,female personal name,,,,,,,,
3f345b73-4738-4e14-a471-815406ff0fda,kwarakwara_3a00ea03-6fd7-4562-a420-2a4a0332151d,n.,eastern hooded pitta,Pitta novaeguineae,,,,,,Mayu Dobola,
62ea8720-dcbc-4859-9f27-e10bed2eab02,kwaratang_d7c951b5-4ab5-4baa-9b69-90960174ecf2,mod.,"thin, skinny, slim (animate)",,,,,,,148:11,
d5bbc9f7-5767-45c3-80ca-3154485f0191,kwas_bd9b2207-1b48-4ffd-a441-15fcb01b18c4,n.,type of taro kongkong,,,,,,,,
d90b5a73-ba4a-4529-9263-f5eaccb7442d,kwata_7032ce1e-2c3e-4518-aa63-06c6233b8f19,n.,type of tree that grows in the bush; used for house sticks,,,,,,,Tony Warama,
6f6259d2-9e65-49aa-9908-e818e587fa32,kwatt_d0f0d7b4-4d65-488f-90b8-acc8e6a969f9,n.,court,,,,,,,,
bbac9cef-66d1-40d7-8dbd-e00ca00f08b9,kwätäs_200b9412-c54f-45b3-b346-b8733fc2c150,n.,type of tree,,,,,,,Tony Warama,
56476fb1-991f-4460-b197-8bc30a374bd5,Kwe_43478d87-3f04-4bca-9792-67c6ae9f2ff8,prop.n.,male personal name,,,,,,,,
e4919f5e-4498-43ae-9940-8c170da907a6,kwib_35e4f630-c306-47bf-84f0-90afdbe8c7a4,n.,"charcoal made from a particular tree called upiye, used for painting during dance and initiation ceremony",,,,,,,,
b4815f64-3f5b-4a6f-a22c-5dab3a3c66d4,labalaba_b177ae7f-28f8-4a66-9ec7-27375cb53212,n.,lap-lap,,,,,,,,
e88b80c1-d2b3-4d82-b6c4-42a22bd9133f,labelabet_f1df61c9-9fee-4186-9178-1c0819a1d37f,n.,type of game involving planting a stick in the middle of a circle,,,,,,,Galou Minong,
ff74bfa4-4845-4806-aaf6-944eb7571382,laem_1c7f05bf-0ff3-4643-934d-cbd047691672,t.v.,"to roll, wrap",,,,,,,,
e885aeec-b469-43c9-870b-8beefda28afb,laem_1c7f05bf-0ff3-4643-934d-cbd047691672,t.v.,to argue,,,,,,,,
06f8d652-4452-42eb-a9e7-52a2b109d64d,laen_5568292c-f807-4d83-ad18-0783deac8c7f,n.,line,,,,,,,,
aa688f79-2ce8-49fd-aff0-f58c369071ed,Lama_3d14bddc-db71-446c-ac64-206c534e68bb,prop.n.,female personal name,,,,,,,,
63e2cc54-4e93-437d-b880-f72c4f497d46,Lamlam_46ad1426-ed75-45f9-bf80-a6ca186effba,prop.n.,name of a female ancestor (sister of Moli),,,,,,,,
072e1332-f2cf-49a4-b91a-9a2849e0d5d7,language_4237434b-d3d2-462e-b893-77ed94fb24f2,n.,language,,,,,,,,
abdb214a-c8e5-4967-86f0-cf20690be385,Lauren_5ff5ebc0-dc33-485f-abde-34acee191c15,prop.n.,female personal name,,,,,,,,
16854a0a-9a47-4f52-8ce9-4f8e1b78aaf0,läläm_3d5ad1f5-fbd5-41d9-9211-b0fabc427f21,n.,muddy spot,,,,,,,,
e5c483af-77e9-4bb2-b81e-44377f1f5b34,läpon_72fef689-27d7-4cf3-b967-155f651dfeeb,i.v.,"to be amazed, be in awe",,,,,,,,
10483c86-f5ce-443f-b688-ba5e8bc96d9c,läpon_72fef689-27d7-4cf3-b967-155f651dfeeb,i.v.,to doubt,,,,,,,,
b090b7b9-17c3-45b3-a105-5caf9294f2de,Lei_7f9ec634-e50c-4722-9173-5dba09715527,prop.n.,Lei (toponym),,,,,,,,
5c628624-79e8-401f-b566-94d967d37ada,Lek Märi_04903a81-24b7-4f32-abad-274625fabf3e,prop.n.,Lake Murray (in Lake Murray Rural LLG),,,,,,,,
0ff472d8-0590-41fe-9cbb-7f4daf11a2ac,lel_be9269c8-5d88-4d33-a76c-48f1615a6473,n.,fear,,,,,,,,
8dda3cec-6db9-4d56-9675-8e66ff60d72c,lel_be9269c8-5d88-4d33-a76c-48f1615a6473,cov.,"to fear, be afraid of",,,,,,,113:1,
c99107f9-6d6a-43ef-b42e-3f99151af9bf,lel_be9269c8-5d88-4d33-a76c-48f1615a6473,n.,shame,,,,,,,,
6a88c1d5-791d-44a0-a751-2a7122d263f5,lel_be9269c8-5d88-4d33-a76c-48f1615a6473,cov.,to be ashamed (of),,,,,,,,
f5baafcf-8a4d-4979-b776-f19edec335c8,lelang_43d77318-d192-498b-9d3d-7418a243b34a,mod.,"afraid, scared",,,,,,,,
deb614e5-fb19-4ec3-a96e-dd20c9d97073,lelang_43d77318-d192-498b-9d3d-7418a243b34a,mod.,shameful,,,,,,,,
479c07d1-c6d5-4d6c-8cc5-6d9807337564,lelmeny_22ce4f0f-ec65-422b-a8d9-a13b5e265ed9,mod.,"brave, fearless, bold",,,,,,,,
f7e5f7ae-c43b-4e88-93f5-829b0f8a23b5,lepade_5d8dddf3-74a6-4df0-9954-83e278daf6e2,n.,type of cultivated tree with purple and white flowers and edible black fruit that kids like to eat,,,,,,,Tony Warama,
61f16bf6-01c8-49c1-995d-cf0522b795ca,lepresi_ba2027f6-7377-45e0-9933-e92a9bfb698b,n.,leprosy,,,,,,,,
05c12662-dd09-4b78-9c46-f7fc78272760,lesna_ed099834-4325-4634-93d1-9b0c57d7d777,n.,type of tree,,,,,,,Tony Warama,
e4c1b34c-09f3-4293-afdf-ede1da293f4f,Letai_cf6697f0-c8bd-43a8-ab17-647c561e092d,prop.n.,female personal name,,,,,,,,
fa1a3195-478d-42b4-bd0c-75e14cea29d1,Lewada_306a1427-0090-4377-bb20-025f89ec7b46,prop.n.,"Lewada (Makayam-speaking village in Gogodala Rural LLG, on the Fly River; GPS: 8.327787, 142.785487)",,,,,,,"Bodog Jowanang, Geoff Rowak, Inawa Dareda",
7dce2b98-150d-4ad2-8051-af11fb57cbdf,lid_3960c48a-1f9e-4328-831c-b18e152562ff,n.,lid,,,,,,,,
614fb53f-671f-4205-9d3a-5c6ff00fb45d,lida_ab07a7d6-5289-4d98-a25e-0112dc3ea0cf,n.,leader,,,,,,,,
38ff10aa-06e2-4175-ba40-edd8c2eb1349,Lidiya_0621d9e1-36c6-46d4-9b82-f6390058ce0c,prop.n.,female personal name,,,,,,,,
1de1509f-476c-4672-91e3-5d161e3aec58,liglig_46a60fbf-2380-4172-adec-10a352614e7d,i.v.,"to have sex, copulate",,,,,,,,
cfca04dd-e4d4-4cc2-ab23-fffa9dc437f1,liglig suang_2c0214d7-1e42-4dff-a8aa-21573b911e28,mod.,having a lot of sex,,,,,,,,
d91b72f7-455a-4ec3-872a-4df1d21a80b7,liglig ttoen_64fed19c-aaa0-4db1-987b-b26ae248817b,n.,sexual relations,,,,,,,116:2,
8958c04b-d4b1-479a-9419-efd712f8d3b1,Lili_3e61f00c-09bc-4dcd-827b-478f7f973796,prop.n.,female personal name,,,,,,,,
99705393-a209-41e5-a8cc-9548a919dab8,Lilian_9bdfffdf-820f-460e-bbb8-bc67a30e5238,prop.n.,female personal name,,,,,,,,
5c4259ce-0658-470f-b87f-7175727eb23b,Lily_de05ecc3-6a57-4f6a-b285-d41cd0e15d7c,prop.n.,female personal name,,,,,,,,
bfe41e7c-239a-4582-a6d7-007d44d3e06c,Limoll_9820384e-3e08-4f40-bdba-2ed7d9bfc38b,prop.n.,"Limol (Ende-speaking village in Morehead Rural LLG; GPS: -8.641783, 142.682533)",,,,,,,,
302a1252-e0f5-428d-81df-2ef200179dc5,Limollang_57a3dbdf-91af-47f5-93ee-6ab0e47a93c9,n.,"Limol villager, person from Limol",,,,,,,,
adfb793c-fd72-49b7-9e4e-72d8302035a3,Limollang_57a3dbdf-91af-47f5-93ee-6ab0e47a93c9,prop.n.,Ende dialect spoken in Limol,,,,,,,29:2,
27d553a1-b31c-4672-94bb-be310e361170,Linda_bc8f766f-d737-43f4-bfe2-7da1a60537cd,prop.n.,female personal name,,,,,,,,
3e36e999-bf2f-4151-8e52-bf9cd6cd3971,Linette_0470aaa6-cd59-4aa4-8512-34cee3eedebd,prop.n.,female personal name,,,,,,,,
098b0d86-b4b9-499d-bc78-c5af47559511,linge_d6a5dd7e-71d7-4d3c-9b6d-652127b70df9,n.,type of palm tree with blue flowers,,,,,,,49:6,
d4ff9df2-4081-44a6-86e1-72bd46a28ebe,Liseng_8287b881-55fc-4b20-814c-d9ec6aff3500,prop.n.,,,,,,,,,
182e10a0-fd78-477f-b184-02fa57da5fe2,lizom_5f28a538-eb05-4616-bcae-ac22762ae9ec,n.,type of mushroom,,,,,,,Joshua Ben Danipa,
23a9e82c-7ae8-4087-95ec-f19e7c340c30,lɨklɨk_5ed58d50-ee93-4e64-8376-e475c0900d77,i.v.,to melt,,,,,,,,
d9b39f6b-1b2e-424e-b439-da2406742361,lo_e986b8da-a500-42cb-a8b8-dbaf81a1584b,n.,law,,,,,,,,
99a13cc1-73f8-4867-a198-6e1d2864ca94,Lois_c3f93b9f-19bc-42e0-89d5-daeb33e49eeb,prop.n.,female personal name,,,,,,,,
1b7cbef8-70cb-4502-8421-b534bc740c44,lok_464be5e4-bd04-4932-8e26-066287a40660,cov.,lock,,,,,,,,
eec26ba5-eee3-48ad-a3c6-f43c1350b972,loli_2c4548b5-cd93-40a5-ba87-fbc885c04d48,n.,candy,,,,,,,,
72500712-8148-4463-b022-f55035255ba5,Lomae_4561cc55-e848-4c3d-b262-b0047b4b1a7a,prop.n.,female personal name,,,,,,,,
3af90e00-3a09-4595-9473-b31ad3bc2987,lomenyang_b3ed6f90-839a-46bc-bced-fa7c18a14332,n.,"someone who complains, complainer",,,,,,,,
8cbcc108-d790-4b94-94ab-bc31109037c4,Loni_be26b2d3-d779-469c-b733-266f3b4e7c5c,prop.n.,female personal name,,,,,,,,
e4135a78-a3aa-4ad6-aae2-f6c0534ffd1d,lonsis_80c7c5ac-5f6c-45fd-a9e9-9b857864790b,n.,lemon plant,,,,,,,Tony Warama,
1c9c901b-00ca-48d8-8994-a9ac9c0031e6,longgo_d9904b12-dac6-4095-bb56-cb3dd75cbd3e,n.,noise,,,,,,,,
1febcf03-2e48-4ef1-a25f-11171568b156,Lovelyn_e4681c52-f184-43fe-b53e-36e55a958735,prop.n.,female personal name,,,,,,,,
d49dad2f-f5e1-45a4-a8e5-ee1117e7569e,Ludwina_a6431827-8bdf-472c-a3d5-55d9516775e6,prop.n.,female personal name,,,,,,,,
e1d4709c-7052-43f8-93c5-96a7fab01e7a,lugoe_4bcfcdbe-06de-4d23-b4f9-b3b2c89d4820,t.v.,to drag,,,,,,,,
2e4b7e3b-584e-4dc1-8b28-2ec11797bd2a,Luke_d043846a-cbb8-421b-85fa-7d0d8877813d,prop.n.,male personal name,,,,,,,,
42535986-82a5-4ab5-8725-5b69d0ebd56e,lulu_59d6d223-9754-476e-84b7-4c79dacb0c5c,t.v.,"to gossip about, tell rumors about",,,,,,,5:29,
62a3ad1c-e885-4554-92b4-82667ed46f96,Lulu_b62b7e4c-a196-4e9c-be05-679d7d60e1dd,prop.n.,female personal name,,,,,,,,
5399e819-3dae-4d41-a6f2-da59616ced77,lus_727ef601-d861-4709-a5dc-37302ee2c93e,cov.,lose,,,,,,,,
0eb6b7da-b06c-48e9-9784-a1abd70a4936,Lydia_17cadd8c-c317-4a3e-9e69-de16a7f78e0f,prop.n.,female personal name,,,,,,,,
a4c0bb50-f93f-4f4a-87c6-161af9dc5365,Lyneth_bdce3396-a845-43d9-83ae-19b584a0ff1d,prop.n.,female personal name,,,,,,,,
338bbfa4-7a1e-448f-b5a5-46fba76317d5,ll_97ad3a5a-2cfe-470f-a240-9242bf72e363,aux.,aux,,,,,,,,
8d997980-a92a-44fe-a19e-541a3eb13ae7,lla_be0300c8-8cf1-48db-8534-2e83c585efce,n.,"man, male",,hand sign for man is to pull on chin as if on beard,,,,,,
d9246d9d-ec76-4b09-9ebb-77b586cbf110,lla_be0300c8-8cf1-48db-8534-2e83c585efce,Kinship noun,husband,,,,,,,,
f33ddf01-9434-42ba-bdf6-4ffad92f5302,lla_be0300c8-8cf1-48db-8534-2e83c585efce,n.,"person, human being",,,,,,,,
d48f8359-8aa4-4839-8be4-63092f307d14,lla_be0300c8-8cf1-48db-8534-2e83c585efce,Nominal,,,,,,,,,
9cbae42d-0345-436d-8c50-3e35bfc16542,lla bombllo_864bfed9-f65f-497b-bfa6-1ea2fe7457a3,n.,generation,,,,,,,,
4bb50684-8933-49fd-b215-abe208609fcf,llabun_bbc860b5-0b1a-42eb-9685-b342f442ef1a,n.,"relative, kinsman, clansman",,,,,,,,
8a23ff5c-97fe-4ce5-8884-fa574396f154,lla diben_6419fcb3-567d-4107-abce-9bc0929ab699,n.,type of snake,,,,,,,Winson Warama,
e02df094-802f-4511-9ce0-236593155dba,lla gugu_1e496dbf-7409-4e09-bee7-54bd32f49ad8,n.,restoring peace after a murder by trading a young girl in the victim's place,,,,,,,64:25,
f0d6cf17-1865-4ae0-bcc7-cc772e57f766,lla gul_abdacca5-3d4b-4977-b29a-7054de689de7,n.,crowd,,,,,,,,
69b8e177-7e75-44e8-8423-2cbda56e8d58,lla ikoikopang_a230f47c-9301-4141-95c7-de08c79861ef,n.,audience,,,,,,,65:19,
6110fc26-5471-42bd-b06a-41b73dcd8476,llakällakätt_f65a685e-a987-467a-9335-f590a758750f,n.,type of tree that grows in the bush; used for house sticks,,,,,,,Tony Warama,
10d9c99b-9ae9-4100-ba1b-ce2effb93ca6,llakek_38882bd4-99bc-44b8-9c0b-e4215c256048,i.v.,to collapse,,,,,,,,
0dc3b990-b4a0-4b4d-abbb-54eed9593b24,llakllek_90c33e26-d6c8-418a-bf54-75663d480fe8,t.v.,to destroy,,,,,,,,
edce7745-b87b-4b2c-b8a2-8f860a1dcfb0,llallem_4a54a64d-1954-4420-ad8d-c61caf9ea426,t.v.,to finish weaving,,,,,,,,
d8963d08-c861-4cb0-8ad7-488b770f5fe2,lla llɨg_ca92f798-e095-40f9-bf93-1e70e47b022b,n.,boy,,,,,,,,
cb68a755-e82d-4529-9edf-bc21cd75e0a9,llama2_140dc9a5-19bb-4816-99af-28a3846349f6,mod.,unsatisfied,,,,,,,,
a99af6fc-1b27-484c-8cbb-c471d6c02f27,llama2_140dc9a5-19bb-4816-99af-28a3846349f6,mod.,"hesitant, reluctant",,,,,,,,
f8bccbfc-c9c4-4183-aa5d-8a41cb88a444,llama1_736f2d2d-02ad-4870-8cd1-94effb3f4de6,mod.,"other people's, of others",,,,,,,,
b698c9e2-cc93-4519-a55f-9fe89b9e58e6,llamäg_bb0c9f3c-c698-43c4-84d2-ea76fef8c913,n.,old man,,,,,,,,
f2518f23-ef3e-42c2-9854-cb6ceeff85dc,llamda_b0a12327-a4fb-4e35-8632-9c6fc5960e4e,n.,old man,,,,,,,,
952d2b97-7bd6-4e4e-bf8e-9775aa588382,llame_94f0a7b6-0325-46c5-8d56-65925aecd3bd,man.adv.,together,,,,,,,,
8166f266-6a8e-41c9-928d-c1340810b34d,llan_8280023b-c5f9-4cd5-8f65-bdae0c5d0abc,n.,ear,,,,,,,,
22510080-d4e2-4cdd-b7d0-592917f95703,llanded_a6d9e40c-58ce-46b3-b560-6e37ca5b7511,t.v.,to clear,,,,,,,,
d1809af2-fe67-4159-a321-6bd14104f316,llanded_a6d9e40c-58ce-46b3-b560-6e37ca5b7511,t.v.,"to clarify, make clear, explain",,,,,,,,
ee6e2ce7-7b13-440e-afb7-f17870741a58,llandräg_eb92b113-cbca-41ec-bb92-423d09fad2b1,cov.,to listen,,,,,,,,
417fcc45-603f-49bc-a23e-dfe700c5996c,llan gonggo_78c5fb8e-6e63-4b83-9ee6-e48a95107f32,comp.v.,"to turn one's ear, listen intently",,,,,,,,
0d3c2796-67c2-4411-b852-7369498b44d2,llan ik_ed6ce404-49a9-4d2e-a728-65b3fc42a331,n.,eardrum,,,,,,,128:21,
19e2d470-7686-4890-854b-2c48f7bbb3c6,llan källa_eb1127bc-b021-4b2d-bdb9-ab3bb86831d7,n.,earwax,,,,,,,,
201a9eab-0398-40fa-bd9e-89924b0cee5d,llan kollkoll_849c2b01-2455-4666-9567-0bc58dbe085c,n.,gill,,,,,,,Mado Karea,
0de8b64f-1cfa-4de4-9762-e2ea55970e5e,llan kom_572a6f99-902a-4101-852d-28fb78a3da2c,n.,ear hair,,,,,,,128:6,
8d63b149-d110-4b70-9e69-d88f551e9559,llan mit_6b2f49b5-6357-4bbc-a87b-389e3b88a6bb,n.,operculum (gill cover),,,,,,,Mado Karea,
0602a68d-f8c5-449e-a155-d6853da6daa3,lla päpätt sämpallmeny alla_8d9b0afc-8919-4902-9558-bb2907d75206,,false labor,,,,,,,19:9,
ee086468-ace9-44cd-b4b5-907b4f300f73,llapu_21d6960e-ab99-4e95-ab20-85fad7994bcd,n.,type of big tree that grows in the bush with red fruit and white flowers,,,,,,,Tony Warama,
77cdb645-678a-48e0-bdb3-a2b09190c7fc,llapuyurwe_589633a7-53a1-43c6-859a-7efedfce8ce2,n.,"type of tree with seedless, edible red fruit",,,,,,,Tony Warama,
8261172f-6ea7-4eb7-8561-8798d17f10de,llatat2_8ccec590-fb5f-47b8-8ce9-a13e003cfa16,t.v.,"to twist, wrap",,,,,,,,
77076852-9fa2-45c3-978b-01f32bb4330b,llatat1_b0bd6ba3-a6d5-4303-b767-a538a3a2fee6,t.v.,"to trace, track, follow the blood (of an animal to kill it)",,,,,,,,
675b6b25-0d77-4803-883c-c17bbf37b542,llatata_7fe4a179-3d09-4487-b284-fb13e0562b9a,n.,"Food (such as sago, ripe bananas, and coconut cream, or yams and coconut cream) wrapped in a woven cococnut leaf (with a banana leaf within it) and cooked in a mumu",,,,,,,,
de56806a-ef9c-4a51-894b-caee0c3ff6f1,lla up_cf6b1d64-cf63-4f51-b811-81ba16e0d47a,n.,type of introduced banana,,,,,,,Sowati Kurupel,
281a2af7-7f5e-445a-8457-4e455de3b1a2,lla winy_58ee7261-0a5f-4dbd-8f17-91756bce0f03,n.,type of biting bee that lives in trees,,,,,,,63:9,
ad847a26-bb1a-41ac-97d6-00ef5411bffb,lläb_fb4ad3cf-5536-47b3-a025-ea55ac783d0a,i.v.,to go under,,,,,,,,
ea443637-a87f-4a94-b651-cd33aae4597a,lläbe_6cd9cf6a-02e8-4d69-a736-9a55239c7267,n.,"nail, claw (of a finger or toe)",,,,,,,128:7,
778117f9-b2ba-4ea9-b4e6-4caa5bbe5148,lläblläb_dcea5abc-262a-4a4b-bdd0-c11cf9259113,t.v.,to hide,,,,,,,,
35fe47c7-4a24-4dc0-9f13-f4e31e26ed7b,llädae_1851939e-d2dc-483b-9a9c-1fcb8f6af309,t.v.,to roll,,,,,,,,
fab18296-11f1-4bf9-ba20-bcd4617e548b,llädäd_f7f7e643-ae79-4596-8622-97dcd5bdf81a,t.v.,"to grab, get, catch",,,,,,,,
b45ebff2-6ca6-4775-89d5-41246d82fde9,llädäd_f7f7e643-ae79-4596-8622-97dcd5bdf81a,t.v.,to buy,,,,,,,,
5aea0b6c-369b-416e-8e99-015dc4bc0f49,llädäd_f7f7e643-ae79-4596-8622-97dcd5bdf81a,t.v.,to marry,,,,,,,,
74b6aca9-ca8b-437c-99b4-520669672472,llädäd_f7f7e643-ae79-4596-8622-97dcd5bdf81a,t.v.,"to come, arrive (figuratively)",,,,,,,,
8a020708-16b9-4abe-b349-51c666c2d939,lläkäm_25409b5b-8874-44c1-ba9e-257409a12fdb,n.,mushroom,,,,,,,Warama Kurupel,
71591366-272a-45b1-a845-390769e4bf79,lläklläk_5f75d477-72b6-4578-9c04-a208f0e5f406,t.v.,to spread fire,,,,,,,,
6168a2d0-639e-4d89-9e73-b51953905563,llällam_1322f55a-0137-4af6-b384-62584705c875,Ideophone,rustling (of plants); roaring (of water),,,,,,,,
87e5c866-f32d-4710-b739-03dea558001d,llällamang_e8bef039-ae7e-4fb2-aebc-6ebd3a6e19e7,mod.,noisy,,,,,,,,
1b03b3b3-c743-477a-9be3-f973c5c0a18b,llälläp_49ef7405-52cc-462b-9582-eef5f26ee074,n.,type of small snake that catches frogs,,,,,,,,
8524783d-3176-40a1-b42c-4d2d72d1f29a,lläntäg_8b9b672c-3351-4e8c-a0d7-cacbb303349d,t.v.,to tell,,,,,,,,
9dc273d6-6757-4162-b20c-b49799e89b44,lläng_d908afdd-d820-4904-b87d-6736ba521703,mod.,sharp,,,,,,,148:12,
8ce2dca4-9d00-41c0-bc55-485238f9015b,llängmeny_aee88732-5f97-4374-8fa4-e52ced819dd2,mod.,"dull, blunt",,,,,,,149:1,
8199cbab-5cb5-4744-9b9f-5433a0c3d7cc,lläpän_a309b213-4b8b-4df2-9b3b-1f1916fd396f,t.v.,"to dig, harvest, unearth (a tuber or corm)",,,,,,,,
90434021-4894-400a-a0ea-f55f8683332f,lläpät_2dd42ea4-2a31-4b24-bd79-eee7f3da9c0e,n.,digit,,,,,,,,
a43cfcb6-9827-498b-8377-484d8aae40fd,llätät2_682a865f-303f-489a-9696-dc3fa98489d0,t.v.,to get rid of oven stones,,,,,,,,
2c5036dc-4cd2-468e-bd18-3c8e661aecd3,llätmäll_bdc35066-ac5d-4239-b44b-34b2a279152c,t.v.,"to choose, select",,,,,,,,
7bd89bd0-b2fe-4486-9600-3a0fe4a792be,llätt_1db0d079-3445-4a07-a584-92cb6da0f8d7,n.,end,,,,,,,,
5083e33a-e28b-40dd-98de-50d1ab34fa3f,llätt_1db0d079-3445-4a07-a584-92cb6da0f8d7,cov.,"to stop, end, finish",,,,,,,,
c377fffd-da6c-472b-89fc-bb8c1824b871,llättmeny_b9ab77c6-046c-426f-86f2-092c270b368e,adv.,nonstop,,,,,,,113:22,
2fcc1e47-9c42-46ce-b469-e406d4eefe26,llimba_b5dbf5bc-06ef-4404-9ee2-e07cb4070cd0,n.,fingernail,,,,,,,,
55933f45-f2fa-4913-8077-9c3983ef7a01,llɨg_d06aefe1-49b7-482e-b502-3063aba3e5d3,n.,boy,,,,,,,99:38,
70bc471e-3fce-437f-80ca-fa1422b8d663,llɨg_d06aefe1-49b7-482e-b502-3063aba3e5d3,Kinship noun,son,,,,,,,,
e4bd4fa6-841e-44ec-bbcf-d01959259004,llɨg_d06aefe1-49b7-482e-b502-3063aba3e5d3,Kinship noun,child,,,,,,,,
3ceb96c7-ab2f-4449-827c-78d133d48421,llɨg dum_b5111bae-a6a1-4415-ae3f-dd056710e40a,n.,"womb, uterus",,,,,,,,
fd0104b6-34ee-4e76-996b-d1c68e12e62e,llɨg dum_b5111bae-a6a1-4415-ae3f-dd056710e40a,n.,placenta,,,,,,,19:12,
7f5ce9fc-0a80-48d5-8ac8-575df48f090f,llɨg ikopang_f0ca6845-68ad-4e30-9f19-ed31e9d93ff1,n.,boyfriend,,,,,,,,
5d816a2f-2d7b-4d3e-8d7f-8a9dfeab3759,llɨgllɨg_92538064-6cc9-4369-9d67-66d9caedd42a,n.,nonsingular form of llɨg,,,,,,,,
5c0296c7-33b0-49f4-9bca-b3b8412230c2,llɨg mapät_b51d440c-607f-4180-bee0-697d5de81ac8,n.,infant,,,,,,,,
c329e714-6f2d-41d1-82ac-69a1a22d091d,llɨgmeny_18abb51c-447c-4d2f-ab12-ada77635d87c,mod.,childless,,,,,,,19:11,
1945ac12-a84e-412d-a4ce-c3328898c398,llɨgmeny agallo_100cb8c9-1ab7-4d84-9d72-e821a420be0f,,to plan for not having children,,,,,,,19:28,
030885a4-d7ac-4b01-845c-8479c5c99e33,llɨgmeny e wätäba_3dbec344-aa18-4940-ada5-7c497b43b845,,to plan for not having children,,,,,,,19:21,
e85e0c28-f131-42c9-be57-c1b06610f45d,llɨng_1203e88e-627a-4c9d-a2ba-5b2ab94cef83,mod.,sharp,,,,,,,,
f390107d-00ed-4a8f-a17c-6dcf891e4b4a,llɨtɨn_d6efaa2b-d95a-4304-92f2-1a15763dffb7,t.v.,to select,,,,,,,,
34c6a4b9-881e-4d6c-aa04-6b16f3aa22ee,llɨtɨt1_31cabfae-4da8-42e1-a6b8-f89d5169d892,t.v.,"to tell, report, say",,,,,,,,
d19f113d-b5dd-40ce-a38d-8f232beecc29,llɨtɨt1_31cabfae-4da8-42e1-a6b8-f89d5169d892,t.v.,to sing,,,,,,,132:7,
7bcdc739-4689-4e3f-8c01-88cb42c111a4,llɨtɨt2_f7c3e101-ccb8-4fef-b54d-8aa3c1b954e3,t.v.,"to butcher, cut",,,,,,,,
53a33632-7294-4d41-88f1-c616ed567975,llɨtt1_f764290c-2fc0-4905-8fbf-c77bba6fae25,i.v.,"to get worse, worsen",,,,,,,,
c8e64d6e-7b56-4341-8193-f8d82f71584e,llo_5b16e2d0-bb82-4ddd-baeb-a69672dbb730,n.,tree,,,,,,,,
26930bdd-1ea6-44e9-8a67-4a09e1ec1781,llo_5b16e2d0-bb82-4ddd-baeb-a69672dbb730,n.,wood,,,,,,,,
55ada875-5e93-4622-b0f7-a9356aac273d,llo_5b16e2d0-bb82-4ddd-baeb-a69672dbb730,n.,stick,,,,,,,,
2966403c-fde3-49d0-955e-837cb83e4d73,llo batt_578517a0-8327-45f8-81da-157f28407403,n.,wooden stick,,,,,,,,
c9b38144-5131-4dad-b2df-5a81980eef6a,llo ddage_35a6347f-87d9-4fb8-b7b1-ecb2504fef71,n.,tree branch,,,,,,,,
0eec06a1-ba2c-4293-ac35-66f051470018,llokollokott2_18e8a487-a1d4-4012-be44-2abc10501744,adv.,"firmly, tightly, strongly",,,,,,,,
39883cad-52fa-4fee-b606-bc7b77bf5a90,llokollokott1_beb40dcf-2a13-4003-9951-d67f5a6de32d,mod.,hard,,,,,,,,
97a24cf8-1d20-417f-ba25-c65ad32f908b,llokollokott1_beb40dcf-2a13-4003-9951-d67f5a6de32d,mod.,difficult,,,,,,,,
ef86e356-50c9-46f5-957f-876e9f078eb9,llokollokott1_beb40dcf-2a13-4003-9951-d67f5a6de32d,mod.,stubborn,,,,,,,,
f65a821a-9c98-4381-887f-746d967fa6fb,llokott_f17b82f4-3e75-4c4c-adbe-1507c69c9e0f,mod.,"hard, firm",,,,,,,,
d69ecb20-d68e-4737-88a9-95acc2eb8e6c,llokott_f17b82f4-3e75-4c4c-adbe-1507c69c9e0f,mod.,"difficult, hard",,,,,,,,
c2d95c9b-53e6-48f9-a9bb-9f02d51c5144,llokott_f17b82f4-3e75-4c4c-adbe-1507c69c9e0f,mod.,strong,,,,,,,,
b52e4a5f-5b3b-453d-a4de-e682f15c4d8c,llollo_24e7f4ca-a9e5-4f7d-8651-3c37840dbcba,v.,to pay respects,,,,,,,,
e36c7641-ffab-4910-9e66-a89b1a345492,llollom_9fe2a78c-f449-42a7-a6f2-9192ba68b0d4,i.v.,"to break, be damaged",,,,,,,,
7328ea75-c3a2-4bed-8f9d-d522b8e547de,llollom_9fe2a78c-f449-42a7-a6f2-9192ba68b0d4,i.v.,to break,,,,,,,,
71df4ed8-c5fb-4c6e-8efa-4fe4ad93ceb5,llo ngoeang_d45c3f14-981c-4577-bec8-fd1b7c31584e,n.,forked tree branch,,,,,,,,
1faf2b05-2e0d-466d-bb9e-4b5c5659f7dc,llo patipati_5aabe64a-d0a5-433b-b608-f5955136a68a,n.,tree goanna,,,,,,,,
5fe74432-4f33-454a-8f2f-9e12810f3f67,llo patt_b7a49c40-72f4-4833-8509-977b4656bd98,n.,fallen tree,,,,,,,,
e8aeb14b-9376-4847-82f8-4a3c433a55d3,llo pätt_d819f6f7-1ea3-4a00-a759-ba21ec6ae821,n.,tree trunk,,,,,,,,
a5538840-635e-46e7-af26-b04a71db173c,llo tubu_07df0fb0-1009-48b1-940f-5433817b68a8,n.,tree stump,,,,,,,,
0e546bc0-5eb6-4685-af45-e4b7fb7c91e4,llo ttam_83129331-4c4f-436e-bd5d-df861efbb625,n.,tree leaf,,,,,,,,
b8351572-5e41-4038-b7e9-b60752d8adc5,llo ttoe_414cf23c-8060-4d62-9032-c9c1c3d0b199,n.,tree bark,,,,,,,,
caa221d7-4262-47ce-ba2b-4ce7b5921e43,llowam_5e7396d9-d92d-42fe-a660-67ecdfbb6ed3,n.,"fatigue, tiredness",,,,,,,,
3eea66d8-2071-47ba-b92e-9a2f8278b4b8,llowam_5e7396d9-d92d-42fe-a660-67ecdfbb6ed3,n.,"disdain, hate",,,,,,,,
690c4452-db77-4de8-86e0-9d083c20dbc8,llowamang_bc2d18d9-789b-4b4d-ab5e-c1f463f41750,mod.,tired,,,,,,,,
17047657-cb03-48b0-abeb-11c91a9585d4,llowamang_bc2d18d9-789b-4b4d-ab5e-c1f463f41750,mod.,"unpreferable, unpleasant, tiresome (to someone in the dative)",,,,,,,,
c8640bc0-9651-49ad-89b1-7047e1aca35e,llowamang_bc2d18d9-789b-4b4d-ab5e-c1f463f41750,mod.,"upset, annoyed",,,,,,,,
bfe49140-e05b-46e5-ab83-053c3f58b14b,llowawi_6b908bba-7a82-4ccb-9eee-53b6a3f2322b,n.,type of tree,,,,,,,Tony Warama,
0e282d73-1f7c-453d-a35a-36c320c2327d,llullu_ed64e7c5-ba19-490b-9ffb-231db8d0830d,v.,to cut a tree so that one big tree falls onto many smaller trees and breaks them,,,,,,,,
c746bfef-f18e-4aa8-91f6-edeb9209463e,llune_f114d8b0-59d9-4901-af49-e7d129774b8b,mod.,wild,,,,,,,,
6e91e3bb-20ef-4cf9-ad3a-d6aed8797c33,llupi_d2c5513d-6a41-4ac0-af4c-621c3388c6ba,n.,branch,,,,,,,,
7dfe2737-518b-4e85-88af-4855a146f4da,llupi ttäganen ttägnen_7a7a794b-86bc-44ed-bc3d-104224dde018,n.,type of game involving hiding a tree branch in the water,,,,,,,Galou Minong,
2d9cc9b4-5c85-4ead-889a-26a0c09c130f,lluwam_293957d5-fcf8-40ba-b7c4-17618665114b,t.v.,"to incapacitate, make unable",,,,,,,,
9127283e-aa77-4517-ba25-f670ee78f6fd,ma_32347676-8382-499b-bad9-b14d959fdc33,n.,"house, home",,,,,,,,
f24b22b2-a444-4499-930b-c11a27b091fc,ma_32347676-8382-499b-bad9-b14d959fdc33,n.,"place, location",,,,,,,,
8c096cd3-776e-4de2-91ef-bf217c534c25,ma_32347676-8382-499b-bad9-b14d959fdc33,n.,community,,,,,,,,
13fcbb9e-0eec-4869-a694-b82ed7413eda,=ma_9c419fa3-05ac-4655-9426-503d22a1ebd3,clt.,"characteristic case clitic (indicates purpose, source, or reason)",,,,,,,,
961dadf7-9d80-4752-abed-46b4086f07ba,=ma_9c419fa3-05ac-4655-9426-503d22a1ebd3,Verbal enclitic,actor nominalizer,,,,,,,,
26c75228-8e21-409b-942a-ceb6a9ffdeab,mab_08ec91e3-4baf-4db4-bd45-461d79171ad7,n.,pandanus,Pandanus,,,,,,97:45,
15315d02-d02b-455b-a815-f3a9ba27a148,Mabudawan_3f0f1adb-c76f-41bb-9762-0adad6a2070d,prop.n.,Mabudawan/Mabaduan (Agob-speaking village in Kiwai Rural LLG near Saibai Island),,,,,,,"Bodog Jowanang, Geoff Rowak, Inawa Dareda",
6f1fe1a8-f127-410a-acfc-781508e0302e,mabun_36f0e762-4b8f-40c7-a67c-fe0b55a971dd,n.,"clan totem (the sacred symbol of a clan group; usually a plant, animal, or body part)",,,,,,,,
b4a52345-d6f8-4aa3-980c-264d557795f3,mabun_36f0e762-4b8f-40c7-a67c-fe0b55a971dd,mod.,sacred,,,,,,,3:2,
c20692e8-509e-44d0-a947-53922d6764c1,madik_5940b10b-de60-4fe2-bbaf-8fa4e5b0b59d,n.,type of tool,,,,,,,73:12,
22598bb3-f663-4355-950e-0ea384b64d2a,Madima_809af474-f213-4ba5-a122-2e62b49e8dfb,prop.n.,female personal name,,,,,,,,
1f0f0ef9-f941-4c32-aa49-61cc707bf31e,Madlin_44157e9a-3918-4cbe-a503-27af08391cb6,prop.n.,female personal name,,,,,,,,
26c72a33-9b93-47e6-9bfe-a9c7ee3c9378,madmed_2577ef2f-cbc6-4fdd-9ff9-0e8685f1cb99,n.,type of big tree that grows in the bush,,,,,,,Tony Warama,
d46938d1-ddd8-4853-921b-577a1a9e0644,Mado_411ae241-9384-4539-b3e2-b601fa420c26,prop.n.,male personal name,,,,,,,,
66c8d2e2-7798-4e67-9782-5275c3be93e7,maduma_b22f24da-092f-4317-849d-175f51158a71,n.,village,,,,,,,,
b1ebbcf3-0c13-471e-9620-4df153c1d0d0,madumame maket_5ef967b0-0135-443c-ad22-0727e3ff493e,n.,black market,,,,,,,166:5,
a5136f65-7287-4594-bd01-15047b981c99,Madura_3eb65397-a963-4df6-809c-303f3c984c33,prop.n.,male personal name,,,,,,,,
45998579-5ad6-432e-ab0b-3213b99e3ffa,madura_54225bd5-7333-4fe2-ba84-5d4fcd83de5e,n.,type of introduced banana,,,,,,,Sowati Kurupel,
83551b8a-27a7-467b-a311-cc7d71b4599e,=mae2_41c6eaa7-bcc7-4b57-9668-32ab63968968,nom.clt.,perlative case clitic; through,,,,,,,,
87785ec8-896e-42ff-b863-8e1e856acdac,=mae1_80e6ca51-80bf-4e82-998d-bfd639ee9645,nom.clt.,restrictive clitic; only,,,,,,,,
de2307be-ddbe-41a7-bee5-f5ced2c5bd7a,maebo_5267de95-3459-4b3e-b319-058627e82407,n.,type of spear made from sago,,,,,,,137:1,
14037a9d-8624-4796-b384-29cb8603d828,maemae_307568f8-3d93-405c-bda1-2a261dfaddf1,n.,type of big tree that grows in places where yam gardens are planted; used for making canoes and paddles,,,,,,,,
63929fe4-4c4f-4004-9d51-ed90e6aa7b7d,maer_c9e67942-aaa7-4a40-8386-559391668356,n.,myrrh,,,,,,,,
8921c616-d600-406c-9438-509624fb45c8,Maggie_898cac6e-0cef-4c7a-ab5e-93a202a15375,prop.n.,female personal name,,,,,,,,
5fc3496f-5aa8-4879-9421-b543d17ee1d0,mai_a8c0d7e4-b718-42f5-ba8f-f05654e0d63b,n.,type of sago,,,,,,,97:23,
a9a70399-0238-4793-8815-6a6240596a46,maigag2_58d4104d-5c4c-4e40-a70d-7332d3d074fc,n.,type of introduced banana,,,,,,,Sowati Kurupel,
85917f94-81a9-4d4f-9af7-280e8edef0e3,maigag1_a97d549c-605f-4e31-8e1b-f508bd51170f,n.,northern brown bandicoot,Isoodon macrourus,,,,,,,
d8651b34-ff2e-4461-b6dd-85f14714419a,maiwa_c021cde2-a1d8-49ab-a6e5-f0a13560d27e,n.,"type of pandanus with a long, smooth fruit cooked in mumu",,,,,,,,
5a0e56af-7b45-4aa6-ba10-7354e1d15c63,maiya_bd29b81b-e1e6-49f1-9601-d63200857b18,n.,bulbil (fruit of yam that is planted),,,,,,,,
d4f59c28-b94d-4f64-849b-4aafe74b20c0,mak_367ac73f-1022-474a-98ce-e6dbb027e317,n.,mark,,,,,,,,
825fece0-8638-4b22-97b5-1f571bfad4b9,mak_367ac73f-1022-474a-98ce-e6dbb027e317,cov.,to choose,,,,,,,,
ee97dbb1-bf89-4597-841a-8744cd984d24,Mak_b832327c-98fa-4438-bd13-becde6f7b000,prop.n.,male personal name,,,,,,,,
4dae8abf-b9c0-4e9f-bdcc-195326faa204,Makaka_ef74d8a1-926b-4846-af76-3020d24d4d4a,prop.n.,female personal name,,,,,,,,
4b054606-ae7b-4845-a15f-d6a4267c90b2,makäm_7989cf12-e631-4fb6-b868-c1a1da918007,n.,space under a house,,,,,,,,
0a46c35e-489c-4848-bb27-58c2dad9e631,makäm katrekatre_218c80c4-654d-4cc2-9dc1-b77feb2a65f7,n.,area to sit or rest underneath the house,,,,,,,,
7d6c62b9-b93a-4670-bfc9-68812bad649e,makäp_ea761f67-4665-475d-acb3-7a4643f71340,loc.n.,"inside, in, within, among",,,,,,,,
1b007479-a57d-41c1-a8e9-aaa507d4d67d,makäp_ea761f67-4665-475d-acb3-7a4643f71340,n.,duration,,,,,,,,
95e74559-e7e9-45e9-8840-cd554f2219de,maket_851c511f-d0e5-425d-9525-a98e58e8938b,n.,market,,,,,,,,
1d08a747-7d96-4761-ade7-2b84b198f626,makett_4ce125d9-c94f-4b4c-98a4-3f50775da7c9,,market,,,,,,,,
12e87222-68ab-4f19-9ecd-21a246f5ea7e,Maki_bd342afd-436c-4306-bb43-538ce908fa8f,prop.n.,female personal name,,,,,,,,
1979c16b-60d9-4b82-bf75-dbc698440eb3,ma kisin_22ad5cf5-bf8c-4acb-be2c-967566dc5bcb,n.,traditional house built directly on the ground,,,,,,,,
578b517d-007e-4f1c-9952-31e95af472c8,malam_582558a6-cb82-415e-ba55-2e55e2fbff49,t.v.,"to obey, follow",,,,,,,,
79ce31db-ec85-41f4-a680-82699642ba3e,malam_582558a6-cb82-415e-ba55-2e55e2fbff49,t.v.,to accept,,,,,,,,
179b112c-d67d-41a7-936b-a6b0279c43d3,malmal_e267d4bb-7145-490b-b295-cd917b1bb6da,t.v.,to mark land (for planting or settlement),,,,,,,,
742710bb-9eef-455c-bb86-39cfd8fdde7a,malmal_e267d4bb-7145-490b-b295-cd917b1bb6da,t.v.,"to accuse, blame",,,,,,,,
6145713d-a599-4d96-9e98-c4da0557eb68,malmel_915e289b-a480-4df6-9831-356ae6f1049f,v.,to squeeze (e.g. a hand),,,,,,,,
475c01bf-45b3-40db-852f-2281d58b66d2,malonäbe_3ceba5bc-74d7-47a6-a946-5179c7177a12,n.,type of reed that is too soft for weaving,,,,,,,,
cf20057c-de04-44cf-ba3d-3416d96e9188,malla_f6fb9093-92e4-414a-9b53-c6c509428b3a,Negation particle,not,,,,,,,,
7eaf90ee-698e-4104-bf89-f38fc842204a,mallakläk_51c62473-6c15-4d81-9064-1c3b8798ab03,,collapse,,,,,,,,
2d62afb5-c997-45eb-85c1-d40b656033d0,Malläm_ea52c5a0-ad81-4ee0-b2ba-ed2e50d9d4ba,prop.n.,"Malam (Ende-speaking village in Morehead Rural LLG; a two-hour walk 9.3km) from Limol; GPS: -8.712716, 142.656097)",,,,,,,,
e17e4c76-c24d-4788-8943-d6e1ac495851,mallet_a9434113-fed4-4eac-b591-7105d2db7937,n.,engage,,,,,,,,
c0a0e827-9218-4859-a4de-f041929492ec,mam_f9f277d1-1b2f-4df4-9b36-065eea822f2d,n.,blood,,,,,,,128:39,
ebee9f27-656f-4782-9075-d90a9f5da37d,mam_f9f277d1-1b2f-4df4-9b36-065eea822f2d,cov.,to bleed,,,,,,,,
77297e69-9c10-4e92-8f9c-987902191590,mam_f9f277d1-1b2f-4df4-9b36-065eea822f2d,col.,red; pink,,,,,,,,
39c49bfd-d691-4697-87d6-696ba8855543,mama3_5212b256-38fd-4dad-ac0c-af3bbacf5b17,n.,food (baby talk word),,,,,,,,
80ed5faa-1398-43be-b9da-eae528cb5c73,mama1_6c53c783-4db9-405f-ba51-0ff90ea7ed2d,n.,grass pile,,,,,,,,
7906a625-3c76-47fc-9b92-3aeb42a41061,mama1_6c53c783-4db9-405f-ba51-0ff90ea7ed2d,n.,,,,,,,,,
e54e6bea-6f3d-480c-b6fc-22b31116fdea,mama2_df201d22-22e9-43bf-b7a2-05a2de05441b,Kinship noun,mother,,,,,,,,
30401f12-7081-42ee-aaac-ee238e0e9890,mamaemamae_8e9c1dce-5fe9-43aa-96ce-84372a41d422,mod.,bloody,,,,,,,,
17e39aaf-2c8b-4c9e-860f-2a2e97d71920,mamall_d35729aa-ecad-44a3-882a-3dcc08cabeed,adv.,quickly,,,,,,,,
8972de18-3c7f-4614-a3dd-03a536f49d71,mamalldae_02680a7b-1933-44cb-8cb9-568a67a3748c,adv.,"immediately, right away",,,,,,,,
1af7aa1e-1df6-41e4-93f8-d42e94db521a,mamam_13f1b6d9-c069-4090-84a6-44ac4751863e,col.,red,,,,,,,76:12,
f1ff1cfc-31e6-41f3-902e-5a20d8133a63,mamamam_1f75d9ff-8438-49a6-be8b-9581f1e78528,col.,red,,,,,,,,
4ce8358a-8b93-4488-bfca-be1407ea28c5,mamamamall_81c75729-a83e-46e3-8900-9795fc0a593e,adv.,quickly,,,,,,,,
e3e23ea6-264e-4571-9686-d14dadc6c4c3,mamamemett_2bbb3213-3252-43c0-8cee-08dec06221c8,mod.,fast beat,,,,,,,143:3,
7d36e38d-07ce-442d-a44d-ff7a2707738e,mamälldae_ee52efca-ceab-425f-b878-34408f20f8f4,adv.,,,,,,,,,
8e928c10-1dbf-43c2-96dd-3d83b953c508,mamälldae_ee52efca-ceab-425f-b878-34408f20f8f4,adv.,,,,,,,,,
01ad45f1-2d63-4bba-bb35-261265d903ef,mambag_bf758594-08da-4ab4-a06b-77030286bc20,n.,type of goanna,,,,,,,,
66fbf435-6c23-4bb1-b2b0-cc2aba2e1133,Mame_6b989d36-7182-4616-a450-fb5f3b1b8c6d,prop.n.,female personal name,,,,,,,,
b23cc058-1002-4046-9967-78a1c4649ecb,mame_88df088e-0028-4a13-87fd-21c4916cfbd6,i.v.,"to fall, rain",,,,,,,,
7e68ff72-3343-4214-9a5b-10d470756fce,mameat_97e442c0-4c16-4269-b827-5d54a7281a75,n.,"papaya, pawpaw",Carica papaya,,,,,,Warama Kurupel,
d100ca4e-f56d-4c0f-a029-72458e39004c,Mamen_eca4b4e3-3bf7-426d-a2e9-3b804755c7e3,prop.n.,Mamen (toponym),,,,,,,"Bodog Jowanang, Geoff Rowak, Inawa Dareda",
935f0a9d-1718-407b-afa4-420a4f4612a4,mami_aabab6bf-9c25-46ca-8a2c-986376e8e6ad,Kinship noun,"mommy, mummy",,,,,,,,
b106d9e4-6c16-46f4-a0d5-5a6e985c5626,mamkiel_4a419918-2e45-4f4d-aaa9-32f23e0c9848,n.,type of native banana,,,,,,,Sowati Kurupel,
2c3d25ce-4cc1-43c0-9cae-896a6be6b924,mamlla_3751dbf9-2a6d-4441-b026-c800e11b5099,n.,"rope, string",,,,,,,,
00e92828-a070-4bb1-8fb6-c35197751cbd,mamoe_05aa9f64-2141-4f0f-9d35-8c88061b18dc,t.v.,"to hunt, go hunting",,,,,,,95:30,
0b3f68fd-827c-4429-a65f-2e4e3b847f70,mamoe_05aa9f64-2141-4f0f-9d35-8c88061b18dc,n.,hunt,,,,,,,,
9558ac06-e1b9-4e9e-a509-04adda96d288,mamon_a1088f82-22da-4940-aa29-28b9599f7be1,t.v.,"to string (e.g. a bow, sago beater)",,,,,,,,
70f54860-f978-457a-a9c8-59494a201f50,mamon_a1088f82-22da-4940-aa29-28b9599f7be1,t.v.,"to fashion, shape, make",,,,,,,,
7c939343-b2b7-4e18-aa52-5b36de6c2d45,mamos1_0fe6379a-212a-4efd-8497-104d91e1dfea,n.,comb-crested jacana,Irediparra gallinacea,,,,,,Mayu Dobola,
a7c77382-0911-4a46-a436-32ca5e6d3973,mamos2_bd244a44-e006-42e3-a6ab-ba259d422517,n.,village constable,,,,,,,Sawapo Badu,
2245c5c3-f4f1-4a00-a016-538438a1d2a4,mamos bo bun_666b6c72-5d7a-4dd0-8bf2-b44f3edb5427,n.,term in government,,,,,,,Sawapo Badu,
f0697e09-8b48-4255-a396-850782c5776d,mam titi popo_cc82e641-3a58-4b70-b18f-ffa25a7180cc,col.,dark red,,,,,,,,
13e85b7f-ad47-44c6-87ee-c622dd4a5b0e,Mana_1d210236-9196-403f-b7e9-736c1c26c0df,prop.n.,female personal name,,,,,,,,
a6d990c4-4f0a-4def-b41f-42b59d4b510f,Manaleato_88520c8c-d90b-4fba-a6be-df11cbd55797,prop.n.,female personal name,,,,,,,,
a893f68f-4ba2-43f8-97bd-8be88f151ff2,Manang_4933625e-d2da-4907-a3b7-a99f9bf104ae,prop.n.,male personal name,,,,,,,,
e1db564d-be13-4bac-9f76-b8b4598f70c4,mande gara_9600c4ad-46e9-4d03-82e5-a8f0042e0f65,n.,water leech,,,,,,,183:52,
b8e701fe-cea8-4475-a4e7-fd53cf99cb5a,mandri_2362d2d2-e25c-4791-ad1c-24caff5e0075,n.,cultivated lemon tree,,,,,,,Tony Warama,
98cd325c-7f85-493b-937f-d9b47fb13b8a,mandde_ea195a47-c66c-45a2-9cc0-edf541c6d238,n.,Monday,,,,,,,24:9,
8afaded4-a94a-4807-a5ce-79bd6fc79341,Maneya_f33ebcaf-0188-4faf-af75-5eac799f2b71,prop.n.,name of a person,,,,,,,,
57aef13a-827c-428e-a554-bbb1052d5e78,mani_a00fa794-85c5-4dc3-80d1-157e0be2386e,n.,money,,,,,,,,
f7d5272c-0ae9-4970-a0c0-e94d2eb98c24,mani_a00fa794-85c5-4dc3-80d1-157e0be2386e,n.,"kina (PGK, the currency of Papua New Guinea)",,,,,,,,
3e8db7d2-6b32-4cb2-80bc-171ca42c8a02,manika_560d186d-4582-4f24-a96e-355a16916eae,n.,cassava,Manihot esculenta,,,,,,,
b3ef407b-5640-4a8d-8bba-918d33ce7f49,mani käp_a9668581-fda1-47e3-9bc3-b13974ebce1c,n.,money,,,,,,,,
84efec9f-aaf1-4f2f-a385-1261b8f22c1d,mankäp_bcf33caf-f0be-4f9b-978d-9196e971a2b7,n.,calf (back of leg),,,,,,,129:7,
9a6121cb-9cc4-4b60-b1b3-3c7db7edf055,mantär_abf8ead1-9b83-47cb-9401-ea0b36dc0a8f,n.,type of flat woven rope made from tree bark.,,,,,,,73:29,
3fce34f3-dc2f-4cb5-a3c2-3a616f25426b,mang_04ad0397-7f16-4b10-8484-b8d83da3eb4c,Kinship noun,brother (of a woman),,,,,,,,
6380b425-df8d-4df1-b238-0913b5e2ff76,Mang_fc568cd8-4a6e-4473-a36d-44a151711d26,prop.n.,Mang (toponym),,,,,,,,
b1bc459f-a401-4f08-b4f3-dc8e0fac7c62,Mangel_86e5729b-bcc7-4951-a26e-6a14c9e95c84,prop.n.,Mangel (toponym),,,,,,,,
95c5996b-f977-4f52-82f3-78c4dece0b96,Manggeya_d24019fe-17a0-4582-a115-71db423f98a7,prop.n.,female personal name,,,,,,,,
3457120c-cd1a-4164-ae14-cda92938f2b4,manggo_41f49b78-f497-4f2f-ad4d-6a2a247f6a11,n.,mango tree,,,,,,,Warama Kurupel,
fd14d772-8813-4289-b158-48a1259b9461,mangkimangki_2551654d-c4f4-474b-bf9d-6a82f34d7615,n.,type of game involving chasing,,,,,,,Galou Minong,
622532cc-d38d-4e28-ad00-24d823e0f473,Mangkol_da0bab56-3520-42b8-a46e-378d9f7725a7,prop.n.,female personal name,,,,,,,,
2151e703-0778-4f32-a0bc-5aab7c624f7b,manglle_cfbc69f0-8485-4d77-87b5-17c0dcbdac97,cov.,to lure,,,,,,,,
57c3db83-fb3c-4f1e-b5e5-860699bae512,manglle kämang_6ecf2830-8b88-4d4e-a24d-65ee71dccc4e,mod.,always together,,,,,,,41:26,
5edb51f3-eae0-4d95-b15e-bc28c7893c05,mangllemanglle_b58c42fd-2195-41a2-8465-691dd6553217,mod.,always together,,,,,,,41:43,
b31eb8a0-15d2-45e8-927b-63621579cf30,mangllong_f67c277c-c798-4434-a036-d4f83b89e0ed,mod.,"friendly, appealing, sociable",,,,,,,,
86561b1a-ed79-484f-b684-618a2b913386,mangmang_430e3d44-7270-40ef-98dc-6e274c2d58d3,Kinship noun,nonsingular form of mang,,,,,,,,
e7742189-1ac0-47ca-9a02-c9abacd435ff,marat_e3e7df27-9080-4621-aa2d-6315eab391f4,n.,weaving pattern with a circular bottom and rectangular sides,,,,,,,177:1,
182b9857-9653-43db-bc38-6225948f37fd,mare_8ac3daaa-20df-4529-879c-357e3f298cad,n.,type of pandanus,,,,,,,97:40,
20dfb87d-a480-43e9-88e3-173629e5e49f,Mareas_fd5b829d-b58c-4706-8fec-b9145c2adda2,prop.n.,personal name,,,,,,,,
10c8884a-0175-4d91-91a1-3f717242d78e,Marega_3c679991-8de5-4d97-9e44-31cbbd3d8325,prop.n.,male personal name,,,,,,,,
8926c0b7-6c80-48e2-a9c1-563cbab5b151,maret_80832776-6e31-4074-a2cb-2be2725e4bbb,n.,marriage,,,,,,,,
5a92b0df-2742-49e7-a682-54ebd044a462,Mareyas_7834d7b4-318f-4818-89c4-5c7a6deee686,prop.n.,Mareyas (toponym),,,,,,,,
e96c3fb1-8a6b-4f6a-acc0-0e9f54364c79,Maria_83a709f1-7d18-488c-9312-35fc7a6a18b1,prop.n.,female personal name,,,,,,,,
b8b515e1-f2e1-4491-9c85-e494a95cff88,Marian_f72352e7-da28-41f5-8e2a-3366643f2508,prop.n.,female personal name,,,,,,,,
21344abd-78d0-4758-84f0-923b846d8817,Marias_324257b9-09ab-4e4d-a11c-c63a0a297b8f,prop.n.,male personal name,,,,,,,,
167a3fc3-3355-419f-90ef-93ab06a41327,maribärät_4d1a63c1-7c30-42a4-a7e0-f9c2f84678ce,n.,type of long yam with a white interior and hairs,,,,,,,174:5,
76cda02a-37d7-44c5-b0af-555dcb84cde3,Marion_0746b97e-0986-4246-9dd7-e837bd74e822,prop.n.,female personal name,,,,,,,,
59d9d692-67da-466d-83a1-9363f96df514,markae_68978828-2ef1-4695-a9d7-cda47e31cef0,n.,white person,,,,,,,,
7c77abca-b79b-47fb-89fa-d446fa09f2e0,markae_68978828-2ef1-4695-a9d7-cda47e31cef0,n.,"white, Western; foreign",,,,,,,,
af1bdd59-ba22-40cd-865c-7f13b0f3179d,markae bägäl_238bba35-e11e-495a-b848-27b21455c9d9,n.,gun,,,,,,,,
f46d2b30-bd94-4e4e-9fbd-fd325037b94f,markaebärät_960799fc-8de5-4cc0-aeac-791bbf014362,n.,"type of medium-sized yam with a white interior, thorns, and no hairs",,,,,,,174:1,
417b0432-5bc0-470a-b60e-dd37be88bed5,markae eka_aafbf425-46cf-4ee5-8b06-db2c4ed72bcc,prop.n.,English,,,,,,,,
ed5a2e49-a434-41e7-a1d6-3fcd6d1adb5c,market_fdf189e6-83ea-49a8-b196-f1d28e8e978d,n.,market,,,,,,,166:11,
8b79e32c-63a7-4f41-9a36-5229c6240994,Martin_c8a877df-b366-4c80-a02f-dde08b4d6b66,prop.n.,male personal name,,,,,,,,
5491bb4b-0eba-47a7-93e9-e4ad854d24f4,Martha_7312f8c6-5dcd-4633-8368-1cc440d02986,prop.n.,female personal name,,,,,,,,
bd86d05a-c771-4c10-90b8-f22b4c6aba83,Maryanne_9e6c1555-3551-4eb1-a6ec-9d0783d8ce6b,prop.n.,female personal name,,,,,,,,
0095c948-ac80-46b1-a4a2-10dfb9de28f8,mas_912c6fc0-99d9-4aed-87e4-1eba34cb342a,n.,small bone found in cassowaries,,,,,,,,
991322f0-223a-438c-afef-61b0721ce217,Mas_b850fc3d-bdcc-44ac-9e11-65880fb53803,prop.n.,male personal name,,,,,,,,
2fab7dab-19af-44d4-b597-e815bba5ab7a,masaka_015c5adb-9c0f-42c4-945f-16bd3c073263,n.,single stem plant with inedible fruit,,,,,,,,
29d9109e-f193-4eb2-849c-cf40ec3b219f,Masam_7bb44454-35e1-4ff6-a7d8-d24e37d2df73,prop.n.,Bitur language,,,,,,,,
0908e18c-aea4-4cf9-a47a-6df532ad74e0,masamasar_5827bdd1-2b19-497d-ac70-946c6a7a642c,Kinship noun,grandparents,,,,,,,,
0827bb70-9684-43d8-9031-2bed5f69d8ad,masamasar_5827bdd1-2b19-497d-ac70-946c6a7a642c,Kinship noun,"forefathers, ancestors",,,,,,,,
e8b5f678-2d1e-4b8d-8dad-373de695afe1,masar_a57ecdf8-4128-4162-b714-5902b8116247,Kinship noun,grandfather (one's parent's father; reciprocal); ancestor,,,,,,,51:7,
bce03d2c-f06f-422b-9594-65f97c5eac25,masar_a57ecdf8-4128-4162-b714-5902b8116247,Kinship noun,grandchild (man's child's child; reciprocal),,,,,,,,
e807cf8e-d74f-47eb-b23e-ac2aa31d2112,masar_a57ecdf8-4128-4162-b714-5902b8116247,Kinship noun,father-in-law (woman's husband's father; reciprocal),,,,,,,,
354dfbaf-94bc-4733-bb63-a13f8a73f3b7,masar_a57ecdf8-4128-4162-b714-5902b8116247,Kinship noun,daughter-in-law (man's son's wife; reciprocal),,,,,,,,
08e8dab4-0f2b-403f-baf4-08ee027df44f,masar_a57ecdf8-4128-4162-b714-5902b8116247,Kinship noun,uncle-in-law (woman's husband's mother's younger brother; reciprocal),,,,,,,,
8e3347c7-8e27-45ab-b002-e7fc6ff9e8a1,masar_a57ecdf8-4128-4162-b714-5902b8116247,Kinship noun,niece-in-law (man's elder sister's son's wife; reciprocal),,,,,,,,
ff6c27b7-65e0-4f57-ab8c-aff90da3a8aa,masar_a57ecdf8-4128-4162-b714-5902b8116247,mod.,"ancestral, old (of one's grandparents' time)",,,,,,,,
503f9e8b-8840-4474-8d03-dc854acc8084,Masingara_efd0d3a1-741c-429e-be6e-07371f95afb2,prop.n.,Masingara (Bine-speaking village in Oriomo-Bituri Rural LLG),,,,,,,"Bodog Jowanang, Geoff Rowak, Inawa Dareda",
d0121ed3-dc42-4f8d-875d-5533f96c7a58,Masta_968acf67-52e6-4ee3-a2e4-b71c1d699c52,prop.n.,female personal name,,,,,,,,
6f4d42e9-f226-48a3-8702-a9186cc3f7c1,Mata_829cc985-fba9-4420-a190-5dc2741b009f,prop.n.,Mata (in Morehead Rural LLG),,,,,,,"Bodog Jowanang, Geoff Rowak, Inawa Dareda",
19aeaa39-9406-4dd2-8a52-3e6cac476416,matamata_26215b01-7f56-41e9-9f6f-3a94918e65c9,n.,"type of tree that grows along swamps with white and blue flowers and edible fruit (black outside, red inside) that ripen during January and February",,,,,,,Tony Warama,
f9ed35ad-de13-4705-83a8-6af3fc82e467,Mataru_a25acbc4-f105-47d7-838f-6a48e19c4ce1,prop.n.,personal name,,,,,,,,
e0c197c8-7cec-42ee-9720-82ca50f29b1e,Matär_7b0f94e1-69e3-44fc-b3e8-cff3883c3118,prop.n.,male personal name,,,,,,,,
334fc444-65a1-4c60-af32-51d891bf19ca,Maten_829e8719-27dd-432d-ade0-935f47aadb43,prop.n.,male personal name,,,,,,,,
3d7c7a10-0139-46a3-be87-b2aa21716d3e,Matias_9f117125-7e20-4483-9050-ff1b4cdb82bd,prop.n.,male personal name,,,,,,,,
762cdffe-7e3b-4f69-bc8b-2ea11b5166f1,Matilda_78697378-6154-42a7-be44-482dbec9cb64,prop.n.,female personal name,,,,,,,,
30dc3a2c-1adf-4da3-a129-0ba637693e63,matu_a61b8bf5-50a6-49c2-a39b-775320d6c5fe,n.,ground,,,,,,,,
f5409d9e-3907-46ce-92cc-9d788d9a289e,matu_a61b8bf5-50a6-49c2-a39b-775320d6c5fe,loc.n.,lower part,,,,,,,,
5fc42834-d17b-437d-912d-54e96cee67b0,Mathias_c46d71ed-d13a-4578-82b6-4631594c208d,prop.n.,male personal name,,,,,,,,
87721e36-2487-4eda-9b0b-70137ac38869,Mathilda_ca66aeff-f37a-4026-b31a-4fe0d0c33f8a,prop.n.,female personal name,,,,,,,,
52f55049-c838-436e-8bb4-c9afabf56710,matta_cb6f0fbd-45ae-4ff7-884b-20beda45059d,n.,shoulder,,,,,,,,
615b27b6-e7bd-4b47-9773-cd6adf42e542,matta_cb6f0fbd-45ae-4ff7-884b-20beda45059d,cov.,"to shoulder, carry on one's shoulder",,,,,,,,
dfeabf25-a127-42cb-b392-8f68e096dd7c,matta_cb6f0fbd-45ae-4ff7-884b-20beda45059d,num.,eight (lit. shoulder; body counting numeral),,,,,,,,
56b53b8d-226a-471b-85a2-fae7713cf5f1,=mattäm_3f45a35a-b9f3-4a4f-ac57-46c909e06086,nom.clt.,ablative case clitic; from,,,,,,,,
de56091b-2086-43da-9aea-0e524f19afc4,ma ttängäm_53e158c7-ba4d-48df-b485-740bb0ea475a,n.,type of tree,,,,,,,,
2fd0c2d3-fbe5-4d2e-9429-642a3dd87151,mattgal_bc271bf7-e006-4004-bb45-d304419b49d1,t.v.,to put in fire,,,,,,,,
a75e1e54-c6de-4ca0-90f3-4a5aaab99bed,mattmett2_190d6aeb-72e9-45a1-abfc-f23d4ab7d36e,n.,"plain, flat area",,,,,,,,
76d471e0-2eab-41f2-a4d9-eab19db5d579,mattmett1_33c0b6ef-fa1f-41f3-b336-aeb2e1f07a7b,t.v.,to put in oven,,,,,,,,
de84301a-b5c2-4bf3-9b58-ab78d632617c,Matthew_64ba1c58-e295-4d70-87aa-b7fe27221880,prop.n.,male personal name,,,,,,,,
19033274-9cce-42cc-9bb3-07cbcf60cc91,mawa_5d5aecd1-bf79-45af-9264-3cc845d4d521,n.,magic,,,,,,,,
079f83f4-0d44-4e68-9f0d-fb7f5f361e80,maza_2a18d477-7ee9-4034-8356-2901caddfd6c,n.,reef,,,,,,,,
5261b111-659c-4f31-b1ff-6bbaf2d90b87,Mavis_61f4ec25-63a2-4ee4-aa0d-75f2d3aaeff1,prop.n.,female personal name,,,,,,,,
c05754f7-d42a-4725-80f2-6650628573e4,Max_af4d810f-240a-4106-befe-0346bceeb8ef,prop.n.,male personal name,,,,,,,,
1f2d85e9-5052-4af8-a3df-848fd63a7587,mäda_fbdd102a-e450-4245-b33b-17708289bac6,Kinship noun,father,,,,,,,,
85a0d3fe-ae05-4903-8870-6745abe48295,mäda_fbdd102a-e450-4245-b33b-17708289bac6,n.,owner (of an animal),,,,,,,,
a3602cc2-4c37-4006-90c7-e7942d9e4d7d,mädameny_7ed092d4-c8a4-42d3-a734-c9a71c482adf,mod.,fatherless,,,,,,,,
632268d9-6e2d-40d6-9a62-eb2744a2b7dd,mädaulle_46bab722-c05d-4d43-b5b4-671a0503ec6b,Kinship noun,aunt (one's father's elder sister),,,,,,,,
6e507aa2-faf5-44c7-85ff-f5c3456d2605,mädaulle_46bab722-c05d-4d43-b5b4-671a0503ec6b,Kinship noun,uncle (one's father's elder brother),,,,,,,,
47888587-ab80-419b-a19a-adef623a3fd8,mädaulle_46bab722-c05d-4d43-b5b4-671a0503ec6b,Kinship noun,brother-in-law (woman's husband's elder brother),,,,,,,,
5f9d48d3-7971-4951-9ec5-37cd79345f71,mädaulle_46bab722-c05d-4d43-b5b4-671a0503ec6b,Kinship noun,sister-in-law (woman's husband's elder sister or woman's younger brother's wife; reciprocal),,,,,,,,
53584858-c5fb-447e-baa9-1574fb495d35,mäd kubull_dd36ed49-a6f3-4c08-ba10-e74b50a51101,n.,black bush wallaby,,,,,,,78:8,
4ab33d2f-f424-4ef0-9a4a-f5fa79e9850d,mäg_a42db914-e433-439f-b4cd-e8b5f2c7d450,Kinship noun,mother,,,,,,,51:6,
54d20bde-0808-4e5b-bfae-9d448a4cc53a,mäg_a42db914-e433-439f-b4cd-e8b5f2c7d450,n.,source,,,,,,,,
b5208af9-1a36-455b-99ca-6d9f7096f7ac,mäga_0edeb98d-d475-4c26-902c-874aca52f5f8,n.,type of sago,,,,,,,97:21,
f1bc8bf4-d8b4-4fbc-8113-b3f901e60722,Mägaem_2a55a6f3-6823-4bba-ad9b-471e5ec329d2,prop.n.,Makayam/Tirio language,,,,,,,,
d8703d2a-4da3-4ae2-845c-9739c555e328,mägäll_5f7655ee-7bc6-4167-8e05-1e826d07ca2c,n.,"type of tree with bark used to tie spears, white flowers, edible leaves, and finger-sized, edible red fruit with edible seeds",,,,,,,Tony Warama,
ffc2032e-0648-40fa-8d84-0a38cbba1593,mägäll_5f7655ee-7bc6-4167-8e05-1e826d07ca2c,n.,strength,,,,,,,,
d4d87982-f76f-43fb-89e3-ae90aa81ba32,mägällma_19cf0f52-0fb3-413b-b328-73fb5da75b65,n.,friends who share a twin fruit from the mägäll tree,,,,,,,13:8,
c5c43da1-e050-4bc3-9ba1-6a03699a1ce5,mägda_45fe86a0-4c63-43bd-8a25-ce1badb379da,n.,coconut body (as opposed to the shoot),,,,,,,,
f2b19578-a621-4bba-bf7d-2574f4c357b4,mägda_45fe86a0-4c63-43bd-8a25-ce1badb379da,prop.n.,,,,,,,,,
fac7a843-65b0-46e2-868a-0f3d67ad1bb3,mägda koll_4743fc01-1109-4a53-987e-3235011838b9,n.,plant term,,,,,,,,
e66baa24-2aea-4231-acee-741fa2c7dd0a,mägmeny_bfa86460-ed70-487b-ad85-be0d5f2f9b42,mod.,motherless,,,,,,,,
65427daa-64c1-4687-bdec-a6c0a10da57f,mäg ulle_592d6d8c-2460-4962-a508-418e126c838a,Kinship noun,aunt (one's father's elder brother's wife),,,,,,,51:21,
5281728d-5dfa-422d-87f3-b81a09b66ea9,mäk_082e36d4-c8da-44f9-9a25-b69aaf27dd2e,n.,war,,,,,,,64:29,
6a042e7d-4955-469f-aebc-7db4b476a0c4,mäka_72a68d46-6307-4fd5-98a4-581d8aeac78f,n.,plantar wart (on the soles of feet; caused by a virus),,,,,,,,
896775f2-7f64-415b-b266-cfeda8ed7394,mäkamäke_86aa930b-5c55-4776-83c6-0dccee53d176,t.v.,to use,,,,,,,,
38f025ba-7e02-4131-847a-5bcf7fad1816,mäkan_c5d50c36-918c-47ea-8375-6f917feb7d9a,n.,desire (of someone),,,,,,,,
532f5e37-006c-400a-9b70-73d46e399071,mäkat_87211305-332b-46bd-9048-8fbb8e9676f8,n.,rat,,,,,,,Joshua Ben Danipa,
bc2f90ce-eb6b-4064-8831-a14af4f30685,Mäkayam_cecedb44-886e-47df-90cd-cad8903540cc,prop.n.,Makayam/Tirio language,,,,,,,142:8,
9b327179-2411-4237-af21-1baabc61d0cb,mäkämäkäp_0b16bd67-0ba0-4b6c-b878-d83644de74a2,n.,dreadlocks,,,,,,,,
6a544c4a-2f24-4f26-bd59-a07deab385cd,mäkäp_698e788b-e648-49ee-91c2-c24d93ec3c61,n.,knot,,,,,,,,
70d1367d-8a26-4ef1-9c4a-d5d1a3c64349,mäkäp_698e788b-e648-49ee-91c2-c24d93ec3c61,cov.,to knot,,,,,,,,
aa2101cd-0efb-4f40-8231-9d278b04c955,mäk lla_b3c49f82-c1f4-4c87-a593-404f227b9be9,n.,soldier,,,,,,,64:30,
799b9e3f-adbe-4a74-8213-ea334f3e8782,mäk lla ami doko_7074646a-5060-41b6-9f36-4851680b55b3,n.,veteran,,,,,,,64:31,
880a3bf4-8249-4736-ab21-73fc9ff828c6,mäk lla piar doko_270f7518-09f9-4045-872e-0cf7a37dc9ad,n.,veteran,,,,,,,64:1,
76581e8b-34cf-4f6d-9bff-ee19005f2924,mälamäle_9c14c78f-e625-4cd4-aa22-f8849a504daf,t.v.,to patch,,,,,,,,
1f06807f-c8ae-4a21-b8c4-521194bd7f1b,mälamäle_9c14c78f-e625-4cd4-aa22-f8849a504daf,t.v.,to dress (a wound),,,,,,,,
913af506-c1ed-42fe-b20d-66cc8ccbeabc,mälanzeg_dc0cbe8b-6c3e-4818-84af-01b456c5f49b,t.v.,to tie,,,,,,,,
f8b7489d-fa43-4840-852c-44fec2cad31b,mälmäl_ee9a0d60-5e48-411d-bb65-35333258efbf,t.v.,to squeeze,,,,,,,44:2,
7ad64001-998c-430c-8bc1-675849ab4d99,mälmäl_ee9a0d60-5e48-411d-bb65-35333258efbf,t.v.,,,,,,,,,
8e1727e4-1510-4fb8-b52e-2cd7c89e0faf,mälla_7f9890a7-b462-4240-9a88-61578f255e0a,n.,"woman, female",,the hand sign for woman is to hold up the breasts,,,,,,
c933c080-c6d9-414b-b2e1-67421c1ada8a,mälla_7f9890a7-b462-4240-9a88-61578f255e0a,Kinship noun,wife,,,,,,,,
baca642d-7a1a-42e4-858e-be945802d402,mälla gämäll_9c67be15-161a-40c3-9039-715ab09f4380,,adultery (of a man),,,,,,,64:24,
f84dd5fb-74ff-4edd-9378-0b99461c5c7e,mällakutang_137f5fcd-4212-43ce-951b-a699c35254b2,n.,"type of tree that grows in the bush with white flowers, black bark, and wood used for house sticks",,,,,,,Tony Warama,
18155bc1-fe91-4649-bc47-eca8364a413a,mällam1_62818bfb-eea9-4a46-8279-d8583ac79003,n.,type of plant,,,,,,,,
c11b8f12-56f5-4ea2-bb66-cad49bcf2c24,mällam2_685ed1b7-5dc8-448f-8b21-6a084b61c443,t.v.,"to hold; get, grab, catch",,,,,,,,
9c97e472-2744-4c06-9bf4-e645325a86af,mällamälla_aab3e755-18a2-412c-a671-83b44182a7bf,t.v.,to tie,,,,,,,134:17,
47a55f30-d966-4f96-9a99-27f44ba47faa,mällamollang_c80334a5-1678-40a4-b593-286e07362fac,,more than two couples,,,,,,,41:17,
4115f17a-fe1f-42ba-a4b1-4a268bce6fcb,mällause_2b1cf52f-c52d-4d47-987b-fc477d6bf8eb,n.,old woman,,,,,,,51:10,
d6d01939-01ca-491a-a6ce-4a33ab834970,mällawang_f6e53990-79c5-472d-a319-751cadbfaa97,mod.,married (of a male),,,,,,,,
e12e0b01-d8ab-49c7-9dd4-56493f45afbe,mälla wareka_3a6c29ca-22ca-4c20-bf77-a7e1bdb3ce3a,,jealous of wife,,,,,,,64:22,
2396857f-1860-4053-b551-4627b9206dd0,mälla yae_d02242b2-ec13-4202-8cfa-085200e52d58,Kinship noun,aunt (one's mother's elder sister),,,,,,,,
c4ec4191-8a23-4de0-81bd-f7b4c63eed0e,mälläll_4b5360fe-5254-4979-8a29-f101ea1a372e,n.,size,,,,,,,,
d975d721-a4bd-45e6-aaca-0e01dcc1e1ce,mälläng_07fac3ef-a770-42a2-8bd6-84be1ee48e28,n.,nose,,,,,,,11:22,
0d872b9f-1f87-4100-8635-69557dc17614,mällänggäbe_03f96ab9-7640-45bb-90d3-404926fe8fdf,n.,type of plant that grows along the riverside,,,,,,,183:39,
78e9cdd0-173b-4e13-8bb9-d3f6f3ab423e,mälläng ik_bd2cd60c-1e83-4e23-8a65-d00e9d3be695,n.,nostril,,,,,,,,
3cd1d66f-20fe-4433-ab41-f79efdbcafc3,mälläng kobllokobllom_4a263c7b-8c35-45c5-966c-f5b1da938cf2,n.,part of the body,,,,,,,128:20,
f5a7de22-668c-48bc-aef5-79bee6e97b1a,mälläng kom_e9c7efa3-3b26-4e25-93cd-0767d36b3af1,n.,nose hair,,,,,,,,
3dba765d-5531-4668-9edd-629b17f1661e,mälläng kom_e9c7efa3-3b26-4e25-93cd-0767d36b3af1,n.,antenna,,,,,,,"140, 165:3",
00eb061d-7260-4061-a8c7-cbd07c200b1c,mälläng obod_bb9c9ef0-b1f9-4b64-882e-d11e2524c410,n.,runny nose,,,,,,,5:3,
b6a5de82-6095-4169-abb0-e236851064ed,mälläng seam_b1c59e98-161d-4496-bc46-eed8c09dd98c,comp.v.,"to wrinkle up your nose and breathe out, reaction to a bad smell.",,,,,,,,
59a77d2c-113a-4fe2-9fb5-a863f69c22e0,mälläng sobasoba_f8572ba9-160f-4e35-ab17-8fd348f5e9bb,n.,snout,,,,,,,Warea Giniya,
4ca81084-5e72-483c-b292-dc0b12554d93,mälläng wällong aga_72bbc731-d9e4-49d8-82a3-357abf433e1b,n.,"""nose swelled up"", very serious, quiet, ignoring people",,,,,,,,
05bdd826-31e9-4f01-a389-1d1ad91c901b,mällät_fa25c663-f2f9-419b-b4b8-d94da2136f4c,n.,type of tree that grows in the grassland with fruit used to ignite fires and yellow flowers with edible nectar,,,,,,,,
ebff0285-2359-48b8-b9b0-c7eecc95c80a,mällätbudar_baeb1c15-70dc-4f61-8e2a-849daa9679e8,n.,type of grub,,,,,,,Joshua Ben Danipa,
4c862aca-5553-4ff7-8c45-11ccec846b4e,mällätgugu_04ffa2b5-3559-4014-88cd-d5916d29a5d6,n.,type of taro,,,,,,,Sowati Kurupel,
3e62bb45-f2d3-4e14-b716-8606697c2492,mällät käp1_121340e2-e7c1-454f-972f-636061a14bc9,n.,second stage of sago growth,,,,,,,,
20f6cecc-8188-4056-a1b0-a609723d8b3b,mällät käp2_1f3cab7b-ce8a-4fd6-87f7-e897408f914f,n.,D'Albertis python,Leiopython albertisii,,,,,,,
8a994e1e-0f20-4cf7-9acb-c1be8c9a358d,mällkae_f3d80697-1a9c-4707-a3d0-bb96402f3623,i.v.,to bend,,,,,,,,
256c84a2-8cf4-47c2-8685-33730f122a46,mällkakallamatt_cd4ef41b-02d4-477e-a421-544ff56241f8,n.,type of venomous snake,,,,,,,Wincen Warama,
9a1bca58-2206-4d6b-90ad-eaf65db31b85,mällkam_44a27483-07b9-4e5f-a8a8-b21a9727bf7e,i.v.,to bend,,,,,,,,
55bdbf86-25f9-4a81-8402-12bf7513e9e2,mällkamällkam_c0e5d707-8230-4f2b-9a19-adb4ea287f00,adv.,bending over,,,,,,,,
c773fa54-c88e-47db-b419-9fb9363e5ed9,mällpa_c67ed749-61f7-426e-bb5d-252fdf83c07f,Kinship noun,aunt (one's mother's sister),,,,,,,51:14,
4911e165-502e-4c80-9032-c2096440afc4,mällpe_e93cb2db-9326-4c68-914a-faf3b20e696f,n.,,,,,,,,,
1df45768-1155-4e05-a391-e7f7c5d211b6,mämbär_8e7aabaf-87b8-4c0c-bf65-5c6bf1f03752,n.,"type of big, round yam with a white interior, hairs, and no thorns",,,,,,,173:59,
e6429ce0-b914-4267-9121-c045afed1a1a,mämrem_444513c2-db54-469c-8242-eedf02c5b6ed,cov.,to growl,,,,,,,,
da3aae8e-fe14-4135-8d76-96f0cf0bc5e4,män1_29338a94-a3b7-45b4-99ea-2371c050e872,n.,type of big tree cultivated in the bush with white flowers and blue and purple fruit that cassowary eat; tobacco is planted in the soil near this tree after it is burned,,,,,,,,
fc53784b-5f8a-40aa-b45e-3229175119b3,män2_5dfafe8d-20a6-4bde-a468-25cef24bb731,i.v.,to settle,,,,,,,,
46977cef-de87-4c0a-b0ec-4b4ab6b14c9d,män3_a678b879-3c18-42fe-b892-e80a34efa9e9,n.,girl,,,,,,,,
e6cf57f8-fef3-4c8b-a153-ffeb76e572e9,män3_a678b879-3c18-42fe-b892-e80a34efa9e9,Kinship noun,sister,,,,,,,,
1195b075-19a5-422d-a4e0-e8e36c818aa8,män3_a678b879-3c18-42fe-b892-e80a34efa9e9,Kinship noun,She's my daughter.,,,,,,,,
faa30463-1a82-4780-a3b7-90b25f862896,mänang_3b7870a5-c775-4617-a033-5169454a8833,Kinship noun,father-in-law (man's wife's father; reciprocal),,,,,,,51:13,
8b52b3e8-d9fe-47f4-887b-42497ceea2b3,mänang_3b7870a5-c775-4617-a033-5169454a8833,Kinship noun,mother-in-law (man's wife's mother; reciprocal),,,,,,,39:9,
13fcfe05-281d-4558-aef8-8402c0ad546a,mänang_3b7870a5-c775-4617-a033-5169454a8833,Kinship noun,son-in-law (one's daughter's husband; reciprocal),,,,,,,,
a29a13f4-d4da-40d6-b016-966c9bdc57eb,mänang_3b7870a5-c775-4617-a033-5169454a8833,n.,brother-in-law (one's younger sister's husband),,,,,,,,
6aff8ab9-829d-4791-8a24-66a6758a3df9,mänaulle_fb9b41e3-1fef-409d-a521-2a34175b1f8e,Temporal adverb,every time,,,,,,,,
780729f6-c16c-4318-84ea-5842154bddb4,mänänggmit_90ff079c-1a01-4acd-bd55-a05237646f2b,n.,body part,,,,,,,129:4,
9e848729-3bf2-4190-891c-57ab0c075257,mända_b620242b-99d7-4d8f-b796-f2fa81734eb8,n.,thumb; big toe,,,,,,,,
c5b78824-b8f5-4cb6-b7d8-c0a861636ca8,mända_b620242b-99d7-4d8f-b796-f2fa81734eb8,num.,five (lit. thumb; body counting numeral),,,,,,,42:12,
19e215d9-c8d4-44f0-908d-1600ff6fe817,mändmänd_d5be4d3b-5ab5-4eda-a383-34b0b5072088,t.v.,"to raise, rear",,,,,,,134:22,
22d1f5a2-83a6-46bf-aa5a-fbaf61252c66,mändmänd_d5be4d3b-5ab5-4eda-a383-34b0b5072088,t.v.,to feed,,,,,,,,
ad1a01dd-1682-437d-abf7-6c0ca048c366,mändmänd_d5be4d3b-5ab5-4eda-a383-34b0b5072088,t.v.,,,,,,,,,
b5f3eea0-b916-4e1e-a1f2-360324543a1b,män duwar_be8c66da-5518-470a-bde2-53b7a5d3d2c8,n.,young girl,,,,,,,,
d07d94fd-87cd-41e5-8e24-f140caba2fe2,mänddmändd_4666578b-e310-4da3-98c2-6b9df825c9f7,t.v.,"to drown, struggle in water",,,,,,,183:40,
bd45af0f-e1d9-43cd-b985-9096add63dac,mänddmändd_4666578b-e310-4da3-98c2-6b9df825c9f7,t.v.,"to drown, force underwater",,,,,,,,
dd5a8022-65a6-460d-a923-9717d862a817,mänddmändd_4666578b-e310-4da3-98c2-6b9df825c9f7,t.v.,,,,,,,,,
3ba0db23-44aa-4d86-8996-6485c4a0c194,mänkot_3b1e0146-9ada-493f-88de-0d45a8ee2115,n.,uninitiated person,,,,,,,,
bb55733a-9cb4-4e8c-b640-393155c2d6b7,mänkot_3b1e0146-9ada-493f-88de-0d45a8ee2115,n.,non-believer,,,,,,,,
5aa8feb4-1e47-4407-a133-518a9be6d26d,mänmän_e3951bd4-fb4f-488e-80f7-ac294191c17d,n.,nonsingular form of män,,,,,,,,
103eded4-6b50-4160-bccd-62833eec7f97,mänmän duwaduwar_daa50ae8-4444-4a07-9a79-042532cb48aa,n.,nonsingular form of män duwar,,,,,,,,
741791a4-1c20-4604-938f-af02ca7adedc,mänmänpitepite_f8841384-d656-4cb2-9dbb-234d57b6e1b3,n.,type of plant that grows by the river; eaten by wallabies,,,,,,,Joshua Ben Danipa,
337fe1bb-7e9e-46d3-bffe-f86624977247,mängal_b8a045ed-1bf1-4dcf-93d2-ed5d5fd6c51f,mod.,quick,,,,,,,,
55ff117c-4976-4721-8b03-a7b3f043610d,mängalmängal_28ee788f-db48-431c-bc5d-2fe67cd5c22a,mod.,quick,,,,,,,65:10,
cf22e8c0-5230-4c5c-80b8-6047144e0242,mängall_8db1df05-507e-4032-a9b3-4b4c809fd2ca,n.,"strength, power",,,,,,,,
bf9499e7-764c-4154-9312-0fb0b3c5085e,mängall_8db1df05-507e-4032-a9b3-4b4c809fd2ca,cov.,to struggle,,,,,,,,
b30337f9-cb67-4b4f-aedc-15b12b959cd4,mängall_8db1df05-507e-4032-a9b3-4b4c809fd2ca,,,,,,,,,,
be27c6f2-6a86-4a99-8136-7f9ebec01a14,mängallang_4c80ec08-fee1-43ad-9856-6cba4f327d24,mod.,strong,,,,,,,117:9,
43ee566f-8a72-4333-a96d-ee22286bdd1e,mängall eka_19bb7635-fdf0-4dfc-8307-404ef25ccf05,n.,"encouragement, cheer",,,,,,,,
b1f811c9-a6a5-4f62-b2fe-c33f80d2f123,mängallmeny_46f26ba4-55a8-4c4f-bbb0-01153c41c065,mod.,weak,,,,,,,118:8,
9ed41233-7f45-4b7c-bda4-5e7c9a2817e4,mängäll_8b1a7c61-dfc7-47b1-ac85-1caf58321c8c,n.,strength,,,,,,,,
c6404855-d253-4c2c-b165-8842eb55169f,mänyan_e5012b37-4b3a-4bc7-a897-646295a559cb,Kinship noun,younger sibling of the same-sex (man's younger brother or woman's younger sister),,,,,,,51:16,
a11511ce-ce54-428e-812d-1166dc69af30,mänyan_e5012b37-4b3a-4bc7-a897-646295a559cb,Kinship noun,co-sibling-in-law (man's wife's younger sister's husband or woman's husband's younger brother's wife),,,,,,,,
92302eba-b715-4ba0-979c-696535bf0bfb,mänyanmänyan_be2dd2a6-8f00-4991-8d35-9534e24287f0,Kinship noun,younger siblings,,,,,,,,
7797585a-eb32-4e2a-bd35-9dff204c909b,mänyän_61cc310d-644c-430b-a2c2-815b9da991a6,n.,type of fish,,,,,,,,
d21a292b-9ee4-46c5-a5a5-fd8ac104851f,mänyi_05e85361-5d6c-442a-9585-b7ac14835f49,TAM particle,fut,,,,,,,,
55be8bc1-f088-4b47-b2e2-a11fd808ae9b,mänymäny_308a0c4f-c9d2-4ed6-bec6-aca3d1d28569,v.,to vomit,,,,,,,,
a389dbda-915f-42d6-8886-48ad61b2747a,märal_18083237-6f54-4ffd-862b-aab65e08dbd4,cov.,"to curse, swear",,,,,,,,
02622b67-2e22-416d-a667-abfa5a5ce688,märal_18083237-6f54-4ffd-862b-aab65e08dbd4,cov.,to curse,,,,,,,5:23,
c203cbd9-4faa-439a-9b2b-5ed5b4d5c78a,märäl1_9e289fc6-62ce-406f-9e49-8e6331a69bf2,n.,size,,,,,,,,
3420d859-9112-41b9-a976-1b76fa56966e,märäl2_f9ca2acd-db3a-4522-b27f-67583d9d0d5a,n.,"age-mate, someone of the same age",,,,,,,,
a395edc4-b7e9-443f-aca8-67c826280506,märäll_d88e97aa-17af-462e-ba3e-fca4a4065fb3,n.,size,,,,,,,,
86af25c1-4530-4704-a06a-e57708ea5449,mäse_8927c489-2b34-40b6-af4e-96fd60d0fe85,TAM particle,imminent particle (indicates that something about to take place),,,,,,,,
313195c1-19a6-4f1e-bf12-e2333d9bdf33,mäse_8927c489-2b34-40b6-af4e-96fd60d0fe85,TAM particle,conative particle (indicates an attempt; to try to do something),,,,,,,,
b8c619f5-803d-48d0-9c98-92fc64d595f5,mäse_8927c489-2b34-40b6-af4e-96fd60d0fe85,mod.,"not yet full, unsatisfied",,,,,,,,
5e0d6664-dd88-49de-97f7-a18f39d78839,mäsemäse_4f7cfb2f-a12a-4e52-81dd-3034a35be3c5,adv.,naked,,,,,,,,
2e33ae24-2555-4f5b-b58b-89c23fadbdce,mäsemäse_4f7cfb2f-a12a-4e52-81dd-3034a35be3c5,adv.,empty-handed,,,,,,,,
35b5d38b-5112-48d3-81aa-2465041e4a3e,mäta_6f53f566-6d06-4c99-8b02-d1c69fb115e0,n.,"type of tree with a red stem, young green leaves, and bark used as rope when old; big trees are used to light fire; liquid is extracted and drunk to treat cough",,,,,,,,
6baa4081-84c0-4107-9dc1-1ea2e85a6951,mäta mamlla_c3bacab7-59a6-42e2-92af-d6f70a1b02ee,n.,rope made from mäta bark (used to secure fencing),,,,,,,59:8,
79745e39-d8bc-44eb-913a-a4f519ee5912,mätar onyang1_76a02115-e7bb-45fd-baf5-dfedecfe90f7,n.,peace officer,,,,,,,Sawapo Badu,
103427aa-1935-436f-b474-67d6207b4d56,mätar onyang2_80dee334-5198-4394-b6c8-c9d1acde8e00,n.,type of tree,,,,,,,,
8e1fda10-3293-4986-aaf5-c993807a1f2d,mätaru_51b66e7a-98ae-45d9-9790-deac573417d4,mod.,"calm, peaceful, quiet",,,,,,,,
5d7eac7e-ce44-46b9-b8a1-d8e3ce8003bf,mätämätär_d46bdb5f-8d9e-4d20-9dc1-33e18a2fa036,n.,type of tree,,,,,,,Tony Warama,
9380b194-14e8-417d-883d-258a2a24b8be,Mätär_3b1d9691-a02b-47a9-b2f4-306cd6f0bb46,prop.n.,Mätär (toponym),,,,,,,"Bodog Jowanang, Geoff Rowak, Inawa Dareda",
65873cd3-9552-4d6c-acf9-59676fb472de,mätemäte_4075aef3-c544-4d90-94ef-05523861c52c,n.,type of introduced banana,,,,,,,Sowati Kurupel,
390ef71a-a46b-4f8f-8dd6-fc2a623f6963,mätka_17ee98e5-e2b6-447a-a3c3-3b941a61a0a9,n.,"type of tall grass with a single stem and bunches of up to 12 small, edible fruit that grow near the base",,,,,,,,
394fd25d-fc5d-48ab-ad25-eb834e9c5829,mätkakallamatt_c699606e-eefb-48fc-8f1a-61ce03a608a6,n.,type of snake,,,,,,,79:8,
2ac19fe3-fd77-4b1d-98d3-8d60c00f2ad8,mätkin_cba78e95-9a13-452d-bde4-369d31bf5f95,n.,ring finger,,,,,,,,
82871073-7c72-4de4-b1da-a9d82c2abcbb,mätkin_cba78e95-9a13-452d-bde4-369d31bf5f95,num.,two (lit. ring finger; body counting numeral),,,,,,,41:13,
44bb3616-9aa2-4347-8e23-910a5bff8471,mätta_9add2550-c84f-4284-a454-9a0353d8170b,n.,lesser yam,Dioscorea esculenta,,,,,,,
91b54104-0a0d-4a80-934d-f4455b50dfbc,mättae_6cd553ae-e67a-41a1-9064-bd1d2318a636,t.v.,"to threaten, raise fists",,,,,,,,
50852170-b1fa-4179-bc78-b6832ac38ec4,mätta pirpir_0baa0735-2cb4-4d87-b3d7-26a9bf8def27,n.,rainbow bee-eater,Merops ornatus,,,,,,Mayu Dobola,
901ae5ee-20e6-4304-83b9-20c01736e5c3,mätta pirpirik_039111e0-2cc3-42bf-8bc8-bde6f2981a75,,,,,,,,,,
5171de29-aae2-41d5-871f-3a4092020109,mättmätt_5e0aa9ba-313d-4d86-af91-6757331c2abc,i.v.,"to wear, dress oneself, put on",,,,,,,,
09834794-0478-40b5-b30d-79f0d74016c0,mättmätt_5e0aa9ba-313d-4d86-af91-6757331c2abc,i.v.,to dress,,,,,,,,
fb813763-0510-491f-ba4c-0995873c0ce9,me1_2c0fa389-e0e1-4848-8680-f2192973066b,n.,rainbow,,,,,,,,
6f3f9829-9352-4b22-9f30-baa3b0bca15b,me3_afff97db-01cc-4b1d-9d9a-571592dcd8b8,n.,,,,,,,,,
b6f02388-9709-4fdb-9c9e-ac48d82ba4d5,=me_f6d0c49e-e807-4e41-974e-6e9877691b19,nom.clt.,"locative case clitic; in, at, on",,,,,,,,
7021f2e6-9ed3-428a-b817-a762a8a4d72f,=me_f6d0c49e-e807-4e41-974e-6e9877691b19,Verbal enclitic,"during, while",,,,,,,,
8d4902a2-0cc2-4ecc-93bb-26a2f0e604ab,Medang_217825fc-951d-4944-bda0-323c3483c085,prop.n.,Medang (toponym),,,,,,,,
4eb4031e-8bc9-4f3f-b470-0c414ce50ca5,medä_1cb29e72-79a7-43ba-8f05-d852e6a3d9e4,Kinship noun,father,,,,,,,,
e2036b7a-4ae3-43fd-a9a5-3545fa7d9443,medol_f187d5b6-7a1a-4d48-a26c-9236c3f81e4c,n.,medal,,,,,,,,
8c1e2e93-f41a-4240-b177-a6a685a30248,Megam_58c2e596-7b69-4d5f-9c78-29ad6855b709,prop.n.,male personal name,,,,,,,,
5fd2f4d9-18fd-424b-8447-bbf91b9a44f3,Megi_f3383695-49be-418f-94cc-8ac00c71c85d,prop.n.,female personal name,,,,,,,,
b42a2d91-1530-4d6b-ad3b-88ef4826a1f1,mekae_0fa6d8aa-67e1-4d1e-87cb-363e2479646c,n.,type of tree with white flowers and edible nuts that children eat,,,,,,,Tony Warama,
313efea0-2ca6-4e48-b49e-def19fb40568,mekewa_3790358e-7f0b-48bf-a7a0-7cb47bb8aa7c,n.,type of introduced banana,,,,,,,Sowati Kurupel,
46d765a2-b6e2-4d03-ae96-f2f4256c47ba,Meklin_92643525-2a1a-4f20-875b-69164157c8c7,prop.n.,female personal name,,,,,,,,
a3de9dd7-805e-4084-b55a-4fe60bec76d1,Meks_74cdf7ff-9e8a-47c6-bb26-9c739913aa4f,prop.n.,male personal name,,,,,,,,
095fac2f-9ec0-42b4-a6aa-d428798f45da,melem_ce2a3458-4caa-471a-979b-8c9cf584fb1c,n.,work,,,,,,,,
f3b95436-ddd5-467d-863d-8cd6beb5fca9,melemang_decdc887-472f-43f2-85bc-73f944bb1a9a,mod.,hardworking,,,,,,,117:18,
59d9b330-45e6-43e8-95e4-fd145a586c93,melemang_decdc887-472f-43f2-85bc-73f944bb1a9a,n.,"servant, laborer",,,,,,,,
0c1fd7ec-8e1e-45ed-8f5b-892e0b68446e,melem duag_1d83ee1c-94e9-43ba-9633-4be4945c2c01,n.,stage of life when you're able to do all the work,,,,,,,176:2,
c96c6af6-eb5b-4a27-9b81-a6cdb84553c1,Meliye_41b5fd85-5016-43d8-b932-24dc26f709a8,prop.n.,Meliye (toponym),,,,,,,"Bodog Jowanang, Geoff Rowak, Inawa Dareda",
1c7926dd-5b1d-4dee-805c-bca648d65319,Melvin_f4f61476-5a18-4bef-971c-d1415d23b6d3,prop.n.,male personal name,,,,,,,,
74a0f277-612f-475c-b726-1936cb927418,memba_e046e41c-3a7f-4d00-920b-369cb0f50992,n.,member,,,,,,,,
865a5886-fdf6-4ceb-9c3b-739ce7d78dbe,memram_3b6564c7-186e-4469-9919-c61a7700c0c3,n.,sweat,,,,,,,,
d644693f-634e-42ee-b6cc-5675a57a4aaf,mena_976c704a-1ca1-4a47-8c8f-dfef3a280f25,t.v.,to scorch,,,,,,,,
53ac09cd-bda4-4dd9-88d0-ae878db313af,menae_e70e3cdb-2a2d-486b-b0cc-5e5bb73580e6,loc.n.,"side, edge; vicinity",,,,,,,,
39f3bb3b-43a8-4f6b-9924-c1e4e6bdec0b,mend_ced07f6a-2b7a-4f2f-9217-bd0338205393,n.,type of bird,,,,,,,Mayu Dobola,
090bb901-87c5-466b-91b3-023dec070738,menizment_aa3098dd-2738-4732-ae97-b92a65adaafc,n.,management,,,,,,,,
2685c6c3-b079-4d4f-9a05-6c4498e8c956,menttäg_1e5940b2-b69d-44e9-957f-1e5228de6636,i.v.,"to shoulder, carry one one's shoulders or head",,,,,,,,
1a9121cf-cda0-4b3f-9bfe-c9c621384c94,menttlog_0d69f059-a50f-4bfd-a70e-1f0359eb2ca1,t.v.,to agree,,,,,,,,
40d241e7-7ff0-44f4-9be4-e7e264dae42c,mengkmeny_b185231a-75e3-4695-a80d-505a7e5a1f11,mod.,aching,,,,,,,,
13485fea-14ff-4890-9ec4-c840f674836d,=meny_0eb72496-509d-4a47-af85-02b035884e79,nom.clt.,privative clitic; without,,,,,,,,
c1a22f7c-a6e2-4b83-9261-9a5e8994b506,mer2_c3321911-44be-4457-af91-98e20b66ef22,n.,type of spear,,,,,,,,
98baf822-ce7c-46e0-a59c-4c05ef426e9c,mer1_d8830504-f8be-47c2-ab0f-f36e42f0aab2,mod.,good,,,,,,,,
4600fe7c-fc8d-4647-9f3a-f444b0d18754,mer1_d8830504-f8be-47c2-ab0f-f36e42f0aab2,mod.,holy,,,,,,,,
724fcb1d-a3b6-42e1-8efe-6b99beac66c0,mer1_d8830504-f8be-47c2-ab0f-f36e42f0aab2,cov.,to bless,,,,,,,,
b7b586b5-e8db-46fa-bf34-4107153407b7,mer ag_47a5d136-8e92-4a94-9f50-ad0199087cba,Phrase,good morning,,,,,,,,
0a6ba25f-8686-4397-adb8-dacd0956b461,Meragag_1ecf6e12-97e3-4dae-940f-c1e273e4598c,prop.n.,Meragag (toponym),,,,,,,,
22300c43-3489-4c1d-925f-215314ed9e41,Meramerall_efb5b2e3-2e0f-4115-a825-0eac194cdf74,prop.n.,Meramerall (toponym),,,,,,,,
5e5abdc5-f48b-440a-adf2-4a718280587d,mer awi_5f8c1e99-d8d0-421f-ac8c-1be1a7cc7a0a,Phrase,good evening,,,,,,,95:26,
aa2f96a2-e321-4ed5-aea2-e84c066fec88,meresin_a34fbd06-cbe1-4e2c-83e6-53e98c3234ce,n.,medicine,,,,,,,,
277f46d1-e701-4e91-8612-aef537a50c6b,Meri_09778cd8-6717-407d-9998-867cadc4f4df,prop.n.,female personal name,,,,,,,,
752ba1b2-7bd4-4127-85fd-c560cb15f76a,Merian_ee099c78-26d8-41ae-b084-d08e1ac3b702,prop.n.,female personal name,,,,,,,,
b6033338-043a-43af-bbc4-e995dbe7a828,mer iddob_b11f778d-abdd-4f7c-b8b4-c4e829a25316,Phrase,good night,,,,,,,95:31,
15b0ffa8-518a-413a-987f-6232a70f6b01,Merien_95fee31c-0dfa-4708-8c88-f322d6af9699,prop.n.,female personal name,,,,,,,,
4cf8fec5-9508-426b-a1a3-94b3b24e025e,mermer2_bdec68ca-d163-4c36-888d-fb093f09551e,v.,"to shrink, shrivel",,,,,,,,
09200aad-1ccb-4f3a-9b0c-901929405d7c,mermer1_f2e1d8b7-8b94-413e-bc8a-d24f372e5447,adv.,"properly, nicely, well",,,,,,,,
bb12125a-15b4-46cc-a3f1-b41aa3aa2ad8,Meroka_a11c5721-43e1-41c3-be74-4d969df62b73,prop.n.,female personal name,,,,,,,,
310b6dd1-292b-4521-ac97-dba901a221c0,Merol_909f5788-076b-4b4f-91c3-a9ae3b8bb60e,prop.n.,female personal name,,,,,,,,
a66cb8d8-a2f8-4c23-965f-45974c972d36,mer toto_b32c9495-ef37-410d-ad82-7c57a73810d5,Phrase,good afternoon,,,,,,,132:8,
6cb75035-55e7-4c88-be42-4f2a73fc7338,mer ttoenang lla_9c2bde68-9380-4c3c-a9aa-239e66b6c127,n.,good character,,,,,,,117:4,
83206c91-4afd-4a9d-8301-0e57aee1ea13,mer ttoen gagällag lla_1a1f234f-a960-4aaa-ae3d-4523546b1799,n.,messy person,,,,,,,118:1,
00fe3bdf-f0c5-4770-bed8-45edcbd3069a,Mesa_dd2a9c4b-4bba-4790-9bfc-15c0bb23d68f,prop.n.,male personal name,,,,,,,,
a7ddfe0b-5fb3-43d6-8f1c-052f23298c68,met_681ead91-fa08-4b91-a659-4b0f926f4e39,cov.,to sharpen,,,,,,,,
549ec276-be91-4a23-90d5-25bc1b57caa9,metar_ea04d151-8a47-4e17-b2b4-994c72ce99ab,n.,"type of long yam with a white interior, white skin, and hairs",,,,,,,,
16d29a3f-18d2-4c8f-a139-ef4eac771d47,Metiyu_308e1a3f-d11f-4ad1-9233-84acc45ead76,prop.n.,male personal name,,,,,,,,
744b232e-a9a5-42ca-b1e1-fb5cbbe320f6,metmäll_009774b4-841e-4082-bd73-e88af2165ff4,t.v.,"to beat, flog, hit",,,,,,,,
3e4eeefe-e309-4acf-95ee-ddafc87c8dc6,Metyu_3613ae97-213b-4549-a65d-9a23919f3276,prop.n.,male personal name,,,,,,,,
a0c6683f-a243-44cd-9d22-627503b127a5,Mewato_ae2da3a7-4e57-49b1-a4e0-d7da2f626912,prop.n.,female personal name,,,,,,,,
1ee9c605-e9ef-4e43-817d-413b6a0b1285,meyang_55f039e4-7764-4af7-931a-eadbd49e0d91,Kinship noun,uncle (one's father's younger brother),,,,,,,51:31,
3c4449ff-ff9e-48f1-8e7e-d60222988ebb,meyang_55f039e4-7764-4af7-931a-eadbd49e0d91,Kinship noun,brother-in-law (woman's husband's younger brother),,,,,,,,
68c140c3-5795-4e11-9f9d-96965cfaad91,Mecklyn_646e55c0-03db-40c8-8de6-10791860ed89,prop.n.,female personal name,,,,,,,,
617fd0e3-349f-4e36-8eb4-3c8ec675bbf4,midi_7b1ea326-bc75-4762-8156-a7b54b65ff72,n.,,,,,,,,,
5c0a5369-f472-4242-a487-9953cae691cd,midd_7dc558b7-b811-4bfe-a16e-bac57a9f24a9,n.,meat,,,,,,,128:25,
69a6f299-4cc8-41d5-9f9f-cbe489548638,midd_7dc558b7-b811-4bfe-a16e-bac57a9f24a9,n.,"meaning; core, essence",,,,,,,,
f6b7ca75-552e-4eb5-b518-955466ed6dc5,Migul_8c984edf-527e-4578-abe2-701402a6b6f4,prop.n.,male personal name,,,,,,,,
dc827172-88ce-439c-984c-cad3f7d26a0c,mik_2a484898-9335-4ef4-8a77-3aa653eba566,n.,"widow, widower",,,,,,,51:12,
45fbf5d3-5998-4a16-9b64-2aee64b96056,mikmik1_4b3a944e-9948-4f1b-9eb6-cbd24d928565,n.,nonsingular form of mik,,,,,,,,
b5251674-0aa2-448c-bc90-88c4f7fa8bef,mikmik2_8ece9991-b604-43d7-996f-e63deff4a706,v.,to suck,,,,,,,,
0b3bef57-2154-425a-8438-2f8170c71487,miks_1add863c-cd64-4bed-8dc3-dbba0ecedf00,n.,"mix, mixture",,,,,,,,
93ba413d-241f-4a33-b1a8-160b83b6c189,miks_1add863c-cd64-4bed-8dc3-dbba0ecedf00,cov.,to mix,,,,,,,,
e93e8c1d-fe07-46f1-8a40-9555caa39063,mikutt_e46e2e36-8ebb-4d3c-adf1-12451c39ac20,mod.,"angry, mad",,,,,,,15:35,
2fab8c90-08f6-44a5-b9c7-0b1da927a6f5,mikuttang_1fbfbaa6-1ca9-4bd7-a72b-a7d738b93575,mod.,"angry, short-tempered",,,,,,,,
f132dadc-7c06-4679-bbd9-675fbe623c04,mikuttang_1fbfbaa6-1ca9-4bd7-a72b-a7d738b93575,cov.,to hate,,,,,,,45:1,
ce9539ee-9f52-4aeb-97c7-346b0a2dfd1c,mikuttangae_e756ef94-8363-48a1-a4f1-1c807672645d,adv.,angrily,,,,,,,,
e8aa0606-ee3e-4bbd-993d-1cb415243105,mikuttmeny_a9adc9da-b5aa-4b6c-bc26-e6f19136ef76,mod.,calm,,,,,,,,
859e4028-9666-48df-9316-d74fe752b17f,mimi_b45fb062-6483-446d-bbe6-e81a2faa0a0e,n.,pig (hunting word),,,,,,,,
b7c0d6e1-e3b9-466b-a34c-0f11f747e390,mimidämäll_751cc0da-1215-402b-b007-490ac36a2b9c,n.,type of snake,,,,,,,Wincen Warama,
2656c171-a863-4d5f-91a4-e5d1d4d6388f,ministri_e68777f3-3f27-451a-b567-fd50d7202286,n.,ministry,,,,,,,,
bc2f076a-86fe-45b3-9219-294ea802f1bf,Minkäm_bfe64282-6ab9-480c-add5-9fa515bf5638,prop.n.,Minkam (toponym),,,,,,,,
09593c76-abe7-45db-ad80-c4a3a3838390,Minkom_843d1b72-5517-4a6f-b131-c6e8e73bcd56,prop.n.,place name,,,,,,,,
225ffa48-de45-467b-891d-1f4c6ca7a281,Minkomminkomang_740757c1-d202-4586-bfa5-ec037a3b14c7,prop.n.,Minkomminkomang (toponym),,,,,,,,
c43e1539-e9b7-4910-8cc2-23f9019852a8,Minong_193873e2-19d1-4549-9711-fb66476e687d,prop.n.,male personal name,,,,,,,,
64e5f311-c1e8-4bc6-90e6-3eda670a4356,mintor_d4028f7f-86de-4629-bd69-75249315612c,n.,type of tree with yellow flowers that bloom in June and July and a root is used as a kind of hockey stick,,,,,,,Tony Warama,
0d8b73fc-8f7e-4776-b5d9-fc9c7e561492,minggore manggo_5b54c5b0-f5a6-4b7b-ba91-3373aa0af6f5,n.,type of tree,,,,,,,Tony Warama,
ade5bae1-c78f-4d52-a014-9661367c15ec,Mingkällbun_950fa33d-b0bc-4de8-949a-f87e8df394a3,prop.n.,Mingkällbun (toponym),,,,,,,"Bodog Jowanang, Geoff Rowak, Inawa Dareda",
ad2fcef7-b36a-4ed6-931a-3c9956db6d11,miny_c711dfc3-bea3-4f07-8787-83bc55004b78,n.,ant egg/larvae (small),,,,,,,,
49dfd880-1a80-4fff-bc69-575e07e97f60,minyminy_775176e5-87c3-4fa0-aaf9-422bc9e03fcd,mod.,small pieces; crumbs,,,,,,,,
4d787cae-c808-4dfb-8e96-00ce83a5ee1a,mipdab_e2de9444-3618-496a-a0cf-67f3c8919afa,cov.,to accommodate; offer food to a visitor,,,,,,,,
0f1dfa45-a022-4759-a6d4-fbaddd58892a,Miriang_ccf53a72-9cc9-435a-8f34-15f9f0728a98,prop.n.,male personal name,,,,,,,,
ddcc70e1-6cbd-419c-ae46-695e42d571b0,miriwa_8137a885-4ba9-44f8-a812-40d2be60f3e4,n.,type of pandanus,,,,,,,97:37,
03b6b696-7599-4e18-80ed-1359d0831ccb,mirmir_a95f3a1a-acd2-4063-b1db-eefa28e016ad,t.v.,to lick,,,,,,,,
0f005b4a-0492-44e1-a1dd-df4680f5c060,miroli_03c6baa0-6bf1-4c29-b72d-ba58dfe818c3,n.,black-capped lory,Lorius lory erythrothorax,,,,,,Mayu Dobola,
c0361a2c-2bed-4d1c-8136-593f64db727e,misdae_d48e005c-36df-4bb7-84c3-6b985775e2e3,adv.,"just, simply",,,,,,,,
6c0be56f-04b1-4826-a953-1fad32f9f678,mise_01125511-8279-4552-a4c5-e78bb3ae0fa8,n.,common cicadabird,Edolisoma tenuirostre,,,,,,Mayu Dobola,
0d1c0cd5-8983-4fb1-a377-54cd25654fb7,misituryam_71771d17-d17d-4782-a542-228bd903eaf4,n.,type of long yam with a white or purple interior,,,,,,,,
bb65552e-a29e-4a07-9360-31f271eeef5f,mislok_a3956aeb-a7be-43e7-b287-821fe7ceb5f2,n.,type of introduced banana,,,,,,,Sowati Kurupel,
2a177f29-5019-4930-be2c-f4d13fb55f12,mismis_3ce4fb16-cd9e-4187-86bf-c29dbe8e5b45,n.,type of tree used for firewood,,,,,,,Tony Warama,
33c6d580-07f6-4f1e-9258-2689801ae313,Misseilene_89101f9b-3d7e-4205-97cd-fe6a0ef6e650,prop.n.,female personal name,,,,,,,,
2b8bec48-a5ef-42a7-b3cb-01ba552e63b2,mista_278d9300-12fd-488d-935f-0b737ce57fb2,n.,mister,,,,,,,,
f366db43-a945-4c40-978e-826a546d92cb,mit_aad91605-272e-4e12-a61d-afdae76955da,n.,base (of a plant),,,,,,,,
ae19e948-8522-467c-932f-5a22b3727d5d,mit_aad91605-272e-4e12-a61d-afdae76955da,n.,"reason, sake",,,,,,,,
eb8ad8f6-553e-4de7-ad17-759dede16f40,mit_aad91605-272e-4e12-a61d-afdae76955da,n.,"origin, source",,,,,,,,
6aff856d-c5e8-47d1-a9c2-d9c8bc0ac1b6,mit_aad91605-272e-4e12-a61d-afdae76955da,n.,,,,,,,,,
0f0b70d8-1acc-48d3-bc00-194aefdef2b0,mitamitang_a8fbc464-0bb5-4b04-a52d-eb276a7f7eca,cov.,to blame,,,,,,,,
f13e509a-d864-4231-b356-b9e9795c8030,miting_471faced-c0ad-471b-9c46-33549b000d6b,n.,meeting,,,,,,,,
3b209c39-5451-40ac-94d2-aefecb2aa887,mitmit2_632a2b54-5468-440d-bcd9-7d664a3ed357,n.,blunt axe,,,,,,,,
9481d925-da97-4a8c-9c24-45dc5a040c90,mitmit1_8adf9d86-560d-4dbd-928f-b2dab8d0cb72,cov.,"to miss, long for",,,,,,,134:20,
d72a13a6-b9a5-448f-a089-26e30305edea,mitoem_50e67334-ce7c-4308-aaf4-b420f22f7f5d,n.,type of mushroom,,,,,,,Joshua Ben Danipa,
ff397106-9c52-4bff-aba1-b983bc7908ce,mittapa_e136e2cf-64a3-4d20-aee3-04f7e84de4df,n.,"extremities of face (i.e. temples, cheek, chin)",,,,,,,128:3,
fcbefbd2-ce2c-42b5-89ea-f709a702ed40,mittäpa_0750db57-6c47-4275-b18f-52e4e99b02dd,n.,side of head,,,,,,,,
e9455954-28a2-4730-87f9-08396f5d65df,mittin_5ae34104-c138-455b-ac0f-708fb4b8187c,n.,meeting,,,,,,,,
83b949d0-1e2b-4cd0-b795-7d5fb558a748,miwiwi_08aa0698-188f-4155-a589-34b2fbdda935,n.,"dabbling duck (pacific black duck, grey teal)","Anas superciliosa superciliosa, A. gracilis",,,,,,Mayu Dobola,
627c405d-b3b5-4d1d-b2ab-326a6cd671cb,miwiwi_08aa0698-188f-4155-a589-34b2fbdda935,n.,spotted whistling duck,Dendrocygna guttata,,,,,,,
f2a07a55-3229-47ff-92bc-ba3885e5ba4a,mizi_2575b672-97ef-402d-8b69-cf1b0d92a314,man.adv.,usually,,,,,,,,
25c3119a-68cf-4b8a-b2f5-387a6b143c25,Michael_43d4043a-af6d-4360-9713-0b6f3ad3b5c6,prop.n.,male personal name,,,,,,,,
1f6685a2-262c-41f9-8f5f-3f73cedd1463,Michaelyn_45f80a7c-d728-4a07-9731-aee0c233322b,prop.n.,female personal name,,,,,,,,
ea034515-0116-4cc1-8a76-dcf97d140327,Michelle_b8f54304-4c25-44a0-aa4f-c31a2223f14e,prop.n.,female personal name,,,,,,,,
4e011734-4516-4d8d-84bc-efd58ddc2304,mɨka_3a748281-e8c7-4f13-ab4e-a4980d20eb31,n.,type of introduced banana,,,,,,,Sowati Kurupel,
f367a4f1-1c11-4241-9150-634099f86482,mɨnyi_c6ed2115-7f02-496b-b5d1-4d8a65579b6e,TAM particle,future tense particle,,,,,,,,
66676030-d95e-487a-a0fc-f8c3acdecaaa,mo_7a5cd02b-9d22-495d-b5b1-fdbae3129562,n.,"step, stair(s)",,,,,,,158:35,
21db91de-1d12-497d-ae25-7b8c62b6ca38,mo_7a5cd02b-9d22-495d-b5b1-fdbae3129562,n.,bridge,,,,,,,,
775bb364-7ed7-45cb-afd2-c5c73803067d,mobera_d90b4d06-5be2-4f15-80eb-d979ed7211f8,n.,outrigger,,,,,,,183:18,
a761f8fd-39ac-4218-a8e0-655617860217,modaeb_cbaa2334-d194-4675-8cb0-ca0f632e98c1,t.v.,to feel,,,,,,,,
3bebf316-62fc-468a-bd3f-442b1c60972e,modgae_a80a6851-0e23-421a-bfe3-f6a40b6c22d6,v.,"to chase away, potentially an Agob word?",,,,,,,,
45698495-634c-468c-8c69-66bc39d8a1ec,Moed_a9dc4598-9790-4804-b3b8-f4dc2e64bd3e,prop.n.,Moed (toponym),,,,,,,,
d995fddc-54de-49ca-8e16-b17101cb1adf,Moem_f79113d8-d5bc-425b-a4ec-866d2b904e38,prop.n.,Moem (toponym),,,,,,,,
5f872ae6-2faa-4b18-a998-b9f336339ea3,moep_5d9c1806-24d6-4a9c-aca3-322e35b99a5b,n.,charcoal dust,,,,,,,,
c11a79c1-d56c-4295-993b-0c3befc4cc77,moepang_eeaaa528-6eaf-495e-813d-562293f051dd,mod.,matured,,,,,,,175:18,
79acda96-c6bc-4aa4-9ffd-180868cc643c,moepang_eeaaa528-6eaf-495e-813d-562293f051dd,mod.,charcoal-stained,,,,,,,,
bd299551-cbb9-4189-ac99-db6fade10e58,moepo_5f9696aa-9406-42f9-95ed-829b52cf296b,n.,"type of tree that grows in the bush with white flowers, inedible red fruit, and poisonous seeds and bark; an indicator that the soil is fertile and good for making a garden",,,,,,,165:32,
fd64c989-7cde-4265-88f1-6208d4313974,moepotatae_26e3d366-8370-41ac-86c5-f3fc13817013,n.,type of tree,,,,,,,Tony Warama,
5f5d161f-ad5f-48fd-800a-82a32c7e6f8f,mok_df5ab1cb-cf5b-4263-aa62-f32e7bc190dd,n.,"friarbird (noisy, little, helmeted)","Philemon corniculatus, P. citreogularis, P. buceroides",,,,,,Mayu Dobola,
6e8e0d94-19d1-41e5-b599-ae3d5a8ea965,mo katrekatre_5e3951d5-5d68-4fd1-96bf-009277d993fa,n.,staircase,,,,,,,158:37,
f666ceac-8d4e-4e0c-985b-5f42a09c0972,mokmok_95b969b6-1950-4f3b-b711-e0471bb11c38,v.,to wipe; dry by wiping,,,,,,,43:16,
c3e5cb8d-4c3e-45c5-ae2f-9460041dd6e0,moko_ca52a5f9-93ec-4a17-85fc-1422947d5403,n.,"desire, want; love",,,,,,,,
3d66954b-5779-49d8-8f31-089d74e43683,moko_ca52a5f9-93ec-4a17-85fc-1422947d5403,n.,"taste, flavor",,,,,,,,
522beab5-04df-449d-a37f-95f7909b6fe4,mokoang_a5964385-ccdf-48f3-b9a1-39ef882c7d70,mod.,"desirable, enjoyable; preferred, favorite",,,,,,,,
7a293181-fef6-4181-a496-cf493c9313f7,mokoang_a5964385-ccdf-48f3-b9a1-39ef882c7d70,mod.,"tasty, delicious, flavorful; sweet",,,,,,,,
0398cae1-7b0b-42dd-9b9b-6e96fbc0786a,mokoll_e2d3fa4d-3f82-43a1-9b81-96dd92d86591,n.,"type of tree that grows in the bush with thick bark, white flowers, and small green fruit",,,,,,,Tony Warama,
eb7cc332-936b-45ec-9e26-b9ec1be143dc,mokon_ceaef991-d16e-4aa9-a91d-654194f3e1b3,t.v.,to anoint,,,,,,,,
41bd6311-f8bb-46bb-aa12-a23553ac2ba0,moksir_4b0638c2-8685-48ab-b245-e8720c743781,n.,type of tree,,,,,,,Tony Warama,
1e3bd083-d885-4d3d-aed2-a6ae0406b752,molemoleg_000af5d2-0d6b-4cc5-84be-0d27aff39974,n.,type of grub,,,,,,,Joshua Ben Danipa,
8671fad4-b88a-4868-b56f-5fbffb93a665,Moli_ab90bda5-68f5-4e23-82b2-0e71f8768693,prop.n.,name of a male ancestor (brother of Lamlam),,,,,,,,
2b605283-c57b-414a-b43a-9bae977021da,moll_228dd3b3-a9f2-4671-8659-8b8aa73f791b,n.,type of tree that grows around Malam with white flowers,,,,,,,Warama Kurupel,
b2270cd1-5936-4fbf-9dea-59fa8de8b4ab,molle_cf5f03c7-f297-45ff-bc56-ebf43d55a0ee,n.,"scent, odor, smell",,,,,,,116:1,
4d2e4b13-4e95-4e79-b085-f1c809c6660c,molleang_d7d7e44b-13a5-4b6d-b255-9142caad4974,mod.,scented,,,,,,,,
d73ed679-e3bc-4fb8-a4fe-54d8de8d2fa9,molle dändär_5544e31d-8440-4f54-88f5-6efe3fdc0aeb,comp.v.,"to smell, perceive a smell",,,,,,,,
0b73b576-2568-48e1-821d-8282bd4fe468,molle dungg_98917f5b-395a-4b63-80f1-c36ed04a59c6,comp.v.,"to smell, take a whiff",,,,,,,113:18,
8d72d9f0-c10f-4783-8b3f-3402ba690a5d,mollemeny_556115e4-98ae-4349-95c6-b530e7b04f00,mod.,odorless,,,,,,,,
c406556d-89b3-45f5-83f2-e8ff9a550ea9,mollemolle_fb5d993d-af14-4134-8398-a1968dbe32d2,cov.,"to sniff, smell",,,,,,,,
b85b5645-d155-4f52-9497-b3c2e8a616e0,mollok_b91f809f-6ad3-4560-8ed2-756f6667ed9f,n.,type of introduced banana,,,,,,,Sowati Kurupel,
a373a21c-27f7-4484-9cf5-9fce9ed34943,mollong_32613875-3d19-4e4a-b0e6-6cb641cdd051,mod.,smelling,,,,,,,,
1c426a05-b243-48c4-824f-2d806073a5ef,momana ma_dbe29715-4bca-49b5-9345-aa7f7304e357,n.,hideout made of leaves for hunting cassowaries,,,,,,,,
06ce0bbf-a662-45df-b885-cb1c22a16990,Mome_83ae70e1-9665-460c-b4ad-a22b4819cefa,prop.n.,female personal name,,,,,,,,
c86e5f7c-569d-4920-8fa1-256648a47ed2,momea gäl_4147e901-95cb-4535-b36e-9c3be22b4b9f,n.,type of tree,,,,,,,Tony Warama,
726a1d49-3b8d-40da-ab59-8166576903b4,Momeya_96b8905e-2ab6-491e-beab-ce3d7171aea2,prop.n.,Momeya (toponym),,,,,,,,
4290cdcc-0b26-4493-acd9-220d8c1a3ace,momolltätän_26b0aba4-7ab7-4dc2-b2b5-a6b8d93bbc04,n.,type of introduced banana,,,,,,,Sowati Kurupel,
ca5f9e61-75e4-4ddd-9d82-2ef3795ef2ab,mompara_924761a0-c137-4c31-b7f8-3a8bb5ed2966,n.,type of tree that grows near swamps and creeks with white flowers and yellow and brown fruit that ripen in April and May and are eaten by deer,,,,,,,Tony Warama,
0716f6ae-3114-4a3c-8ef1-d9a49e0cd6e8,mompel_21fd403e-7ae4-457e-ab02-6aa9df2030f7,n.,aibika,Abelmoschus manihot,shrub whose leaves are eaten with sago,,,,,Tony Warama,
adf62791-3d07-426a-9fbf-3e0c55ff60ad,Mompelang_5268b61d-90cb-4222-bee0-8256178f7030,prop.n.,Mompelang (toponym),,,,,,,"Bodog Jowanang, Geoff Rowak, Inawa Dareda",
5b0aa541-bb2e-4136-a1b7-3e991e15c3db,mondo_d3242351-7964-4ee5-a06b-8657fa145c15,n.,type of tree that grows in the bush with green or purple fruits that animals eat,,,,,,,Tony Warama,
ea8fb090-0d40-409e-87e0-6275d43e3d21,mondre_38c3051e-4331-4b2d-a885-4cc4f1d35981,n.,"gardening, garden work",,,,,,,15:1,
006644f9-ad8e-4f71-828e-50dd56114ad1,mondreag_fb1c8ac1-712f-4f3c-95c0-0f2dfb8e4e27,mod.,"gardener, having a green thumb",,,,,,,,
559a88bb-f476-4770-b35e-aaf08ee27c30,mondremondre_050a647f-fb48-486c-a87e-3f65c227d58b,cov.,to move,,,,,,,,
5eb46af1-28ab-42e2-b34a-d9584cf4c53e,mopmop_88c74ad3-5a3f-4f8c-9b51-7bad1919fd30,n.,type of tree that grows in the grassland (~3 m) with white flowers and red fruit that are eaten to treat cough,,,,,,,Tony Warama,
e0edf1f4-1c16-4b17-be3d-2e0744a320a1,mormor_b0f6fb9c-622d-406a-8254-1ed63a931bae,n.,type of small herb with white flowers and ovate leaves,,,,,,,,
5e3c6cf9-a92f-4819-9cbc-73464666e51d,mos_2f9a599e-3f12-4faf-92df-8a2e435d5adb,n.,type of goanna,,,,,,,,
1f97877c-b422-4950-b82e-54594dc70144,Mosbi_f961b10b-0411-4b45-beb9-c1c82c6d1edb,prop.n.,Port Moresby (the capital city of Papua New Guinea),,,,,,,,
d2c6e5c9-d8dd-489e-9b67-09e0de106476,mosemosen_ee83280f-1202-4c0f-81a3-3aa9011be73f,,,,,,,,,,
481e337b-33d6-454f-9441-0f26953f3d87,mosen_786e6564-1453-4c23-bb8c-74dd876a5f91,Kinship noun,older sibling of the same-sex (man's older brother or woman's older sister),,,,,,,51:9,
97141fc2-0f67-40c3-9063-4aaae227d7f2,mosen_786e6564-1453-4c23-bb8c-74dd876a5f91,n.,"eldest, firstborn",,,,,,,,
bfe47332-27e1-4816-8c6e-48c415d0bee2,mosenmosen_d90764be-cd45-4acc-aba0-0d4d993bca14,Kinship noun,older siblings,,,,,,,,
494af50b-442a-4f0c-a9f6-5162bcdf6095,mosenmosen_d90764be-cd45-4acc-aba0-0d4d993bca14,n.,"elders, seniors",,,,,,,,
56c4e85d-8017-40e3-8858-ad6ecade5df9,Moses_0c492808-8dac-4c0d-9798-412c432d691f,prop.n.,male personal name,,,,,,,,
abcdb96d-5f32-4731-9976-0e3114c42fae,Mospi_a94b0cec-8015-452e-afc3-70e7cb73b586,prop.n.,Port Moresby,,,,,,,,
a742a70a-11f5-4680-bc3a-5b3ae3620abc,motom_38ff50ff-776b-47fb-b7b8-e6b865dd7163,n.,type of small taro,,,,,,,Sowati Kurupel,
8d86b43e-1d82-4889-bc0b-0344804467a1,Motu_fd4045b1-8995-41ab-8a00-b19106acda45,prop.n.,Hiri Motu language,,,,,,,142:11,
0e1aa5a8-6ad2-46eb-b9ee-856a6f324550,Motu loanword_9de514f6-12bb-4d41-9be4-0e0586feac2c,,,,,,,,,,
e924ecee-e61f-4782-8988-ab0ef08fa1cf,Moyabag_f2b28d02-ea01-475d-8067-d2a0d9897483,prop.n.,male personal name,,,,,,,,
616ba2fd-1a0d-4c63-99d3-be6ce3b05ecd,Moyäm_bb7c23e1-179b-4371-9c9d-d6e2f7e3138d,n.,Moyäm (toponym),,,,,,,,
26e48ce8-949b-4db8-969b-d7e8bd8c1f1b,moza_7e924e2c-b658-4bb4-860b-1ad102c345b8,n.,type of venomous snake,,,,,,,,
dc59e452-112e-451a-a8e1-6810646f45f5,mozaya_f2f6a183-8750-4a08-9066-1aea9df5e13a,n.,"type of large, edible fish found in the swamp",,,,,,,,
6d321d28-2893-4ae5-ac83-1a11f1923d04,mu_37ee4421-fd4a-46a9-aec1-a282f92c46e7,n.,"payment, price, value",,,,,,,,
b8d1df26-6215-482d-b8ef-3e6c4681188c,mu_37ee4421-fd4a-46a9-aec1-a282f92c46e7,n.,"response, reply, answer; repayment, revenge",,,,,,,,
80c907c3-73d7-4130-9106-d251c726b641,mu_37ee4421-fd4a-46a9-aec1-a282f92c46e7,mod.,valuable,,,,,,,,
5bcaccb4-db9b-47d1-9238-6f2063c9d3e3,mubine_da3d6c99-4c7e-468f-b62d-4f6574e1e08d,n.,"dish consisting of food (such as banana, yam, or sweet potato) with coconut cream. up mubine, mätta mubine, nai mubine",,,,,,,,
5653dc7a-f321-478c-b7b6-3548aeae6bbb,muda_850c356f-538f-46c9-a4dd-355cb9b5435a,TAM particle,prohibitive,,,,,,,,
11f073a4-86f5-4af3-a3b0-1c439aaf682f,mudag_7c6f825d-459b-448e-9ed2-985a62788838,cop.,present plural form of mudan,,,,,,,,
6f16cc8d-3c86-4736-bd3c-5c4e1fc05bf2,mudageyo_9281da91-3827-43fa-8294-5196ce288bda,cop.,present dual form of mudan,,,,,,,,
a0288750-64e9-4cb7-855e-7247e786e4bf,mudan_ab5fffc1-0351-4afe-8a43-08dba8dac5a2,cop.,prohibitive copula (present singular form),,,,,,,,
142f9436-fc17-464e-aab1-1cabd0b0b6e0,mugbusu_c26ce7b5-43ab-49dc-b0b6-8e779a9de197,n.,type of taro,,,,,,,Sowati Kurupel,
f03c1f6a-08c4-4a9c-be23-a4400b1d95d7,Mugi_0603eeed-b5fb-4333-a230-b73070fac13e,prop.n.,male personal name,,,,,,,,
c673615e-99cc-4554-a1d1-8f1f900ae938,Muidebag_f01e90d9-0ace-4ebd-a3fd-924f7e95dd68,prop.n.,Muidebag (toponym),,,,,,,"Bodog Jowanang, Geoff Rowak, Inawa Dareda",
54d5aae7-3e6a-41a7-b0e0-602fb4cbc323,Mul_845f7dbc-9294-480c-a818-3098dafd6082,prop.n.,Mul (toponym),,,,,,,"Bodog Jowanang, Geoff Rowak, Inawa Dareda",
13c66ed0-79c8-411b-b1c0-8a96203809a1,mulkul_f81c70dc-9785-4eb5-a556-bcd50bc61800,n.,brain,,,,,,,127:23,
cde3e26a-ef6a-4336-a99e-e71c2219f455,mulmul_4f85f0ed-2cd4-4a4a-ad39-9129fef64436,n.,rite of passage,,,,,,,,
3bec58e4-8ddb-410e-9aed-30f8836ef3cb,Mull_b507296c-25f0-4bfe-b93c-8db13585bd99,prop.n.,Mull (toponym),,,,,,,,
e114b0f9-7cc5-4d7f-b173-4bc05413bbf2,mullae_a3ee78eb-08e3-4388-96ff-8164178027dc,mod.,enough,,,,,,,,
63901972-1206-446d-84ed-04acaa728e0d,mullae_a3ee78eb-08e3-4388-96ff-8164178027dc,mod.,"able, can, be allowed",,,,,,,,
56751ba7-9f20-4ed1-8c21-bc0f4adb119f,mullaemullae1_17f58026-da6c-4c55-9c47-22aacaa8c9aa,mod.,nonsingular form of mullae,,,,,,,,
74504cbf-50af-485d-8b5e-f580e3a4aa28,mullaemullae2_669a6d5a-2045-4df9-bc88-e136f67fe674,quant.,every,,,,,,,,
bf959be5-5d16-4f78-a44a-f1dfe2d2a410,mullamulla_08b4cb51-36fb-4da2-a437-232351d8e402,n.,medicine,,,,,,,,
71bd3aea-ddf5-4cee-a52b-23230d03fafb,mulldae_a9082e95-4c64-4bca-8d8e-2126c93a5973,mod.,able,,,,,,,,
bc17789f-7be2-4b12-afd7-13d61fcfae9a,muminy_ccad9dcd-df99-40f9-a198-b20c96fafabe,mod.,in debt,,,,,,,166:12,
9489b8a1-4aef-4cae-8f06-6f112e379fb4,Munu_5ef7a05c-3d9d-4c21-b6a1-395e3fa21a86,prop.n.,male personal name,,,,,,,,
52c35ba7-f03a-4be1-9802-954f2764a223,mupni_393c3c91-5c50-4076-9cb3-a1e60a13a42c,n.,type of cultivated mango tree with fruit with yellow skin and a white interior that is juiced,,,,,,,Tony Warama,
0544a67e-4e5b-4249-b05f-d59a695c4840,Mur_655d6192-9197-44d6-abe5-726b9118d3f9,prop.n.,Mur (toponym),,,,,,,"Bodog Jowanang, Geoff Rowak, Inawa Dareda",
6f855ea6-a315-4542-9130-5a2d942d03be,mur_ae10a495-2a99-49d6-a994-2215218b1f30,cov.,"to clean, tidy",,,,,,,,
d64bfb1d-89f0-4aa5-9712-c941809f2ab9,muro_496ff964-7cd9-4e5e-bebf-2d13d6b92e92,n.,magic,,,,,,,,
cf73c652-655a-4d60-87e8-3a552d5bb772,Musato_56ab500e-b6c6-4338-8dcf-a49682051ab6,prop.n.,female personal name,,,,,,,,
7f186e8e-555d-4804-8fbf-b10415899059,mutae_0615f776-45db-4447-959b-727fe81d8932,n.,"type of yam with a yellow interior, no thorns, and a vine that grows clockwise",,,,,,,,
39e08120-bae9-41a7-8c67-5438f8a15b78,mutt_600ea568-85d3-4e34-820a-628af8fcb7ea,n.,river source,,,,,,,,
36481d0b-205f-45c2-9684-119f2b0b1637,muttbul_2cd1c7e6-a5a8-4b28-bed1-8df397eb2802,mod.,quiet,,,,,,,,
26793bad-7f73-46d8-9663-8e062b463620,muttmutt_a3efc0d6-9063-4d21-ac7f-b56a6635cdb0,n.,type of grub that lives in the ground and eats crops,,,,,,,165:6,
7497c598-77c8-4b3d-bcb2-db5fa7ba43f5,Muyabag_f6c74ffd-247b-4ef2-81b6-b50459188fba,prop.n.,male personal name,,,,,,,,
76af7cff-04d2-48ad-96be-bf6d12242c1c,n-2_c5187e3e-12a1-4ae7-9e00-87eb60abf88a,v.,,,,,,,,,
f234f436-a63d-4247-823e-7fb1913a41b0,n-1_d64273f7-34df-41e7-bc72-4dd8e0414f1b,v.,marks a singular or third person plural patient argument of a transitive verb in the recent past tense,,,,,,,,
ba0a8616-b84a-4f45-8b32-a3eeffb9bc2d,n-1_d64273f7-34df-41e7-bc72-4dd8e0414f1b,v.,"marks a singular or third person plural patient argument of a transitive verb in the future tense (/irrelais mood), but only when a third person acts on a second person, or a second person acts on any person.",,,,,,,,
871fc002-7dad-4040-b91c-ac01f943bb68,n-1_d64273f7-34df-41e7-bc72-4dd8e0414f1b,v.,,,,,,,,,
db980ea7-c9bd-4782-a241-e051771923da,n-1_d64273f7-34df-41e7-bc72-4dd8e0414f1b,v.,,,,,,,,,
9c829472-49b7-4bdd-8962-fed27f26c07a,n-1_d64273f7-34df-41e7-bc72-4dd8e0414f1b,v.,,,,,,,,,
09aad44c-25ea-44cb-8063-a1a988932738,n-1_d64273f7-34df-41e7-bc72-4dd8e0414f1b,v.,,,,,,,,,
b2e44fd7-20ea-4df3-9eb0-926d523f2f1d,n-1_d64273f7-34df-41e7-bc72-4dd8e0414f1b,v.,,,,,,,,,
e0ae15b7-9465-44ea-b727-a8e7b34c222b,n-1_d64273f7-34df-41e7-bc72-4dd8e0414f1b,v.,,,,,,,,,
fa94b955-faf3-4363-9e89-bf6a4311e8fc,n-1_d64273f7-34df-41e7-bc72-4dd8e0414f1b,v.,,,,,,,,,
a48e6ebd-7612-4d2f-8f25-2415ff17a162,=n_f3737be5-6177-48b0-92c4-2f3a2184933f,Verbal enclitic,cop.prs.sgS,,,,,,,,
8b412c57-0f1a-4836-966b-cc7d8a684b35,nadum_f98bea96-a01d-44ec-be7a-fc5d7b39ffb9,n.,namesake,,,,,,,,
0e53f6bb-6637-4f2f-be20-aef9015c8c0c,nae_ee794c6f-5716-4943-a5d3-a2ac7fc622b8,n.,sweet potato,,,,,,,,
a2e8bca8-be2e-4722-aa9e-1a15f61f115e,Naemäll_929846f1-e0e6-412a-ac22-f546d76e5974,prop.n.,female personal name,,,,,,,,
f6081511-6d2b-4c03-b686-5a54498458e7,naen_8ed0881e-9ef8-4553-a44e-6325e08b542b,num.,nine (English numeral; also general),,,,,,,,
c923f7d2-5435-4cc5-89b1-372195bf2835,naenti_7b8f54a6-42a0-4ab7-83c8-94b8800f7e24,num.,ninety,,,,,,,,
905d2581-a8d0-49a9-a56c-68cb14e1daa8,naentin_bb4bb5e3-3ede-4f78-b1ca-d8646414b245,num.,nineteen (English numeral),,,,,,,,
36f12cdb-e11b-44c2-8d97-11c59f22ca6f,nag_1516eaf6-7f9d-4c1f-9998-cc39eb70b834,Kinship noun,friend,,,,,,,5:14,
7dcb5d66-6c06-4b9f-9c6f-3680a90ddc26,Nagab_b711f843-e3f0-4651-8be2-9b5b144de656,prop.n.,male personal name,,,,,,,,
6e19254e-5c21-4465-a7eb-a92121997323,Nagat_0465bcd8-69d0-4429-9e7d-82f815c8fcf4,prop.n.,male personal name,,,,,,,,
e42a3cef-3d79-4d2a-9da8-2e9d902880de,Nageg_03760391-1622-4166-8e95-f2a67361ae76,prop.n.,male personal name,,,,,,,,
3cd60628-ed67-49d9-862d-7278634c8ce9,nagnag_729de4f0-1eab-4940-b605-369c829d1637,n.,nonsingular form of nag,,,,,,,,
c6a38047-b9b3-405d-86c6-061485dac368,nag ttoen_e51724ca-21bf-481e-af3c-eb5e7619722f,n.,friendship,,,,,,,,
ce055bb1-a794-4645-be87-d1d5ddeca306,naigae_e3e7b407-78d8-41d4-81a2-34e5d84c8fd7,mod.,south,,,,,,,,
14a41040-f5b6-41b9-a60b-97c091a5b90b,nain_5ce61b13-afa0-49b1-b1d0-e50ef49d20a4,num.,nine,,,,,,,,
883b9b56-d880-4f60-a500-c6fba93c1a6c,Nakaku_65c051a0-17bb-438a-8055-b1bd227b6e6b,prop.n.,Nakaku (toponym),,,,,,,,
d76e374b-1a39-4f8d-bfb8-480632b30e0a,Naklae_23fd1051-4ae0-4870-889d-b1f05bb44111,prop.n.,male personal name,,,,,,,,
23d1c7c6-de41-4e8c-a6eb-6c292aa49687,Nakllae_b8907cab-ef20-4d04-8340-b01adbfd367b,prop.n.,male personal name,,,,,,,,
740962f4-dbb5-4e4f-a0f1-bdb00171a33a,Nakuri_b6e5284f-6b2f-46a2-b2f5-6da76f056d0c,prop.n.,male personal name,,,,,,,,
1b6ef148-1363-40fd-9173-dab6634fc979,Nalon_2b0341c1-e83e-4588-9a39-fa4b803bbe45,prop.n.,male personal name,,,,,,,,
77eed9f9-fcf8-486e-9225-9cd3ce6a0bba,=nalla_e9a231a1-419a-46ca-b09d-d95b5c3b7c36,aux.,aux.prs.1|2nsgA>1|2sgP,,,,,,,,
736db03c-ace1-40aa-9841-c210d291773d,=nallan_3d973d8b-7e89-47eb-8273-4c9df1be704e,aux.,aux.prs.1|3sgA>1|2sgP,,,,,,,,
0ee79a3c-5aff-447b-ad3f-6f61f1ea16cf,=nallan_3d973d8b-7e89-47eb-8273-4c9df1be704e,aux.,,,,,,,,,
9cf0ee03-8c18-40bd-bf15-692b9ea78b3d,=nallan_3d973d8b-7e89-47eb-8273-4c9df1be704e,aux.,,,,,,,,,
1c0d23d8-55ff-4cf0-be95-fe22ba1009bf,=nalle_91e39baa-0c24-4066-bf3a-c1ce85730a58,aux.,aux.prs.2sgA>1sgP,,,,,,,,
feb75194-67af-4c30-87ca-9fcd4b8da92e,nallib_b02b5dde-d609-45df-9e6f-91fed61f66a1,n.,type of spear,,,,,,,"Johnny Bodog, Inawa Dareda",
71cae7b7-88d6-4be1-9586-acb7665cc612,=nallo_7a40ea0b-b6b4-4ff4-9e0c-40bc863a3fac,aux.,aux.prs.3nsgA>1|2sgP,,,,,,,,
b6a5284d-2c58-4199-9ee6-eedaec9eccb9,=nallo_7a40ea0b-b6b4-4ff4-9e0c-40bc863a3fac,aux.,,,,,,,,,
df684578-6905-4bd3-ad78-c705219fd4ee,Nama_375317a7-d18f-401a-907f-fd10771873be,prop.n.,male personal name,,,,,,,,
0e84ab2a-4e42-41ae-917d-4bdeb9a73268,Namaya_0425cf38-516d-45c1-a131-fd9450a36572,prop.n.,female personal name,,,,,,,,
31fb39a9-35df-4fc6-a85b-eeb34b1f4bc7,nane1_ea5577a2-ce21-4556-ad1a-11bcdc633850,Kinship noun,aunt (one's parent's younger sister),,,,,,,,
4163fd59-885c-4739-8a4e-77ac27564769,nane2_eff6b87e-535f-44bf-88b3-d956bc804b81,t.v.,to drink,,,,,,,15:21,
6c34d0ec-9ae5-45e6-9278-71f69e07be03,Nanggon_11600167-1987-4eb2-a053-b2369a1af317,prop.n.,male personal name,,,,,,,,
e2a17533-035c-4dae-8b73-9031641de665,Naomi_1241e363-8a32-45ae-a62d-02b1fc1a9128,prop.n.,female personal name,,,,,,,,
96addf0c-b459-4338-ac5a-4ffdb7025ec8,Narma_9299c26b-1fb1-4028-815f-b4345abaaad9,prop.n.,male personal name,,,,,,,,
5717ec08-147a-4fbf-a848-5b01eb79a746,Nasma_b667cf37-fd03-46d2-9fc6-72f4b5bdcaa7,prop.n.,male personal name,,,,,,,,
58309049-1683-444a-82fb-44c9017759d0,Nazaret_1842df95-e4ad-4695-be19-bf7a022c3494,prop.n.,Nazareth,,,,,,,,
efaef027-3dbd-4ce8-834a-ebea6941ca18,Nägäm_5df60594-a232-493e-bdeb-eafd33839c5d,prop.n.,male personal name,,,,,,,,
3446092f-03c4-42ab-872f-59a79e3fa324,näk_701a71e6-cb07-4519-b015-bfd965a701e3,cov.,"to hiccup, or to have a pressure feeling on your throat or chest from eating too many bananas",,,,,,,,
13128b7b-cb0d-4c60-a73a-5188620fa3cf,näkäp_1d841fb7-89e2-4ba5-b45d-57dae4ef4026,n.,"mind, mindset, consciousness; thoughts",,,,,,,,
9795c7a2-3db0-4fac-86d2-64a05596c4f2,näkäpang_9961621e-c486-407b-836b-a279933c9994,mod.,smart,,,,,,,55:25,
36e3235f-17dd-4b83-bed7-6eca44febb91,näkäp de pänae_35823bdc-94c7-487f-a7d6-72ce4c193d71,Phrase,to change one's mind,,,,,,,113:3,
4684069c-adb8-466a-a5eb-74e1096384ce,näkäpmeny_b38f1f98-26a9-44ef-839d-e6a4059bc64d,mod.,foolish,,,,,,,,
d5c31d2f-fa6b-435c-9a99-56db5ce58c9a,näkäpngon_5ce979bf-bf3b-4ff4-adb8-8fc0fb3901c4,n.,"thought, knowledge",,,,,,,,
e3c9d86c-e11c-4eb9-8334-0b12f99b55fc,näkäp ttomoe_cf551cd9-91a9-417c-a4ba-f0cf7de4cdb1,comp.v.,to worry,,,,,,,,
be00ae5d-adb5-4f86-88c3-700a1fb6cde5,nälan_42b550d3-4f59-44f3-9fba-fe550d557bae,man.adv.,accidentally,,,,,,,,
27d8bc88-257f-4425-9c1c-d81ae94f0cb8,nänäm_3500e1e4-e400-44a0-9102-96a18b41fd7d,n.,diagonal checkerboard weaving pattern,,,,,,,177:6,
1cd8315b-6805-4f09-89b4-4bdcdd010593,Nänga_8ea0df50-1ed7-4c02-8efe-9da4c1a92f5a,prop.n.,female personal name,,,,,,,,
2e36ffe3-0459-45df-995d-425576f867c3,nängga_1bcd5c03-7e3f-4ed1-ab1f-7b18226b68d5,n.,type of pandanus with bunches of fruit with strong shells; they fall one at a time,,,,,,,97:33,
1e0428dc-0166-4f01-9fbc-32c7cfa8ea02,nängttäg_f0819f29-d238-4194-9806-73158e3e33f1,i.v.,to come,,,,,,,,
383f494a-a392-4282-869c-d4c6441f38f9,nätnät_f2ff089d-2ee0-4e52-852d-a50130d9ef07,n.,insects,,,,,,,,
e5646db1-f0b3-42ac-af97-c3bde72400d0,Nedlyn_fc8429cb-3d83-4c34-a995-60379fae61a3,prop.n.,female personal name,,,,,,,,
6bb9dee8-cf6c-4325-8864-eafb25afa1fa,Nensi_c797abe1-2a99-4a10-b09d-6a4374653e6d,prop.n.,female personal name,,,,,,,,
48a6a911-5853-4f29-b2fd-91269f79f8f2,nepi_2b1c1005-715c-49b8-906e-b6168f48fdbc,n.,napkins,,,,,,,171:7,
aaa5a7cc-ecc3-4aee-ad24-e2d77584857c,nes_6e2ff06e-ccef-472c-8eb5-63d4a235ca88,n.,nurse,,,,,,,,
5d1dc021-b95a-4bab-989f-a9fd69a6e826,net_8b9a54a2-d8e5-408e-b3b5-8d4aa74c0b02,n.,net,,,,,,,,
91e19e06-bbc6-484b-9124-8256958898dc,nidol_183fc0d8-8077-46ce-b4a2-0bacc5c46fcd,n.,needle,,,,,,,,
18c56321-b02f-43d4-a5e2-c38c91897c02,nikbin_02ebd5bc-94e4-4c81-804e-a0271582e317,n.,nickname,,,,,,,,
f2aa4118-1d16-4112-be25-962f71709ec9,Niki_aef0d843-d0c1-4ba1-97c3-485f21845483,prop.n.,male personal name,,,,,,,,
3720184c-4da8-4c75-b725-0b2a549dafed,Nikol_4a3deb0f-8f43-4218-a097-6d3c5f361267,prop.n.,female personal name,,,,,,,,
473b37fa-221f-40fc-bd73-a20fbb101bcd,nil_a8d2fff5-13c8-4eda-b13d-7f6550b0745c,n.,nail (made of metal),,,,,,,,
a2e7cc9c-aff2-4919-a460-8ed7460c750c,nineyem_678008e5-2b8b-4a7d-9159-1b264445dd6b,n.,whisper,,,,,,,,
e0c786d9-974d-4f70-ae0d-d6955dbc06c1,Niniab_3d082459-f92e-4e76-8b23-6c224e78e783,prop.n.,male personal name,,,,,,,,
c4ed4e70-d09d-4bd0-867c-fd7d553166e8,Nicky_08eab15b-7261-459b-af46-41bea72b0a1e,prop.n.,male personal name,,,,,,,,
d22e698e-23cb-4ce5-a8db-d776dac76cfa,Nixon_b8fc0e28-1c5c-49f7-bae5-f1849e6fb0c4,prop.n.,male personal name,,,,,,,,
def32c5d-2b32-4eec-b9fe-a0b06a36283d,Noar_d2f74371-5f4d-4b16-83a5-69cfe45ae8a3,prop.n.,female personal name,,,,,,,,
e8dd71f9-2763-4b0e-9793-b058a907e7d9,Nogat_3890d373-343d-42c1-814d-a42568d2bc66,prop.n.,male personal name,,,,,,,,
473bdf7c-c930-4c80-9fac-e38d3133b46b,Nolin_f8a8009c-3b63-471f-aa9b-6b6855085b28,prop.n.,female personal name,,,,,,,,
ece052a0-cc12-4774-9c29-7c7c6550700c,nono_1f17a448-b49c-4d3d-b159-49934dc2f641,cov.,"to crumble, make soft",,,,,,,,
5df9592f-4aae-40fb-8669-3c13bb9369bd,nongg_71006fa0-975b-4a03-b3a8-d4fddc54d4c9,n.,type of gecko,,,,,,,,
50bdbdca-81a0-4671-af2b-7e3ab77c9c07,nongonongor_f4825c94-5d00-457a-9127-07e9b9ea232e,mod.,itchy,,,,,,,,
345fdab8-7c3c-4a14-8561-e261ee998d16,Nope_ee0c2ff9-0d51-499f-b333-e468fbd5d1cb,prop.n.,male personal name,,,,,,,,
ceda0761-7b90-4825-8b04-18087abf4e31,nopmäg_83837f7f-3397-4da0-aef6-08aed20f7b90,Kinship noun,one's mother's exchange sister,,,,,,,,
7815d69d-5a84-4740-bcfe-bf8475be4d51,nop mu_b206c131-3eb8-4a30-8c3f-d7b06f03c8e9,n.,inter-tribe payment,,,,,,,39:5,
19808827-c355-475a-a250-1ec273274d80,noponda_c857ab81-1b6c-4ef8-9f1c-47f801106c58,Kinship noun,one's father's exchange brother (still owes him),,,,,,,51:32,
d7bd91f2-ffc6-49dd-a9b8-b3b9d2923fbc,nora_b85154d7-e037-44a1-9c90-a6a5a4789565,n.,type of big introduced tree with red flowers that attract birds,,,,,,,Tony Warama,
e24c7f1a-6be7-4ba9-84c7-484f44209502,Norma_89e03c56-febf-43c8-9d1a-0d79fba6231e,prop.n.,female personal name,,,,,,,,
7a9157db-2498-4dda-9aac-3e6afd6bf548,Nuam_bb05f4d3-93c6-4613-bb16-0ba593b8f396,prop.n.,female personal name,,,,,,,,
eaab520c-2477-40ec-8531-0cfcd9b0cb57,Nugini_96d89089-53a8-422e-a89a-4e1ed501dd0d,prop.n.,New Guinea,,,,,,,,
b5c333ba-1515-4200-bb14-5645e74b71d9,Nuopin_796a7d94-42eb-4a10-ba3a-209bf217f3b1,prop.n.,female personal name,,,,,,,,
bf8a053b-7ea1-4f6a-a1ef-c1a8e141ef0c,nurae_304e90b9-8d33-440a-b10f-50bffd52d1a2,n.,type of large bird,,,,,,,Mayu Dobola,
b07fbf2b-004d-4cd2-a7a1-5a05bee1d88e,nga_4daf1aae-4b18-414e-ade3-9d86828bb9e3,TAM particle,marks immediate or near future,,,,,,,,
f1c3d847-b7fc-4dab-b456-e22d254b4613,ngal_69d6de10-3b5c-4bb6-87a3-4055f1b6e560,cov.,"to waddle, shuffle",,,,,,,,
0dff24b6-69e1-4d27-b588-1f0db5c417d9,ngalbongalboe_7f06a939-448d-46c5-b0b1-92d1e39bf701,adv.,on the side,,,,,,,,
df61f678-d6a8-4476-b6c9-6e5a0d862154,ngalen_3fec27e4-fd26-4f79-97d8-579e54dfdafb,n.,"way, habit, manner, custom",,,,,,,,
ff0773b7-785f-4b16-870a-b6ced43afde3,ngalen_3fec27e4-fd26-4f79-97d8-579e54dfdafb,n.,thing,,,,,,,,
14d01363-6f81-4c90-8fc8-a80d5c8d2482,ngallmeny_d58976ed-81fe-42df-bc79-ea20e52fbc80,t.v.,to advise,,,,,,,,
b1a3deee-3bbb-40c7-93bb-dcad5a345a1d,ngallngall_c00a27dc-5312-433c-aba1-80f7d28d79c5,n.,"catbird (spotted, ochre-breasted)","Aliruoedus maculosus, A. stonii",,,,,,Mayu Dobola,
2139a5e5-e97c-4125-9e8e-ad9424f4c984,ngam_572e0e93-cd35-4455-a1f6-9f795db179b8,n.,breast,,,,,,,,
9540040d-d006-4fef-9a6e-d3ebf7682f25,ngam_572e0e93-cd35-4455-a1f6-9f795db179b8,num.,nine (lit. breast; body counting numeral),,,,,,,42:10,
e951865e-bbe6-406b-92c3-06e6e53d0afd,ngam indäb_9501d874-0048-4587-8239-d15c9b4540c4,n.,"nipple, teat",,,,,,,128:35,
a411f51d-9083-4605-819c-0a7a2004bbd4,ngam koll_501fa818-ffeb-4978-9744-07790dcd36a5,n.,breast,,,,,,,,
381bdab3-bb37-4c49-8479-85ee4807f001,ngamtep_4397c20d-fc7d-44dd-8320-159e6922de25,n.,type of mushroom,,,,,,,Joshua Ben Danipa,
f6f1bebe-bbe7-4b89-9cbe-b544251bcaf1,nganae_b0d882bc-ae3d-4423-95ca-60659e5c3d33,t.v.,"to coil, go around",,,,,,,,
0f1e0ca3-b123-4ebd-a967-54f92931b23c,nganae_b0d882bc-ae3d-4423-95ca-60659e5c3d33,t.v.,"to spin, rotate",,,,,,,,
cdbdd42b-2b61-46b7-a145-ee84700c6d4e,nganaenganae_d2963fc2-2646-4f7d-a595-8020db73f699,mod.,wrapping around,,,,,,,,
1f2bed02-9003-4d5b-8fda-0b85e691e33c,nganzig_ed3a038c-d49c-4d7e-b580-248bace0d4d1,t.v.,"to pass, overtake",,,,,,,,
8e474001-e9ac-43eb-ab6d-668beaca67ae,ngange_9bf991c9-de64-4b79-b0a2-78d650f7ee1c,t.v.,"to communicate, deliver a message",,,,,,,,
de971ecc-0313-479e-8b0d-327b09897ba1,ngange_9bf991c9-de64-4b79-b0a2-78d650f7ee1c,t.v.,,,,,,,,,
47ca4974-1c1d-4adc-ad0e-0751653dcf8d,ngangem_39f97d50-e8aa-4389-9a17-72a949b3beb8,t.v.,to adopt,,,,,,,,
77a6e464-227d-4af9-9edf-dd6afc99a40f,ngangeyang_01f83d53-1508-4502-a46d-0ee791bcf52e,n.,messenger,,,,,,,,
f4054ae4-1e88-4693-9dcd-375eaae7a599,ngangleb_aba962b9-d704-4eda-8af3-6b94b20d326b,t.v.,"to look for, search for",,,,,,,,
eb851482-6dbf-4fc7-884d-617ad0d8aeb0,Ngao_6394ad1f-2acf-40f6-90db-09af86313bed,prop.n.,Ngao (toponym),,,,,,,"Bodog Jowanang, Geoff Rowak, Inawa Dareda",
4f3b615b-698e-417f-bb42-457521d4eddb,ngarängg_3d4778f9-0340-4357-9d11-c246f38fe21d,t.v.,"to encounter, meet, run into",,,,,,,,
e5893260-079b-4e60-a18f-2791ac44f850,ngase_bad6f21d-c267-4ec6-a205-1a8e00ff7dd7,TAM particle,hortative/optative particle,,,,,,,,
d6e7fba1-366f-4e9b-8a5b-973e9210f6c7,ngasekäma_af928d27-ebc6-4a19-a07c-29b694f6178f,TAM particle,"potential marker; may, could, might",,,,,,,,
fc9d89ea-fee7-4e48-a7cd-745ab61a2bbc,ngasekäma_af928d27-ebc6-4a19-a07c-29b694f6178f,man.adv.,maybe,,,,,,,,
099292da-51e9-4675-826f-088e9c8830e6,ngasnges_03ca7c30-3d5a-40f5-a5de-a489fdbba137,t.v.,to do,,,,,,,,
068ba9c1-aa67-4d69-b7ec-1cfb4c3461f3,ngasnges_03ca7c30-3d5a-40f5-a5de-a489fdbba137,t.v.,to make,,,,,,,,
d62c9f37-9c16-4b55-bf72-20b8dc862048,ngasnges_03ca7c30-3d5a-40f5-a5de-a489fdbba137,t.v.,to happen,,,,,,,,
21c793a9-ba32-4519-8d2e-10f1c3813e17,ngata_568a26d0-ded0-4b68-81e8-1ed67541d98f,n.,spot,,,,,,,,
bf76b4b2-b295-465a-9920-5799d008a3af,ngatae_8562f0e9-d8f2-4f47-8fef-90d243fcad30,t.v.,to visit,,,,,,,,
12708ced-2cd2-450f-ad00-8d3791e033c3,ngata me_7d3c52b3-b164-492a-a962-1f85f2432716,adv.,"around, about, approximately",,,,,,,,
a69d954c-90a6-4b57-b931-400436cec603,ngatangata_76a7bb05-c68d-429a-aeda-f55ee3fa0c99,n.,small space,,,,,,,,
769efa0a-343d-483b-8a58-50fefda76f3f,ngatengate_4921eb86-0ad2-4504-a054-8cf810f36ec4,n.,"gliding possum, sugar glider",Petaurus breviceps flavidus,,,,,,Joshua Ben Danipa,
efe6cca8-9281-4e18-8a69-1ab536b96fed,ngatt_feeebb12-b95f-42f8-aac7-24fb3f8c1dfb,n.,type of tree,,,,,,,Tony Warama,
58009034-19f2-4b00-bdb7-c25a6adc86d6,ngattong_a56ac947-ad74-4d1a-80d2-47d676fd311b,Ordinal numeral,first,,,,,,,,
236462f8-ca63-4b4e-ab26-41f16a02829b,ngattong_a56ac947-ad74-4d1a-80d2-47d676fd311b,adv.,"first, at first, initially, previously, before",,,,,,,,
4a13e0c4-0ded-4985-a24d-f8a949ef814a,ngattong_a56ac947-ad74-4d1a-80d2-47d676fd311b,n.,beginning; past,,,,,,,,
18631217-83e7-4fe9-9b50-45941df6a621,ngattong_a56ac947-ad74-4d1a-80d2-47d676fd311b,loc.n.,front,,,,,,,,
410efe5b-1134-4985-a123-d13e0030abfd,ngattongattong2_2af415b7-9e15-443b-ad3f-d8c660060982,mod.,"very beginning, very first",,,,,,,,
e7c94533-ae20-4c73-9037-f91e364f9cdb,ngattongattong1_a79e36d1-94aa-4b78-9dcf-bed3e5ccfec6,adv.,"ahead, in front",,,,,,,,
da1ba0e9-5a75-44cc-ab59-dc0999f15cfa,ngattong mullmull_09aa28b8-6393-472d-ae09-33479dd073b1,n.,the very beginning,,,,,,,,
fc8b4265-95e0-4380-9b9f-4bc62e62b34c,ngädngäd_25334727-73ea-4f80-b423-c1a92f22046d,i.v.,"to roll up, curl",,,,,,,,
03c440da-e481-4d13-96f5-8872ac7b319a,ngädngäd_25334727-73ea-4f80-b423-c1a92f22046d,i.v.,"to roll up, curl",,,,,,,,
2eee6b33-1792-45be-b1ba-47a2a83220f3,ngädngäd_25334727-73ea-4f80-b423-c1a92f22046d,i.v.,to fold,,,,,,,,
a79b57e5-9d8c-4dbd-97b6-fd0093ca73c7,ngälngäl_42e407ff-3920-401e-8f32-033c208101a3,mod.,round,,,,,,,147:10,
063b3552-5f3e-475d-8210-d7e50a901931,ngälladab_27ed3667-242f-4175-9fd8-f8151deeb5f6,v.,,,,,,,,,
2e3636e4-c8f1-4ff0-a8f3-ad8a28d3df5a,ngällae_309e53ab-9ffb-4351-b9d7-3faf912df1a6,i.v.,to look back,,,,,,,,
c28258a3-06d5-4255-9d6a-a7ee809d317c,ngällbän_62dba2a5-e8f0-4f97-815b-4f7ceb1618dd,i.v.,"to rise, arise, come up",,,,,,,,
f843b600-fd38-44cc-aa1a-f5df363da204,ngällbän_62dba2a5-e8f0-4f97-815b-4f7ceb1618dd,i.v.,"to awake, wake up, get up",,,,,,,,
819014b7-eeed-4492-a291-bf9882f2f984,ngällbän_62dba2a5-e8f0-4f97-815b-4f7ceb1618dd,i.v.,to lift,,,,,,,,
43665917-5227-4aee-9d58-b445de128a58,ngällbän_62dba2a5-e8f0-4f97-815b-4f7ceb1618dd,i.v.,"to get, take",,,,,,,,
c827f58c-efdc-437c-9418-994b4dc4b1d3,ngällbän_62dba2a5-e8f0-4f97-815b-4f7ceb1618dd,i.v.,"to wake up, to wake",,,,,,,,
d526e15d-ea4b-4464-bf27-7b9e5c0e2278,ngällngäll_192d21bf-7442-46e3-84cc-72a45000c4a4,t.v.,"to produce, yield, bear (fruit)",,,,,,,,
e3ae2277-48d2-4af1-a847-e5c3235964a5,ngäma_750b5efa-593b-4097-ba3a-99c16481d09c,pro.,possessive form of ngämi,,,,,,,,
ef48541d-571d-48b4-ae80-2922d66ec3d3,ngämae_305a177c-7f46-494f-8892-d0b7bd0f6cb3,i.v.,"to go around, take the long way",,,,,,,,
1dcc4739-0701-478f-802a-ff19f6ba487b,ngämaene_288f8b37-d9e0-41d4-a5eb-edc64623ebf9,pro.,ablative-possessive form of ngämi,,,,,,,,
060e73b4-2073-45f1-b8de-ee014400375f,ngämangäma_ff88f76e-c573-4677-889d-863f36113932,pro.,,,,,,,,,
bda672c5-fd78-46ca-8a7c-c2334231e876,ngämar_187ca0e5-393e-4898-a846-dbb7fbad14bb,t.v.,to haul,,,,,,,,
22918c19-c198-4eb2-b5e8-5af4fedb2544,ngämen_3ffebb1c-c2cf-4dad-b477-14f2fa03e484,t.v.,"to reach, catch up to",,,,,,,,
30e9aeaa-74aa-43e1-9bba-4c05780ff35a,ngämene_b0d03de1-c32f-4b57-a80f-04cc85ec933c,pro.,ablative-possessive form of ngäna,,,,,,,,
9ae3e6b3-56e3-4384-8dae-04f8f477715e,ngämengäme_91c2e9d5-bc61-49f8-91fb-70d1ceb02542,n.,"type of vine with sweet, edible fruit that are yellow when ripe",,,,,,,,
c3379d4b-112e-45b2-b0f1-633264e33ab0,ngämi_9a294c45-2af4-4879-8120-9eb76dc0489f,pro.,"we (first person nonsingular exclusive pronoun, nominative form)",,,,,,,,
82b55a4d-ab48-4eef-8994-8d1072d9cd1c,ngämim_623b4e6a-a9c3-4205-a5db-83b17b9190ba,pro.,accusative form of ngämi,,,,,,,,
9771aa3e-601d-46e5-a97a-14e901da2670,ngämingg_cdc40dc2-9011-4418-8844-df5252ac7a74,i.v.,to help,,,,,,,45:10,
5e7b341b-58a4-4f54-8778-cdd2f67637fb,ngämingg_cdc40dc2-9011-4418-8844-df5252ac7a74,i.v.,to answer,,,,,,,,
61e47540-c506-4f51-89e6-f0ee83e81bd6,ngäminggag_168c9164-a9de-4bde-8db7-b11b09dd967b,mod.,"helpful, supportive",,,,,,,117:11,
a232a477-a975-417c-a995-d46ae901233e,ngämira_992478f9-54be-47be-80f7-34fe0b935b08,pro.,dative form of ngämi,,,,,,,,
e6f3fb25-8bdb-47fa-9fe2-e72d5c5f24a3,ngämlle_6ba43ceb-db09-4634-baff-4f468e4b1da0,pro.,dative form of ngäna,,,,,,,,
7c28905e-3d12-4919-bdba-088108a7997b,ngämo_09327aa4-57ad-4a84-95df-36124d17556e,pro.,possessive form of ngäna,,,,,,,,
fb363cc4-1afc-4a9b-a4ae-1f9cc7c8e786,ngämral_1bcbf82c-208d-43c5-b450-0fc20dd3e445,n.,type of vine that grows in the bush and irritates skin,,,,,,,,
e1a22d6e-3dad-4541-9ea9-45375d652c6b,ngän_7d4fd61c-268a-4f7c-8b52-3554cd7f2bb9,n.,boundary,,,,,,,,
c7e70354-2da5-42c2-9da3-0319138b482b,ngäna1_727e6f97-4708-4f69-a6d9-e5dcc45219fc,pro.,"I (first person singular pronoun, nominative form)",,,,,,,,
b68b0ef4-1c64-44a7-ba24-06a99bf788c4,ngänaeka_9bae27e6-2209-423f-ac2f-875284ba5a1f,cov.,"to cry (about, for)",,,,,,,135:4,
d30f7f1e-64ff-4414-ac46-e2d4117d7c86,ngänaekangänaeka_08749bc2-85f8-4b83-93aa-b15131e1066e,cov.,nonsingular form of ngänaeka,,,,,,,,
179f8566-0450-44bf-ba7c-1810dc1ad120,ngänaeka pollongg_d9399fb7-c3fa-4d9a-b086-9868004fafc3,comp.v.,to burst into tears,,,,,,,,
021003d9-e5f0-44f4-a9e4-4c5b04eeeb87,ngänaeka täräm_29f9b7ef-f5db-4186-a731-945a6828ca28,n.,tear,,,,,,,,
0903ee45-e93a-439d-adef-b7e5a05b6514,ngänaekongänaekong_b5a27f26-dc8c-4c9a-8d8b-6982ee6c20ca,adv.,"crying, in tears",,,,,,,,
33ee71ff-ebf1-4064-9a03-af18fb261aa8,ngänam_7cafcd85-f9ea-45ea-8c83-b8cab44f5d99,t.v.,"to understand, recognize",,,,,,,,
afc25b7f-2fc1-4678-aa21-b9c27042c3e3,ngänam_7cafcd85-f9ea-45ea-8c83-b8cab44f5d99,n.,understanding,,,,,,,,
abfb5ba8-9c84-4189-8522-97ef9593b48e,ngänameny_5c33d50e-54bf-475e-a0ce-92d9df154003,mod.,"unrecognizable, obscure",,,,,,,,
d9fa371e-0c4f-45d6-b745-de7450187be8,ngänaurur_bd5dae6a-c294-469f-859f-b046a41b7702,cov.,to mourn,,,,,,,,
d43f2b6d-5311-40c9-a765-278bede2b0e5,ngänawa_337e88d7-da69-40ee-857f-5aa1b1f28378,pro.,emphatic form of ngäna,,,,,,,,
51d34ff9-63dd-4e3f-be36-6544b1cdd45c,ngänawaeben_138d0060-dcbf-4154-b74b-fba50098fd37,cop.,restrictive copular form of ngäna (present form),,,,,,,,
fd7c7fcb-24df-412b-bc52-7648006f9459,ngänawaenen_7602fb89-35d2-4330-b4dc-e201b00850dc,cop.,copular form of ngäna (present form),,,,,,,,
68f3e4e3-b7b8-46a6-bb7b-52fd353d1094,ngänäm_4e38f440-ed43-4778-88df-c23331f25218,pro.,accusative form of ngäna,,,,,,,,
03cd2be0-0c5a-42be-a2e9-cf265b42bbd6,=ngänäm_b633c3b9-ebc9-44f8-9048-d0b466c75cf1,nom.clt.,similative case clitic; like,,,,,,,,
12f157ac-a49f-4add-a41d-1a106103eb3f,ngänngän_a3a4f0cc-3825-42b4-b088-bbfd5edd5e9b,i.v.,to swear,,,,,,,,
922fe441-24af-4e32-87f8-3b48eed86356,ngänongg_d4828c7e-9cad-4499-980a-6e10e9470a1a,i.v.,"to think about, think of",,,,,,,133:12,
7b9bbfd4-3337-468d-8471-c44a4b7bec35,ngänongg_d4828c7e-9cad-4499-980a-6e10e9470a1a,i.v.,believe,,,,,,,,
e425b885-453e-4ebc-96f6-1286d2a6d13a,ngänttäg_b56b9529-e27a-402e-b05a-f84368c3b4c5,i.v.,"to arrive, return",,,,,,,,
d7c9f888-a2fb-4aaa-9e28-ec1c4cdc14a7,ngänttäg_b56b9529-e27a-402e-b05a-f84368c3b4c5,i.v.,"to bring, carry",,,,,,,,
144bb949-4890-4211-a0fc-fabc145ea097,ngängäll käm_06d3bff4-fcd9-408f-802d-cb078c30f237,n.,body part,,,,,,,128:15,
6d88ba02-c45f-4113-a8a3-5755189e0ae4,ngänglam_aa75541d-6345-4962-838b-177aff80b38b,i.v.,to buzz,,,,,,,112:2,
892c525c-8fde-4f10-a31e-ec6a22efdb78,ngänyanyemmeny_15bd46c9-f10c-4f4d-bb48-e6910e59513b,mod.,"mean, unkind",,,,,,,118:4,
685525b5-1d9a-4791-be11-868cf568a40e,ngänyngäny_c22ec29e-df2d-4161-9439-e5df2fc550b0,t.v.,to swallow,,,,,,,,
99be0af3-aee0-4709-b9cb-61e4812e568a,ngäs_662c3ccf-2783-4553-b397-96df29d8013f,i.v.,"to return, come back",,,,,,,,
0e5c8878-a8a4-45f1-b34c-2b8aeeeeedab,ngäs_662c3ccf-2783-4553-b397-96df29d8013f,t.v.,"to return, bring back",,,,,,,,
6a2abce5-f368-4ec3-972e-5325a99c10cf,ngäsangngäsang_dcb110b0-76c1-4845-99a3-da3fc71a4771,adv.,repeatedly,,,,,,,,
eb6bff63-de1f-4e92-b5f1-0067ef4ccc58,ngäsengäse_dae08b38-7aaf-42b7-bd16-84e635540e56,adv.,"back, the other way",,,,,,,,
fbcbb86a-ff4d-4017-a5e3-79fa80b5ebed,ngätae_ebc99180-a60d-42bc-9eaa-6a494abe6c56,t.v.,to check,,,,,,,,
54cd5b45-2b91-4686-9322-f13d4a76b5d3,ngätt_fa97eafd-7981-496a-aed1-1a630c35feb6,n.,yard,,,,,,,,
a3e6e778-4a5a-44ec-97bf-207996209dbe,ngättangätta_849ecb76-3a42-44d5-8784-f773f5c950c7,t.v.,"to block, obscure",,,,,,,,
69884046-4043-4ef8-bb63-cebda418ff25,ngättangätta_849ecb76-3a42-44d5-8784-f773f5c950c7,t.v.,"to occupy, take over",,,,,,,,
b98d6852-44b4-42d7-a37d-8336520fc517,ngättangätte_03577aa1-cbc1-4212-a11d-0b1c2555e4b4,t.v.,to count,,,,,,,55:10,
4cade4f9-4928-437f-bf03-306a512b35e3,ngättangätte_03577aa1-cbc1-4212-a11d-0b1c2555e4b4,t.v.,to read,,,,,,,,
4b5b1024-d82b-4bef-8df6-5577c4afa293,ngättäma_4baefb1f-1872-41a7-b8db-8848be37e175,n.,"place, spot",,,,,,,,
653f7def-89c5-48a1-83bb-b732fd9b45c9,nge_c906b3a9-5559-41d4-b485-4deb9e0b43da,n.,coconut palm,Cocos nucifera,,,,,,,
caec0b92-896a-4aed-b96c-19337deaa13f,nge_c906b3a9-5559-41d4-b485-4deb9e0b43da,n.,coconut,,,,,,,,
4f17487b-30c4-4428-ade8-79979b0f8275,Ngeba_050e1e30-b235-4536-b659-3980b4d46d17,prop.n.,Ngeba (toponym),,,,,,,,
45f37ef5-4be8-421a-81e0-8e4abd86e396,nge dara dara pite_16f25fd7-2265-4caf-bbe7-0acadc78347b,n.,coconut grass skirt,,,,,,,171:22,
599401f4-abbf-45ff-ba34-bef827438c76,nge dɨdɨr_63e884c3-8b52-4c7c-8935-3e62808175e3,n.,fully dry coconut,,,,,,,,
04cc8775-1962-4c8c-819b-f52930293119,nge dɨdɨr_63e884c3-8b52-4c7c-8935-3e62808175e3,n.,the eleventh and final stage of coconut growth in which the fruit is completely dry and brown,,,,,,,,
e888f571-57e0-4f30-b684-a3c1adf8daa3,nge ibeny_c129421a-d4c9-4aff-9195-9d5cf84f6f95,n.,planting a coconut as a gesture of peace,,,,,,,64:8,
8128ab9c-0300-4a14-80ef-ed7497d77161,nge id_96e72214-8464-47b7-899d-4d065cfcb004,n.,coconut cream,,,,,,,113:2,
c70f865a-2714-4d5c-ab26-3f87202c5f7d,nge ine_206eef3f-12a0-4683-bbf9-3ae2a0844d84,n.,coconut water,,,,,,,,
9d5b7145-dfcb-4136-a0c8-44bcf65c42c7,ngem_53e644cf-761a-4c2c-9816-be7bf70d73e0,n.,virginia oppossum,,,,,,,78:6,
e86753e6-8aae-4575-b582-f3e4830f9927,nge pollgo_84d1c992-a761-47aa-97ac-7babd458c21c,n.,"coconut frog, green",,,,,,,,
1a92416d-20e5-41c7-9ca5-c82e532b716a,nge popo_222e3837-7f66-435c-ae65-3f201639fc0f,n.,coconut flower,,,,,,,,
e16f9397-5537-44a0-aa25-90f3541c3f98,nge popo_222e3837-7f66-435c-ae65-3f201639fc0f,n.,the fourth stage of coconut growth in which flowers appear,,,,,,,,
6e651299-e749-42dc-8bf7-bbe5274aba2e,Ngerbab_11dcf280-d129-45d7-9d8a-08e5b2034e3f,prop.n.,male personal name,,,,,,,,
c4f5ff22-b95e-4612-8213-70d546610e54,ngetae_6d112dc8-6bb4-4dcd-9442-7e5f57acba80,t.v.,to touch,,,,,,,,
555d57fc-e05a-4dad-a96e-5dce9f3375fb,ngetae_6d112dc8-6bb4-4dcd-9442-7e5f57acba80,t.v.,to get engaged,,,,,,,,
75695b77-b6ee-438d-9c58-d36a4630f9f3,ngetae_6d112dc8-6bb4-4dcd-9442-7e5f57acba80,t.v.,"to unite, join",,,,,,,,
567d2b2d-81cf-453a-9b20-bb4d1758b5ca,ngetae_6d112dc8-6bb4-4dcd-9442-7e5f57acba80,t.v.,"to grip, hold onto",,,,,,,,
df1738f5-e6e8-4dcc-a5bb-3c460ff68fb1,ngetam_fe76c12d-ba1c-4fa4-9004-6f5c68fe0004,i.v.,"to come down, descend",,,,,,,,
f5695d1e-ac44-4421-a2f9-637610c64b00,nge tärmir_bfb1ae3b-2b6f-4a58-b149-db70c843d981,n.,type of snake,,,,,,,66:17,
2942a949-7a05-4a0e-98c6-35848a85af70,nge tikop_cbab7f83-134e-43fd-9591-381e03ac5b24,n.,"tiny coconut, baby coconut",,,,,,,,
f94ee63b-b6f0-443b-ae71-24ee933ecf57,nge tikop_cbab7f83-134e-43fd-9591-381e03ac5b24,n.,the sixth stage of coconut growth in which the fruits have a diameter of ~5 cm,,,,,,,,
dec061d4-120f-44a4-81c2-5dcd390dd194,nge ttam_c120ec6f-6ec9-44f7-8cc6-a76973c45276,n.,coconut frond,,,,,,,,
8e339c18-b93d-4a4c-8e01-63f94a365f21,ngleg_f62bec03-cf8c-44d0-a673-b11f7224b2a5,t.v.,to clear the ground before building,,,,,,,,
eb2d0649-fea3-45ff-9514-5c694c9385be,ngllongg_fa8a0fda-5fc7-4caa-b98f-0d1544d58eb2,t.v.,to forget,,,,,,,,
cf1331d1-ba2e-48d5-bd63-fa9a00efa73f,ngoeang_a3c07ef0-8bbb-4c9c-898e-76776b27ae64,n.,traditional Y-shaped house post (used prior to nails),,,,,,,,
bbbc909b-1b56-46e8-954e-5965b5dd35b1,ngoetrangoetra_ace03361-5395-47df-b227-f5528aeb2756,n.,type of ant that doesn't bite,,,,,,,,
fea9857e-8981-47d5-abfa-235ff25a5c7e,ngoi2_41445f12-329b-4785-a9f8-e8ca8563c85c,n.,tooth,,,,,,,Mado Karea,
8695e120-4be6-463b-8544-383413feea2e,ngoi1_97b82eba-ff6c-43dc-89e3-2516043986fb,cov.,"to crowd, surround",,,,,,,,
ff3f04ed-94ab-460e-9cb5-9fdc9957d558,ngok_b3b10faf-b2be-4789-89ef-d5e9bec98219,Ideophone,"oink, snort",,,,,,,,
c01e9119-2a74-45cc-998c-8120df358d6d,ngokngok_2124330b-b0f2-4a4d-89aa-11b5b9261d11,n.,"boobook (Australian, barking [barking owl])","Ninox boobook pusilla, N. connivens",,,,,,90:9,
82435816-f627-43aa-a8ee-4e5f63a75b2d,ngolo_da42eeb3-681d-4b02-8d53-7938e2d5a6e1,n.,"type of big yam with a purple interior, thorns, and hairs",,,,,,,,
d769b99c-e765-4d6a-9e52-98e74572a0d8,ngolloe_ffadd222-0d55-4474-ad9f-3f0fb60eb6d2,t.v.,to look up at,,,,,,,,
c07b1727-610f-4525-8c6d-3484fb662c7c,ngollot_0f9d7d25-87a2-473a-8513-fc591c0822cc,t.v.,"to make burst, make explode",,,,,,,,
5af0264a-d503-478e-9525-a832a78851d0,ngon_45d6a30b-04a7-4590-a3f4-b7ac88e474e6,cov.,"to walk in a stylish fashion, to strut",,,,,,,,
167cbf23-7871-4a1d-90e4-7345b84e0225,ngonenngonen duwem_1434c04d-2ecc-4f3c-8bb3-458512d0f1cb,cov.,"to scarf down, eat very quickly",,,,,,,,
09537e08-fb89-4895-abb7-7115ad1cba9c,ngonoe_b370ce92-1955-420a-a209-83f522078c4c,t.v.,to ask,,,,,,,,
4931abed-14b4-464a-aa04-b3bc0a031fb5,ngonoe eka_4a0b2a19-f1c1-4ff5-b8bd-c300fed9f0d9,n.,question,,,,,,,,
9176ed09-f020-47ea-bc41-c5caeeca934a,ngonongg_931020df-8680-47da-95fa-fb60710bae70,i.v.,to think,,,,,,,,
bdf75313-8716-4525-8bc5-5b6e1a02f7a0,ngonongg_931020df-8680-47da-95fa-fb60710bae70,i.v.,"to think about, think of, recall, remember",,,,,,,,
de770f16-c474-41e2-82b3-84a538b77e00,ngongo_f86b2197-df32-45c1-9682-1cd0c962d6ac,t.v.,"to smooth, sand (a surface)",,,,,,,,
6cfeb756-676e-4281-9402-d69fa24749ce,ngongop_f3eddb47-d754-44d1-8f22-46a6832e6ecc,t.v.,"to hug, embrace",,,,,,,43:9,
685ecdbc-6548-4ebc-9bb6-aca40cffe31d,ngowangowe_9bb3e827-b9c3-430a-912c-d45ab683f022,mod.,narrow,,,,,,,148:1,
c58c7226-c51e-4242-9e73-870dc098a4cd,nyaknen_022e70d8-f05f-4660-863f-1270290aab66,i.v.,,,,,,,,,
0a4dfa17-8ef3-475f-9b36-7af11724b2ae,nyamäll_62a3bf6c-0180-4332-bd3e-0bc619d33b30,i.v.,to be late,,,,,,,,
38a7226d-831b-4c7b-8d82-c707ec497aef,nyamällatt_2e4585a4-6617-468a-9265-0ae72a000944,Kinship noun,woman's exchange sibling's child,,,,,,,51:35,
6a668222-3d2e-4fb9-9bc8-86a680ede59b,nyamnen_ecf3579b-2266-4fa3-ad2b-985d4fa3f717,t.v.,,,,,,,,,
baab87fc-11bd-4fd8-87d2-f4eed409d0e0,nyan_bfb934d1-bfcd-425b-96c4-16b66932cde7,n.,type of tree with small leaves and bark used for mumu and topping a roof,,,,,,,,
94391783-0c3c-48bf-9515-d6262ccc678d,nyanun_b2ee7303-7f2c-4bac-a37b-760490ee00e1,n.,action,,,,,,,,
f2762094-a822-47e3-9847-590697923aeb,nyanyem_580b68ee-eabb-41a1-9ba2-5ce0bbf6bfa9,t.v.,to respect,,,,,,,,
781ff2a4-2bc3-4c2e-af24-78e10906c22e,nyanyu_b23b4746-5f56-4acf-97c2-52929e9ebe28,n.,action,,,,,,,,
9eabc96f-7790-4de3-a4e3-648b0a42cab3,nyanyu_b23b4746-5f56-4acf-97c2-52929e9ebe28,t.v.,"to act, dramatize",,,,,,,,
20ea08cd-212e-468d-8783-1059650f4fd8,nyaraman_25ac5041-acd9-40cc-a604-54d81b55e73f,n.,fine day,,,,,,,77:6,
87ccd124-197d-48c0-b36f-0b7e7e1128ef,nyägae_1accc6c8-12f7-492b-aace-fd0baab83a23,i.v.,to flail,,,,,,,,
db980cb1-46e4-46d7-8361-d371936b8c13,nyägae_1accc6c8-12f7-492b-aace-fd0baab83a23,i.v.,to stir,,,,,,,,
d0d6c810-50f4-482e-81e3-e97a18f31821,nyäkiyam_2f2bf2cc-646a-4754-bfa1-4991f011e0c1,n.,,,,,,,,,
89fb74d6-af2f-49d1-8d60-de96f8c8ff07,nyäkukub_22793a46-1671-47b6-8a69-176b8218ebbf,n.,sago washing basket,,,,,,,,
f21b6009-a8b3-4d44-b09b-6072b3349a16,nyämaenyämae_960e1811-65ac-4270-8c36-c0be5109a216,t.v.,to surround,,,,,,,,
8d171fe2-be57-4509-a611-d8349bd5f75d,nyäng2_b5371d0e-c1c9-43c4-965e-dfe3d81d25f4,i.v.,to dance,,,,,,,,
9526c055-2680-40ef-b517-39a5c86d33de,nyäng1_d8f9d9bc-713e-4380-82c8-609061289128,n.,basket; bag,,,,,,,,
b38b7091-e062-40a4-ae6a-6d55ea5e5292,nyängkallbidd_eb126f0e-aaad-4802-8df3-025f06205746,n.,type of bag,,,,,,,,
91ce90d1-9d88-4197-b387-b24742f9e24a,nyängkallddäb_f629a2e4-4d1c-41ce-8a1a-184f1dcb0e3e,n.,type of basket,,,,,,,73:17,
6b8dab37-72cb-4ef0-9f02-39c1e6e3b948,nyängoe_0bd5a662-c425-4196-8ae6-f17cb1e7fd4c,t.v.,to walk slowly with someone whose leg is hurt,,,,,,,,
a2a75371-ff47-41f6-bbb9-98c811c12461,nyäng tär_d7d30508-3df9-41fc-9f17-305786dfe519,n.,woven strap or handle of a nyäng,,,,,,,,
341a99a0-1cb4-49db-b540-50e726788cd2,nyäny_1c8c93cf-ceda-4179-bfc9-ff45a84ebf62,t.v.,to paint,,,,,,,,
e6bddd64-bc9b-405f-a42b-cdc85b826b6e,nyäny_1c8c93cf-ceda-4179-bfc9-ff45a84ebf62,t.v.,to anoint,,,,,,,,
75911355-523e-4d32-a519-8a65176d3eed,nyänye_b8003fc7-2d3f-41b7-9466-53573c4db6e2,t.v.,"to share, split",,,,,,,,
f7675600-570a-4417-af24-ee4f4a42da3a,nyärab_f71ef40f-d436-4363-ac5e-8de03c0b62e6,i.v.,"to go up, ascend",,,,,,,,
0f8dc276-cf05-4e9b-a0c9-6905b4fa1c12,nyärmeny_e7790f85-10c5-4ab3-8829-11cac0699652,n.,little argument between children,,,,,,,64:20,
2677fe32-f9cb-40de-ab74-9274cc9be2f6,nyäroe_1597f084-08e9-447d-a840-0ea3ead87d01,i.v.,to creep,,,,,,,,
3bc7bbb4-5f3d-4b1c-b59b-e1370486e4a0,nyärpae_11e505e5-a515-46bf-b92e-741c7b46619d,i.v.,to refuse (someone in the dative),,,,,,,,
4dde016a-5464-4efe-b772-ba19682df92d,nyeny_67c3aded-9d3b-4cda-b208-6230797cec36,n.,"type of large tree that grows along the river and in swamps with white flowers, brown fruit, and white bark used for making mumu and topping a roof",,,,,,,,
033f2de4-f01b-4f23-84ed-bedfb4518829,nying_95e35568-fdae-428b-a41e-d0f9d7abd1ac,n.,foot,,,,,,,,
4566be83-d30a-49cc-b53c-9cb2eb35faa1,nyinggulgul_0a14b60e-8850-4922-9d17-1ad36c3cbbcf,n.,type of bird,,,,,,,Mayu Dobola,
65de7022-9be2-43fb-b7d6-65969feb2f11,nying kollop_bf33fb8d-437d-4ad0-a4a6-39ad6f686e93,n.,sandal,,,,,,,171:8,
a02cd89d-7f32-4999-a49f-2ab43601fe74,nying lläbe_c28e9ac3-4e78-45bb-8cfe-6e285d5e180a,n.,toenail,,,,,,,,
29297b35-1756-46a3-a838-a3b3473a5422,nying lläpät_468a1553-14f5-40b3-9304-b05436c7030c,n.,toe,,,,,,,,
708801b6-eb7d-4f4e-971d-03800230d191,nyingnying_0141c598-fb77-4c06-ac6e-82e35415710a,n.,foundation of fence,,,,,,,59:14,
f4a4713d-a6cc-4b0b-a2e9-23513f8f3b07,nying tongoe_733520a9-7b83-4f67-859d-f645b8f718c2,n.,type of game involving kicking,,,,,,,,
e56c54bc-68c3-496e-bc71-df0eea1523af,nying ttoe_538cae0d-70d3-4b3a-8a41-ecadd379f2a2,n.,shoe,,,,,,,,
4d1eac70-28a4-4016-9274-25bc8c02a215,nylib_07cfbd7a-bd3e-45df-ad36-c34f56ce864f,n.,type of arrow,,,,,,,,
9d5af3c2-d8da-45a9-83aa-e38aa530ee6c,nyonga_3109276e-11b3-4a57-8803-8dee92712288,n.,Triton cockatoo,Cacatua galerita triton,,,,,,,
65bf4683-0088-4b2b-90b3-2596281132d8,nyongkoe_84a59086-33c5-4b9e-ad52-f5b62426730c,t.v.,to pull,,,,,,,,
81eae2e6-960b-4df3-89ac-2fd4864ac6ea,nyongo_534fea8e-ecd8-4164-a3f2-ee5d630d024a,n.,"road, path, way",,,,,,,,
48d22565-4500-471e-9121-14c04bd48249,nyongo_534fea8e-ecd8-4164-a3f2-ee5d630d024a,n.,"way, method",,,,,,,,
2138386a-b0ae-499f-aa8e-8fcdccc55053,nyongo taempägag_c800a7e9-6b29-4608-8b1a-4e69496f6f8b,n.,navigator (of a canoe),,"There are a variety of hand signs used by the navigator to communicate with the operator (gall onyang). These include changing the way you're facing to mean ""veer right or left"", to point left, right, or straight to indicate a turn or the lack of one and to speed up. A large wave of the hand indicates a big turn or a series of turns. A raised closed hand indicates to slow down or to stop.",,,,,,
7dcd4eb7-f8a0-417e-ae85-6a2149fc951b,nyukukum_6b0cf725-297d-44a3-9ec8-fd8631474f47,n.,"type of bag, used for squeezing sago, a thing woven from tree bark or reeds to wash sago or to fill with sago.",,,,,,,73:3,
24c7b2b6-a470-4f37-afa9-ff077090e273,o2_12050ba6-200a-427a-859e-e62eb65d44bd,mod.,ripe,,,,,,,,
370600cd-48d5-4f9e-a003-5f808afac1cb,o3_304299cc-f98f-4fc9-a5ff-a3ed7d5a22c8,interj.,oh,,,,,,,,
6302d53d-1772-47d5-9073-98b973229ea1,o-_4dea8f97-8065-4985-a86b-620dcb6a22d6,i.v.,root.ext.intr,,,,,,,,
a0970ee3-d0d3-460c-b3e6-5b15bbf29d63,=o_8743c498-bf8b-4b4f-be38-fa48ba22567d,Discourse clitic,vocative marker,,,,,,,,
5a62ab3f-2f4a-45f6-9819-9fb03bfa6496,o1_bc20ff73-af0f-4337-bed3-c517ec6723eb,coord.conn.,or,,,,,,,,
be8acfb0-efbe-417d-936e-369c8470903f,oba2_5e5e804b-a866-4f8f-9ef9-bbbfc75e3369,sub.con.,so that,,,,,,,,
8aa3cf74-134d-4317-a7e6-32403a8f3355,oba1_ade8a87b-5f2b-4d48-981a-2c1ace457cc1,pro.,possessive form of ubi,,,,,,,,
6ac6c4fd-8142-49df-9773-6067753d9ebe,obaene_fc0e090b-3e05-4288-9db5-8bb920d7e341,pro.,ablative-possessive form of ubi,,,,,,,,
1465dc4f-4c2e-44e9-bd45-75ced8ce8918,Obama_d9610444-4c3d-4614-8698-0cccf9ceaadd,prop.n.,Obama (toponym),,,,,,,,
85140d84-7137-4d1e-81c5-7794268703f6,obaoba_b81f49c7-264e-41c3-874d-16f863954693,pro.,each other (reciprocal pronoun),,,,,,,,
4e057a09-4237-4cdf-be16-3c99f77eef47,obaoba_b81f49c7-264e-41c3-874d-16f863954693,pro.,themselves (reflexive form of ubi),,,,,,,,
63493bfd-de4b-4417-81d2-a2204c72c9e5,obazaga_49232930-1612-43e6-820d-5463c08853ec,pro.,themselves (reflexive form of ubi),,,,,,,,
e5cdda79-bb30-45b4-96f6-3864e025dbe5,obä_ac95a87a-6e9f-4833-bea0-c59f6dc7d2be,pro.,instrumental-comitative form of bogo,,,,,,,,
7b39113e-8316-42f3-b5ca-b72d299db77a,obene_0e6d9a74-0179-4cc9-ba2d-0d73a43f15c5,pro.,ablative-possessive form of bogo,,,,,,,,
4578efb9-5f7c-455d-9b9d-1d5aaf244a8d,obergaban_30f99ef5-187f-4f37-9c93-694883068754,n.,clear day,,,,,,,21:13,
05bb55ae-e592-4a07-9846-1cdaf7bc2654,Obewa_1d58641e-9f1b-47c0-a1ff-2a8ef529d3d2,prop.n.,male personal name,,,,,,,,
b199a815-49b2-4fa1-b07f-5fa5a0378453,oblle_985d1465-4936-4be2-a385-008fd81b7991,pro.,dative form of bogo,,,,,,,,
b5b10bf9-f504-4e5b-88ab-4bc25537fd70,obo_7a6ff1be-d7cd-4eb8-8034-378122f62508,pro.,possessive form of bogo,,,,,,,,
8b3d2592-1c01-45b7-8e30-e53a1212c134,oboll_9450f564-bacd-495a-834e-69277e6fef98,n.,type of small tree that grows in the grassland (~2 m) with white flowers and red fruit with a large brown seed; fruit is eaten by birds; wood is used for sturdy posts,,,,,,,Tony Warama,
d38e934f-20f1-4e0e-bada-fe6a6041cdc7,obom_04e9b01a-6f47-4977-bfc0-41900f848b6c,pro.,accusative form of bogo,,,,,,,,
91331cc5-8e4a-4218-b078-e114b361c3ed,oboobo_f172e33c-0a1d-418b-a151-c09772a6f47f,pro.,"oneself, himself, herself (reflexive form of bogo)",,,,,,,,
e73e9499-b519-4632-abcf-dc9f568bb4da,obosasa_32e07af5-fec5-420f-8fda-5bbd8132b608,n.,Australian rufous fantail,Rhipidura rufifrons,,,,,,Mayu Dobola,
aeeb94c5-4b91-40c2-94db-7ae64ee76499,obosasa_32e07af5-fec5-420f-8fda-5bbd8132b608,n.,blue jewel-babbler,Ptilorrhoa caelurescens,,,,,,,
2157cb2b-f86b-4244-b6d2-f1d7bdd78a44,obozaga_79dd8875-5cde-4f63-9f83-2db56cb29084,pro.,"oneself, himself, herself (reflexive form of bogo)",,,,,,,,
2eaaea71-840c-4797-bdcf-d7d8d593e45f,od_db929367-3c5f-4f2f-9e01-163696bc9569,n.,type of fatty freshwater fish,,,,,,,,
d22888cd-dbb9-4e11-83a4-f790712b3a4c,odoolo_965465e7-7cfc-4d69-98d6-2df061d2c1a5,n.,type of bird,,,,,,,86:17,
8194c5a4-fcbf-4cc5-8b31-338b12e03bb4,Ogbaperma_70b9deec-193a-4b22-b75d-fea30f7fb46b,prop.n.,Ogbaperma (camping place),,,,,,,"Bodog Jowanang, Geoff Rowak, Inawa Dareda",
7350c186-4c1e-4808-bf08-83b6077c20f4,ogo_d2273e66-f630-47cc-844a-46f45afade83,v.,hoard,,,,,,,,
ce17d21d-800a-4b9a-be40-c070843be45d,Ogoa_edf3a525-e8bc-4398-b854-a9c63c24d28d,prop.n.,male personal name,,,,,,,,
cf76ec45-9d88-4502-bbdb-225dbec79603,ogog_f53f325d-fca2-4252-b593-7cb45bbcf890,n.,grey-crowned babbler,Pomatostomus temporalis temporalis,,,,,,Mayu Dobola,
6951eb34-42fe-4143-994a-6eae44c7953a,oi_c1e200de-9fb2-4df7-9bc3-140b4edf02ad,interj.,oh,,,,,,,,
83711b2e-6cc1-4d21-8ee8-0d75d01542e9,ok_fcf2fa27-42f5-419b-ab50-72a5d9043516,interj.,okay,,,,,,,,
e3b9a74f-8177-4816-8e90-0ade48a008b3,oke_6d82b34a-0b9e-420e-9675-4a486d6075f1,interj.,okay,,,,,,,,
e7a21d09-5f58-48af-8fb7-dc48f4e2b098,o klak_ec461ec4-3baa-472f-b27b-d1e2d38ce568,adv.,o'clock,,,,,,,,
1f4597c3-3e9c-49e7-9fb6-ed9ab616c55c,oknen ma_7d1153cd-0d1b-4e29-9615-0a82aca6a96c,n.,"duster, eraser",,,,,,,55:16,
5a0ccc8c-acd4-490c-939b-c4385517f360,okok_f5ec53cf-5e50-4565-a36d-07994d855b15,t.v.,to rub,,,,,,,134:26,
c8bba5e7-8727-4e15-b193-954a79f31a3d,okokol_d0a5ac3e-9ba4-4e92-bd06-a82bf9672eae,cov.,to welcome,,,,,,,,
7260114c-f635-43cc-949d-c1fdca681e1f,okookol_3f5d0a90-231a-43cd-b076-14b4cd195e9f,n.,welcome,,,,,,,15:41,
adeffd0d-ad96-46ca-a941-3ca48123f186,ol1_74e5f48d-eecf-491b-b682-fc111b722511,n.,hall,,,,,,,,
6dbe6c66-6b09-4e0f-8c58-041574cc5a08,Olalea_7d561a8a-5783-4dfc-a8aa-5c85be4a16d5,prop.n.,female personal name,,,,,,,,
1817f0d5-41df-4ff9-92fe-a5d5b0feac8d,Old Maoto_ea4d6404-5169-499e-be95-a0f16d83c374,prop.n.,Old Maoto (toponym),,,,,,,"Bodog Jowanang, Geoff Rowak, Inawa Dareda",
1bd963e3-7c5c-4cbe-8444-51dec0283468,olib_7dba61de-7bfd-440e-bb64-7f1382ce9544,n.,olive,,,,,,,,
a58b0b87-b105-419a-92ee-d4d58dfb8f0b,olmapänyik_623fa39b-5754-49e5-9606-546562e196c4,n.,armpit,,,,,,,129:12,
da58167f-c57b-4606-9a06-b7c812594c73,olmopäga_cb313762-d3bc-419f-98f7-997994d7be67,n.,type of sago,,,,,,,97:29,
2f3a511e-0c23-4c5b-9d0f-ffbc1fe80cc2,oll_4c0a4b6c-c583-4a59-912a-46f3cda916ed,n.,sugarcane,Saccharum,,,,,,173:9,
f98f2469-1f7a-478f-9a8c-c7b69e91fda9,olle_5810feb9-cfba-4712-9546-fccfdd51cbc5,cov.,"to shout, yell, call out",,,,,,,,
c78933d1-8b55-4b2a-90c0-671806ed6e26,olle_5810feb9-cfba-4712-9546-fccfdd51cbc5,cov.,"to call (over), summon",,,,,,,,
fcc85214-df72-4f7b-97ed-3e01eb1262d1,=olle_c8e647c7-ab46-4042-8993-c2258cc33952,nom.clt.,"allative case clitic; to, into, towards",,,,,,,,
0e31e3b1-4dcd-4757-9534-017d036f6dd8,ollondd_eb5eda99-aa3b-48d5-80a3-5f2d1b8e7e53,n.,root,,,,,,,,
4aeb56d0-569e-466c-8a0a-bb3cd09b43b5,ollong_f0c6906f-88f8-497b-89de-13a9abd12d64,n.,"time, occasion",,,,,,,,
f33fff5b-e9ef-4911-a556-57283fa4d174,omad_e7bc7911-2e27-430f-ad41-cb202b958527,n.,type of friend,,,,,,,13:5,
9b13c586-2c9c-4a19-8e27-b3844fc17840,omawe_9c696493-2360-41ae-88ae-1c9d86b6296b,n.,type of tree,,,,,,,Tony Warama,
e4da7cdc-bd56-4c6d-8439-7cc9d1f3ed63,omäg_4545868d-b564-40bc-a7aa-9a0151a2a770,n.,magic,,,,,,,165:31,
b392924d-2ace-4c2a-86a4-632f4d85c43f,omägag_6582e130-780f-4445-a219-6d7862f34b75,n.,"magician, sorcerer, fortune-teller",,,,,,,15:32,
48fb0414-969f-4135-adc0-7784675c61c2,omgälgäl_3b6a4bb9-013e-40e6-a2c5-7cd63fd72a38,n.,red ants,,,,,,,165:2,
49910924-4848-4135-8f0d-c175d28442be,omom_2fc7cbdd-e494-4e84-91f6-e7a0121d8650,t.v.,to sweep,,,,,,,,
7a9d1e31-06f8-4aac-a7f3-0061860e1988,Ono_38f91c93-418f-467a-bcd6-1cf0002d962c,prop.n.,Ono (toponym),,,,,,,"Bodog Jowanang, Geoff Rowak, Inawa Dareda",
f98e6797-22f6-4d3e-b4a5-cc174b317796,Ongg_e1facbab-9ff1-4a92-9758-f00524aaa83c,prop.n.,male personal name,,,,,,,,
285c677b-8d03-4231-90c6-718130586f91,onggall_fa2b34c5-535d-4f1b-98d0-b645e539c6a7,n.,frilled lizard,Chlamydosaurus kingii,,,,,,,
cc4af4f9-3201-4b2d-874e-55c2b52c11d3,ony_e7ed9efe-2759-4eb2-95fb-627004e4f5c4,t.v.,to carry; get; bring,,,,,,,,
9a7bf395-85d7-47e7-b1d8-5436e062d765,O-o-o_2d3bfa6d-7d8b-41be-a364-7d07d5c160d0,interj.,,,,,,,,,
07b29983-c790-499a-aab8-1cdb602d834d,opa_57c08003-3799-4797-851f-9a148d5a2b99,n.,type of tree,,,,,,,Tony Warama,
3f0cec3e-e425-42cc-8cef-700738bcf406,opap_d967f4eb-8611-4d98-b515-96f63fe20235,t.v.,"to cross over, pass over, move across",,,,,,,,
f2e19a4c-2b31-4560-81f2-5036247017c2,opa ttangtte_1333f41c-66da-44a3-9643-ab5dff487aeb,n.,type of tree,,,,,,,Tony Warama,
313a3363-b42e-4b63-a8de-b1e1e95fbd77,Opo_d4513a3f-4d53-415d-9cda-5a2c668e756d,prop.n.,Opo (toponym),,,,,,,"Bodog Jowanang, Geoff Rowak, Inawa Dareda",
c59b25db-1fc4-4dd2-a57e-9ac3ffdba7e8,opodo_4890f071-76eb-488f-98f4-5740a14e5c34,n.,weaving pattern with checks,,,,,,,177:4,
1e4f1ff8-67f4-4314-a3cb-f5348132b8a0,opop_50211841-558d-4af3-9bff-0c5757f86ce0,v.,,,,,,,,,
bb7a3ba2-9f38-4f33-bc0f-21a5a230c74a,opop_50211841-558d-4af3-9bff-0c5757f86ce0,v.,,,,,,,,,
3409b1d3-ba64-4b81-8577-3692e227cace,orbam_8e3806ea-c3ab-4f80-98e0-f967a7423c63,n.,marsh,,,,,,,179:7,
ee02ae7f-bf44-4ee1-96d8-7d58b206aa2e,Oriomo_33ee7d2c-a2cd-4b6a-b52a-5db717c09a7e,prop.n.,Oriomo (Wipi-speaking village in Oriomo-Bituri Rural LLG),,,,,,,,
a023bfda-16ff-48e6-a7ff-0553ddcbde2d,Orpmang_406cabca-bb68-4711-b3a5-386c978332da,prop.n.,Wipi language,,,,,,,,
613ca2a5-ed08-4fec-b6b3-76391cf492b3,orwa_951d4c7d-dd2f-4116-bb90-14b2bc39682b,n.,suffering,,,,,,,,
8247f4a1-7a69-447b-82aa-844af23a7383,osne_2fd8821e-e5c0-456d-aff8-f2adc7d07fcd,n.,type of small taro,,,,,,,Sowati Kurupel,
2b3d5ec2-3074-4457-810c-9513c37b16ec,ospel_e71835f8-7397-468b-bca7-f6a97637c602,n.,hospital; aid post,,,,,,,,
b45112c0-8548-41ce-b0d8-0302069fc133,otal_daef7cef-6bf0-4c5a-bd76-21c8c8bcf344,i.v.,to perch,,,,,,,,
34263bd7-7285-467d-95bd-6cd1436e3917,otät_734427f5-67ee-444f-82a3-6b9e2f96ed8b,t.v.,to eat,,,,,,,,
aa88974d-78bf-4258-8078-0b265791a7e4,otät_734427f5-67ee-444f-82a3-6b9e2f96ed8b,n.,food,,,,,,,,
6a7aaaa5-c978-455a-8386-a6d44134f09e,otät_734427f5-67ee-444f-82a3-6b9e2f96ed8b,n.,hunger,,,,,,,,
ab337d49-f5bf-4618-84a9-b9c38b2b00c0,otät ngänaeka ttoen_f8a761ac-ebc4-49ce-ad16-04678bb72b4b,n.,starvation,,,,,,,,
01e8e47d-82f1-48d8-999d-19697ed25359,otät yu ma_c275b1bd-fece-4abb-9423-b70ace2ccb87,n.,kitchen,,,,,,,158:30,
255e7893-abfb-4c71-b64d-c80754646593,otnan ma_59651b3a-e459-413e-9ad0-103f98ed3937,mod.,edible,,,,,,,,
0897e35b-48ad-4059-bb2b-e64bd2996aeb,ottam_491123e2-f87c-4767-adcc-841caba26c84,v.,find,,,,,,,,
634a1f3a-a446-4153-8180-b46eaf356f3e,Ouli_d279e958-a399-4c14-ad30-0040502638a4,prop.n.,female personal name,,,,,,,,
a608a630-01d1-444c-b44b-9c54ead2a8e8,owel_a9a46cac-447f-418d-a015-147c2623eeaf,n.,oil,,,,,,,,
a90671bf-f2e6-439f-a793-21de76768b3a,pa_ae5a4988-fbcb-4af7-83b1-21b915742129,n.,bird,,,,,,,,
6fa1cb5d-0e72-42b8-ab12-40d97192520c,padiem_d2249c89-cc39-4645-a8fb-346d6b4194bf,n.,type of introduced banana,,,,,,,Sowati Kurupel,
476feb25-bd9a-4d6b-a01f-a036e7177f5c,paeb_ab452850-a8f3-4268-817c-02defece3f0c,num.,five (English numeral),,,,,,,,
65e475ac-4e0e-42cd-9d9d-9ba7d5717df0,Paeke_ab344f25-7d60-47a2-a1fa-729bf64399aa,prop.n.,female personal name,,,,,,,,
3e925dbe-d21d-4650-beef-e2eec50caaef,Paelet_a8c78b1f-cc60-43a3-83c8-60653360ba64,prop.n.,Pilate,,,,,,,,
68f85732-3ebf-491a-89ba-728b0db47ceb,paen_0fdb44b2-5f18-4467-8101-5857322c7623,n.,fine,,,,,,,,
edb5b66a-b846-4f87-98ac-c3eceaef83a6,paengg_00cbef37-c91b-4239-a5ba-268b1bf7bbe0,t.v.,to guess,,,,,,,,
42992369-6564-41d7-98fe-ebf8a091dae7,pag_d8993267-dc2f-4de2-a007-6fd7d5f3630b,n.,salt,,,,,,,,
c91cc4ee-51b3-421d-ac0e-2689f6de7ac9,Paine_9e4cea84-7121-43f6-a80b-cec65bbe35ec,prop.n.,male personal name,,,,,,,,
2556f3ee-00a0-4193-8220-43dc64487f3b,paitt_f88aaa58-e438-4e24-8e4e-1047a9546062,n.,fight,,,,,,,,
7c7cd506-6a78-4ad9-9a53-6e92c2919aaf,pakätt_abe007ea-6e7c-42a3-9697-87c1fcc0ed2c,n.,widow's robe,,,,,,,171:37,
de9eeed2-8c4f-4faa-a515-0656c02c4ec8,paklle_0bfe0977-755e-49db-948a-2155aeebf42f,n.,type of snake,,,,,,,66:6,
6ff92816-446a-4cda-bfe0-02aa35322e9a,Pakllepakllemäll_e70bb447-bffe-48fe-bc3b-8c699ac1878c,prop.n.,Pakllepakllemäll (camping place),,,,,,,"Bodog Jowanang, Geoff Rowak, Inawa Dareda",
143f130b-58dc-4fec-9218-0de005606d31,pa kom_c7f6c905-3b00-442f-bee8-ee5a92fe15ec,n.,feather,,,,,,,,
4607baf7-7f49-4c6b-a598-076b1480cf21,pakos_69aeb22c-16a7-494d-be6a-f5edb8cd3267,n.,type of spear,,,,,,,,
873fedc6-c54b-442e-98a0-b997b62f3929,palament_0470da96-564a-40cb-9cdc-128e612d4e2b,n.,,,,,,,,,
d2de4243-a0ed-4432-b643-0d56c18c6b10,pale_bf192235-2779-41ab-a473-8fb03b922673,n.,type of white clay used for painting babies,,,,,,,171:34,
45d1a194-8dc5-4068-b69a-162f4b27d8ea,Palsa_e192e4dd-07a2-413d-81b4-8a165d3f61c7,prop.n.,Palsa (toponym),,,,,,,,
13432ad7-826a-4019-b1df-325a7cf83245,pall_57129bdc-2ae1-4fac-b968-2fd4fecd4c04,n.,varieties of palms with coconuts with a red exocarp,,,,,,,,
556621ac-20fa-48ce-ab32-4ee74f8b3afd,pallall_87979a52-9968-4708-a497-c20276328497,n.,direction; area,,,,,,,,
c1637e1a-f7c9-4e75-8a85-a167ee29f29a,pallall_87979a52-9968-4708-a497-c20276328497,loc.n.,side,,,,,,,,
4fa8ec85-4a82-452a-945b-4ecb80c2884f,pallall_87979a52-9968-4708-a497-c20276328497,postp.,about,,,,,,,,
7adca52a-c1ee-4785-a45a-e7972ac2022d,pallam_b40229a9-73a5-4cf2-bc51-f58b4921980c,t.v.,to cut open,,,,,,,,
e1ccbb8f-8e91-4564-ba9d-263f31d12577,pallängkmeny_e421583e-8661-43fc-8657-99794a000b3b,t.v.,to divide,,,,,,,,
cda28893-339c-405b-b18f-49a92686e77b,pallängkmeny_e421583e-8661-43fc-8657-99794a000b3b,t.v.,to judge,,,,,,,,
b063e789-5dcd-45ed-b441-9d1694993b09,pallkeakeya_fcbc31f8-001b-46ec-8ac0-c61a97f73a5c,n.,type of red mushroom that grows in the grassland,,,,,,,Joshua Ben Danipa,
f5966531-3e81-4e82-8263-49bfddabd246,pallkepallke_4da3343d-eabe-43e3-bc33-27da268e8269,,,,,,,,,,
d30b7c72-0b49-452b-baad-5b78684dff84,pallkoll_291883be-3ae8-4ad9-bb22-a2ed35d66d95,n.,piece,,,,,,,,
6f4c9709-45af-4887-a6fe-5f05fe2c9da2,pall kottllam_bb7ab6db-7256-4801-863e-990bf602bbb1,n.,red-bellied short-necked turtle,Emydura subglobosa,,,,,,,
40c48ccb-eafd-4d3c-8174-492c56b4729b,pall kubull_57a519f6-8256-4329-b4e9-f019d572358d,n.,red-legged pademelon,Thylogale stigmatica orimo,,,,,,78:5,
af2a2d6d-0378-4ee8-b71e-5b4d6c19d8f8,pallta_5d3206c8-5a15-4d0d-adb1-05966ca97119,mod.,,,,,,,,,
9e334005-9014-4b44-ae7d-2ca963c78259,palltapallta_ba370acf-e17a-4bc0-84a1-6436cb8f0a9f,mod.,flat,,,,,,,,
81a85975-5908-46cf-abfb-f55a0c21ba84,pall tawe_ce5426af-b7fa-499c-b13d-15c58334164f,n.,"type of large palm that grows in the grassland with white flowers and coconuts with a red exocarp; small sticks are good for houses, and bark is used for walling",,,,,,,,
cf699835-9fb0-4ac9-8129-ace503b2d242,pam_47d5c980-4d1e-4334-94e2-bced8ee46ac5,n.,"injection, shot, vaccine",,,,,,,,
41c8e936-0e58-4ebb-9784-fe7bb1704458,pama_828c541e-0a00-4191-a5ff-f86b2ec1ee8d,n.,farmer,,,,,,,,
545f265e-4d17-45f3-b779-6297f9f56f9e,pambu_164f4027-26f0-44aa-953e-5f3e400cd4a6,n.,hoe (tool),,,,,,,59:5,
8735f3cd-34da-4b9c-b7be-c9dd7148fd36,pameny_3c0aa176-8b75-4361-9d17-9743e4d03502,i.v.,to scream,,,,,,,,
1ee0ae5a-b5ed-4b8a-9aa1-ceb66b060f88,pamker_37551aea-500e-4fce-a9dd-2f34a44dbdec,n.,pumpkin,,,,,,,,
f03b4a11-2500-4a7b-a9e2-36207152f375,pamli_b58ceebe-854b-4af0-aa90-35930125870e,n.,family,,,,,,,,
de7e39e6-37af-442c-a495-56f314a61dc7,pampem_51832529-899e-4546-b886-e5af001b234a,t.v.,to fish,,,,,,,,
71989b61-0f74-47b7-aa28-766ad3ee3159,pana_9130fe55-7200-46c0-9e6f-4f24108bbfb7,n.,type of relationship,,,,,,,13:13,
9c014921-225c-49dd-af2d-8ba34f811420,Panakawa_573b9c3c-407d-4cff-85c3-0d0607e494f3,prop.n.,Panakawa (toponym),,,,,,,,
32a78fcf-7f9a-4d3d-a807-57c031b009fc,panda_d4676966-271a-4af5-9ccf-4f43dd0467b8,n.,type of tree,,,,,,,Tony Warama,
a0dab7e8-51dd-4e6b-b4fd-dce6cb0634c7,pane_72ae8b1a-55e1-4c26-b2f2-76ba50532077,n.,pot,,,,,,,,
b568e177-f9e7-4fc9-9b6b-ef30d4f067af,pani_30b82bcf-2a08-433b-9ee2-00d67ac3f4a6,mod.,funny,,,,,,,,
ed3fbc4d-3c5c-48cb-afb6-1951be593fc8,panis_d0da68f9-2e7c-4499-87cd-4897e899485d,cov.,to punish,,,,,,,,
cad92337-298b-443e-8929-61a26662d35a,panggopanggo_50a04620-913f-4560-b937-5ac5cd27b7a8,n.,type of round yam with a white interior and hairs,,,,,,,,
970a98ac-0781-4dab-b636-e6feaa27a937,panya_cc736c40-9861-46e9-9a85-5a5fc8d093f1,n.,pineapple,,ripe in December and January,,,,,173:25,
a90c683f-34bb-4e81-aa04-a05403e54fd9,panypeny_b6e65ff7-9b37-4021-a598-232e9d68b81a,t.v.,"to speak, talk, say",,,,,,,55:8,
b650b1f0-e5be-48fc-b9b1-bed076748cec,paopao_6b15e346-57ae-4a4a-b017-be10887526b4,t.v.,"to cut around, prune (a plant)",,,,,,,,
c384042e-e7d4-4fab-b878-c48c68a78ea8,pap_16d82df5-85b6-46c2-be5e-fc252f3f77cc,n.,type of round mutae yam,,,,,,,,
1c46b37a-5f8c-4d51-ae8b-3818131efa02,papa_d1bdba5d-cb17-4417-88be-8b9ddfabb0a1,cov.,"to hit, beat",,,,,,,,
3dfe535a-188b-428b-911f-a01e40e7a306,papälläk_72d9c458-fa19-4dbb-afa0-38cd21ca7771,t.v.,"to split, chop",,,,,,,,
072a1111-6cff-4363-ac1f-cb96eb4543f0,pape_2f083f72-a33a-47de-8475-f0c2cb1eb19b,t.v.,to cut (grass),,,,,,,95:21,
70a8fbd0-8fa9-406f-869e-76e62d82070c,pape_2f083f72-a33a-47de-8475-f0c2cb1eb19b,t.v.,"to smash, crush (something soft, but not a flower)",,,,,,,,
a03e5e15-a68a-43f8-8b5c-28e37ab47bde,papek_e268312b-0679-4088-b379-8442eaa1e521,n.,"dam, blockage; wall",,,,,,,,
a27fb798-7706-434a-ae3c-e37eac10e236,papek_e268312b-0679-4088-b379-8442eaa1e521,t.v.,to block; close,,,,,,,,
babcb6c5-caac-44d2-866a-c36d2c5e8efa,papek_e268312b-0679-4088-b379-8442eaa1e521,t.v.,"to wall, make a wall",,,,,,,,
3638d44b-5e38-405c-98c7-afff9a753086,papiye_9c0ed5f0-1499-4b30-877a-880dd5fbb287,n.,animal tracks,,,,,,,,
368b18f9-c3f3-47f4-aed8-2cb9c343b8b2,paplläg_2812e99e-11ba-47ae-a28e-f615135463a6,i.v.,to fly,,,,,,,135:14,
1dd34ddb-ba6b-4b93-b100-19786bd4d12f,papllek_3e56a7ce-413a-4e1d-8686-8fd9f0302749,t.v.,to chop,,,,,,,,
3e6521d0-0404-425c-a255-1d9a53a14832,papoe_5dbe8fe1-dec0-43e3-a09b-2fab10d07626,t.v.,"to pierce, make a hole",,,,,,,,
67f34195-eb44-4583-9474-b80d3fa53c5a,Papon_1ca7f78f-1a3c-4dc5-a0c7-ec1ac37ca5f5,prop.n.,male personal name,,,,,,,,
efc83754-a715-45fe-9f07-dcd2956a97a9,papu_29ace794-54e2-4a09-b99f-1d455c675ac2,,,,,,,,,,
7280c41f-c525-4423-b673-796038aafa9c,Papua Niugini_565db543-0f39-48e6-8c3d-edb35fbd271f,prop.n.,Papua New Guinea,,,,,,,,
9e432c52-de07-4b8a-973b-6566b3029df9,Papwa Nu Gini_2a425cd5-c824-4b5a-9b0c-15d13044977c,prop.n.,Papua New Guinea,,,,,,,,
531d1b0d-8b2a-4957-b5ab-96d8f32565b4,para_7a5baeac-8baa-48a2-98df-85dd9c3cbb7e,n.,event where harvest and hunting bounty are compared and gifted for bragging rights,,,,,,,,
6682b06c-24a7-4b75-a8df-b8255c683c45,Parade_83925e1b-bb77-4943-860b-4a52178c4f1f,n.,Parade (toponym),,,,,,,,
79b74fa6-5246-488f-bf40-fcc71a83bb50,Parama_f5fb3fe4-9b39-4921-baea-b02f706d55dd,prop.n.,Parama (in Kiwai Rural LLG),,,,,,,"Bodog Jowanang, Geoff Rowak, Inawa Dareda",
1122c4ea-2e4c-4728-b513-efafe109b097,parga_d62d24a3-32f6-4afc-9493-fcd0498d5223,n.,bridge,,,,,,,,
6ebea140-2f8d-4e1a-b6b2-76d230e4eb26,paro kottllam_036c86f9-4483-4130-8c36-6caa5ec387d5,n.,type of turtle with red scales on neck,,,,,,,,
db658073-b932-48d7-befb-ee702670a27a,parpar_170146a6-dbcc-4f83-b478-1a550627224e,n.,type of sago bundle wrapped in a long cylinder in sago leaves,,,,,,,,
cc7c9819-f7b4-4c37-a697-142948beeb92,pasis_ba459cf4-180a-4b5d-a33d-70d33108525d,n.,deep,,,,,,,,
e64f9ce3-4e26-4414-a824-a72349c1d4c9,Paskam_2aa1d521-dee2-43db-841b-c3b4a5c343eb,prop.n.,male personal name,,,,,,,,
7004d615-e627-42c9-9bb7-18f3ec86f67f,paspas_dc386c89-378c-4f2c-a852-bfb777436fd9,n.,type of game where players try to keep a ball off the ground,,,,,,,,
42b5db09-4fe6-481b-ba85-d9541fbc36ba,pasta_dd046e5c-f52c-4b09-ab21-f7ceb7b4cd60,n.,pastor,,,,,,,Sawapo Badu,
71fa6a4d-b1be-446a-b243-527f48991848,Pasuwe_56c735fc-4337-45cd-ac20-c0ea7a6585ba,prop.n.,company name,,,,,,,,
2a77cc2b-b251-4241-b18b-f79655510990,pat1_151413cc-1649-4fd7-a01a-93019dbecbcd,n.,type of taro that is eaten from the suckers,,,,,,,Sowati Kurupel,
e70ad68e-cb5c-4ccd-92d5-be8a8cc08424,pat2_6f450616-8ac5-4cd2-b937-0a1252f1868e,n.,,,,,,,,,
80387c60-37be-4516-8318-507307d3cd2b,Pata_8d6e848d-b63e-4fe7-a9fb-81805111b03e,prop.n.,male personal name,,,,,,,,
e6417660-6fef-48de-8d4e-80ce036011ab,patara_4ff847a1-8304-4c6d-ae81-39213de746c4,n.,wall,,,,,,,,
6aa41712-b1eb-4a3a-ab87-76c51bad07e8,patarapatara_cb191f7c-bcca-4440-a4e9-b5cae0cd2acd,n.,type of hand game where players make an L shape with their fingers,,,,,,,Galou Minong,
cd7aff81-ec60-43b2-911c-c659175ce5e3,=patatt_79b4dd34-3316-48fc-b5f1-c367c10a9c4f,nom.clt.,animate ablative case clitic; from (a person marked with the possessive),,,,,,,,
6f95956d-bfc4-4df2-90b4-e02e76b2cf21,=pate_881a7cf4-4c0f-48c2-92c1-b9babbf863be,nom.clt.,"animate allative case clitic; to, towards, at (a person optionally marked with the possessive)",,,,,,,,
d07bdfe3-2139-4d0f-a4d5-f691d17e74a1,patepate_933416c2-2b6b-4e57-ad9f-721b5a2b981d,n.,bamboo sticks used for percussion,,,,,,,65:13,
320f20bf-6c9b-4de6-9e4e-0ba6a8e61a19,patiti_58ea2262-65d1-4dad-b3d4-e09c44cedd04,n.,type of bird,,,,,,,Mayu Dobola,
4dcf0fb5-fef7-4938-940a-6562b34bac34,patkoll_d305fc82-ac15-430b-a2be-ec04503d14a4,n.,bundle,,,,,,,,
1239d23a-75e7-453a-9cd4-9dbdef34a734,patkopatkoll_f6b37525-b274-403b-b224-8046179c0960,adv.,"carrying bundles, with bundles",,,,,,,,
78e96e8d-eb82-4a9e-aee3-236e5ded2281,=patme_13c5fe43-b8fb-4c0d-82a2-8f2b92dc1fa2,nom.clt.,animate locative case clitic; at someone's place; for (a person marked with the possessive),,,,,,,,
e92473f9-d041-411c-a191-7b55bfb60a71,patrol_d9e28b33-5ee8-49c7-b8c1-650eaf0c5399,n.,patrol,,,,,,,,
6a0070c7-e2b0-43d1-941d-53f6353f710d,Patha_827b4a90-b93b-42c9-b8b6-37f6a9a86e39,prop.n.,male personal name,,,,,,,,
4a390a85-55b9-4c23-9678-62c5094b824f,patt1_4925b892-c1d5-4efb-801e-11ec82b581cc,n.,tree trunk (fallen),,,,,,,,
d505e16c-0588-40be-8c99-38402be0d09f,patt1_4925b892-c1d5-4efb-801e-11ec82b581cc,n.,drum shell,,,,,,,,
0b840cbf-c00f-426a-89bf-864df1d76fb3,patt1_4925b892-c1d5-4efb-801e-11ec82b581cc,n.,coconut husking stick,,,,,,,,
62ca0ab3-f69d-4a3b-ba07-0db8f42126e4,patt2_ca883e8d-9103-40f6-8332-3b6a32889003,cov.,to wake up late (past 8 am),,,,,,,,
cf5c3e54-49ec-4beb-9dbc-7ed63ea91ff9,pattkoll_b15330d7-9148-4e52-aac3-87611f543f0c,n.,bundle,,,,,,,,
a0e3fde0-2685-435d-9118-e18f2ea50353,pattlle_ec5fc46e-d322-449f-ae72-e6a6f2d14939,n.,type of small bamboo that grows in the bush and along creeks; used to cook sago and make flutes; may be burned for fertile land for planting,,,,,,,,
97cd36b7-3940-40c9-8e20-b94c9c6b7b79,Paul_c2c9e4bb-d3e9-461a-a192-2c92402e39d9,prop.n.,male personal name,,,,,,,,
943fca2c-9aa9-4309-a846-21aa2cc848bc,Pauma_05e22055-1386-4e34-8e47-1ae5c26357ce,prop.n.,female personal name,,,,,,,,
958fc36c-5432-4cd2-9372-945f4ee99b10,pauro_b7b3a8e5-a7ea-4bc6-878e-0e9d0efa3a25,n.,chicken,Gallus gallus domesticus,,,,,,Mayu Dobola,
ee08478d-6f9c-4237-8eeb-8b3c6c8cb1b7,pawa_48fcb091-d93c-492c-80c4-73ef2af2fbaf,n.,power,,,,,,,,
eae3c654-3dd4-4c57-b8bd-35aee6866aca,Pawaturi_e82a86fd-e884-4ec9-b4b9-568a3831042e,prop.n.,Pahoturi River,,,,,,,,
10335854-e693-4918-9b3e-a32d6df2e870,paya_003c2a1f-b7ca-4025-83c4-3cdfcde81516,cov.,"to shoot, fire",,,,,,,,
ddc7d8b7-b91c-42f9-bfad-72c34ae9e1e8,pazi_4b4361a3-7449-4118-9127-3c6744df137b,n.,year,,,,,,,24:1,
464817e7-e481-4bbf-b34f-73c95caac328,päd_c4c709c6-584f-4918-9b56-88e213ce27a9,n.,scar,,,,,,,134:25,
8df4201b-2b8f-435d-8cd6-65e5a8897929,pädoe_1670a197-05e9-4e9f-a4ce-75a7001a3d35,t.v.,to blow,,,,,,,,
fe332dc8-8831-49b0-86f7-a1e9af548a66,pädoe_1670a197-05e9-4e9f-a4ce-75a7001a3d35,t.v.,to blow,,,,,,,,
30ba840f-9f8e-4c23-89d5-33eaee94b5e2,pädpäd_60609751-e5ca-41c8-a748-362a6e0b2ad7,n.,tattoo,,,,,,,134:5,
f9f5ea5f-3fc9-4041-b552-6cd04c4b5821,pädrall_587a4ed0-c6b2-4b03-af6f-c1ca32a2ec2a,i.v.,"to spread (out), scatter, disperse",,,,,,,,
78c0bf36-90d1-4c94-8247-2e8040d68096,pädrall_587a4ed0-c6b2-4b03-af6f-c1ca32a2ec2a,i.v.,"to spread (out), scatter, sow",,,,,,,,
f3faac91-8e83-4d57-8615-c415a4da6a34,päddab_7da18118-df11-46b3-ac4e-87532740a299,i.v.,to grow,,,,,,,,
81ac6eb2-67e8-4ed4-a252-29b6907cca96,päddab_7da18118-df11-46b3-ac4e-87532740a299,i.v.,"to be cooked, be done",,,,,,,,
c62cf406-0f12-443e-a45d-beddda8ce74b,päddpädd_c5dadd24-52c7-4430-aac6-fb6218dd2866,i.v.,to grow,,,,,,,,
9956753d-5188-4b8d-8171-97c9a7bca943,päddpädd_c5dadd24-52c7-4430-aac6-fb6218dd2866,i.v.,to explode,,,,,,,,
5173fc67-c2a2-4de4-b5d1-4a65a9116b9d,pägamän_63b8390b-1ca3-4567-a1d3-a53af95fa766,n.,type of yam,,,,,,,,
0a13404a-aacf-4c9f-8b8c-e956566b63a9,päk_dd9c2e37-fbec-4c50-bc20-8a55b60fbcc0,loc.n.,edge,,,,,,,,
6c4b0f46-32bf-44f9-b870-ad4d6ec0e245,päkam_683d3422-ae90-4999-89b5-bdaff5c0b1ea,v.,"to bend down, keel over (due to sickness)",,,,,,,,
f265a9b7-faba-4bf8-b38b-1b68961d9137,pälan_c8f6e23e-4009-4a1a-ad2e-a8fae98167df,n.,plan,,,,,,,,
3f2e2379-f511-4656-b9d4-d954b6562513,pälengg_86fdd7c0-e65f-4b39-9731-f90c23635a2e,i.v.,"to drop down, fall",,,,,,,,
cda9b515-1e5c-4f2a-a4df-1bdd76e8a2a6,pälkom_02593a8c-76d4-401b-8d30-09e3ae4ac960,n.,body hair,,,,,,,128:19,
d235fcb7-72e8-4ab3-9236-4aad2f25e523,pälläk_966ddcfa-c4d6-49fb-a549-3c798626ad2e,n.,type of introduced banana,,,,,,,Sowati Kurupel,
c78706e8-40ff-4af5-b874-ebf58ce5a1d2,pälläm_667cb145-17cf-4fe7-a9bd-a901b5bba81b,mod.,visible,,,,,,,,
790e115c-dcc3-4b1a-89e5-8f2e945f903d,pällämpälläm_42d0137d-38d2-4c0c-80b8-c574f9e87224,col.,"white, bright",,,,,,,76:13,
184eed9e-6b6a-4e48-99f9-438d2910080d,pällämpälläm_42d0137d-38d2-4c0c-80b8-c574f9e87224,mod.,"white, Western",,,,,,,,
bee83640-01b5-4492-84ab-ac8c69227495,pällämpälläm eka_c9d7e22f-6a96-4b87-8877-17c9772bceb3,prop.n.,English,,,,,,,55:20,
00ba75fb-ded8-4b10-826f-32c3d348a672,pällämpälläm yurwe_9d1e78b9-819f-4379-ad25-bda3d6ededac,n.,type of tree with white flowers and edible white fruit.,,,,,,,Tony Warama,
d2cb0da0-4777-415b-8239-c31e97637b1b,pällganen_de5d0183-eb6d-4d2e-94c1-5b0bd0334b92,t.v.,to hang,,,,,,,,
a2e3a5f1-bb7e-4c75-9419-44374d8c195c,pällkam_bf523805-0e35-43cd-a200-ac664d603b55,t.v.,"to split, break",,,,,,,,
ac12f4fd-9173-463e-aa55-c2d8c26ac5d4,pällkapällkae_b263a7ad-4839-4f26-a4b4-8d0a76d13ef1,n.,"pieces, shards",,,,,,,,
4d037063-1d76-4589-b387-f4945dc0ec8a,Pällmang_d49e3a52-fa8e-47df-b89b-7e310c8bae4d,prop.n.,Pällmang (toponym),,,,,,,"Bodog Jowanang, Geoff Rowak, Inawa Dareda",
2bfd5311-a0e1-41f8-822b-b97d0a982c14,pällnampällnam_1d05002f-c6a4-460f-a938-9f24a9ec8831,adv.,"squatting, crouching",,,,,,,,
2ba8cc56-b1b3-4385-aea6-71440724d78b,pällonpällon_bff54337-14a1-459b-a0a3-f7b68e39ccce,,,,,,,,,,
2308dd06-699d-4680-969b-e93987af2ff1,pällttän_d1d96529-e028-48d6-a4ae-50752b2e7eba,i.v.,"to set off, start walking",,,,,,,,
9e77d464-3613-466d-870f-d41b3f73228e,pällulle_11196953-9dc4-4227-ab33-6ed872e03a1a,n.,lung,,,,,,,11:11,
9d7d076e-f12a-4ead-8d75-07b4202bef1f,pämbäll_23f67a8c-70fd-4118-a092-831b97c70190,n.,,,,,,,,,
f6608031-772e-450a-967b-49d1d821d038,pämpllätt_5fea0535-8ac4-4d6f-a54d-e05fc996be89,i.v.,to become healthy; grow,,,,,,,,
1911d4c6-02c4-489b-970a-a84f83a4c4ee,pän_f43b5e58-fc7f-453c-8f4d-5203d29b3844,i.v.,"to ripen, e.g. of a papaya. Literally: to decorate a nose.",,,,,,,,
589b223c-ad95-43c2-a39b-05e509e6d481,pän_f43b5e58-fc7f-453c-8f4d-5203d29b3844,i.v.,to decorate nose,,,,,,,,
4131c0ba-30a3-4c83-a1c8-ba6dfad72e8a,pänae_ee9e161c-8c87-4db8-8d01-466cfc4feec7,t.v.,"to turn back, turn around",,,,,,,,
3e260ac5-8de3-490a-b48a-c728bf604e0d,pänae_ee9e161c-8c87-4db8-8d01-466cfc4feec7,t.v.,"to capsize, turn over, flip over",,,,,,,,
894291f1-d454-4ea7-8a35-b7f45e9bb46e,pänae_ee9e161c-8c87-4db8-8d01-466cfc4feec7,t.v.,"to turn, become, transform",,,,,,,,
8df3aef1-b53f-4be4-a855-bebd8d936af7,pänae_ee9e161c-8c87-4db8-8d01-466cfc4feec7,t.v.,to translate,,,,,,,,
1c3410ba-84a4-41d3-be9b-3806bed75acc,pänae_ee9e161c-8c87-4db8-8d01-466cfc4feec7,n.,zenith (position of the sun at high noon),,,,,,,,
db933bbc-f323-4016-8e2e-e7511b1a758a,pänaemeny_346fc77d-d1c7-4f52-a4b8-a5245d61026a,t.v.,to check,,,,,,,,
c907e3c9-12c3-4269-bfd0-ecad496f82db,pänaengg_fd7222b6-1b72-417e-a50a-cb24783a0700,i.v.,to move opposite,,,,,,,,
ed5c1e28-f382-4d2a-bb52-1a0aa015d071,pänayang_ee1e32f4-357b-4502-ac5b-2e21796823e4,n.,stage of life when a child begins to turn over,,,,,,,175:4,
bc836b42-d431-4049-9e29-19225396aa16,pänbäll_6bd6c19d-88a5-4098-9a21-e76a9477824e,n.,poisonous vine or root (used in fishing to stun fish),,,,,,,123:9,
6ff56b21-7e23-430b-8b2a-386f87977764,pänddäg2_090e5d53-1431-45e4-97b1-6c451e19a83c,t.v.,causative-applicative form of päddpädd,,,,,,,,
3ecee5a8-f284-4d27-af52-fbed7ce116a3,pänddäg1_dcc6640d-a972-4027-b58c-e51aeebcf34e,i.v.,to start a grassfire,,,,,,,,
69e6b465-6ba3-429e-afae-bd5cc9187580,pänddäg1_dcc6640d-a972-4027-b58c-e51aeebcf34e,i.v.,to hatch,,,,,,,,
16e442c3-9006-4c66-b599-b4dabdeeb96e,pänddäg1_dcc6640d-a972-4027-b58c-e51aeebcf34e,i.v.,to break water,,,,,,,,
98128570-8748-4b75-b6dc-856e8aa92940,pänddäg1_dcc6640d-a972-4027-b58c-e51aeebcf34e,i.v.,to mature (of a plant or a person),,,,,,,,
62c4aea5-2788-4d25-8668-89f75526e331,pänmällang mälla_f82a3343-1de2-488f-b955-7abd33c36ab1,n.,type of big taro,,,,,,,Sowati Kurupel,
0ff946f6-283e-42c5-86a7-653f117026b0,pänongg_85bebba5-4d44-4fc8-80c8-5ddcfb90261c,t.v.,"to awake, wake up, get up",,,,,,,,
563fccf5-4699-442c-9318-e8fe94d25e2c,pänongg_85bebba5-4d44-4fc8-80c8-5ddcfb90261c,t.v.,"to wake up, wake",,,,,,,,
9b20d4ec-e66d-4d48-978b-bc3983a649b0,pänpän_0bc2e88d-0d0f-4080-9b75-3319b9348aa7,n.,dust,,,,,,,,
8f02e234-e4bd-476c-9ae4-0bd29550d233,pänpän_0bc2e88d-0d0f-4080-9b75-3319b9348aa7,n.,"calcium hydroxide, lime",,consumed with areca nut and betel leaf,,,,,,
943e52fc-89bf-49c8-a803-f9aecb6afc23,pängän_9d0ba604-4f70-419b-a2c5-b89c90ef6e08,i.v.,to disappear,,,,,,,,
de85daa5-4fb8-4749-ad54-c0e4e0973ba5,pänggmeny_21401230-bab4-4aa7-bca1-5d39db892d33,t.v.,"to protect, look after, take care of",,,,,,,,
9b8b2b36-40ab-4871-9459-2a0b79ea98f8,pängmeny_46e89ff7-bf32-49de-a31e-82b710138007,v.,to scope out,,,,,,,,
f9cc457d-6bf9-4983-9926-19620aa767e0,pänyae_1db850dd-7ee4-40d2-a724-77ced740bae6,i.v.,to hop,,,,,,,112:8,
58576591-838e-4c86-a992-bc52fe1d87f3,pänyanz_56073c36-5fcd-4722-acff-fd84ead70740,v.,to grow,,,,,,,,
8a9e3a3d-5963-4c91-8c10-d0683b731137,pänyik_d7148f7e-35d5-4f8f-825d-74dadafcd378,cov.,to whisper,,,,,,,,
209138e8-8bc4-45ec-b77c-3eef364efe16,päp_6cd1e48f-bc81-4ab0-a898-f11e8f978efe,t.v.,to draw or mark,,,,,,,,
5a69b421-1d60-4f1e-b47e-66796f38df02,päp_6cd1e48f-bc81-4ab0-a898-f11e8f978efe,t.v.,to speed up,,,,,,,,
c85491ec-ccca-4546-aa5e-0c1a7a81501a,päpa_607df700-ff20-44b4-8683-f22185f659ab,n.,line,,,,,,,,
461ac408-575d-4886-a724-8d56cf2b4e28,päräl_865ee712-feb1-44b1-8913-f01b36bf6d8d,n.,radjah shelduck,Radjah radjah,,,,,,,
5f72930c-fd96-4717-8ed0-f0157af51a67,päräll_02ed160a-2aa2-4ca6-9e0e-1dbd5a0f6bc9,mod.,dry,,,,,,,131:11,
535440e8-d2f5-402c-890f-66332fe0689b,päre_9f133437-e27c-44ac-aa68-c385ea6a7018,adv.,"sadly, nonsingular form of säre",,,,,,,,
87f4d837-57ca-4d17-812a-808c84f5ff14,pärta_50fb5d1a-4065-4938-b9d8-e1e41058b04c,num.,thirty-six (yam counting numeral; 6^2),,,,,,,41:12,
ccbf9e48-be47-437d-9e1b-f8a322056866,päs_7fbaf184-e638-4b63-8e45-67e47df4c010,n.,type of sugarcane-like plant with fruit on top,,,,,,,,
cc1f79f5-b749-4f06-aee8-e6f584b0c716,pätangeny_9c533dc8-c571-479e-baa8-b14137de1c24,v.,,,,,,,,,
15230842-9db0-431e-a2ec-d4661a59a1be,pätapäta_cb2f70c7-acec-4b6f-8b11-49e9ba627c53,mod.,dry,,,,,,,,
51532e07-6ba6-412d-87e2-eb4e5eb44261,pätaräll_36ee009b-0118-4199-920c-8bc88f407df9,v.,,,,,,,,,
4673380c-7958-4971-96f7-4f88dd40b0cc,pätär_d167451b-b274-4b8b-afad-19f8993628c2,n.,white hair,,,,,,,128:38,
f4a89e5a-0103-43fe-ab99-0d592e4ef12e,pätpät_2abb287c-bd42-4138-86f0-3aadec292ad0,t.v.,to dry,,,,,,,183:20,
6a6c4046-67cf-4efc-b3c8-48070ccc33c2,pätt_1b966fa0-d2fc-4a41-967e-5fd48234d66e,n.,body (of a person or animal),,,,,,,,
46ef342e-9091-4cea-bb82-1dd92b05768f,pätt_1b966fa0-d2fc-4a41-967e-5fd48234d66e,n.,trunk of a plant in the ground; a single plant,,,,,,,,
f4243b9e-fcd7-4226-9a15-4af254aa6c4c,Pätta_600b6901-3e42-4c31-8831-dac381fa01d2,prop.n.,Pätta (toponym),,,,,,,"Bodog Jowanang, Geoff Rowak, Inawa Dareda",
b2f84dfd-938f-4526-a2e3-4e36642ddaad,pättapätte_274ea17a-4478-4a7b-afbe-91c7367b20ba,t.v.,to shake off,,,,,,,,
caa45967-e10c-42ad-801a-0f88bf9c4e67,pättapätte_274ea17a-4478-4a7b-afbe-91c7367b20ba,t.v.,to hit grass with a stick to scare away animals,,,,,,,,
e14e7a7b-8302-4015-a37c-7ce61b8947f4,pättäk_0b3d99a9-e4ab-488a-88ad-73c845b4d474,mod.,short,,,,,,,147:11,
bdd8fb50-4ce3-49ac-b003-4b794ad56e22,pättäkpättäk1_1951c517-4a68-406e-85da-fd3af62e89e4,mod.,nonsingular form of pättäk,,,,,,,,
236ed890-d58b-4e8f-a66a-6140382cc994,pättäkpättäk2_fa38cb0c-125f-4b0f-8cd7-62ef583e0ef1,mod.,a bit short,,,,,,,,
0fd788d1-4d1a-4e0f-81f4-8593bfd8fd76,pättäl_724b6e01-20ea-4565-a55e-9032e7bfde88,n.,type of tree that grows near swamps with yellow flowers and bark used for rope to tie firewood,,,,,,,Tony Warama,
b1257e02-ba83-4db6-a346-ddd701f27d57,pättkäp_adf3ca11-7952-45e2-a8d7-ce4b17cd11c6,n.,node (ring or line on bamboo or sugarcane that separates internodes),,,,,,,,
033bdb9f-868b-477b-a473-c584ff68efaa,pättkäp_adf3ca11-7952-45e2-a8d7-ce4b17cd11c6,n.,part of a bow,,,,,,,137:21,
c4f85530-148b-466f-8511-edd5c8d1f699,pättol_afb9a35e-9230-425d-b986-03b99c49768e,t.v.,to start singing,,,,,,,,
f82afc96-368c-4407-b5fe-a4bcaaed1cc0,päzäg_5abec108-0d29-4da5-ac6b-56fe26626bb9,Kinship noun,brother-in-law (man's wife's brother or man's sister's husband; reciprocal),,,,,,,39:10,
727eae9d-372b-408f-87be-3eeb18defaf8,päzäg_5abec108-0d29-4da5-ac6b-56fe26626bb9,Kinship noun,sister-in-law (man's wife's sister),,,,,,,,
9be96a7a-7da4-4809-92f1-4d701a3a990a,päzäpäzäg_d10c6360-814d-47a2-bcbc-3e7a5f900d73,Kinship noun,in-laws,,,,,,,,
c128538e-241c-44c7-9796-d0f31ed5b9a4,peba_3f6adc41-2d61-4cbc-9bb6-72f3d3c2dbf4,n.,paper,,,,,,,55:5,
68fdf256-572d-4bad-8862-3755b022c3ea,pedae_a014d0e9-6247-4042-a12c-e82a68a5e019,t.v.,to sweep,,,,,,,,
7eef658d-4770-4862-80b1-bf5304e4c666,Pedaya_9623834c-1efd-4d0d-b64b-ad81d1f25926,prop.n.,Pedaya (toponym),,,,,,,"Bodog Jowanang, Geoff Rowak, Inawa Dareda",
6b99ab41-5005-4ef2-bf28-1c4322152733,Pedro_1abb8669-f026-4a26-a9df-ce8ed15382f8,prop.n.,male personal name,,,,,,,,
10f9cfd6-6ec0-426b-836e-4c5a92db0c13,pekpek_5abecfc6-7153-423f-9c13-f606e3ffb7e3,n.,place,,,,,,,,
df4f8414-56d0-464a-b560-e6ef5fa62fbd,pemli_43816d9d-7cbf-4547-9e07-3db2a4602c27,n.,family,,,,,,,,
b74117c4-008a-4aed-bb75-2ecfdfa15dad,pen_4ef0d6ac-bae3-4cc2-b605-eb0e666ea839,n.,pen,,,,,,,,
2c1bdeb0-c079-452a-abab-aa5dd3b467a2,penangg_a08e6b53-4878-4e24-a8f1-b328e54df65a,t.v.,to set on fire,,,,,,,59:19,
b82280b3-82b5-41bf-a1ba-8c626024003b,pendäg_2223630c-f597-4f69-98b6-2818cd3e3803,i.v.,to trip,,,,,,,,
b2d20b4b-5a92-480b-8023-1bf393683c59,pendäg_2223630c-f597-4f69-98b6-2818cd3e3803,i.v.,"to push to the ground, jostle, trip",,,,,,,,
6b7469d0-bd7e-4dd9-9478-388e4f00ce85,penmällpenmäll_82d6d171-41fc-4c36-ba0d-46ccfa4afb73,mod.,spotted,,,,,,,76:5,
f2331dbb-2594-4864-8873-615b12910945,penongg_fbb6b69f-01a4-40ef-81ab-1e7c9ad16284,i.v.,"to burn, set on fire, ignite",,,,,,,,
6ec54f42-2d2e-4c08-b42c-867ae941fdda,penongg_fbb6b69f-01a4-40ef-81ab-1e7c9ad16284,i.v.,"to burn, set on fire",,,,,,,,
eb0b34e7-973e-4f28-8f97-f14429a2f5f9,pentae_0004c87a-f838-465c-b8fa-b95662840f07,i.v.,"to spread, be transmitted",,,,,,,,
ed6e671c-2f8d-47b4-894e-96af22665ddc,pentae_0004c87a-f838-465c-b8fa-b95662840f07,i.v.,"to transfer, transmit, spread, pass on, pass down",,,,,,,,
582d6c05-e7c0-4acb-a847-85ad74038efe,Pentae_6b2b6ee6-ac82-475c-8fad-63ded05c868f,prop.n.,female personal name,,,,,,,,
572b698b-19a3-4ec4-b4ca-87dcd5bfbb83,Pentai_2f372a57-8877-4c0f-899e-7246d65ce831,prop.n.,female personal name,,,,,,,,
40d6ae15-adb8-47e5-9733-e39bdbd7db48,pentapentae_aa8125cd-6308-4132-bb28-e578c868208a,adv.,"directly, in person, personally",,,,,,,,
ca2abfca-2d14-4b91-8f24-0fbc87489924,pentngeny_d342e723-8888-44d3-84b7-da9d3272346f,i.v.,to trip,,,,,,,,
15e7228a-f6d3-481c-abe1-a5e2fff95f22,Penz_782e62ff-edbb-4040-a2fb-eabab90133db,n.,name of a river,,,,,,,,
32d54ec7-8d6c-46cf-8902-5215b7cfcbf9,penganyäm_080ff37a-d264-48c4-8a8b-7b026cf47036,n.,type of yam,,,,,,,,
370aeb3c-f6f8-4ebb-9bd6-45ae6c59c856,pengg_d65043dc-2319-45f4-8038-cfff33a54036,t.v.,"to make the killing shot, deliver the final blow",,,,,,,,
e1f723ad-5ec3-4320-b3d9-7e4b4b98b17e,pengkameny_43a7a269-c49f-4962-bedc-da602605d4af,Kinship noun,sister,,,,,,,,
d00393ec-e669-40ab-823f-09b609d30ef7,pepätt_e52220c0-fca5-420a-9336-8246694cbd2f,n.,black-faced monarch,Monarcha melanopsis,,,,,,,
641fbbd4-0af6-4a11-ac13-8b3189251cde,pepätt_e52220c0-fca5-420a-9336-8246694cbd2f,n.,spot-winged monarch,Symposiachrus guttula,,,,,,,
853cf50b-6745-4a84-8e68-db017dd04a7f,pepeb_cb15b2a6-6c37-460c-af88-9ade0874f7d7,n.,"folktale, legend",,"story about unseen people/spirits, stories about them, told only by the old people. These stories are being passed down. They have not been written down. Old people keep them in their minds, older women especially, and tell them to children.",,,,,3:16,
ebaea66e-8232-408e-a4f0-f0b6441a0190,pepeb eka_84bcf256-fbd3-453c-8a40-0f05b53f65b0,n.,legend,,,,,,,,
2ab3c478-dae6-4120-b951-a16fec18d71c,pepeb wup_5977f75f-061d-46c9-a1ee-a8df1b6b6c14,n.,type of introduced banana,,,,,,,Sowati Kurupel,
62af4586-319c-4669-b803-6754cbe0946b,pera_f18335fb-fd58-401d-85a3-430cd81378cb,n.,bird perch,,,,,,,,
fbe54933-e2d5-4d8e-8b9a-b2403539166c,peraenggag_2a38a84b-3554-4d1d-a1fd-4839946c1f54,n.,type of dance with two groups,,,,,,,,
100dcf1d-ac0c-4349-b8c4-c3ab0057de76,peraingg_840f5d6e-ddd5-436b-94b0-3eb0edfab7e6,i.v.,"to cross, intersect",,,,,,,,
02349b38-a05f-4a6e-b396-d6be41f34fae,peraingg_840f5d6e-ddd5-436b-94b0-3eb0edfab7e6,i.v.,"to protrude, stick out",,,,,,,,
10b36193-e6e1-4141-b1e3-9cf786055e1a,perapera_907c9df7-8102-4be5-9355-eaea6015d0d5,adv.,perching,,,,,,,,
b72f48f7-6d8e-46c3-9a98-6ac6f2c32dda,perälla_2e21af8e-0e7c-4e6e-a7eb-29813848bad4,n.,type of vine,,,,,,,49:7,
380f73fa-5f98-4a71-a1b1-546a80604cee,pes_27987e38-c966-4f61-9a0b-37b97ed18f28,Ordinal numeral,first,,,,,,,,
3c3fd1fc-064f-4e96-b950-7bb77509cec1,petapeta_4a286708-dcb3-4533-b106-4cf97dc2ad31,mod.,thin (inanimate),,,,,,,150:3,
0a8e63c0-ef6d-4ba8-acc0-3ef0de9fc012,petapeta_4a286708-dcb3-4533-b106-4cf97dc2ad31,mod.,shallow,,,,,,,,
4b5f9603-f020-4cca-872e-d59e9f6fffb4,Petepo_008b626b-1aa8-49f1-b4ed-edc6ea1e5f5c,prop.n.,female personal name,,,,,,,,
84ffe46a-a2bf-44fd-8bec-175fce831aca,Petom_5793923c-7224-4984-938f-5ba899bc9f09,prop.n.,Petom (toponym),,,,,,,"Bodog Jowanang, Geoff Rowak, Inawa Dareda",
b69fc421-07cc-448b-a156-66407f634057,petron_cf795cd9-51fe-433a-87fe-d8835f7c4fc2,n.,blood vessel; vein; artery,,,,,,,,
7ee9260d-458c-47b2-8d4d-2f19d5ea01cb,pett_c3ad148e-86b6-4e0b-9d6a-a0e3b995fec7,n.,,,,,,,,,
50c605d0-7df1-482a-a585-746465aff978,pewäl_d4c67570-f9ea-4ed6-b2bc-a0205c0e20f8,n.,type of palm,,,,,,,49:4,
e237c097-ffbf-42aa-b85b-862ff188e9c9,pewälewäle_c56f4e16-5ed2-4593-9f26-f4a36fc115ae,n.,green pygmy goose,Nettapus pulchellus,,,,,,Mayu Dobola,
1f67ee9f-dbd1-44fa-850d-5ede9fb21991,Pewe_3a6304bb-f0b8-43da-ac9d-55c62753ca5f,prop.n.,male personal name,,,,,,,,
644d048f-124a-4e86-a7c6-cccb71d2e381,peyam_437fa8dc-6ae8-4cfb-9c17-f012d74ed9c7,i.v.,"to come out from water, surface",,,,,,,,
e3c84ec3-8e4a-40b8-b82c-5947f9e8adab,peyam_437fa8dc-6ae8-4cfb-9c17-f012d74ed9c7,i.v.,"to pop up, reappear, resurface",,,,,,,,
dbac205a-876d-479b-a886-54fc3481ef13,=peyang_72b9d344-bf63-4457-a04e-c71af741b748,nom.clt.,comitative clitic; with (a noun marked with the possessive),,,,,,,131:10,
2d95aaaf-28ec-45f2-9946-6b5683b5581f,peyom_12201cd5-0316-4475-bdc1-5c879ea4a608,mod.,mating,,,,,,,,
2a93393d-0242-4c85-b435-d43f2b6639d6,Piasorosoro_e2592e24-f5dd-4dd6-86f7-4751d42b8af5,prop.n.,male personal name,,,,,,,,
fb3837ef-c109-4d90-ace4-d253ecbeef8d,pid_26d8c871-7fc7-4624-b8a0-79a271691e84,n.,horsefly,,,,,,,,
d9a216b4-9c0d-4505-942a-b75405bf762a,Pidgin_5d5735af-0bda-429e-a63b-6b773af4e1d3,prop.n.,Tok Pisin,,,,,,,,
814e1407-b18b-4ccc-bb99-bce20b3cbd5c,pidor_1f48fd2b-69d6-4815-8fbb-f7bd5182d537,n.,white-bellied sea-eagle,Icthyophaga leucogaster,,,,,,Mayu Dobola,
337b6954-b265-4f04-9c30-f9f50e87a2be,Pidortama_dc07061e-5668-4210-a11a-04c8ed06cd00,prop.n.,Pidortama (toponym),,,,,,,"Bodog Jowanang, Geoff Rowak, Inawa Dareda",
a55e61f1-14ae-4c36-ac67-cd045c1c0a40,pidroll_ab36a73c-9141-4937-8e90-e7054c561bc7,n.,black palm weevil,Rhynchophorus bilineatus,,,,,,Joshua Ben Danipa,
c2f219ff-02da-4fbc-9245-164469083355,pig_4a14d8ea-eb7c-4576-844c-5e81daa62fa0,n.,type of cultivated tree with edible fruit,,,,,,,Tony Warama,
69ca69e7-59f1-4a94-9321-36fb8934978a,piksa_5e288b66-41d6-4f1b-87d8-d7ac4004c980,n.,picture,,,,,,,,
b3556660-f791-4206-af25-c80ba619b678,pilatt_4b02a717-8ae1-40b2-8b91-d68f33b01cdd,n.,"plate, dish",,,,,,,,
d2db4ec9-f3c7-4f0c-9b04-4a847b84ab26,pimbyom_abb7af95-1fbd-46e8-9b8d-01a9336302fd,n.,small pieces of bark,,,,,,,,
b960834c-771b-494a-bcc4-2eb761ff3ea6,pin_7662aa8e-97e6-46e9-8e32-a85fbf8c0451,n.,type of tree with white or red flowers and composite fruit that birds eat,,,,"boiled and given to children with urine problems. type of bottlebrush, but species name unknown.",,,Warama Kurupel,
5dcacbb5-9aa9-44f7-9b4c-cc414a128c12,Pinang_94b61099-e102-4faa-8fd4-abd4a55ca5ca,prop.n.,Pinang (toponym),,,,,,,,
7693c159-fdc2-4429-9abd-0fb1556a0fc8,pinsäg_1ce8fa24-d580-4f5d-b3c3-f4ab806a4fa9,i.v.,to tear,,,,,,,,
f7a6dacd-33cb-4fd1-b19a-a9804d35f862,pintopinto_3a57b4da-f206-4811-b8d6-7d62af6af096,cov.,to blow leaves,,,,,,,,
b8f17a6f-d887-48f3-8093-b2dceb48de0a,pintta_d30998fd-55be-4573-9ea7-223e99b1237b,n.,palm cockatoo,Probosciger aterrimus,,,,,,Mayu Dobola,
2465aacf-c207-40d6-9002-2de9853f681e,pinzopinzo2_598edc71-515c-4442-87ed-27eead1cfb8c,n.,curly hair,,,,,,,,
6017f754-bf19-4dd3-ab8a-f03def662719,pinzopinzo1_e740ad83-fce8-4743-8efa-7b63470d9137,n.,type of small insect that lives in the ground,,,,,,,169:16,
4a0ff882-01f1-42d9-8eb0-5663acf86590,ping_5c741f4b-c885-43d0-923d-8138cb472333,n.,baby pin,,,,,,,171:5,
1bac3268-9ef0-4cce-8537-d03c19fa6ed7,Pingam_7c4721e0-50ce-4cb1-830f-54813877046c,prop.n.,female personal name,,,,,,,,
c8bf98a1-a75d-474d-9a90-dfd06a93a7b4,pinggudd_c8e26214-29b7-49de-95cd-9795d6fd0515,n.,skirt,,,,,,,,
da57dbe6-8f89-4c88-84ef-4d94d4199eaa,piny_1dfb3183-4384-4da4-9737-0fada990b317,n.,"kingfisher (azure, little)","Ceyx azureus, C. pusillus",,,,,,Mayu Dobola,
4ced12e6-9b65-4d2d-b7af-7310d5aa41d8,pinya dorollog_80d4dcfa-f00d-4cc0-9994-c3a288cbbf07,n.,sacred kingfisher,Todiramphus sanctus sanctus,,,,,,Mayu Dobola,
f72eedc3-2799-4d49-94ad-1922bae38ded,pip_5617402a-9829-4db5-b7fc-d9f43d9cf302,n.,red bee,,,,,,,,
391c65bd-30db-4071-bb76-3735a513facb,pipi_5a11d700-b633-4bcb-89ca-71a2eb7dbd6c,t.v.,"to shoot, spear",,,,,,,,
ff1f2230-14ed-4acb-835a-f2ee44fedf78,Pipi_9634944a-0d0e-464c-bf12-c5b176c9f151,prop.n.,female personal name,,,,,,,,
58d26806-1b13-47cc-ba2f-bb0ac502aa3c,Pipiato_771c6a23-dd89-4d40-b963-a1429abbb014,prop.n.,female personal name,,,,,,,,
923dab66-7e95-415f-b2a6-1f5838adecc8,pipllo_6b57ebfd-c665-47e9-9438-2804f28ef225,n.,lizard,,,,,,,,
a54e44e6-2a55-4b0e-9881-aa2db572d07b,pipllug_28f59bdd-3796-418b-9846-875f6bd3e9dc,i.v.,to fly,,,,,,,,
04d4c796-2083-4bc3-a24a-d0fe3f99f63f,pipti_2bf52f59-a981-4312-b336-f251c84423c5,num.,fifty,,,,,,,,
04adb11e-571e-4dc5-9821-a1482441f292,piptin_f1ee5fbc-d6dc-4c7b-a29b-62507a8979ab,num.,fifteen (English numeral),,,,,,,,
2ba51cc5-4e93-45c7-a304-064735fd3656,pirik_38dfbeba-f5d2-4c5d-9d2e-45a1722518e4,n.,"baton, stick",,,,,,,73:21,
cf2d083b-0b40-4961-9ae9-9307a8018fe6,pirngän_8f352a6d-aa81-4ca3-a05f-4f2b8aded3ed,t.v.,"to draw a weapon, take out",,,,,,,,
d6b92c5d-bf97-49d8-9fd3-6ce5211e0a4c,piro_df677ca0-db40-43aa-a9fe-a9fd75ce6590,n.,star,,,,,,,,
0d285b52-8141-430b-b5cc-d9b06b05e96f,piro_df677ca0-db40-43aa-a9fe-a9fd75ce6590,n.,star weaving pattern,,,,,,,,
af85080f-df89-4f6f-b278-584d09a8e0ab,piro kanas_0f1c7ae0-27f6-4fcf-ba39-5bac3a6d9ca5,n.,type of game where the first person to see a star in the sky wins,,,,,,,,
a5a2358f-1ff4-47c8-9a99-62a7e3b4580f,piro ttängattänge_11d1cdad-097c-4de1-a219-cf556ee74767,comp.v.,to become unconscious,,,,,,,,
95394eb8-8cea-4a52-a75c-095aa4483c02,pisam_f64d3454-e6ef-4d54-b626-bf7cb1655b63,i.v.,to tear (of something thin),,,,,,,,
6aadb98e-5aef-44a3-a9bd-5daf00dd87d8,pisam_f64d3454-e6ef-4d54-b626-bf7cb1655b63,i.v.,to tear (something thin),,,,,,,,
b884ae26-e6d8-4020-910e-38d24c714c1c,pisepise_3c0511ae-a6a3-4caa-b922-6ec8fe2fe2b1,n.,small pieces,,,,,,,,
52090168-0cc9-4a5d-8447-f843903d380a,Pisi_ce66fd5e-5356-4457-897c-07fd42436c9e,prop.n.,Pisi (in Gogodala Rural LLG),,,,,,,"Bodog Jowanang, Geoff Rowak, Inawa Dareda",
56f571a9-67c7-4df4-854e-0f2a0e1604d4,Piskae_80b893cc-fc4b-400b-9de9-be0dcc0bd9a9,prop.n.,Piskae (toponym),,,,,,,"Bodog Jowanang, Geoff Rowak, Inawa Dareda",
a42f7bc5-881e-4342-b572-894f7943667f,pisor_e55b2130-5a59-40fe-a5e3-c6638ce5bfcb,n.,,,,,,,,,
9d20ec5e-b11e-42b2-9bb1-ea93abce3767,pit_868b3608-f6ee-465b-b915-535695255616,n.,small insect that lives in the swamp and eats taro and sweet potato,,,,,,,,
668502d3-5faf-4eb8-a218-50ed84b4e478,Pita_659e1770-e860-4f8c-b023-b95204004817,prop.n.,male personal name,,,,,,,,
bdfeb1f7-80d7-4dba-9695-6aa694bfb6d5,pitatep_072d6062-c4a5-45fd-9720-252a85c06244,v.,"to lift an animal or person and throw them to the ground, hit them hard against the ground",,,,,,,,
863f1842-d74a-48d9-92c2-aeacdc72783c,pitatep_072d6062-c4a5-45fd-9720-252a85c06244,v.,"to tackle someone, as in rugby",,,,,,,,
f498c410-7052-405b-a733-404b58ce7534,pite2_6c784983-57ef-4893-9929-882ce7838ab9,n.,large winged ankom,,,,,,,,
bb799f27-3edc-4693-906b-999dd91dd29c,pite1_7a754a88-491c-441a-91ac-803be29f9bcf,n.,grass skirt,,,,,,,171:12,
648e8ef1-208f-4229-bb76-da1bbdb675ff,pite1_7a754a88-491c-441a-91ac-803be29f9bcf,n.,tailfeather,,,,,,,,
7e3f77e0-b278-4e75-a1e3-0084c4fa588f,pitepite_51054399-4785-40c6-961d-cc2ae529303c,adv.,under the skirt,,,,,,,171:32,
97a94071-8652-42be-bdc4-2bdc75bf0f07,Pitepo_8d9cdb67-996b-4acc-913e-87b267dc647e,prop.n.,female personal name,,,,,,,,
c95d0608-674d-4ecc-9ab6-d1367871588e,pitkae_4c72f908-b8b3-4639-9b8a-d5ee19afb54a,t.v.,to untie,,,,,,,,
24e2e182-3641-4c6d-b6bf-7b81a6129d9e,pitpit_6ff6ed5f-89cb-4d07-a0af-400de88fb13e,n.,sugarcane,Saccharum edule,,,,,,,
81ac4a0c-e52e-45e7-8c1b-af604a49fda3,pitraempäg_1b4c22d4-107d-4456-8e9e-9b3f51673e6b,t.v.,"to make a failed shot, shoot an arrow that falls",,,,,,,,
38459946-265b-47f9-ac19-305fb90a92e2,pitratra_a9cd61d5-225e-4fd0-8829-5edea61ceb2f,n.,masked lapwing,Vanellus miles,,,,,,Mayu Dobola,
f0762aec-b6ae-497e-8b7b-7c9ceb354279,pitt_3a2278b8-c8d2-4eff-a297-bbf42713038c,n.,arrowhead hafting string,,,,,,,,
93fa30bd-df8d-429b-a34e-270d67aca604,pitt_3a2278b8-c8d2-4eff-a297-bbf42713038c,n.,band,,,,,,,,
0a918163-2979-4716-a2d6-f6df4217c9a4,pittäpen_669ccfb6-d4bf-4395-bf54-4a306246a7a3,t.v.,to drop or bump someone by holding their two legs and hands. To hold an animal (such as a small wallaby) by two legs and swing and whack them against the ground or a tree to kill them,,,,,,,,
06b047a3-444c-4466-b347-7d238e2e3de6,pittbudar_d68ffad1-46b4-4b85-976d-441f3f717be7,n.,type of edible grub found in the bush and grassland,,,,,,,Joshua Ben Danipa,
c4597a75-c328-453d-aa7d-acdbeb3e4e0d,pittpitt_fed6aa09-7bc4-43b5-aeef-e7f1e6231de9,t.v.,to weave,,,,,,,,
a1f2d1cc-b999-496b-9086-fb2ef0ce57ac,pittpitt_fed6aa09-7bc4-43b5-aeef-e7f1e6231de9,t.v.,"to sew, stitch",,,,,,,133:13,
21fb4201-dd44-4fb8-9d5e-e30cd795d306,piya_cfea85f4-d855-4741-bd68-256a57a55f81,n.,type of flowering plant,,,,,,,,
115d2a65-863f-4a3f-a38f-81f471f3c6ad,piya gany_be32dda5-ff50-482f-9e1b-bdea59a7476a,n.,planting a piya plant as a gesture of peace,,,,,,,64:32,
fe5a6c9b-c6fd-4e0b-ba88-ce2b657b5956,piya ibeny_0edaea05-f198-44c9-9de5-8350bf58fb21,n.,planting a piya plant as a gesture of peace,,,,,,,,
85467355-34cb-4487-81f4-6f76aa8d345b,piye_9f8cad0c-b019-4c26-a304-1601ef2cf723,n.,pus,,,,,,,,
fc456155-1d10-4993-8f8c-7705edeb523e,piye_9f8cad0c-b019-4c26-a304-1601ef2cf723,n.,sperm,,,,,,,11:15,
d7230e6f-dbaa-4363-9be8-8e0339ecba4f,piyepiye_83605c6b-abe7-41e9-955c-9a0307db801c,n.,blister,,,,,,,,
958dce71-fe61-45c6-9a33-c4d1852615da,piyupiyu_f5b1cb82-af69-4e25-9e75-bea52dfadcaa,n.,large vine that grows from tree to tree in the bush,,,,,,,,
c60fc2fc-a541-42ac-ad65-d736e966f582,piyupiyu budar_7f78bdae-f1cc-4c46-8b8b-d2cf0ac2a29e,n.,type of grub,,,,,,,Joshua Ben Danipa,
37e086f7-ef04-457a-9349-844d21cc045a,Pizi_6d90cc98-ba0d-42ec-ac4e-47637374c1a0,prop.n.,Pizi (toponym),,,,,,,,
54b7f930-b3ad-4613-b568-0c36ce881fb2,pizin_d19f3d89-eafb-4184-aaed-f9fffd90265f,prop.n.,Tok Pisin,,,,,,,,
32b62243-936a-4737-adcb-5a710f974d80,Pizin_f457acac-fee1-4823-bb8d-5f6dc6cd7d0b,prop.n.,Tok Pisin,,,,,,,,
bec48e58-ccdf-4088-aed9-f866627afdf7,pɨddab_fb978240-7f45-4677-a2ea-f8f0b7192137,i.v.,to grow,,,,,,,,
49506762-3b30-4649-8027-08b22017c2cc,pɨnyapɨnye_c31d7a34-fad1-4717-96c0-56d47936b47c,n.,area with burnt grass,,,,,,,,
fa86d239-e664-4045-93ba-91f54fc8fce7,pɨnypɨny_9f0b3769-9d93-4483-a4b3-bf0f6471dbdf,t.v.,to plant a lot,,,,,,,,
456448d6-23de-444b-a0d5-406578739d1e,pɨnypɨny_9f0b3769-9d93-4483-a4b3-bf0f6471dbdf,t.v.,many stars appearing,,,,,,,,
184d9fd0-efac-44a3-8864-833ace1a4438,plaig_77d1e307-45f4-4fc1-a008-a9dd20df2c1b,n.,flag,,,,,,,55:6,
dc0e6672-d9e2-4580-a335-7d6fe508a1fb,plein_3eb513ab-f30d-4e6e-8b6b-3b1df8bed67a,n.,plane,,,,,,,,
5fb72dfa-6291-4ba4-bcbb-b20cb90825d5,plen_91283826-c107-4b42-9c23-6770eaeed6a9,n.,airplane,,,,,,,,
08e57e28-94d8-4919-bc82-a568eed0dea1,plenngätt_646c3341-16b8-40bf-9ef4-1422c0c4ec43,n.,airstrip,,,,,,,,
b2ee78dd-6a65-4d3c-a88a-149f23a98145,plenplen_7327bb64-35f7-4b5b-b419-8cacd11f4f0a,n.,pinwheel,,,,,,,,
93dd0786-7d70-4526-be1f-57d870523de3,plenz_15a12671-d069-42e0-9844-0611baba979d,i.v.,to be in shock,,,,,,,,
52c9140b-6bd5-4641-8fdc-77d208f96fdc,plengg_432f5c79-3566-4124-b967-4a6a95de2ce7,i.v.,to die,,,,,,,,
05c18e33-5790-4c53-a1b1-4cd6ea3ad602,plengg_432f5c79-3566-4124-b967-4a6a95de2ce7,i.v.,"to cut down, cut off",,,,,,,,
53e02b23-7b8b-4f25-b80e-8f0af9c77fca,pllaengän_f6694972-f324-405c-9871-30322833dfdd,v.,,,,,,,,,
9c21edfd-59be-40eb-a486-bceff356bcfe,pllulleaga_db6d2019-851e-41e7-b6fd-2c6e2a7921d2,n.,the seventh and final stage of sago growth during which the pith will not yield any starch,,,,,,,,
cbfc241b-dfef-4e03-add6-a1d614a7b46b,pllulli_36458be9-ce0c-441f-90bc-8f479662eea5,n.,lung,,,,,,,,
4ccc326c-9318-4c2c-ac2e-c4c1ee9b2473,pllutt_a04776f7-b2cd-4995-978f-6d2ef59222b7,n.,type of vine with fruit that are yellow when ripe; children eat them,,,,,,,,
28b235e5-1cac-4ba7-8fa9-cd92f56fd04a,po1_02e4a22d-d521-43bc-bb84-2982af03bbf5,n.,mound of dirt around a plant,,,,,,,,
d89449ac-fa23-414a-8039-b96ab4c0b8da,po4_032ba6f7-e38f-408a-9b29-60eb9be88d1d,t.v.,to pierce,,,,,,,,
51258f7f-0818-4c07-897d-3ceb3e045261,po4_032ba6f7-e38f-408a-9b29-60eb9be88d1d,t.v.,to split,,,,,,,,
4626d77e-d159-4ac9-9ed8-8f7eda92e8fb,po2_6bfa1dad-6aae-46e0-b2cf-18976a55d17e,num.,four (English numeral; also general),,,,,,,,
b7deb60d-d29e-4669-a84e-5ded117a7537,po3_dd4b2b40-4eb8-49ac-95c0-30a9af9a32dc,cov.,to block an animal from escaping,,,,,,,,
93a45fac-c74c-45af-a10d-a8762ed4788b,poapoa_b3ca149e-9faa-4d61-bf41-b2801b493ce3,mod.,light (in weight),,,,,,,,
a4af32a0-210d-4694-badc-4ac0ff4ec051,poapoa_b3ca149e-9faa-4d61-bf41-b2801b493ce3,mod.,"light, bright",,,,,,,,
90f2d8eb-7a92-43db-8fa1-77a3e851bec0,poapoa_b3ca149e-9faa-4d61-bf41-b2801b493ce3,mod.,easy,,,,,,,,
5ad22b66-5b81-4732-8c79-e49699b09eb9,pob_29719ddc-6a79-43cd-bd48-dd4c5e8225f8,n.,savanna,,,,,,,,
305c7a01-acdd-4904-ac89-30293e247b95,pobllem_016b429e-6cfe-4d47-8b02-0778ed481875,mod.,smooth,,,,,,,147:4,
2fc4c954-026b-4657-82d5-3b70e08439ee,Podar_5f3da99c-13ea-4f5e-afa9-90e287b2371f,prop.n.,Podare (Wipi-speaking village in Oriomo-Bituri Rural LLG),,,,,,,,
c37061ed-d397-462b-8e3b-cfaa2d38a198,Podare_5ecd5774-e6bf-49cc-8de4-cafd1e844be0,prop.n.,Podare (Wipi-speaking village in Oriomo-Bituri Rural LLG),,,,,,,"Bodog Jowanang, Geoff Rowak, Inawa Dareda",
9032fc76-d1b1-49ff-8b3c-a38e58e0db93,poder_e2ce2fff-e505-450c-aaa2-6f54b3bc63f5,n.,"scapula, shoulder blade",,,,,,,Warea Giniya,
2965cb3a-bc3f-4249-b730-359833d8eed2,podd_e38e7dd2-4041-4779-8191-5fc3721744e0,n.,"bald head, baldness",,,,,,,,
ef900357-8440-4c56-b0c2-03adc8a00cbe,poddem_d5f06805-6487-4143-8318-183118b58b99,n.,"young or small mammal (e.g. deer, wallaby)",,,,,,,,
f58f41aa-0f9d-4dbf-8c31-5fb6ec1ed44a,poddpodd_f4fc3f6a-3fbb-444e-9c79-7a141ba0cb01,n.,"plain, field, clearing",,,,,,,,
0e179a13-dc61-481f-826b-f8ec947192dc,Pogo_554c7c87-4094-40cb-9298-ac487792b8ba,prop.n.,Pogo (toponym),,,,,,,,
5432d52b-9c6b-4486-924e-f45b1cbbef42,pogpog_54447fca-034d-4c82-9e11-3ca08a76255b,n.,,,,,,,,,
dc06d54a-eae1-4745-9c42-b67011b5f6db,Pol_55a6d7a3-5dbe-4301-8f76-7a02e93be0f6,prop.n.,male personal name,,,,,,,,
02d049f0-1855-40db-81f3-cda6c0fb641a,polen_cd6548ab-be50-49dd-9f62-08f2700556aa,n.,assembly,,,,,,,55:12,
82fd98a7-ec8d-4d81-b319-45e0d4111455,Polin_83dfbc7d-bc3f-4814-8bc0-fd5a85fabfd0,prop.n.,female personal name,,,,,,,,
ad46a62b-ca59-4929-88b7-2f531f33b90e,polis_546407d0-3abe-4c4c-bf36-90ef56e2ad37,n.,police,,,,,,,,
650616bf-5291-44fb-a375-b1a7376201fe,poloengg_bb43eda4-e8d4-40fe-815a-81afd1d89728,t.v.,to insult,,,,,,,,
5665ab8b-b100-4601-a2f6-dd07443e8f5f,poloengg eka_235c4368-7590-497e-9f09-251c6a558362,n.,,,,,,,,,
b1dbfdc2-b428-4dd0-b83e-1d7645cc8b50,Poll_5ce40ab8-05cc-47b4-9b22-c138fe44ad1a,prop.n.,male personal name,,,,,,,,
0cdf4166-a179-4ce5-84ae-41ddd96b6961,polle_623ce406-0468-438d-a7f3-a24cdc6fed78,n.,fence,,,,,,,,
10f95a76-a55f-41c5-9dc2-5ebb387d7780,polle bo_ee7bafdb-d0c7-4fb0-9e6a-8bed182581c4,n.,base of fence,,,,,,,59:11,
9162d46b-9bde-43ad-ac33-749c4b9a95d9,pollepolle_c691e0cc-9729-4091-9fb1-2c5b258cffb2,n.,small fence,,,,,,,,
f4e33aaf-4a7e-4c5a-8575-f4cc8acb9742,pollgo_e97a0f31-6a65-44c5-a94e-3958a5ff7680,n.,frog,,,,,,,,
c1a2cf59-7397-4773-8915-e7a4d4855157,pollgo suwe_a18961be-d662-4494-8d3e-1a21b5bd2052,n.,dirt left on skin after coming out of the water,,,,,,,,
5e9e6429-0355-4604-ac15-2c5a9571b369,pollgo ttatta kuttang_7a94f336-0958-4e8d-9d3c-91ceb7c766bf,n.,weaving pattern with concentric diamonds,,,,,,,177:10,
74fcd792-2ab8-4885-8759-b55b9005fe50,pollo_8567c30d-16e7-4549-a316-5de05d7393b5,mod.,young,,,,,,,,
46a1ac07-051b-4380-92ce-90aa1db1871d,pollon_ec0fa1a2-9445-4c05-8e67-843ee67381c0,n.,type of small bush,,,,,,,,
126068b6-6cd2-4054-a037-b65f55281011,pollon bällabollott_5648f6c2-3b72-4535-8219-b35f27b65570,n.,type of big taro,,,,,,,Sowati Kurupel,
7296f1ed-2f85-40d1-89a6-d828a1c8281a,pollonpollon_998e3bc1-882c-41bc-bf6d-da2cc99a244a,n.,nonsingular form of pollon,,,,,,,,
eb75d9f6-dde1-4f0b-bd3a-f587126c9aa0,pollpoll_daffe111-7dc9-4c43-ba7d-599ebb7aa3db,t.v.,to bark (at),,,,,,,112:14,
9448cbae-cdfd-4c2f-ab1d-6083d64b7183,pom_bcbd9d26-d402-4622-a570-84b0cd2460b6,n.,"type of long yam with a white interior, thorns, and hairs",,,,,,,5:5,
9b53c453-eee1-4e0f-9b70-055bb12a9c23,poma_1d6cb69a-def0-473a-864c-b1bf43d9b658,n.,type of pandanus with leaves that women weave into mats,,,,,,,97:43,
98a69094-8539-4453-91bc-629d1c006879,pomana_c8fbcac7-75dc-4988-9fe1-64b599ffa3c1,n.,fishing style in which men climb trees and shoot with ddangol spears,,,,,,,123:3,
463e9d12-f265-4047-90cf-385c4ac7a169,pomer_17eb18b9-d1d0-49dd-ba9d-1fb65d622c80,n.,whistle,,,,,,,,
7db70fee-8567-4024-b71d-e590cd1ec3b6,pomila_da6cb792-ebd2-4aa2-aa97-aebfdaed4654,n.,"type of citrus tree with big, edible fruit",,,,,,,Tony Warama,
143e8100-9f33-4bb4-a8e7-b74abd1cdde5,pondo_d99347eb-ebd1-4e6c-85ff-8d80aaf40eba,n.,type of tree that grows in the swamp and old gardens with yellow flowers and pod-shaped fruit with inedible seeds,,,,,,,Tony Warama,
07f1a8f6-ce35-4b3b-a47c-dfa1a10883c2,Pondollowang_0d32d61e-f853-4bf1-bab1-07d1f3dd02e2,prop.n.,Pondollowang (camping place),,,,,,,"Bodog Jowanang, Geoff Rowak, Inawa Dareda",
6d01cfbd-f6a3-4d28-a88d-b4fcbd9816cc,ponen ma_6f699854-65d0-4926-9cf9-b811cb879c6b,n.,pencil sharpener,,,,,,,55:42,
42829f77-9736-4348-accf-12a2d63a3b63,ponong_8f4e165d-0045-4e6b-8c68-118adf03c3d6,n.,type of tree that grows in grassland with white flowers and small green fruit and wood used for posts,,,,,,,Tony Warama,
6751e44f-56b6-4dc1-b264-79b54bab8c04,Ponongllowang_51af03c8-c66e-44b7-b589-dedfb86aa2ef,prop.n.,Ponongllowang (toponym),,,,,,,"Bodog Jowanang, Geoff Rowak, Inawa Dareda",
fbad91e3-ccb0-4b53-a1c4-d71df2624f71,ponor_fc937c99-e070-4b85-94da-5abd7b5e3da8,i.v.,to start running,,,,,,,,
fd453df7-1052-4fcb-963a-c9afdbecf49c,ponganem_c4bfbe4f-7fb7-4a19-aa98-60b83da54b9b,n.,"type of small yam with a white interior, hairs, and thorns",,,,,,,,
a7c6e17b-79bf-4a37-bc45-a9e2a3023606,Pongarke_f4d4c821-bb88-4dfe-9ff0-7b925299ca36,prop.n.,Pongariki (Nambo-speaking village in Morehead Rural LLG),,,,,,,"Bodog Jowanang, Geoff Rowak, Inawa Dareda",
6024bd0e-cdec-405d-a526-804353104360,pongo_60181258-1b04-4770-967b-1d6b7dd6908e,n.,scent,,,,,,,79:10,
2094935d-3ecc-4b20-b162-f9fd5843e307,pongoll_79b69fb5-d7c9-47f1-9d2f-3d53d4c7ce39,n.,type of yam with a white interior and no hairs or thorns,,,,,,,173:62,
dd13c334-02af-4218-8335-c647755234c4,pongpongäll_23350b48-233f-4f81-a4a7-43a1f116c6a6,n.,body part,,,,,,,130:17,
52946af4-2709-4e59-b6c4-1b474cf6bf37,poo_ee037c5f-2d81-4e52-aa74-bc82734cf249,Cardinal numeral,four,,,,,,,,
a18389b2-0ccc-414d-b220-fe5fab64b5ca,pop_fb317ac1-419e-41b9-9dea-3536f120d830,n.,hole,,,,,,,,
1df4e6ed-5ec6-418f-9b83-2a22210ff2f4,popang_089336ec-bd28-45bd-a700-d49e375adcdb,mod.,"holey, having a hole",,,,,,,,
abe0ce94-c42c-4c0e-88c0-31d7895395b9,popang_089336ec-bd28-45bd-a700-d49e375adcdb,interj.,"rubbish, darn",,,,,,,,
94af73e9-19e2-4c87-a4a6-832b93ca1be3,pope_01d2ac9a-a411-4c11-bc8c-d32f72922bea,Kinship noun,uncle (one's mother's brother),,,,,,,,
25665779-c1b4-4fe5-bb5a-99149ce5df28,popell_fbfa26c1-f1fa-4cd2-9dda-c23e8b6eb2d8,n.,type of introduced banana,,,,,,,Sowati Kurupel,
1b88cd31-85cb-48a2-91ad-e2666a688e83,popell_fbfa26c1-f1fa-4cd2-9dda-c23e8b6eb2d8,n.,dish consisting of ants and various types of bananas (incl. popell),,,,,,,,
568e31ac-c1a7-420d-9b26-f0f95bd223a2,pope mu_176c1abc-7fbc-49d5-85ea-ace348275837,n.,uncle payment,,,,,,,64:11,
ff9836ac-e968-488e-8ef8-55086ddf2577,poper_6a8f1178-4a21-418f-a253-008f6592ff2e,mod.,"afraid, startled, scared",,,,,,,44:4,
f7dd1bde-6ae7-42fd-9baa-ae552551ea97,poper ingkoeg_4f30b399-3f29-45d3-897d-e4b1e970f39f,comp.v.,"to scare, startle, frighten",,,,,,,,
0409746f-3be7-48ee-a798-d747e6871b87,poper kwingg_8f4ffc12-148f-4199-a682-816ba15be041,comp.v.,to surprise,,,,,,,,
c9fca16b-34cd-4c32-b99b-f34380d72cdf,popllem_c5040574-26c4-4dce-a475-f524579bacbb,i.v.,to flap,,,,,,,,
28a9342d-6520-4e4c-8738-b0bb0e8631db,popllo_8be21f9d-6352-4cfc-a163-79676ee7c488,v.,,,,,,,,,
268deb22-c6ef-4510-887e-0ddf5f9f53ca,popo2_61c3f2ca-44df-4729-a8f3-a51227cfbbbd,n.,flower,,,,,,,,
08c764ad-a1ce-41df-93ea-707693bdcdf1,popo1_7cdca0f4-877b-4713-ad7c-f9418d66b71f,t.v.,to sharpen,,,,,,,,
0193d613-a24f-4e25-8d5d-5bc1cf889d60,popo1_7cdca0f4-877b-4713-ad7c-f9418d66b71f,t.v.,to carve,,,,,,,,
e45a0856-6dd5-48de-823d-10aba5e7b66e,porak_9f489aad-4aa3-49ba-8a30-59bae5faaee9,n.,type of spear,,,,,,,,
f41bfb06-2c6b-4010-96e4-62702d5a73c6,porma_a2cac1d6-d0b3-4203-bf9e-32554802fead,n.,traditional dish consisting of meat on top of sago cooked in sago or banana leaves,,,,,,,,
e1116f06-83ac-4198-b774-d9d3f07b7308,pos_537cb37d-0ef7-44da-837f-fbf4a47c0d11,n.,post,,,,,,,,
0522b634-0d16-4a34-b6a0-3984f3e31f01,poses_2d1765d6-30e2-4d81-840f-606bd1e2f0f8,n.,"martin (fairy, tree)","Petrochelidon ariel, P. nigricans",,,,,,Mayu Dobola,
5ca7714e-6c85-46a7-a0db-5534d0f8f3b1,poses_2d1765d6-30e2-4d81-840f-606bd1e2f0f8,n.,Pacific swift,Apus pacificus,,,,,,,
bb6fc557-59c3-4a7c-afc8-43aa74f2520b,pot_52f9fcd8-7dfd-49c8-9a6b-ad3e51916290,n.,"tip, end, point; base (of yam)",,,,,,,,
88c3791f-a702-45e2-9564-5430f277f224,pot_52f9fcd8-7dfd-49c8-9a6b-ad3e51916290,n.,"talent, gift",,,,,,,,
f8b862ed-263f-4061-8354-d67efea7de3b,pot_52f9fcd8-7dfd-49c8-9a6b-ad3e51916290,n.,vagina of a mammal,,,,,,,,
d29ddd04-99e8-4ac1-8f8e-f6450f572ffa,poti_85fcd49d-1d27-451e-bd77-c6d12c7deaff,num.,forty,,,,,,,,
bea1f72a-5617-4eac-823d-e2d436a593ba,potin_40d4513f-449b-414c-9187-3d53fefb1dd0,num.,fourteen (English numeral),,,,,,,,
c79d476b-a3cb-40b8-adab-b8401948e226,potkam_b532abba-6560-490c-9cb2-f7a5622f5375,n.,type of cultivated tree that also grows in the savanna; treats cough and aches,,,,,,,Tony Warama,
0167947e-60d6-42cb-ab79-d3e31f1d375b,Pot Mosbi_b52afdfd-b918-4730-9c37-8ce9a0f0125a,prop.n.,Port Moresby (the capital city of Papua New Guinea),,,,,,,,
6c383842-9382-4833-8be7-4fe2ade5fbf1,potne kätt_bc2bd58e-4f0d-4584-bb65-bcf2387f98b8,n.,,,,,,,,,
70377307-d5fb-4701-b49b-5540f9c0fea1,potopoto_2d330c45-3abd-4bb6-a8cf-38f728b443c5,n.,type of tree that grows near swamps and creeks with yellow and white flowers and fruit that falls on the ground; animals eat it,,,,,,,Warama Kurupel,
85c27a09-5b66-4a05-a2e5-44c5cb93a80c,potpot_2982d616-784b-4485-8600-094615d56210,t.v.,to slice open,,,,,,,,
6cef0384-eef0-4cf2-898d-fc1944424219,pott_67379d26-bef8-4d46-bb8a-5e314def8a61,n.,toilet?,,,,,,,158:39,
405e1787-ed1f-4c89-90e3-2c7258096146,Pottängäm_04dafa6b-4ac4-4ae5-9f49-eab25a09cef7,prop.n.,Pottängäm (camp and garden place),,,,,,,"Bodog Jowanang, Geoff Rowak, Inawa Dareda",
961d29d4-ad4f-47b0-b252-f37d5d69b896,praedde_251fd88a-b88f-4089-8609-60e7b80e7521,n.,Friday,,,,,,,24:11,
72b36193-458a-49db-9d0b-3189e0456063,praemari skul_6e6a8abc-52ad-46cb-8bb5-f20626e7a019,n.,primary school,,,,,,,55:11,
1c078cb0-b687-4709-a16e-eae739475147,praemeri skul_cfe47d21-3a31-4717-aa7f-5b675ff2bbc1,n.,primary,,,,,,,,
e45b7d37-371c-4541-b634-3d763ca9c9f6,pre_00c460dd-82c4-40f7-8e93-dab5c162ca5e,adv.,,,,,,,,,
f3f57e25-4f77-4e33-823b-866df3ac6c59,prep_8e64ae92-a0eb-4755-bcda-7af024fe9aca,n.,preparatory school,,,,,,,,
4aed367c-4852-4186-b504-66a6d4927265,pri_aa34233a-bb14-4bb8-b141-9eb362f199b9,mod.,free,,,,,,,,
e17b2efb-5b4e-4bd8-b497-402822c0d1cc,Priski_ad4f3782-d9a6-4243-b645-9f92903f849b,prop.n.,female personal name,,,,,,,,
4bfcac7e-ccfb-44ce-aa1b-f3e4342b7c74,Priscilla_7ce239ee-6bce-4c8b-b8e9-5ae6c32b0f6b,prop.n.,female personal name,,,,,,,,
7506d60f-0c1b-441a-a7f2-90d5e54f0264,probens_1d2482ae-87df-487f-98a9-15bb7fb4598c,n.,province,,,,,,,,
49b173d1-ff5b-4ddc-b55c-a3fc27ce905a,pu_2c80256c-ab76-46c9-a3f4-197aceb3f9c5,n.,floating grass or island in swamp,,,,,,,,
e94c0ea4-2fc1-4836-88e8-5122ab8f3f79,pu_2c80256c-ab76-46c9-a3f4-197aceb3f9c5,n.,swamp garden,,,,,,,,
46cedf9d-dcf4-4986-88b1-6ac07fba1984,pud_9395091a-0dd9-4d54-b0e5-c22479155467,n.,end (of a long object),,,,,,,,
e5c94368-1560-4019-9433-a0bd6bedebf9,puder_01a20dc7-bfe1-4ff9-bdfc-09777a9ce469,n.,type of long grass,,,,,,,,
d4d6e966-45a8-4b8c-a779-763bb5f726e0,pudd1_3f60a694-f9cf-4cd9-8508-35adcbaa9208,n.,place with flattened grass where wallabies sleep,,,,,,,,
d049c554-024a-42ac-bfbc-59aff7ff73b9,pudd2_774a30df-6817-4957-adcc-f87951de139b,n.,taro shoot,,,,,,,,
6f5f98f6-8357-4d45-ba9b-2497eacf4336,pug_c7e23f29-e4d4-4fd1-b8e8-279b580c972e,n.,"bundle of bark, two or three inside.",,,,,,,,
7fa1a088-a1e1-4eda-81a6-5adf4e70ef69,pugupugu_777e605e-2583-4a1c-a4a1-91c8b70f9322,n.,collared imperial pigeon,Ducula mullerii,,,,,,Mayu Dobola,
c0957f74-6a11-4f4f-b7f7-afcf05c3b01b,puikmetutu_774c443d-66ec-449c-b083-3312eb620e42,n.,type of gecko,,,,,,,,
9c855206-2d45-4ed7-9ac7-65d93224c515,Puinde_cf9cbd78-b96e-45b3-8401-5210e1835c52,prop.n.,male personal name,,,,,,,,
d15957da-e06d-4bca-ae87-a7310bd8a177,pukong_9775ecd1-a725-49d1-b9fa-e77a1e4ade81,mod.,thick,,,,,,,148:9,
e2f2e623-fd68-4631-963f-000e615f2f9a,puku_b4051e26-eca5-4ea1-8ff0-2429285edce1,n.,type of arrow,,,,,,,"Johnny Bodog, Inawa Dareda",
69db1998-3636-473b-adb8-89d1a5adea53,puku kubull_73b2810d-ca46-4d23-8e42-f1835294a79e,n.,type of bush wallaby with white tail,,,,,,,78:12,
cc45659a-e95e-484f-859a-bf4fb94189e3,pullkom_a2f473d9-4422-490d-8c8a-80942d76a650,n.,tailfeather,,,,,,,11:20,
f75c4d10-fda7-465a-9ac9-567597e9508f,pumi_f6d5db83-2481-42cd-a85f-989a32c97bad,mod.,"exhausting, tiring, strenuous",,,,,,,64:12,
fb2b8fe4-cc83-450f-bdb0-648f8a2d59b6,pumkak_eb878504-274e-4e32-9a65-0ef50c90537e,n.,type of sago,,,,,,,,
8514fdf8-f846-4bef-8722-19f5a9bdd4d8,pungg_bacb5e6c-57fc-4231-a851-5126ec9baa63,i.v.,"to get sick, be in pain",,,,,,,,
33178a02-f1cb-49c3-a4bb-4545f9f1ce99,pungg_bacb5e6c-57fc-4231-a851-5126ec9baa63,t.v.,to take the first chop with the axe,,,,,,,,
6427e6ef-1888-49d3-8b80-e1adfe0b0068,pupulläkäm_0da7a694-b660-44ea-9d44-1272541c1711,n.,type of mushroom,,,,,,,Joshua Ben Danipa,
5bcbec7d-cef6-44df-b7a5-59d138b8e09a,purta_d0a549bf-71a0-472a-9235-6abd835f3e0e,n.,six groups of six yams,,,,,,,,
86bf088c-0219-4518-ad9e-af84a5397b8d,pus_efc65f25-8d2b-46ac-8657-2b281ffc3bb6,n.,cat,,,,,,,,
be2736aa-fffc-4368-8eee-aeda056e8713,put_6cf6c36b-74c6-41c3-8ad9-99a1dcff2488,n.,type of brown bark,,,,,,,,
a2327a8f-dcc4-41db-a760-ce48f5516f95,putt_0b59727d-4015-4336-979f-dbb7daca97a8,n.,hoof,,,,,,,,
164a319b-757e-4502-a6f1-b4ef9428083f,putt_0b59727d-4015-4336-979f-dbb7daca97a8,num.,six (yam counting numeral; 6^1),,,,,,,41:15,
655eaca9-2768-4edb-a228-4d5492cbe67a,putt kämamkämam_c3ed6525-bbef-43f2-ba40-52af091bb261,n.,type of sago bundle wrapped with sago leaves and tied at one end,,,,,,,,
9f1fd842-b40b-4788-85bf-12600fd6ad00,puyem_98da78da-fc40-4535-8597-f8e637a2b8d7,n.,hunting event in which one person hits the ground with a short stick,,,,,,,137:27,
e2ea7c8a-09f4-4374-9d78-058d3c208c9e,puzi_db1d5d3d-aa25-42c2-a8a3-c3a7deedd008,n.,type of bird with crown,,,,,,,Mayu Dobola,
e3d8b3b8-15d4-43fd-ad09-9dbc9d534914,raba_445af089-914b-4e35-85b3-ad5b8cb75bf9,n.,rubber,,,,,,,,
0046cc6e-e0ad-47b7-b372-58efb3cae4a8,Rabaul_6a3ceb89-8d5c-440c-9546-91f4c99332f5,prop.n.,Rabaul (toponym),,,,,,,,
94ebffd2-a666-476c-b180-d7e37d705e81,rabis_6506dd51-9831-40f1-a3aa-90b375c4bf37,n.,"rubbish, trash",,,,,,,,
22aa8397-e436-44ed-ba0e-8352c729e009,Ranky_fe644ab6-c520-487e-afa2-9e54fa0ab985,prop.n.,male personal name,,,,,,,,
ad89d6b3-0796-43c3-ac98-963cf49fd56b,rarae_83fc66fc-59c2-41e9-ab3e-7f70d86c1b2a,n.,hunting technique in which hunters line up to cover ground in the absence of dogs,,,,,,,,
34e8cd9e-867f-47c8-95aa-e051184186d7,rarae_83fc66fc-59c2-41e9-ab3e-7f70d86c1b2a,n.,fishing technique in which ladies line up with nets,,,,,,,,
75c3e192-ab4d-4fb3-bf10-464d3fa8de0b,Raroge_69351e31-84f2-407e-9c43-f30f462edb01,prop.n.,Raroge (toponym),,,,,,,"Bodog Jowanang, Geoff Rowak, Inawa Dareda",
9e34559a-106b-4c0f-ae5e-ff503d38c8d1,Rasol_42c094b5-6d8a-4bc3-8515-2d6948545967,prop.n.,male personal name,,,,,,,,
a24c6f65-83e5-4deb-9741-cfce17adefd7,Rasti_86f20891-5d3d-4b33-a447-b1004e0393f6,prop.n.,"name of a dog in Limol, Rusty",,,,,,,,
41634018-3624-4aef-aa44-4464f518bc22,Rasti_86f20891-5d3d-4b33-a447-b1004e0393f6,prop.n.,dog name,,,,,,,,
81715ee7-6741-4992-8201-2ee2bb4d4920,rata_7d353e70-a2e4-4ca1-9b14-9e2e005e1c24,n.,type of flowering plant with red bracts and nectar that attracts insects,,,,,,,,
3ad66c9e-fcce-4705-a0d7-3344b7114a3e,Raynold_21a15fbc-0b74-4f64-912d-01153e7c7c4b,prop.n.,male personal name,,,,,,,,
f1bd0e4a-37f7-44c7-9d05-50c25c5429bb,räba_2399614c-69d4-4e03-98b9-4840982bcef0,n.,rubber; eraser,,,,,,,,
b891a51f-a23e-4c55-9172-35c43bbf9645,Räba blok_b3ea3af2-fcd4-445b-aa2f-f8fc2e120d12,prop.n.,Rubber block (toponym),,,,,,,,
3d1af04e-6b46-4279-9201-a95e354f2945,rädräd_38253810-ce0a-4f86-a51b-ad04d391be41,n.,type of grey fish that lives in the swamp,,,,,,,,
f821639d-9cfa-473c-a358-c85d4ff791e2,RED~4_285469cc-7b37-4628-bd4d-aa11efdd8001,adj.,"Reduplication of an infinitive (including its pluractional suffix) can be used to create an adjective describing someone's personality, i.e. what they characteristically do",,,,,,,,
dd5db3bc-765c-4598-aed2-bcef80a92fd3,RED~6_4a96a330-c3f1-43a9-8f58-48a7b7bf72a7,Nominal,attaches to a nominal to derive a new nominal with a smaller referent,,,,,,,,
8d419383-b2de-457c-a5b0-c9d4f1ffbe3c,RED~1_5181ab84-b491-416e-9634-31f1bd046156,,,,,,,,,,
f9a669f0-e0fc-4ff3-9681-bea4ef6a222e,~RED_807ca9c7-16c5-49f8-97c7-ed9713b99d04,v.,,,,,,,,,
ad420b06-42f5-4550-8690-9dbd0ea5bf14,RED~5_cf86ef36-1502-4522-bba3-e76dc4f587b9,,Certain adjectives and kinship terms reduplicate when the referent is nonsingular,,,,,,,,
d280238e-86a0-49ac-b27a-497c4903f5aa,RED~2_def69a76-34f5-4c6f-9f25-e1a1c0903e99,adv.,,,,,,,,,
a0396da8-099f-439f-a0d2-f22422ba8e21,RED~3_f091af8d-565b-46f7-94ec-27f91d74cc61,v.,,,,,,,,,
72baf581-e5d9-4229-b6a5-33b97d1190e1,redi_4856ecd7-2abd-420d-b47f-023ff53b7d4f,cov.,"to prepare, make ready",,,,,,,,
045028be-2781-482c-bfa4-6d307b691e00,Redley_b4f7b8ba-f78e-425f-8480-388d14e2bcfc,prop.n.,male personal name,,,,,,,,
277dc234-334b-46f3-a31d-f9a6d9f5f9c9,Reend_a50456d8-d2ef-4ac9-8668-8c5a496f4a10,prop.n.,male personal name,,,,,,,,
0bc2caf6-dc59-44aa-a5ae-d6b3bcedd92c,Regina_a0f0ecb1-bfc8-4a3a-aa87-695e537db875,prop.n.,female personal name,,,,,,,,
ac3bdc66-d510-4c4d-85bd-9e1e2dce23d5,rekoda_bd7e4a20-d2be-42fa-8ac8-4057f83428d1,n.,recorder,,,,,,,,
7c12985a-f80b-4d28-b021-bf36b9e96a18,Reks_9fbed1b4-c51c-44ac-a51d-68e3cbc1d603,prop.n.,male personal name,,,,,,,,
9aef539d-4dac-40bd-ac16-2e2528cce45c,Rena_134898ee-8bbf-488f-9392-5ca2ed3edcdd,prop.n.,female personal name,,,,,,,,
81bd555a-d059-4243-9450-5464e9edf5ee,renz_2f368f72-ad72-41d7-8b9e-9d01e34d4bd0,cov.,to walk somewhere without carrying anything,,,,,,,,
df075a71-022d-4bfd-8ae4-698dd1eeaee3,retam_63a6571d-fc48-486e-9245-d1695830a741,n.,type of big yam,,,,,,,173:32,
f20fe65a-b463-4f8d-835c-27bdc80f1c57,Rex_2cf00196-96bb-49e4-b8d7-9d12eea1c74c,prop.n.,male personal name,,,,,,,,
37d9da4b-c676-4465-a53e-551ab4c65eb5,Rind_b425e700-7fd5-4493-b52e-26756c2a46a7,prop.n.,male personal name,,,,,,,,
a8eaf08c-1289-4723-af47-3d7c17bd6fe8,rir_882f6288-4586-4935-8f52-49a88b267ae2,n.,type of medium-sized bamboo,,,,,,,,
69745c1e-a367-463c-a99f-92116add6348,Richard_f191654c-517c-44db-81a6-af6e488002f2,prop.n.,male personal name,,,,,,,,
a4ee3fa5-b3fe-4b15-95fc-9d99aa65da05,rle_023ffacd-03f1-4940-8438-74e87380d62b,v.,to reproduce,,,,,,,,
c55bd66f-9765-4557-b497-82ff1e3c7c00,Roaele_8d792997-d46a-4dab-ad2e-004e3c212c2e,prop.n.,male personal name,,,,,,,,
f06768a1-4d64-4dd7-a3a0-b8d30aacfe46,Roak_b22df482-9bb0-41d8-a3b4-aa5bce0750a1,prop.n.,male personal name,,,,,,,,
f41c0ca0-9b42-4b5d-ac72-e31a78fb8475,Robae_0f6f5237-081f-4222-8864-b1d8a3628ec0,prop.n.,female personal name,,,,,,,,
30be99fa-5e70-42b0-9adb-8e026dbcf75c,Robai_6260c006-ed6e-494b-9b9c-ccc68c91ab25,prop.n.,female personal name,,,,,,,,
047acfdf-0a3d-4e10-9103-a3c0025476fd,Roda_a3c5778a-c364-4f47-a089-900e9a7eaf76,prop.n.,female personal name,,,,,,,,
213fed25-6e8c-4fb6-a25a-6d54d80f0a80,rokaroka_51e42d37-64fe-4354-a54b-472c5593a48d,n.,riddle,,,,,,,3:15,
c99131d1-61e6-45bc-9123-680d7024becf,rokaroka_51e42d37-64fe-4354-a54b-472c5593a48d,n.,fable,,,,,,,,
611cc07e-0c25-4581-b565-2d4e9ddcda7b,rol_9777a5b6-34a5-4260-b8ce-3ec1ba92d43c,n.,type of hairy caterpillar,,,,,,,165:29,
e2e3a196-dc65-417c-b89c-34d313da62de,rolkutt_eb06f38c-3d80-4324-8310-c52a439a0d32,n.,crawling grass,,,,,,,,
5d444508-a9e2-47d7-b5ce-1f8ee09ad255,Rom_fdf0ed4e-2a8f-4360-85eb-a01a797f41a3,prop.n.,Rome,,,,,,,,
6309c99a-770a-4367-8ba2-69f1f65a1ebe,rop_3b41ca8a-6f04-4379-a45d-259dbca13708,n.,rope,,,,,,,,
c5d0b6f9-0588-46ea-bbbd-391e965f6fbe,rorwae_c6b3aef9-dbfe-4433-acb1-71b2e9781a33,v.,to stagger (e.g. when drunk),,,,,,,,
4e756c11-0806-4097-99e4-84f641602c15,rorwaerorwae_d065f4e4-35ff-465c-9692-833a92faa88d,adv.,"off balance, falteringly",,,,,,,,
194ce3c3-6713-4342-941e-f6c8d989b71b,Rose_f2b062a9-b351-4000-b91f-b5ed68ca94c7,prop.n.,female personal name,,,,,,,,
20d7301b-c5fb-40f4-93c1-cca32676b618,Rosela_e62fdd5b-cdb3-40f7-af41-5ba56ba88b2f,prop.n.,female personal name,,,,,,,,
7c311ff9-5105-496f-9167-463941e0c32e,Rowak_10c2beea-2188-48c5-be42-d2ef454195b7,prop.n.,male personal name,,,,,,,,
91ef74eb-48f1-4819-9611-0fa77d07773e,Rual_5f3c9612-a2f7-4e63-b6e0-f4aa5feb5414,prop.n.,Rual (toponym),,,,,,,"Bodog Jowanang, Geoff Rowak, Inawa Dareda",
affe604b-1417-46b2-bb4e-948448a2d2be,rubi_b51e0358-63ca-4486-b62e-d93dc6e3fc3a,n.,"type of long yam with a white interior, white skin, and no thorns",,,,,,,173:5,
b33f27fa-4163-49a8-ab09-f25857c8f9a6,rubi_b51e0358-63ca-4486-b62e-d93dc6e3fc3a,n.,type of arrow,,,,,,,"Johnny Bodog, Inawa Dareda",
b99cbd16-824e-4000-baf6-15f5ac6ae6d8,rullgoe_cfff3df7-0c6a-445f-acc1-ee0379fe74ba,t.v.,to drag,,,,,,,,
2e1d1a41-ec59-4588-9cf5-5ebbb9af077b,rupi_cf659d70-d381-45c6-bc20-9a47c0f8b0a3,n.,type of leaf,,,,,,,,
e7251a2a-50af-471c-ae4c-8333be77f209,ruriruri_cc7a7072-d82e-44b1-8af5-ab39d703f188,n.,earthquake,,,,,,,,
bf2c98cb-a4ba-48ec-99d4-737bf7eff71a,Rhoda_8f8ffbe0-4671-4aa9-8d0e-ac92bf32d905,prop.n.,female personal name,,,,,,,,
cf2aafc5-8519-4845-b91e-4f6a51e024da,Rhodda_f651dc0b-9596-4b10-97da-472ab72fe97d,prop.n.,female personal name,,,,,,,,
d297ee06-4bf4-4831-9217-f1e43caf0271,sa_967b1d72-bd99-4b6d-92d7-a57ed863c812,i.v.,declare,,,,,,,,
975f535d-6f19-4d7f-bdf1-10ac1fd57176,sabana_c823eab3-8ffe-4290-a884-4dc4c1d8116d,n.,savanna,,,,,,,,
2d8af4e9-bc64-4113-a80d-ec5533d5e68f,sabi_afb60f5e-cf34-4205-8ed5-0ebf994ea4e1,n.,"law, rule",,,,,,,,
dfee8dc8-ef73-4cde-a9c3-e7a7aee771b3,sabi_afb60f5e-cf34-4205-8ed5-0ebf994ea4e1,n.,taboo,,,,,,,,
438bfb39-d92d-4592-a9a5-caf89ef89c6a,sabol_2d0815b6-e94c-416e-90f4-5f2fe7ef91a5,n.,"shovel, spade",,,,,,,73:10,
ca014b46-21da-488a-a23a-c3b30f0743e0,Sadua_54730d35-0a29-4a9a-8187-f0ecc415620c,prop.n.,male personal name,,,,,,,,
fa97e44f-9600-49c2-9498-57439f25277d,Saduwa_d6a44462-702a-4e6b-a8ff-eb162333f365,prop.n.,name of a person,,,,,,,,
60df0615-30ba-4935-96fe-e2241fbdbc81,sae_8b0aee2f-496c-4a91-a9bc-1e559ca283ba,t.v.,"to close, cover",,,,,,,,
ceba885d-68b2-463a-bfd6-aba982526120,sae_8b0aee2f-496c-4a91-a9bc-1e559ca283ba,t.v.,"to extinguish, put out",,,,,,,,
131ac7b6-4480-47c6-90d2-fc0b9a09e3be,saem_e13bab27-d0a4-441c-af0d-5afe6b01245d,v.,to babble,,,,,,,175:2,
985f1e35-38be-4c85-8a4f-e6cc5270731f,Saemon_9739440f-cbce-4fe8-8dc5-a083d1e8179c,prop.n.,male personal name,,,,,,,,
a0cf40e6-c2e8-4a54-a7b8-c0a2015d3c50,saen_56acc5dc-edad-471f-b0ce-d2a6f8d7f58f,n.,sign,,,,,,,,
2ea3ae08-8174-4579-93b6-b99abbdddf7d,saeten_bb49eed2-644d-4541-bd3c-bd674380b0db,prop.n.,Satan,,,,,,,,
6668c303-ad47-42cc-a5ad-3b9ec0a3ebc3,saeyang_37fe0341-b57a-41d5-9bc2-21a9617692fa,mod.,closed,,,,,,,,
72a5c9e8-d43c-4c53-b839-e04cccc1b485,sagol_34171fd8-0091-4bfb-b1ff-cff3a26a6d97,n.,men's dance,,,,,,,65:3,
49d931d6-a7fd-426a-bc12-c5e698a7f64e,sagol nyanyu_eb2da168-93fd-4ce8-8a06-b51c6858df6c,comp.v.,to learn the steps,,,,,,,65:1,
dd5fce32-da24-4d12-a6bb-123957e12729,sagwan_f0b646eb-3450-4208-908e-02d0f8286da9,n.,woodworking tool,,,,,,,73:28,
c44b77b0-eddd-4ad9-98f5-bbabdc14eabc,Saisiato_1501b154-a070-45df-89a5-7e1a746ba90b,prop.n.,female personal name,,,,,,,,
c7b2d029-542c-4a86-819c-d8138d908a23,sakar_9e1fc542-b4ab-4406-931e-907d001a34d0,n.,type of edible pandanus,,,,,,,97:36,
8a66a552-8a11-4a2e-94a0-c622ca626bda,Saken_ede46739-3d0f-42b2-afae-d8a89927ce71,prop.n.,personal name,,,,,,,,
21ccfaf2-40cb-48eb-a08d-2521b31aea42,Sakoyaratt_010636b2-8fac-4e96-a950-aa67385cca95,prop.n.,Sakoyaratt (toponym),,,,,,,"Bodog Jowanang, Geoff Rowak, Inawa Dareda",
040abd50-bee2-41b7-92ab-8283bb7d9f9b,saks_2bc34a0d-bd25-488d-b8a9-5b8432c14b30,n.,socks,,,,,,,171:4,
0695e252-754d-472e-ac43-c91329b7c6d7,Sali_bdb49610-4ab5-49f4-845e-4740217e5d75,prop.n.,male personal name,,,,,,,,
0cb12766-b532-4720-9522-c54b017dac45,Salome_9f039508-b938-4274-950d-195ec03c6c69,prop.n.,female personal name,,,,,,,,
69933683-2bd2-494f-b116-64e11e44f506,Saly_89b1f81d-cbcb-4e1c-ac75-7e70c2f9a18e,prop.n.,male personal name,,,,,,,,
348c28bf-a496-4020-8c0d-41caa027df99,Sam_644eeebf-7193-4e27-b19a-0d3f06e83cad,prop.n.,male personal name,,,,,,,,
964ced0c-b446-4f13-81df-41bc2bb67a88,Samae_dad3b578-a481-4261-b692-6ae6f94548be,prop.n.,male personal name,,,,,,,,
c49b4e19-2cca-44b4-8a5d-0fdd1dfc0bcd,Samari_fbd824a0-e7f1-470b-b1e7-8a420cb87689,prop.n.,Samari (toponym),,,,,,,"Bodog Jowanang, Geoff Rowak, Inawa Dareda",
11598c0f-0dd6-43a4-8d7f-40f6306ed9c5,Samat_a13b128a-e66d-450c-a4f5-38f6bf50a10b,prop.n.,female personal name,,,,,,,,
00b9d989-9522-4870-bf95-8a0b1ab1b370,sambuag_d65131d1-e2fb-4a1c-96b7-30f5833c2423,n.,lobster; prawn,,,,,,,,
8d8fc1fd-aee4-4db4-bfbe-0da3efd58ab4,samoa_af9d25b7-b7c0-4312-bb78-d8dd053cb853,n.,type of introduced banana,,,,,,,Sowati Kurupel,
57595a94-62c4-4562-b2da-2e01547d4ad2,Samson_3a526450-0685-496f-a30c-34f3e4d2cc71,prop.n.,male personal name,,,,,,,,
d4dc63a7-e2de-499d-9911-7e254ddc51a4,Samuel_4217ee50-48db-4491-af99-3160d2731951,prop.n.,male personal name,,,,,,,,
f83f0cf4-dd91-4dbc-9f1c-7f19fc59502d,sana_e094bd44-e6ef-49d9-aa56-14e3aa55d2a9,n.,sago,,,,,,,,
114dd5a4-622b-4a0d-bc77-dfb06fa156d6,sana budar_2ba04b69-788d-4a31-bccd-1037e4721256,n.,sago grub (larva of black palm weevil),,,,,,,Joshua Ben Danipa,
f0572bac-2943-4161-b36d-3afe2deafa35,sanalläkäm_e96bdf07-012c-4a29-b412-669b936732c8,n.,type of mushroom,,,,,,,Joshua Ben Danipa,
157145c5-5dea-4495-ab82-81b04af7a56a,sana marmar_94bc6bd4-15b1-4436-ac2f-d4146bbb38a0,n.,sago grub (larva of black palm weevil),,,,,,,Joshua Ben Danipa,
003c27f3-7176-4650-8113-4a8fc0bb200e,sanasana_2adb094c-5bb7-4a35-968a-c88b164e4bf3,n.,type of edible sago,,,,,,,97:19,
41d1a72d-d27a-424d-a206-b95f58567c37,sana tätäkang_eb036798-b3be-4890-a162-7c78299cc9e1,n.,type of spear,,,,,,,"Johnny Bodog, Inawa Dareda",
ebfded93-c302-461f-a31d-1b9ea400969f,sanateya_1e3677fc-0680-49a0-8317-18b907b4011c,n.,sago pith,,,,,,,,
0b73b826-0148-41e7-ab19-7024dcba0652,sanawang_47528db7-e3e5-4814-bcdf-5d9dd2070f41,n.,area where sago grows,,,,,,,,
7f621f5c-4b93-42d9-91d2-fe6fc1c70a0c,sanawang_47528db7-e3e5-4814-bcdf-5d9dd2070f41,n.,parable,,,,,,,,
f7d0bd35-7f2b-4830-b68e-0518a0217b7f,sana wutwut_978fe5c6-5c66-49ad-9294-ab1e04573036,n.,sago dish cooked with pieces of banana leaf between the layers,,,,,,,,
408c0a7c-7e5b-48de-ab7c-f9dca5739518,sana wuttang_484749a2-29f5-4fba-b83e-59b3c6b6fe17,n.,the second stage of sago growth during which the plant is ~3 m tall,,,,,,,,
df9e1c6f-87f6-44ea-85c7-e42e83cd8bac,sandana_91e27043-ba87-49a4-8975-6de51bf86a7d,n.,"type of black palm; in this middle stage, the pith is chewed like sugarcane during the dry season for its moisture",,,,,,,,
a9f4644a-fb0f-4336-b995-64a9048c8d53,sande_66fc50a3-e82f-45bb-92ca-e67484be3292,n.,Sunday,,,,,,,24:10,
92b00087-e80b-4569-8816-1626a3b0b9a0,sande_66fc50a3-e82f-45bb-92ca-e67484be3292,n.,week,,,,,,,,
d2d53065-d818-4483-9a86-91308caa34b1,Sandra_460b2b18-f6d8-455f-a4cf-7f63976b6002,prop.n.,female personal name,,,,,,,,
fd4bff24-aef5-4277-919a-2ace9e88a042,Sanford_522d15ab-bb66-47c1-b375-0c1429551a45,prop.n.,male personal name,,,,,,,,
6c55b5b5-6dbe-41c0-b9dc-e841276c4667,sanga_353dd278-88cc-408d-9381-7f392b8d9545,n.,black-necked stork,Ephippiorhynchus asiaticus australis,,,,,,Mayu Dobola,
c4630093-5c7f-4c67-8c15-bb23747acf0b,sangapawi_48b428dc-d457-4cb9-9d02-1ef77bc35824,n.,"type of big, round yam with a white interior, white or red skin, hairs, and no thorns",,,,,,,173:39,
14cec668-1c00-4a7d-8c69-28560bd780b6,saomasaoma_91bfd05e-e3cd-434c-a144-24fbccc790c2,n.,armpit,,,,,,,171:15,
7e5b7249-0855-42a1-87b4-756554276877,saomasaoma_91bfd05e-e3cd-434c-a144-24fbccc790c2,n.,dancing band,,,,,,,,
010c9ae2-4101-4603-b9cd-5cf0ffb21044,sapang_8cf7a02d-ae6d-41e0-b065-a7a7630257a3,mod.,"separate, apart, different; own, personal",,,,,,,,
aa4f493d-ac4b-42e5-a63b-d2212bb29c33,sapasapang_3b00c2f2-a34e-495f-95b4-d5a9021827db,mod.,"various, many different",,,,,,,,
980771ea-f4be-4295-82aa-f55e405ee236,sapebllabllot_a3649a1f-5fdd-4b29-ac5d-47757b8336c5,n.,type of taro,,,,,,,Sowati Kurupel,
b09531e6-68ca-45c2-9a6e-bb3c1989b2f1,saper ine_8a7f7c1e-480e-4cdd-ba48-a1afe9236d06,n.,clean water,,,,,,,183:45,
cf3ffc5d-b2c3-4e7d-ba1f-c476d31a955c,sapiri_35d057ea-cc04-45a7-9a61-d66e041ec92d,n.,type of flowering plant,,,,,,,,
00c042d5-2be6-423c-933a-8c77cbab8478,Sapusa_acf7e1ff-0f09-4ca7-90aa-a6a1e329c0ff,prop.n.,female personal name,,,,,,,,
d6fa0010-3b3c-4bd8-b509-ab473b1b81d8,Sara_553bc97f-3ba4-4db5-ac45-dca9448abfda,prop.n.,female personal name,,,,,,,,
86b7f9dc-3b13-472f-b935-5c87518be04a,Sarah_4dcd75cd-16b4-4cee-83bd-aff918e6cc03,prop.n.,female personal name,,,,,,,,
1f733329-5027-4739-9a5d-9331c1b99777,Sarbi_a9afaec5-a4b8-4bf6-a744-7f661c50e032,prop.n.,female personal name,,,,,,,,
8207a7c5-f7da-44ba-82c6-dcb26297b2ba,sare_b4e58359-6786-4b31-97ec-865537bc0e56,n.,type of big taro,,,,,,,Sowati Kurupel,
08b55c7d-d72f-4d46-a9ab-8f0077ef22ad,sari_6ebabd1c-a262-4d2f-86ae-083a8eb80e4c,interj.,sorry,,,,,,,,
f01f10ba-be25-42cb-8943-ce9f4d884847,sariem_56fb21e3-c773-4917-b5f2-c5c3d5a720c7,cov.,to neglect,,,,,,,,
751139fc-eb13-4467-8e3e-6609ab1b670b,Sasa_05672acb-98ec-449a-b432-8fc15026cf32,prop.n.,female personal name,,,,,,,,
257f7c73-420f-4971-9b53-e6b3e893ecc2,Sasi_66243a46-2763-4a3d-98db-3f1369b6c84f,prop.n.,female personal name,,,,,,,,
6d7d56a8-26f2-446e-8775-9af1b5e1dd10,sasor_f8de4bb5-6932-4b0f-b66c-333376932487,n.,trap for fish. Kawam word.,,,,,,,126:3,
22b662ac-99f6-4a61-90a0-951e89dbc6c2,sat_9d20b0f1-9c6a-482e-84c5-776c292e0b28,n.,,,,,,,,,
8a4f96bd-1d5a-4f5f-bfd1-237941814888,satade_a1ccac4b-a9dc-4d5e-a9af-e7d6f3f4f240,n.,Saturday,,,,,,,,
f1f06205-e2c8-41ee-9389-74a359fe663d,saus_1653cce6-2fd3-472e-ba8f-909dd7a01426,n.,"type of yam with a white or purple interior, thorns, and no hairs",,,,,,,,
96f973f9-0690-4d0c-88b1-9709ec8a3f20,Sawa_0c4b38f6-c137-4bde-a6ce-61ac65353884,prop.n.,male personal name,,,,,,,,
47dc2e3c-34e6-499a-8cdf-e377113675c4,Sawapo_3b02e65a-f53a-4897-bf81-a4275b2960c9,prop.n.,male personal name,,,,,,,,
e317b5db-9a9e-4e1c-91ab-447e445e2a6f,sawasap_83831950-a9a9-4d17-8566-8ad0b7abfdb4,n.,type of cultivated tree with edible yellow or green fruit,,,,,,,Tony Warama,
fdcb57a7-3112-43bb-a187-36d3e4c0758c,sawe_4744dbaf-3bcd-4da7-b5e4-8ac5656cd096,mod.,left,,,,,,,131:1,
cc9b72cc-80eb-4e52-975d-825a84c85d0a,Saweta_6cb5004e-5acf-4be1-b4be-f44e7a082be3,prop.n.,Saweta (toponym),,,,,,,"Bodog Jowanang, Geoff Rowak, Inawa Dareda",
0f349b0b-70ff-4e30-9160-05fc8c027d8f,sawis_fd9043e9-71c4-4aca-9431-b01792f73218,n.,type of small yam with a long shape and purple interior,,,,,,,,
76a30f19-7e90-491f-924b-9a8959696b44,sawiya_14386408-977b-4b51-be21-07c4e37e191c,n.,little egret,Egretta garzetta,,,,,,Mayu Dobola,
0105b8f7-32d4-46b4-b6a4-28665e08951e,sägädag_37b1d4a7-64e1-4fb5-9116-386658fc8031,mod.,,,,,,,,,
b0d132ac-c641-475a-a1fd-fbd3ce419653,sägäsägäd_12593379-4360-4901-88b0-9b74eb095de9,col.,yellow,,,,,,,76:8,
18bcefd8-3f13-4663-acf7-524c9bdba496,sägäsägäd manika_38902246-4b2e-42e7-99ea-ed1113ae7a58,n.,yellow cassava,,,,,,,,
f5819293-16ec-40f5-9812-0340a2c9b40c,Sägrep_74c72400-c991-4c87-9afa-3aa336fa3cba,prop.n.,male personal name,,,,,,,,
f1bdb237-4500-4166-a73d-22afa0e95e5d,säkar_614ea849-a6bb-46fc-bb85-326f7e1da353,n.,type of big palm tree that grows near big rivers with white flowers and hanging red fruit that cassowaries eat,,,,,,,97:7,
a3f8deac-962c-45ea-a0b5-a8b347f09c76,säkmällsäkmäll_a6cf6502-401a-4db5-acd0-791d97f28ff4,adv.,limping,,,,,,,,
fc5984c3-3944-4e03-8bac-7d76e450499e,säkpa mit_e58e1a6a-849d-4f91-a73b-209178187220,n.,theft,,,,,,,64:3,
2829af57-5b82-4f96-9585-38843712f8e3,sämasäme_db0d41aa-c62e-416e-9220-222e8b8c40a5,t.v.,,,,,,,,,
f2adce8e-b0ba-4252-b77a-4760ac4ec55d,sämell_d74ef499-3cc2-4114-84aa-b4a6ee308f54,n.,pig,,,,,,,,
16fbf47e-4c33-4e80-aa42-8d55f81177d1,sämell_d74ef499-3cc2-4114-84aa-b4a6ee308f54,n.,truck,,,,,,,,
d359da78-3541-478c-8b82-e6d7bbdd68d6,sämongg_76ee9bc6-84a0-47cc-9b45-06f06e9c5233,i.v.,to feel,,,,,,,134:23,
32d2b1b4-347b-48cb-8ebf-086f1ff4a06a,sänasäne_9ed7ceb2-ffe8-4b7a-a96e-365396f0caa6,t.v.,to take out,,,,,,,,
7c430ea7-8a00-466b-8a42-cfa45706db0d,sänd_9ca5258f-d6dc-464c-9309-f46cdb65aa17,n.,type of big yam with a white interior and few hairs,,,,,,,,
5908774d-d6a9-42ce-8ae9-9021faf4d56b,Sände_4d1f4487-7e9b-4b5b-87d1-119185615622,n.,Sunday,,,,,,,,
c12a735b-cc03-4db1-b702-722e4dbdab6d,Sände_4d1f4487-7e9b-4b5b-87d1-119185615622,n.,week,,,,,,,,
04c47ae3-126a-4390-98a4-8fa33eb27e81,säne_8ed4acab-c7d3-4d15-af5c-1e73a9bd80d9,n.,type of yam,,,,,,,,
0b803e4b-15d9-4344-82bd-1996056abf5f,sänge_05c05e61-679e-4465-9550-1dc50ffa1b83,cov.,to betray,,,,,,,,
c9f61695-c564-4e82-8f93-9071ccf592bb,säpalek_7cc7a915-d9a6-4dbc-9aad-72c7f3a13dbe,n.,type of bag,,,,,,,158:21,
4a903f75-41f5-45d7-a98d-e7607268639c,sära_f17653f9-3a89-460b-8476-08c55b04aeb0,n.,tail,,,,,,,137:6,
649d14a3-93da-4db0-aca8-f2c49142629e,sära_f17653f9-3a89-460b-8476-08c55b04aeb0,n.,end of a bow,,,,,,,,
c04c3806-2bee-4cc1-b305-941072b1ee75,sära_f17653f9-3a89-460b-8476-08c55b04aeb0,n.,uncut grass skirt,,,,,,,,
476de9b0-a525-4077-b7ee-95276432604a,sära mit_b84c7993-4a1f-4e2f-bf17-739b07e4365d,n.,sacrum (bone),,,,,,,Warea Giniya,
f3fd52de-6fb1-4b0a-a563-dbaed423cffe,sära pakall_126a84b5-ad3b-49da-964d-e3b55b2caa0b,n.,caudal fin,,,,,,,Warea Giniya,
664bc2da-a100-4fe9-9ed0-38e1828d3d01,sära pättkäp_58ddf525-2219-4f74-bb1a-cd6c54adbe32,n.,mesothorax,,,,,,,140:22,
49b77389-fbc7-4b99-86ae-a0b37216d39f,särapipi_2e13a227-1364-4067-bbcd-66af8ddb84af,n.,"lastborn, youngest",,,,,,,,
c5a786b7-6d49-4a23-bd08-42b2a2de3a53,sära pot_b3edb8aa-c168-4eaf-b032-29b23b62debd,n.,tip of tail,,,,,,,Warea Giniya,
d7875f78-968b-4679-a5d4-567d41895c2d,sära pot_b3edb8aa-c168-4eaf-b032-29b23b62debd,n.,"lastborn, youngest",,,,,,,,
d52c179a-0cce-43ef-b8d0-f76f78abbecc,särämbae_9c73cc17-b71f-4846-bf4b-aa07caafc4c7,t.v.,"to prepare, be prepared, be ready, get ready",,,,,,,,
9b33ac7f-35c1-48f9-926a-ded032dde6e7,särämbae_9c73cc17-b71f-4846-bf4b-aa07caafc4c7,t.v.,"to prepare, arrange, get ready",,,,,,,113:12,
f4a1f6ac-2796-4d70-b291-4823045e4160,särämbae_9c73cc17-b71f-4846-bf4b-aa07caafc4c7,t.v.,"to fix, solve, resolve",,,,,,,,
5ef6bdf2-3064-44b5-a73b-4791f7013f1e,säre_f9a14a31-6739-4ebc-9efd-01b6c8793062,adv.,sadly,,,,,,,,
fd9d67d9-7e8f-40f0-bfd9-cb3bb031dd4c,särem_f4b6d71a-29e6-47e8-b831-e62c69b6f887,n.,"darkness, dark",,,,,,,,
b41530c4-aeb3-4794-bb5b-b8d70483418a,säremang_5cfb63aa-9234-4444-a565-99a280176b35,mod.,"dark, dim",,,,,,,,
4c140f76-c232-43ac-8151-1a7d70fb876f,säremang ma_7d7b1f3d-87fc-4bd7-853b-0a927b80d81d,n.,"prison, jail",,,,,,,,
b9470de7-17c3-4c61-9bd5-53d7e98867ca,säremsärem_1520ef3b-fe79-40a9-821f-6db5f2c26b62,adv.,"in darkness, in the dark",,,,,,,,
5dadb05e-e20a-4eda-af95-52575d2860a6,säresäremang_62fe8874-871f-4015-b1a9-1a1e14559100,mod.,"cloudy, dim",,,,,,,,
35c67c76-cd24-4b47-8ce4-fa785f7795c5,säs_0789d2fd-a5c2-4da1-a339-4c47e7fe8f24,n.,type of sago wrapped in young leaves,,,,,,,,
546b9180-2d0a-442d-81a2-fb40e1b471be,säsäs_506f0160-8c64-4cb6-bba6-64f68c0502ae,i.v.,to rub,,,,,,,,
3bc2b87d-c31c-461a-952f-d464a41f658f,säspen_a93d9e9a-fe73-4033-9157-4c8cebaa2718,n.,"pot, saucepan",,,,,,,,
98c64d7f-f447-44ad-bf86-f7a69de63334,säspen_a93d9e9a-fe73-4033-9157-4c8cebaa2718,cov.,to boil,,,,,,,,
352b0844-673a-451b-823a-11c6fe35ea13,säsramsäsram_2a9d29f9-73c3-4d51-a353-bca75997d067,adv.,shuffling,,,,,,,,
e3cdd1a0-322e-402b-8840-ed66d682b90b,SDA_ac115c7e-3acf-4196-b9c6-543dbf6c27e7,n.,SDA (Seventh-day Adventist Church),,,,,,,,
0f08f7d4-e781-4976-9397-288b3ae478d4,se1_4cc3904f-0d54-41c1-929e-471e77c2e65a,n.,yes,,,,,,,,
8bdf2e2d-bc8a-4add-8577-255f4eb1744f,Sebe_33680e27-4f01-445b-8b0b-18020f9639a6,prop.n.,Sebe (Bine-speaking village in Oriomo-Bituri Rural LLG),,,,,,,"Bodog Jowanang, Geoff Rowak, Inawa Dareda",
fcf10d19-809c-4d14-b811-f9d67dd7e9dd,seben_a143ccd2-63af-4d1f-99fa-3fc1a04d04fc,num.,seven (English numeral; also general),,,,,,,41:14,
a0c4ccc4-b064-4e1f-931e-729cf05fb590,sebenti_2357f4e4-987e-471b-b921-ff29a2b30cce,num.,seventy,,,,,,,,
60985b76-dd4c-4cc3-b727-b798ca57b6d1,sebentin_8c8942b2-2096-4206-a356-48a6b75cdf7e,num.,seventeen (English numeral),,,,,,,,
5d9f72e4-0770-47a4-bb6d-bb59b8c310f3,sebor_82ba16d0-8cde-4e1f-a680-b83b01fa7ed0,cov.,to greet,,,,,,,114:24,
aaa385fd-fd34-4826-8791-f8d72155756a,seborsebor_6a5491b3-36b1-425c-ad9f-e25d21b875db,cov.,to welcome,,,,,,,,
5bb0d487-a6db-4c8b-95fd-e4e8f44ec5ba,sek_0c43b26e-693f-4240-a1a8-7366e4b767e1,cov.,to check,,,,,,,,
a9d36b51-682f-4de0-816c-2554d1dd479e,sel2_6ff863f1-a37b-4a50-b43b-9da721775176,cov.,to sell,,,,,,,,
d488ffd5-147a-45ef-be5d-b9165a76edb2,sel1_9228f6bd-1c12-4898-91f7-44af010c97f5,n.,cell,,,,,,,,
35c28be3-cb56-4336-941d-652e71b33333,sele_7bd45b2f-bd63-4000-8a8b-9e06b2b79160,n.,chili,,,,,,,Warama Kurupel,
fa82b2dc-1938-43c2-88fa-87833abc48b8,sem1_1c4e0b2f-16ee-4bb4-beb1-89af2914a3e1,n.,type of tree that grows in the bush; used for making rope,,,,,,,Tony Warama,
3e4bbc62-aa1b-4672-ac2d-f572238ebc75,sem2_e9ec0369-b102-479f-bb9b-e755b4174324,mod.,same,,,,,,,,
456de5e3-7012-4d2f-80e3-acc2604163eb,senedrin_6024749f-a8ff-4a3e-981d-33a5ce034b58,n.,chief priest,,,,,,,,
08a3581a-b1b3-4a47-b0b4-42caa1851fff,sens_71c6ade2-418e-4616-8458-42e416ed760b,cov.,to change,,,,,,,,
a37fbaaf-e4b3-48fa-9bf4-5ba89fa22542,sens_71c6ade2-418e-4616-8458-42e416ed760b,cov.,to exchange (in marriage),,,,,,,,
ea41fa5a-bcd0-49a5-a328-3206ceae7157,Senti_3d93a489-66ad-4b8d-9daa-1fff02927812,prop.n.,male personal name,,,,,,,,
4fe791fa-084c-49ad-aa76-6166e0f1441c,Sera_4f870fc2-1f0f-410f-bc39-5ebdd9aeb128,prop.n.,female personal name,,,,,,,,
9eba1301-6e48-407b-89a8-18b9c153dcaf,ses_515d5f84-6cab-468b-9ca0-91852362d886,n.,church,,,,,,,,
0b664434-9379-41bc-9c5b-c0f3cb386413,seseyam_6034ba45-dc3b-4317-9ca8-c5291ea59030,Ideophone,"swish, sound of legs moving",,,,,,,,
7050c9e4-bb30-48e2-b3cc-253500b2b922,Sibideri_479551f2-e26b-4d38-8fb9-739e59ff584f,prop.n.,Sibidiri (Idi-speaking village in Morehead Rural LLG),,,,,,,"Bodog Jowanang, Geoff Rowak, Inawa Dareda",
3945a544-5ecc-4222-b950-68fa49b2ad3c,Sibidir_f06925ba-5fc9-4991-a41d-505cad4f6234,prop.n.,Sibidiri (toponym),,,,,,,,
5acc3579-4a2f-49ff-adcb-4a8d911e43e3,Sibiya_fa95a84f-b4db-49c8-b3e3-ff5d05004e4d,prop.n.,male personal name,,,,,,,,
d294864c-9954-45f9-bd3d-34c4c28ac4e9,Sibne_6f82e3ca-2be0-40f6-a866-94c962e1a7e4,prop.n.,Sibne (toponym),,,,,,,"Bodog Jowanang, Geoff Rowak, Inawa Dareda",
d02d108d-7364-4682-af58-e4703c97e663,sidompa_3a892180-aeac-4acf-9b0b-eebe4829d8e9,n.,type of spear,,,,,,,"Johnny Bodog, Inawa Dareda",
8e7a011b-33bd-4b3c-9c64-fbd698f819e1,Siga_4374c4d5-26cb-4783-b2b2-030a6069c35b,prop.n.,Siga (toponym),,,,,,,,
cd4fc9ad-dfc5-41ee-9617-b0cfcf1eda5a,Sigabaduru_c4ba976c-c975-4c71-9196-a5211dc861fc,prop.n.,Sigabaduru (in Kiwai Rural LLG),,,,,,,"Bodog Jowanang, Geoff Rowak, Inawa Dareda",
64e8d1ab-4011-4377-8622-1b9615aef92c,sigip_521c0c1f-947c-4232-ae40-de125a602db8,n.,type of palm with fruit hanging from long pedicels; people chew the fruit like betelnut,,,,,,,97:3,
d6e6937d-34ab-40c1-834f-ca9a05f98286,sigip_521c0c1f-947c-4232-ae40-de125a602db8,n.,type of big taro,,,,,,,Sowati Kurupel,
4fad8a5f-3100-4c73-a22d-50efa595929f,siklakla_be26e15f-1f20-4b99-8c65-187bcb366358,n.,golden-headed cisticola,Cisticola exilis,,,,,,,
010985e0-edf8-4428-ba90-4dc973b57bdc,siklakla_be26e15f-1f20-4b99-8c65-187bcb366358,n.,Australian reed warbler,Acrocephalus australis,,,,,,,
64cc86e9-f67e-44b5-8710-2eaea48b29df,siklakla_be26e15f-1f20-4b99-8c65-187bcb366358,n.,singing bush lark,Mirafra javanica,,,,,,,
43bfdb6a-e9ad-46cd-a73e-c27af93dcb9e,siks_340f3db3-c0b8-4f19-818d-0f59793bf42f,num.,six (English numeral; also general),,,,,,,42:8,
5a156c82-ce86-423c-b15b-b56f4e262acf,siksti_99ffb384-0f8d-4b0b-9554-8b787ea9bf10,num.,sixty,,,,,,,,
acfd95f9-685e-42f1-b836-8afef7eededa,sikstin_ed1a4c92-4eda-4e0c-869b-f05bad82fc73,num.,sixteen (English numeral),,,,,,,,
b433cb21-50e5-41db-ab88-eb9f4db87554,Siku_40c3682a-bca9-49e1-8d36-c7e5cf512a12,prop.n.,male personal name,,,,,,,,
9e03b4d4-3bea-401f-a9f1-e66112d69e09,sili_1da2a491-ff6d-4a19-b6cd-92d932a8b032,n.,chili,,,,,,,165:15,
53bfa038-afa7-40aa-8d33-e9e4624ef672,sinensinen_67f1cd9a-d3a5-49c3-acd0-aa3715b437ea,mod.,"generous, giving",,,,,,,117:12,
c30c466e-fdba-48bd-9001-1c94653004fa,Sini_25981c39-f52a-454c-ae4b-260657a5291b,prop.n.,female personal name,,,,,,,,
9a7b8cf0-1084-404c-84d3-e869b14a3f6c,Sintia_64830b1b-8f2c-488c-89d9-f2be3ae8e5bf,prop.n.,female personal name,,,,,,,,
db8c4664-ac66-4789-b92c-c421c2c2e494,singoll_640b310c-477b-4b1d-a296-796e1f1beda9,cov.,"to give, provide, share",,,,,,,,
c673ffa9-2c53-45a7-bbad-86a157c21f9b,singosingol_5389d7e7-d687-40a7-8264-64e0a8fcc1a5,adv.,"upwind, windward",,,,,,,,
ea6f1562-b4b6-4008-9cf0-811bc19be33f,sip2_2b16b32c-1308-474e-b5e4-231e46035339,n.,chief,,,,,,,,
03ff408d-aee0-46a4-ab5d-67c989cf785e,sip1_831e1abd-4cb9-4167-8f34-00089884be53,n.,sheep,,,,,,,,
9e139eb3-94b5-4d29-be84-73f7a43a68a3,sipel_f3cbaa40-db5f-4e2c-a25b-29f282ecfcb6,cov.,to rest,,,,,,,,
64e210d6-b275-43f9-bbe6-ac9726598bde,sipik_e9142908-6f94-407c-807d-9e3652a97614,n.,type of large yam with a white and purple interior,,,,,,,,
12eb112d-6817-44ec-997d-818f8d15c036,siporo_c981b82d-c2da-472d-847f-788ef08bd946,n.,type of cultivated tree with thorns and sour yellow fruit,,,,,,,Warama Kurupel,
c849f42d-19ba-48f2-915b-901f04059553,sir_55ab311d-3da3-48e2-b67d-2526d1af9b5b,n.,type of tree that grows in the bush with white flowers and edible black fruit with one seed inside; cassowary and pigs eat the fruit,,,,,,,Tony Warama,
f94c34ef-53f8-47ec-a6d6-a3047d3b1c3d,Sirmitang_24739278-a78b-4f1b-ad21-7b79bcdbeee8,prop.n.,Sirmitang (toponym),,,,,,,"Bodog Jowanang, Geoff Rowak, Inawa Dareda",
0c93f123-bbdb-452f-baa7-6788df398ea1,sis1_2fc0048a-953a-48a0-8a33-4ab63b623e2a,n.,season when new gardens are cleared and fenced (fourteenth season; corresponds to early November),,,,,,,24:3,
0cc93658-734a-42e6-a14a-ec08087469a4,sis2_3bc5827e-b76a-43ce-9ba6-1963b013e05d,n.,type of flying ant that come out from their flooded anthills in November,,,,,,,,
79feb4aa-f913-401b-a213-94ffc99e00c2,sisel_33fe97f0-b24a-4775-9e54-fa702c65d26d,n.,chisel,,,,,,,73:25,
22800371-9735-4045-8dd8-c98bddbad362,sisi_72267282-d7ff-4e7d-9183-7424381ee7fc,n.,type of pandanus with a trunk used for wood,,,,,,,97:44,
7506fefa-27c6-4e83-8b72-49052a213346,sisi_72267282-d7ff-4e7d-9183-7424381ee7fc,n.,the third stage of coconut growth in which the seedling has formed (after planting),,,,,,,,
59cb0d5c-2e59-4688-b1e5-a7d27aff725c,sisor_b78f8ffa-206e-4e32-8643-eac5b5a730ee,mod.,new,,,,,,,148:3,
ad9cf762-fe81-4ed2-bbdd-f889f59e12d3,sisor_b78f8ffa-206e-4e32-8643-eac5b5a730ee,mod.,young,,,,,,,,
fd144676-52d4-4f93-bd94-d5c13cc8e8b0,sisor däp_c86f6e6c-5b6e-4a47-a51c-a3fe241e1d9f,n.,plant term,,,,,,,,
e7d4023a-b62a-4e46-bad2-2e36fe260384,sisor llɨg_e58ab5b0-7c80-4ff2-afeb-d6832a86b152,n.,"newborn, infant",,,,,,,175:19,
04b16e46-6c22-4690-9b60-e5edffaaa3fd,sisor pazi_dda3c75d-9103-4710-8375-574464c5c4b0,n.,season of New Years (sixteenth season; corresponds to December),,,,,,,23:6,
4e35723b-0014-4ba8-bc74-0ad03e6150ed,sispull_60ff5314-5102-48bc-8ede-3e7db80e6e7c,n.,maggot,,,,,,,156:11,
9c0e42e0-ef83-436b-ad19-795186d756de,sisri_893dbdcf-abb8-4089-b0b3-790de493fe69,Temporal adverb,now,,,,,,,,
827ca5bc-df2c-4218-85aa-8411c690c8f0,sisri_893dbdcf-abb8-4089-b0b3-790de493fe69,mod.,this; current,,,,,,,,
40e50163-bb13-49fe-bb9a-2d352ae3d1a2,sisri ag_bd0b164e-fb37-40b9-8a65-c5dc87e22e6d,n.,this morning,,,,,,,,
30006196-23d2-4b69-9bac-d7c6e6d110ba,sisri ebdo_5f45d79e-6f41-4d1d-9f22-73e6c936b511,n.,today,,,,,,,,
824fae1c-5e0e-4b52-acd4-bf628d07168a,sisri iddob_1e3ce3fd-8cc5-4855-94e6-c55d20707c22,n.,,,,,,,,,
bba23a13-6185-46d2-ab35-ec45adefb6ee,sisri toto_1593d196-c55a-470f-b239-45ec24359485,n.,this evening,,,,,,,,
67a1c955-7622-4f7c-b720-6a8b1c613e8c,Sisuar_995ea69c-8188-4ab4-a413-defdd0e8171b,prop.n.,female personal name,,,,,,,,
22d57b80-768c-412e-90a8-a1f7dcd63c51,siti_a0b518e5-f7c9-4c52-8fdf-9245f352debd,n.,city,,,,,,,,
9783b55d-5dc1-4315-a1e4-394d1f6270ad,six_51604782-5264-4351-9ce6-58644a8a36fa,num.,six,,,,,,,,
7c64d0c4-37b2-444b-852c-b1eae3b16129,sɨmell_7b7d5f8d-67d4-4f93-bfc2-a6215298a141,n.,pig,,,,,,,,
ab40ca98-f204-4d6f-8244-cb42844cfbf9,sɨmell_7b7d5f8d-67d4-4f93-bfc2-a6215298a141,n.,truck,,,,,,,,
72f6a7ea-8026-4e10-b953-fe4b6fc5d0b0,sɨmell källamokott_b45a51a0-6a74-4137-9989-8ed55da14b72,n.,"type of spiky tree that grows in the bush with white flowers, yellow fruit, and hardwood used for firewood",,,,,,,Tony Warama,
642012b8-6520-467f-adad-32e26c5db654,sɨmellkom_311c9612-94b5-447d-aabc-edb1993ccf79,n.,type of sago,,,,,,,17:1,
6eacc860-4e61-4c3c-a54a-464e5276fe2d,sɨmellmak_d1ef9694-945d-48ed-80db-7414059a4dc3,n.,weaving pattern with arrows pointing right,,,,,,,177:11,
360199e7-9265-461a-bb56-b0322e959d78,sɨngesɨnge_30989b1d-43f8-489e-87f3-c03b56dae232,n.,admiration,,,,,,,,
0dcb18b5-6914-4849-ba9f-0f2a4f7509c8,sɨngesɨnge_30989b1d-43f8-489e-87f3-c03b56dae232,cov.,to admire,,,,,,,,
4d1c73bd-2014-44a7-a936-3479f9333f1f,sɨrem_a29f09be-a11f-49fb-aa0f-d47067ae72b5,adv.,,,,,,,,,
d9232dc2-d497-4c22-8161-665bca6cc07c,sɨs2_0a373c0e-1826-48de-a750-ac7230865253,t.v.,"to extinguish, turn off",,,,,,,,
9b1cd40e-1736-4527-8fbd-aa5e70e2480e,sɨs1_8e21ac4c-cc10-4894-8fc6-d0692c3a7e3d,interj.,command given to a dog to chase an animal,,,,,,,,
fb4a2a6d-ae38-46bf-aa33-f3596c9f1746,Skola_fdd67187-3510-45db-b6e5-e5b54133a5c5,prop.n.,female personal name,,,,,,,,
9518174c-42a9-4e4b-b1d9-51fe95677fc4,skul_c9d02c33-aabf-4d58-ae40-4ed0d82acb28,n.,school; education,,,,,,,119:1,
783553c4-1678-455d-8dcd-58f54ec09d5c,skulang_d59515d9-5044-4455-b990-c9179e137196,n.,student,,,,,,,55:28,
c14486db-edff-4ee4-92ce-7d5c96c12d01,skulatt_db192f95-c47b-4cbb-914a-6f4ff8365ec7,mod.,educated,,,,,,,,
f970f505-d6d6-40fa-97c3-154b6c25837f,slaslak_d3875b4f-92ad-49f4-ba1d-438e4f41ead5,n.,red-winged parrot,Aprosmictus erythropterus coccineopterus,,,,,,Mayu Dobola,
82fa0390-33de-4503-b0e3-93fc22db8244,sllollongg_93eb2243-d937-40b9-b6fe-80bd78fdb2b3,i.v.,to sit close together,,,,,,,,
dc7f0e1b-dd6c-42b9-9c3a-652638a5c95d,snameny_6cb1fdad-0bec-47c1-9cb4-1beeaee22bce,t.v.,"a funeral tradition, where you take the body to an isolated place and one person will stay with the body and a spirit will come to tell them how they died.",,,,,,,,
2dd06553-a4ed-42e1-850c-30fd1fd8e35b,so1_41b1c7fc-37af-416e-bc48-0f20800ec2cd,n.,"type of black palm; in this mature stage (~3 m), the wood is used for house flooring and containers for squeezing sago, and the pith is eaten",,,,,,,97:2,
d659862a-5133-433a-8313-0a6403c9d1a5,Soba_1da7a26e-f51c-44d3-a176-3fff17c68ab0,prop.n.,male personal name,,,,,,,,
68f13ab1-292b-4498-8434-8578ec04dac4,Sobam_760c4c71-7bb6-4eeb-908e-2a3f25bf0249,prop.n.,male personal name,,,,,,,,
b2ea194a-2beb-4b94-b2d0-8d941bce4300,Sobeya_a41838ad-49c5-4120-bf13-576ebefd0323,prop.n.,Sobeya (toponym),,,,,,,,
05b86f82-15b5-42d6-b53b-09e79658775f,sod_b597f4ce-c533-4b5e-b855-9376bdf68ac9,n.,shirt,,,,,,,171:25,
422f9542-4a5f-40b9-ba4b-767c1344749c,Sogale_3386ff9a-7d4f-4273-835a-53ce490d023a,prop.n.,Sogale (Bine-speaking village in Oriomo-Bituri Rural LLG),,,,,,,"Bodog Jowanang, Geoff Rowak, Inawa Dareda",
57b758f3-7065-499b-894c-1dc3e64e20e6,soka_03cebcef-6492-4f2b-8532-73cf18a4e4a5,n.,soccer,,,,,,,,
28666366-2b6b-43e0-b9e0-54067f0ec544,Soka_5a8882d4-dc33-4026-a2d4-22eabf882100,prop.n.,male personal name,,,,,,,,
706d9066-cb60-41cb-aa24-69f697102401,Sokola_07e5aa63-55bc-4fbe-91b4-4cd64fc1a11e,prop.n.,female personal name,,,,,,,,
4e25a6c7-f109-472e-a3d8-8fc963c0dac8,sokpa_64e5f805-6efa-4f4c-9b1c-256c98761fa5,n.,tobacco,,,,,,,,
c5d5c3ad-c509-47bd-9a2b-5c3395163dfe,sokpa_64e5f805-6efa-4f4c-9b1c-256c98761fa5,n.,cigarette,,,,,,,,
cbec6f18-ae95-4acd-9129-9fdabe51fcda,sokpa kllokllop_2b6ff851-3fcd-4be3-99b9-683e92695e7e,n.,notebook-sized mat woven of tobacco,,,,,,,,
887aba7c-d622-4830-8201-3781f4de68d1,sokpa llaweatt_b07cb0ff-6aba-415a-bd8d-a1d7b3dd9e7a,n.,tobacco woven like a rope,,,,,,,,
724f1898-8d2d-42f9-950b-5ae9377f598e,solt_5806793e-b38a-4f94-9e79-f8ef23aaed59,n.,salt,,,,,,,,
cc4517e2-9dc9-4972-9131-0154eeda2c94,Soma_ac56d40e-fb31-4947-b470-1d916f7daac1,prop.n.,male personal name,,,,,,,,
054ad2d3-d277-46a6-ab02-d60c6410e4a7,somungg_4bd1ec8a-d0e0-4b52-80a1-50cc95a638fa,t.v.,to realize,,,,,,,,
6084b4ec-1b36-4503-abf1-874c802945ca,Songno_7a878627-14c4-441e-b0b2-400d89ad1518,prop.n.,female personal name,,,,,,,,
5cb0e434-1a5d-417c-ae1a-66e046e9cd0c,sop_4827de99-4a3e-492b-b0b5-d84137ebbbb8,n.,soap,,,,,,,,
e939e4d8-8c04-4c9a-aeea-cae2dc9358d6,soroe_c0f04d5d-4d7f-48cc-9d9f-7918a94e8688,t.v.,"to try, attempt",,,,,,,44:22,
76c822bc-c13a-4fe4-a0f9-bb693e8e0cb3,soroe_c0f04d5d-4d7f-48cc-9d9f-7918a94e8688,t.v.,"to challenge, try, test; tempt",,,,,,,,
76098f59-7093-4d04-84e0-d5139c3a7bea,soroe_c0f04d5d-4d7f-48cc-9d9f-7918a94e8688,n.,"test, exam",,,,,,,,
88a4f6e7-45c3-4e7b-96f3-514328f70bab,sorsor_7e3283a5-1d98-4708-a284-5b86cbe7288f,v.,"to affect at a distance. For example, if poison is poured up stream, the fish down stream will also be affected.",,,,,,,,
dd0c59af-a4b0-4157-96e6-09ca9d70e645,sos_0bfa3149-0734-4753-9c07-4832d2f3657a,n.,church,,,,,,,,
e67bb1f4-38fb-449c-ba0c-eec0fb3ece43,sosoga_c5907263-32e0-4a67-b74c-2238e8886263,n.,type of sago,,,,,,,97:26,
bd410f98-8d51-4617-b8ec-f8ee2e3c2122,Sowa_6579b0f6-3f9a-4afc-b43b-5713ee85c1e7,prop.n.,male personal name,,,,,,,,
0bfd5215-9046-4294-87ad-f2264739a8de,Sowati_14b3dbc1-815b-4087-ae90-4e48ca8c6ff3,prop.n.,male personal name,,,,,,,,
f339e942-0c16-420e-a37f-28be96ebc73e,spallma_76ce31f8-4487-4da9-8801-f55ffef69eff,n.,two friends who split a twin coconut frond,,,,,,,13:7,
dcfd9cf2-862c-491e-93c6-ca028320adf1,spun2_21fde875-84aa-40b6-9788-8ed8fe86677e,i.v.,to fall; set,,,,,,,,
4f2edd63-10c4-4835-980b-6bd1bef61fa6,spun2_21fde875-84aa-40b6-9788-8ed8fe86677e,i.v.,to jump,,,,,,,,
ed4ca210-1e37-4fc6-be95-25236a51b998,spun2_21fde875-84aa-40b6-9788-8ed8fe86677e,t.v.,to throw; shoot,,,,,,,,
2b349d4e-d54c-4322-9c3d-d0a48272096e,spun2_21fde875-84aa-40b6-9788-8ed8fe86677e,t.v.,to remove an outer layer,,,,,,,,
1359a562-6487-41b2-b6da-b543ee7b3707,spun1_554ca210-4a8a-418b-a340-50323f91fca1,n.,spoon,,,,,,,,
c434a2fe-81f5-4887-ba08-cd88d4b3b140,Stanis_32919b23-71ef-4358-9ffa-4d93471ab57f,prop.n.,male personal name,,,,,,,,
7f8705bb-2480-4a14-bdd5-1a3ec36c3cf3,Stashalyn_447b7503-5b7f-4d6c-96ef-89695cf9ebdd,prop.n.,female personal name,,,,,,,,
762f0e54-b515-4110-b00f-092106e739a5,Steven_6acac236-36ec-4b81-a8f5-ef5fbd9fa2b5,prop.n.,male personal name,,,,,,,,
53c5feea-6a6e-4b56-855c-0f0e5d0df859,Stibin_f53d3650-64c1-401a-95b4-1ef31f0535f1,prop.n.,male personal name,,,,,,,,
1025f0bc-3eb3-453f-8625-b23bab3d191c,Stiven_797ef8d4-9592-431e-b7ef-49566e435dd4,prop.n.,male personal name,,,,,,,,
4cf35820-a2ca-4317-a401-aeaf32324569,stoa_b382ddea-07bf-465a-9282-0a943868cdff,n.,store,,,,,,,166:3,
2a666a29-8b4b-4f61-a428-0db0f4e6eb75,stori_2d91a4e7-8993-4dcc-a76c-88491d44e1b9,n.,story,,,,,,,,
1ac2466f-08a9-45ca-8813-cbc3c80814b2,story_9637c29c-65d0-49a1-a217-427dcddfd23d,n.,story,,,,,,,,
ca620a99-8999-4677-9b22-ba92a8697025,su_d71d9740-2d4c-4f84-a265-7d90144dd0b3,n.,prey,,,,,,,,
ae71a939-12de-46d8-a19f-2126cfc7b0ec,su_d71d9740-2d4c-4f84-a265-7d90144dd0b3,mod.,secret,,,,,,,,
59f1b574-0c48-41a0-9aed-4b8b1b80a7d3,Suame_26a6b880-81a3-4739-be38-39bd166225ef,prop.n.,Suame (toponym),,,,,,,"Bodog Jowanang, Geoff Rowak, Inawa Dareda",
bad71441-0bf3-4f5a-b885-86c0ff3674ce,suang_6f914787-a6a1-4f0e-b325-d6148f560ee4,n.,selfish,,,,,,,118:9,
6c0e41ff-e5cf-4533-9fff-9650d160a267,suga_d2ca02ad-2fdf-417a-a60f-ba62df4bc1d0,n.,sugar,,,,,,,,
d874e0eb-76d5-4440-ad02-339cc10d0e6a,suga galbe_c92fa950-61d9-44e2-89be-3ec8705c8c7a,n.,type of large yam with a white interior,,,,,,,,
5a1d3b4c-d4c7-44ad-98b2-76c40cf90d6a,Suki_4a6f1cdc-45f4-4eb8-b7fe-d09ac06b4a2a,prop.n.,Suki (in Morehead Rural LLG),,,,,,,"Bodog Jowanang, Geoff Rowak, Inawa Dareda",
086053b1-f5c0-4bbf-b3d8-2724f0778f30,Suliki_8262c4be-6322-48d5-b6cf-11e60def97a2,prop.n.,male personal name,,,,,,,,
b242c217-7324-4c2e-be1e-fc0e732680b8,sulut_c3670425-de5d-4784-8ae3-453d57f9f9cb,n.,type of taro,,,,,,,Sowati Kurupel,
8b87f090-1620-4107-a9a4-31777d6ed540,sur_dd24a9b0-8d58-450d-b8f4-3ff84d4f6242,n.,pushing tool,,,,,,,,
2940e651-8995-480e-905d-126b5db585f0,surum_b2ecad89-04c3-4a81-a12c-31fb31165ca9,n.,sand,,,,,,,,
a54e4406-73fb-4de9-b787-5c6b42a11b5b,surusuru_6e479a8b-fc54-4aad-8b8d-40ed61d189f7,n.,type of tree that grows in the bush with white flowers and strong wood used for house posts and firewood; it was traditionally lit and used as a light at night because it burns slowly,Cordia subcordata,,,,,,Tony Warama,
5e007d0a-a5ea-473c-ad6b-2635f0041411,Susan_80a710a0-6ad5-4511-a69d-53cc0cc0c45d,prop.n.,female personal name,,,,,,,,
9373347b-e695-4736-a9a5-24c11dcadd52,susu_22a4e148-243f-41e3-af3f-aa9085bdba4f,n.,breastmilk,,,,,,,,
cbbcf95a-0082-4cc1-8b59-9b0ac5e226e3,suwe_ee70e0ba-76f0-445b-b109-e52dafe20698,n.,"urine, pee",,,,,,,Warama Kurupel,
06a8ed66-b9f8-4e5b-b265-ae07c9616f9d,suwe_ee70e0ba-76f0-445b-b109-e52dafe20698,n.,(euphemistic) testicles,,,,,,,,
b7943027-4438-484f-870a-6ec858883274,Suwede_8881c84d-debc-4ded-8d75-6d3a860a5c5a,prop.n.,male personal name,,,,,,,,
03567364-d501-4fd9-8430-b1e141cf6bce,suwe gäd_563d26bf-9428-44df-af43-71c0176d2bce,n.,body part,,,,,,,127:21,
a1aa3d8e-386f-4690-9ac9-e35bb0c69799,suwe tɨngg_55748e57-26bc-47a9-9853-6e98290621f6,comp.v.,to urinate on,,,,,,,,
f3858f24-947f-4b72-a036-10a415452142,Suwi_c9803eb6-2a99-4900-a110-2833f046e7ab,prop.n.,Sui (in Kiwai Rural LLG),,,,,,,"Bodog Jowanang, Geoff Rowak, Inawa Dareda",
e75013da-5f95-44ca-8393-3952ac12e784,Sylvien_8edd5bc4-8a3c-410e-95f1-3fbd8405a25c,prop.n.,female personal name,,,,,,,,
3a79d344-c2f7-471a-96a6-d25c79aad5d1,Sharon_a5660078-f46f-47da-9913-61ce749b05dc,prop.n.,female personal name,,,,,,,,
7293788c-795d-4305-accf-0ac5bf9ac1d5,Shim_c8ed7d85-683f-44e2-b564-168700cc5459,prop.n.,male personal name,,,,,,,,
08181a0d-22ec-4fe6-890c-8622b899b35b,tab_eff58689-1b7b-424b-91e6-43993f9a64aa,n.,"promise, oath; engagement",,,,,,,,
7edefcff-0b20-42c3-b15c-e4bc79bee83e,tab_eff58689-1b7b-424b-91e6-43993f9a64aa,cov.,to promise,,,,,,,,
57ffaebe-8b1b-4b18-a498-d7d0e37bdd62,tabe_1971bec7-6775-43b0-bf24-4dd319f5b785,n.,soft pad or support that placed between one's back and a spalek basket,,,,,,,,
47829e1f-482a-4948-b464-5f7034f4dc96,tabe_1971bec7-6775-43b0-bf24-4dd319f5b785,cov.,to pad your back from the spalek,,,,,,,,
d20475ab-ce58-45bd-a1da-84a5c163ce93,Tabita_d60426cb-f9d4-43f4-9a1e-11ed92f231c2,prop.n.,female personal name,,,,,,,,
8c081c44-eefa-4fc0-b47b-97d51035e725,Tabubil_3d916ed1-4702-48c8-808d-1b4e01322aa1,prop.n.,Tabubil (toponym),,,,,,,,
00d3805e-05ac-445e-8d03-64d4a7f97d1c,tada_65ccdb70-e5db-471d-bca8-77398f17a0a7,n.,fish trap,,,,,,,126:7,
aa3f9560-a571-494d-9374-052c20507733,tae_d2b404e1-34ce-41bf-bd5a-a66d71ad5789,n.,"type of tall tree that grows by rivers with white flowers, green fruit, and sturdy wood that can be used as a bridge",,,,,,,,
dbd4b18c-24a2-4d57-9640-91114f4884c8,tae budar_e2b3afc4-893a-4f2b-a728-02487b432351,n.,type of edible grub,,,,,,,Joshua Ben Danipa,
ac74ef56-0a7e-4f5d-bb80-4c1b4466cdf7,tae lläkäm_5603d8c7-9077-4e0d-9a85-cf14e75c4cb0,n.,type of mushroom,,,,,,,Joshua Ben Danipa,
147e16d1-f2f5-48da-bba5-c7d6e5da8037,taem_2eb2261c-86d9-428b-a109-6d61ff9ed159,n.,time,,,,,,,,
17115e0e-692e-485d-80c8-9a0dbe980de0,taemataema_9d42e352-3b1d-4f2e-bac6-e3e746d2c95e,n.,type of tree that grows near the swamp with long yellow flowers and leaves that are used to treat fungal skin infections,,,,,,,Tony Warama,
877a2133-0a66-4057-af89-fa6b906f2f36,Taeme loanword_b37b264f-9af2-4564-8320-0d602d91538b,,,,,,,,,,
21c28957-79c5-4a37-a39c-4300e27fbaa7,taempäg_ebd4d7a6-fa08-4821-8e1c-99bebae10351,t.v.,"to show, indicate, reveal",,,,,,,,
15a348a5-acc7-4110-8446-ee03be83aea6,taewa_6cd9ba12-5fb6-48c2-9152-ae26b612c45c,n.,type of bird,,,,,,,87:5,
773d0ac5-1485-49b2-a096-643f2e16299c,Tag_dc70cc82-aa6d-4335-b39b-17ba3a13bee3,prop.n.,personal name,,,,,,,,
e2c38250-4b66-4f65-b846-5db7e53fb6c5,taim_f28a2a8a-83b9-485c-bcd6-b09b3c801963,n.,time,,,,,,,,
2d12a251-8dc7-4ffb-a2d7-6c941ae47b24,tainäm_3e144e9b-cf30-4754-80c6-c0f73273984e,n.,mosquito net,,,,,,,,
6791286a-582d-4088-be09-313ef0954272,Takeya_2dbfc702-0aad-44c8-9340-19738f150df8,prop.n.,female personal name,,,,,,,,
8caea453-ebbb-4a77-85db-b4537a5aa859,talapia_a3da0532-ae32-4ce3-a4f7-d632139224c9,n.,tilapia,,,,,,,,
d87721e5-6e98-498f-806f-96f7c6856ca7,talme_c57ebcfb-1373-41bd-99fd-3c44c2e187b3,cov.,to give birth (to),,,,,,,19:18,
589380ee-cdbe-4066-95e4-b38e831ba98c,tall_0eb01a94-c09f-4f7e-98db-d49c18d5bdf5,n.,type of tree with wood used for posts and easily-peeling bark used for walling; also lit as a torch,,,,,,,,
36da1537-3da1-455c-b6e9-68603b9b22b5,Tallabunang_5d0dfa80-383d-497c-af89-f1c09c52d420,prop.n.,Tallabunang (toponym),,,,,,,,
ea2d19b3-8257-49f6-97f1-087d68c9b030,tamatama_2b516b47-feb7-4d2c-89e3-5ca7c28b34af,n.,bean,,,,,,,,
c84785b5-0295-41cc-bc8f-3e39710aff3d,tame_2c32714c-2a0e-4f67-b93a-9cd667f297fd,n.,wave (of water),,,,,,,183:54,
4ed50461-12b1-4765-9639-6a9e3a81aafd,Tame_b06a6f85-f0b9-4d87-a7d9-1aa7ff2c9028,prop.n.,Taeme language (Pahoturi River language spoken in Kinkin alongside Ende),,,,,,,142:10,
48f6c5a4-783d-4699-bc77-9690ca003403,tameny_ed9701e4-7b15-4ea3-a7b0-fb6729e20f77,t.v.,to teach,,,,,,,,
52aa525a-1b06-40a2-996d-b8fc72a7240f,tameny_ed9701e4-7b15-4ea3-a7b0-fb6729e20f77,t.v.,"to dicuss, converse",,,,,,,,
3a3b51b7-f284-492d-a5a1-b24c92f946ad,tameny_ed9701e4-7b15-4ea3-a7b0-fb6729e20f77,t.v.,"to tell; converse with, speak to",,,,,,,,
c2ca1297-76a5-4128-ae62-d33afe0e2920,tamenyang_864c7bf7-a1a3-4a9a-b5c6-8924e7978191,n.,teacher,,,,,,,55:24,
4a410581-33dc-456b-b509-977ce7c0c759,tamllägtamlläg_e4a78151-5ea3-4ee5-8102-db9371fdd710,n.,type of small caterpillar,,,,,,,165:27,
cfca4806-52af-49df-aa50-c15ad4c896d5,tamllängg_c5a74dbd-1c30-4a3e-befb-244cf4b82feb,t.v.,"to press onto something soft, maybe it will break (like the computer)",,,,,,,,
18264f85-2f7b-4f11-ad7a-a37a27a75aa9,tamongle_a9119e9f-c02c-4b4a-81f4-43415bf9ca86,n.,type of mutae yam shaped like a foot,,,,,,,,
e7af74a8-46d8-42b2-9c61-9f207083269b,tan_66c74853-2944-4b7e-a955-726ff088ef54,n.,"type of short plant with white flowers, brown fruit, and branches used as a broom",,,,,,,,
9939659d-f474-49c3-83fd-4a71f5e6d29d,tan_66c74853-2944-4b7e-a955-726ff088ef54,n.,"broom, can come from different types of palm e.g. käg tan, mäta tan",,,,,,,"73:2, 113:20",
29e774a4-1cf7-489a-8dae-f179f6a9b843,Tanisha_f2fc12ef-d218-4928-85ea-04ae7bbf0b53,prop.n.,female personal name,,,,,,,,
cf8a43f4-c87f-4340-a6e0-6024e569e564,tanong_c9a9b165-35a8-417c-8ae7-bedcebad1d19,adv.,a little,,,,,,,,
d4d0e325-ac80-4f0c-9788-20db4ae9e137,tanteny_fcbe02a5-f677-45f6-98db-a4e7942ad251,n.,type of tree,,,,,,,Warama Kurupel,
ee9df4d7-3d7e-4b00-b297-72bd56b6d333,tanter_b4581ae5-3547-4703-bebe-d6f0bd7c2665,t.v.,"to guard in one's sleep, sleep with",,,,,,,,
f935dc49-63d2-4b7a-9cb7-bf20a7227283,tanträm_713d919b-c6c3-44e8-9e12-1f0de4580f42,t.v.,to smash,,,,,,,,
386d5adf-f237-43e1-a16b-945c530e64f3,tanyib_be50a88c-3f3d-4bf1-9187-9432fc863a4c,n.,"radioulna (fused radius and ulna, or arm bone) of a flying fox",,,,,,,,
6992e81a-88fe-48ca-bd68-7c45b2a5bcdb,Tao_2c07d694-4af0-4cc7-9626-e63011b8e32f,prop.n.,male personal name,,,,,,,,
95ffead3-ea29-4d54-b7a4-bd7575b5227d,Taolang_3d1616ef-e328-456d-b203-286403e6f187,prop.n.,Taolang (camping place),,,,,,,"Bodog Jowanang, Geoff Rowak, Inawa Dareda",
9bcb2f5c-f23c-4009-a429-d66a11310bcc,taosen_4b4d7d69-34bb-42f6-a1c5-d2dd46ce1667,num.,thousand,,,,,,,,
d4e0388a-c82e-439c-9225-4ac6bf42d75f,tap3_63abdb57-8187-4876-b79c-81ccd234a87d,n.,tunnel,,,,,,,,
79124b6e-a322-4d62-9442-1f8ef21e77e0,tap4_98705a3a-e484-4896-98c1-9dd85fcd1de4,n.,"type of big yam with a white interior, thorns, and hairs",,,,,,,,
5ba6b4d6-2d58-4597-b3cb-6a28459d5314,tap2_c90b353c-d082-44d8-92b0-31be7fc01eb7,t.v.,to harvest,,,,,,,,
ec8bd843-4d73-4879-964b-32830a44184a,tap1_e41c065b-5b1a-4290-a4e8-e01e8b5bea4e,cov.,"to dock, land",,,,,,,,
7a32c5da-7186-47b2-a7b8-fb93d27a131f,Tapila_484b7cb9-c445-4091-8986-33aa6007c114,prop.n.,"Tapila (Makayam-speaking village in Gogodala Rural LLG; GPS: -8.414202, 143.016867)",,,,,,,"Bodog Jowanang, Geoff Rowak, Inawa Dareda",
b5ffa24b-724f-47f4-b911-59e2dd6244a4,tapma_b988cafb-c939-47c7-b218-e69cb8de1824,n.,"dock, wharf",,,,,,,,
50be7af9-40fb-4180-94fe-cf62dec741b0,Tapma_d1e94ba2-b628-4585-b772-c90bc9fcada1,prop.n.,Tapma (toponym),,,,,,,,
28b236ee-14c6-4597-9815-2f03dc84dfe4,tarakoll_6020b390-a7b9-4755-b07b-fd38a732fe49,n.,protective outer wall built by ancestors,,,,,,,,
86ecfaa6-1bd1-4b1f-be85-a6b6d3e09b36,tarambobo_b14b3c89-f972-4054-a4d1-10e9e84aaebf,n.,hooded butcherbird,Cracticus cassicus,,,,,,,
961694b7-256b-41e0-b9de-6a9cffb929cd,tarasoso_e79b85d5-5440-4410-a57b-26660fbfb6b8,n.,type of bird,,,,,,,Mayu Dobola,
57c90d74-be48-4b5d-b1e2-205f76e7bc6b,tarketarke_f765bc15-8ae8-4200-bba7-f0f3e0380075,mod.,brittle,,,,,,,,
cc4f4bc2-3478-4f0f-ab73-fe7552451e95,tarko_08a52319-70bc-4d53-ac6b-057a7a6d61da,n.,female friends who have shared a joined fruit or vegetable,,,,,,,,
90ea3579-2084-41e9-9891-3109ce8564cb,tarme_1559e512-af62-4dc1-842d-842d4d8f2eb8,n.,kookaburra (blue-winged; spangled),Dacelo leachii intermedia; Dacelo tyro archboldi,,,,,,Mayu Dobola,
2b4d091b-babb-4938-a7f3-1ec9a276d311,tarme ballmenyang_643e68d7-5742-4a98-9852-1476109fb0fc,n.,season when crops are bearing fruit (fifth season; corresponds to March),,,,,,,23:9,
f52a383f-25a3-4040-ac6c-88341231cf0b,tarmekälla_db89096e-3d0b-405e-8424-26796debba32,n.,type of taro,,,,,,,Sowati Kurupel,
59586963-d20f-4fdd-b5c1-e7e8ca5bc485,tarme koeme_5dc4b1e7-a262-4ed1-b509-a8880eb1dd39,n.,type of tree,,,,,,,Tony Warama,
7c330ca5-f0b5-4040-aca3-77fca7039d74,taromba_ea08aabd-a512-47d7-a11b-0dbe2a72c004,num.,216 (yam counting numeral; 6^3),,,,,,,41:18,
923a232c-98a7-47ed-9ab2-1f059e1927d6,tata2_06a159fc-4c22-4e3c-a74c-751076d2e54b,n.,"junction, intersection",,,,,,,,
cc3f6766-4249-43ae-b8df-c45bcba5eb9e,tata1_8344e7a7-015b-45b4-9281-6ac0fa251fd3,n.,meat,,,,,,,,
1e1b688c-4b6e-4ef6-aaf2-30c8e60df57d,tatanggli_04603e95-c03c-42e3-a151-d77b679e3704,n.,willie wagtail,Rhipidura leucophrys melaleuca,,,,,,Mayu Dobola,
bedaab4f-53a6-4f0f-97f8-db0c6b89b791,tatäraem_9659b513-673e-4a3d-9e38-612fef6b3512,n.,noise,,,,,,,,
367214fb-4841-4adb-b627-f383cffa260c,tater_5d5d5aea-5bf8-4ca8-acc6-8d05c2afce73,n.,mat,,,,,,,15:45,
2c75e56e-0f82-41f4-b312-9c86f8641116,tater_5d5d5aea-5bf8-4ca8-acc6-8d05c2afce73,t.v.,to spread out,,,,,,,,
ceedb961-930d-4475-ad3c-5f43ba2d46df,tatratatraema_01ed1a35-3f60-4e63-830d-2d01e472d4c2,n.,music,,,,,,,143:14,
4188392a-d509-44d8-96ca-78215b953396,tatruk_7c12ce23-bfcd-418f-8a73-66be124fb644,n.,type of poisonous ant,,,,,,,165:26,
b6e68ac1-3d1f-496a-85bd-f889e7ccf4a5,tatu_7b47a99c-a34d-4f83-a334-2ef094c9e9ea,cov.,"to bathe, wash oneself; wash (an animate object)",,,,,,,,
b4291ab3-d1dc-4f01-a59b-706a17053f75,tatuma_bc3a29a7-a266-4fd6-919e-9307d58117a3,n.,"washing place, outdoor bathing area",,,,,,,,
82b42f13-c79f-48f8-ad96-506af481a572,tatutatu_5ca8541c-2ff0-427f-98d0-67a0b633d058,adv.,cleanly,,,,,,,,
85054838-cbb3-4ba6-a596-86e115903f9c,tawa_a77293d7-cf28-4575-b840-b2443617704a,n.,swamp,,,,,,,183:58,
cc5579fb-c190-40b3-9ec4-55719165e3da,tawa aeb_e7590c21-42e2-48b9-a857-806567389b27,n.,Australasian swamphen,Porphyrio melanotus,,,,,,,
3bc522c7-4fe4-4b4e-b308-def1677fb618,Tawabo_3827f0a9-5aac-448e-87c1-70056129dc05,prop.n.,Tawabo (toponym),,,,,,,,
9c9f9fab-c51b-4fdd-b1ec-335456ae34a7,tawar_ac816173-5579-41d4-a377-bc7c6d2d7bed,n.,totem symbol (thing that represents a clan),,,,,,,,
d6e3c823-1f8d-44e6-945e-c821fd5da137,tawe_a84d5c5b-f629-4678-8405-1a92d8c205a2,n.,"type of slim, tall palm with coconuts that come in red or green varieties, bunches of yellow fruit that birds eat, and fronds used for camp flooring",,,,,,,97:11,
09a22296-48a8-4167-a96e-c6bad2d18d6e,tawekutt_12e93f23-a037-4263-bd3d-662207cb8162,n.,partially dry coconut,,,,,,,,
6f0bd988-e147-4338-b8b6-fcce0663dbd4,tawekutt_12e93f23-a037-4263-bd3d-662207cb8162,n.,the tenth stage of coconut growth during which the fruit begins to dry and brown,,,,,,,,
89ae90e7-8fb3-4c4b-82cb-b14fece62fb6,Tawemitang_89fce1fd-234a-4045-a9a1-c93bae9620c8,prop.n.,Tawemitang (toponym),,,,,,,"Bodog Jowanang, Geoff Rowak, Inawa Dareda",
306b7518-3e96-4b9a-9c55-02508f708274,tawe ttäp_b4937a84-ddb7-4f2c-8de3-e14d3c5f7321,n.,type of spear,,,,,,,137:13,
3384c6f2-6362-48a7-a4e3-7077e18f0a41,Tayi_102169c4-d131-4644-b0ad-32c75553338a,prop.n.,Tai (in Gogodala Rural LLG),,,,,,,"Bodog Jowanang, Geoff Rowak, Inawa Dareda",
87a0ac32-d9a9-4f40-8fd1-02acbeb313c4,täb_ef7c92b8-7680-41c1-a892-4757d946cdbb,n.,type of tree,,,,,,,,
3210859e-f6a8-4b15-aedd-f01c3355f751,täbab1_746a078e-c947-4ffd-ba73-aa02c6cc89d5,t.v.,to watch over,,,,,,,,
99ed97c7-c70c-4403-844d-0e969b97f54d,täbab2_815e7146-0170-4b38-9303-a961462eb091,t.v.,"to watch, look after, patrol",,,,,,,,
7f92fe4b-ec0e-43b0-b7a8-4497f2015006,täbatäbe_48e4ffbc-3bc5-4fa4-aac5-f0e2208adc99,i.v.,to plan,,,,,,,,
7a5a89b4-eb29-478b-a552-1aa70d03382f,täbatäbe_48e4ffbc-3bc5-4fa4-aac5-f0e2208adc99,n.,plan,,,,,,,,
9d3b5f7c-8b81-45b2-9f40-bfc9d749fbaa,täbädd_59f89bac-0e0b-4da2-9d76-3cf523120f7b,n.,"guest, visitor, stranger",,,,,,,,
0a17f9d4-9f0b-45f6-bcb8-58af572cc6da,täbäll pud_157adf74-049b-49d1-a137-81c095a46059,n.,type of biting bee found in trees,,,,,,,63:8,
75ce7e95-79d8-485c-b6fa-96f027fb851d,täbäll pud_157adf74-049b-49d1-a137-81c095a46059,n.,type of tree,,,,,,,Tony Warama,
2097188b-3136-4c7d-be49-8c6358e68edb,täbe_0092be67-9ebe-405a-9121-51c2de615288,n.,type of big tree that grows in the bush with white flowers and drupes that fall with an edible seed inside,,,,,,,Tony Warama,
146245eb-c2bc-42bd-9507-1f0e608f0bfc,täbe budar_f1d0085f-9850-4755-ab32-2f31d66844e7,n.,type of grub,,,,,,,Joshua Ben Danipa,
a6946a55-40bc-4665-a1f1-2b3e401fc473,täbe lläkäm_8f82efe3-a24e-4260-93b6-649d41a64afb,n.,type of mushroom,,,,,,,Joshua Ben Danipa,
7c9aea6e-6aa8-4042-a492-bf9fb2107f4f,täbie_f3c415f4-b5d4-40f1-a1a2-f0d75bbddda7,n.,black sunbird,Leptocoma aspasia,,,,,,Mayu Dobola,
4f8046f5-c367-4b58-9829-2c1f1898c247,täbie_f3c415f4-b5d4-40f1-a1a2-f0d75bbddda7,n.,garden sunbird,Cinnyris jugularis,,,,,,,
eff4a412-80c9-4b04-ac06-30a11eaead43,täbom_735142f2-eb88-4f15-b7e5-ee3d8f9edd75,n.,"type of small yam with a white interior, hairs, and thorns",,,,,,,173:29,
264cbe95-f50e-44cf-b0ef-ff788444d557,tägab_cf7ffc6d-9d0a-4447-8112-27c9840babc6,t.v.,to turn upside down,,,,,,,,
b73466a1-86a9-4d25-b86c-1362248fbe83,täk_0273e5ce-38a7-4fa1-a6f2-9bd54d306f07,n.,clitoris,,,,,,,,
3aa2f421-6893-4648-bd5c-659d620c1f4f,täkäll_9d90847c-d91c-4425-bd57-8efd36a01f09,n.,fin,,,,,,,,
f57805f0-9e95-453b-829c-de0298ad448c,täkäll_9d90847c-d91c-4425-bd57-8efd36a01f09,n.,horn,,,,,,,,
fef9b78f-3052-4309-8ac8-6beca5062cd5,täkäll_9d90847c-d91c-4425-bd57-8efd36a01f09,n.,thorn,,,,,,,,
e548f7bf-a53b-440d-a2a5-ff383c1f6edd,täkälltäkäll kutt_c166c6a9-4715-41e7-9032-a4fb734e6add,n.,spine,,,,,,,Mado Karea,
41d4294f-15bd-4831-a91d-bb6080b19339,täkälluit_19112137-711f-4a38-8b84-3d4d1cfb6214,n.,radial cartilage,,,,,,,Mado Karea,
6aecbe76-e998-4f4c-a0b6-334a9038592c,täkla_4d1b9a9d-a8d7-40f3-9885-40a0e3d9e4e1,n.,tree type,,,,,,,Tony Warama,
1b902990-4c42-40d7-9800-3fbbc1c89a4c,täko_bb4b276c-1279-441b-b3bf-f20adf13f26e,n.,any body part,,,,,,,,
7a93bff9-7e4e-4183-8c41-aec4e7b2f424,täl_58f21a1e-0a3b-49b3-ac00-6eab7a56f50a,n.,"type of large bamboo that grows anywhere; used for bows, bow strings, axe handles, spears, and clothing pegs",,,,,,,Tony Warama,
89b53c11-3de7-41ed-b183-a0d149eb8756,täli_7949b84d-97bc-4f95-b4bc-0f3642255ffb,t.v.,to repeat,,,,,,,,
a0ecd0db-cb19-4b5d-b64d-4a8bd6b5fd80,tälpae_625cad71-c0cf-4398-8d9b-85dffdedf1dd,v.,"to give oneself completely, even to death",,,,,,,,
43424c24-d183-4026-8522-c59e7e3460a7,tälpe_00e2c42e-d9fa-4457-8392-3eadbd2790da,i.v.,to volunteer,,,,,,,,
70ed9dda-2484-4db0-b7f0-f36f300e293a,tältäl_e9347f24-47b6-479d-ad0b-4e9129221861,n.,type of grass,,,,,,,,
c37f807c-5f8d-4024-a6e2-8c404c42ba18,täl wadär_f39d7d87-a9cf-40a3-b9dc-983ed00a801e,n.,bamboo string,,,,,,,137:15,
2cac692a-f654-4e14-9c1d-f602e9b166d0,Täm_ae0a3235-0157-40f4-9cef-d8bb2015221d,prop.n.,female personal name,,,,,,,,
10b53205-ed25-4a04-b626-7d616d37d137,täma_b0302222-cdca-4e81-bfaf-ce0df67a592e,n.,"husk, exocarp/mesocarp (of coconut)",,,,,,,,
e1626ef6-3624-43bf-b63f-756547bb83af,tämallang mälla_cde37f1f-3882-468c-943c-1d315fe0b8f3,n.,type of big taro,,,,,,,Sowati Kurupel,
fe679bcf-1bf6-46b3-ac1a-b9a565003171,tämamae_597497df-26a6-42ea-9cb9-8b00a0d802d0,quant.,"all, every",,,,,,,,
d4bc8e4e-4e26-4197-8687-7fb7eefb641e,tämamae_597497df-26a6-42ea-9cb9-8b00a0d802d0,mod.,"whole, entire",,,,,,,,
9a4fb506-d889-4b69-b2b9-ccf45b82b209,tämani_166852b6-367e-4cb0-8135-7a3e4a495d41,n.,type of large yam with a white or white and red interior,,,,,,,,
ce332f3b-3bb9-42ed-a0e2-80915014f334,tämbag_ed16b114-a5a9-478c-8660-a8783d0b6af5,t.v.,to add,,,,,,,,
e5864fa8-f2ea-4615-b98c-83a239637854,tämbameny_8679195e-6023-4706-b307-927097aeaa81,t.v.,to instruct,,,,,,,,
599b101e-d6e5-405c-af4f-398cae1dcddf,täme_5a5462d0-82c0-46ca-83ec-e1bc4aeb2025,n.,"monitor lizard, goanna",Varanus,,,,,,99:35,
6be41030-4474-47fc-a0f3-c3a76cbfb140,täme käp_927261fb-0459-4748-8516-d98b0d9020ba,n.,"type of round yam with a white interior, red skin, and hairs",,,,,,,173:44,
0f5c0994-a85d-4b5f-8415-6f7e20301796,täme sära_e498043c-69b2-40b9-a14b-f466b8f9d8e8,n.,bush rope,,,,,,,59:23,
755fdb3a-abdb-4cb5-be41-ff02aaa35001,tämpeyam_ab68ad67-5d1a-4d0a-9272-ad499e5be89f,t.v.,"to abandon, give up",,,,,,,,
44e3d5b5-462f-4499-827f-787f8e0082c2,tän_172aafb0-d5ee-4d77-97aa-a45171a04959,n.,"tribe, nation, people",,,,,,,,
44f2e6cf-f652-4a0d-836c-c0117bae6edd,tän_172aafb0-d5ee-4d77-97aa-a45171a04959,n.,clan,,,,,,,,
386a2899-66fc-423c-852d-1c622dbc0e90,tän_172aafb0-d5ee-4d77-97aa-a45171a04959,n.,stem,,,,,,,,
129acd54-0f43-4fe7-b510-8c7f51ad32fe,tänan_bc06bb1a-e6b5-49e5-b351-a57bcb920dda,i.v.,,,,,,,,,
e5d47b09-9c05-4eee-bada-51dcf7d8bac2,tängg2_69841773-280b-4e90-bce2-a1ffea073d0a,t.v.,"to urinate on, pee on",,,,,,,,
2164ff72-71cb-42ba-8e00-ad55f2f8104f,tängg1_c686b80f-bcd4-40af-99cb-6c0798f468b6,t.v.,"to urinate on, pee on",,,,,,,,
2b2de915-c6ad-4a33-ad88-b6924fa40a87,tänggag_3cd35a89-6e4c-4a86-9d69-5d9989e21eed,t.v.,to make a dog more sensitive to smells by rubbing lemongrass on their nose,,,,,,,,
9e955dee-cd61-4619-8b2c-25f4df950c5d,tänggag_3cd35a89-6e4c-4a86-9d69-5d9989e21eed,t.v.,to steal,,,,,,,,
77634e85-e7c6-472e-bd93-42e225e2f861,täny_53d1cb26-d762-491a-a8b1-00edee970d99,n.,lesser fig-parrot,Cyclopsitta,,,,,,Mayu Dobola,
91c96cef-daec-478b-b836-762e392addeb,täny_53d1cb26-d762-491a-a8b1-00edee970d99,n.,red-flanked lorikeet,Hypocharmosyna placentis placentis,,,,,,,
714ef98b-6585-4685-899f-069e0e333624,täp1_4f3fe79f-680e-418b-9191-2c921b995f34,n.,sago shoot,,,,,,,,
e4a90693-da3f-4300-9c20-0808eb3c68e9,täp2_8f9737c5-39b0-429a-bd3f-3baedf87a16e,v.,,,,,,,,,
e4f05aef-f7ca-46aa-8dc2-618f9ee93617,täpäll_6ed60a2a-24fb-4fa3-810e-11913e618d04,n.,type of pandanus used in a traditional hairstyle and woven together to make a big mat,,,,,,,,
d5d6f9bf-44a9-417f-8354-98e508519a4b,täpe_f68cec8e-109f-4eec-81b9-32c38356501a,n.,mud,,,,,,,,
de5af1df-c642-43f1-a958-36829fb34cf4,täpetäpe_e99339c2-170f-4134-9054-f56c05a5ea68,mod.,muddy,,,,,,,,
fac130ac-2733-4def-a182-a5a7d047e846,täp gazenatt_1806dca6-b75c-409a-a59c-c30379dfd1a4,n.,"the fourth stage of sago growth in which the shoot emerges, indicating the pith is ready to be harvested",,,,,,,,
a15d380a-5cc1-449a-8cc0-20001fa64224,tär_5d9db5d8-1fe3-4a23-915e-a29d450aa19f,n.,"string, line",,,,,,,,
b62be612-e50b-47b7-80ee-cc870d21a57c,tär_5d9db5d8-1fe3-4a23-915e-a29d450aa19f,n.,strap or handle of a bag/basket (nyäng),,,,,,,,
87755da8-b79d-4551-ad28-fe35699411b8,tära_f426b924-08cc-4f0a-943e-65e718862dd9,cov.,to finish,,,,,,,,
f3b3b734-d005-4cb2-9e34-d49771de2e12,tärabol_4d686002-a68b-4d7b-82aa-a634f7e9113f,n.,trouble,,,,,,,,
10cc67b7-0502-4d58-ac39-eee7926858cf,tärak_4702e5b6-6526-4493-8941-002d529c492c,i.v.,to go inside,,,,,,,,
4d5c7247-306c-4b0e-92d1-37ae85e6f479,tärak_4702e5b6-6526-4493-8941-002d529c492c,t.v.,to put in,,,,,,,,
433d194e-01e3-4f35-94f8-08c9cdc9adf8,täral_8e220e62-1abf-42a9-9b58-e063f117e068,n.,"type of tree that grows in the grassland with white flowers, brown fruit, and wood used for house posts",,,,,,,Tony Warama,
5e84b522-7d0f-43bd-8d3a-4948f85dea20,täral pällämpälläm_a26183db-fd55-40f1-8a07-2521608d8f7c,n.,type of tree,,,,,,,Tony Warama,
1efa55a4-0c31-4cc7-a478-4d21786f74a9,täram2_90eb3693-148e-4e78-8b9b-d5867e571ee2,t.v.,"to lead, take, carry, collect",,,,,,,,
3d50e2a0-b3b3-4930-9c75-79f7ba153d67,tärangesa_e494a63b-ff79-48a9-9c05-0442130728e6,n.,"pinky, little finger",,,,,,,,
3c1322f4-24fd-45ee-a57e-71a666af5a1d,tärangesa_e494a63b-ff79-48a9-9c05-0442130728e6,num.,one (lit. pinky; body counting numeral),,,,,,,41:25,
6a7039a7-1fdb-431d-a81e-898d3a414ddd,tärangg_7a7580d5-a1b1-480c-aa6a-8f9b93853fea,t.v.,"to stop, hold back",,,,,,,,
3c542b70-cb46-4dce-bc05-0bcc748425e9,Tärapang_95400d05-5813-4625-822e-bdc736a23549,prop.n.,female personal name,,,,,,,,
fcc91955-6593-4df2-b8e1-66d9757435d6,täratäre_ae3c1e57-6828-4ae5-8176-65ca9e046ec6,t.v.,"to dig out, hollow out",,,,,,,,
2c6e69f0-23aa-43ee-9a3e-9f0f92447f83,täräb_fb0cf506-0425-406c-991a-944e8a74f578,n.,a dead person's belongings (put outside at a funeral until the feast ends),,,,,,,,
57d42145-9223-4f0c-806b-773f62a64e16,täräb ma_3fdfd581-1305-4fa5-8653-b8a87bc9918b,n.,funeral home,,,,,,,156:13,
4884434c-3c6b-42cf-9948-53aed0d17294,täräk2_1f084934-e933-479d-b49b-0f0b98602071,cov.,"something is wrong, not able to move because something is inside, for example a spear in your foot (täräk nägagän)",,,,,,,,
db8f8a69-b513-4b34-9a82-6db4c9bad557,täräk1_fe2cd76c-5ee1-4fe0-baae-893e4f89d4f7,n.,bundle,,,,,,,,
f1cd6250-6451-4d4c-ad55-f4554372d648,täräll_d67040a6-c84a-40ee-9f25-cca0c87318ee,cov.,to stick out,,,,,,,,
5c1f44bd-958d-41c4-b61e-df29ae7ddd67,täräm_9024d56e-074f-4c8b-82d9-ec0f10b6c291,n.,tear,,,,,,,,
83f9749b-f0f0-4311-a537-ae8932754c50,tärämpmeny_d3611e1d-90f8-4512-a7ef-fdb66ce9fdc8,n.,sleeping with a dead person's belongings,,,,,,,,
a2e76895-9b4d-411f-b0f7-efafeb41a477,täränga_01ca6582-bcc1-428a-bba6-30b211555dce,mod.,"low, scant, shallow",,,,,,,,
81c6b3e8-6ce6-4028-b4d4-7f9a86283377,täräp3_1f46691a-c1a0-4a55-838e-5d93dc452fef,n.,hunting tally (collection of jaw bones often displayed in the front of people's homes),,,,,,,,
b24ce473-446b-46c2-a20b-6c797812cbbd,täräp1_4daa7eda-8e22-4dc8-a23f-fea4bb69aa15,n.,time,,,,,,,,
3165707a-58e9-4a01-97f5-76764316d969,täräp2_fff84acf-3af2-4c0f-a1cf-2eaa69cfdd19,cov.,"to portion, share, split, divide",,,,,,,,
baaabca5-3314-4d00-94d2-bfbde66dafb8,täräpän_b2b348d7-dcec-4643-8615-807aa07a406f,t.v.,to cut,,,,,,,,
8dcd7049-970e-417f-86c4-a86bbf4f370a,tärbatt_67317c58-d584-4e39-ae2c-7b2f57218e4d,n.,,,,,,,,,
65146413-99d7-4020-925e-355d2ba5325a,täre_18c8a311-e044-484e-a2fb-f4b2e3c85e2f,n.,feast,,,,,,,,
a09b5d5b-2746-4df5-9658-f220b133e701,täre_18c8a311-e044-484e-a2fb-f4b2e3c85e2f,mod.,"holy, sacred",,,,,,,,
5e7b6276-5741-4f22-85fa-59f8b10f8663,täre buk_d77c286f-09fa-42ce-bffe-89526a05a7f1,n.,Scripture,,,,,,,,
86ae3535-d3cc-4e12-87c2-ac2a5dd2efcc,täre ma_8bc77672-826c-4797-8fe1-109e2834317c,n.,temple,,,,,,,,
dd9f1435-b7bb-4fc2-b258-d1ca021432b9,tärke käp_e9616ccb-0b21-41c3-93e4-86f430d3cb90,n.,necklace,,,,,,,,
fc06ed7e-a4ae-42f9-b41b-e54692827934,tärko_de84d436-772e-468f-9166-9641c4374509,n.,type of small fish,,,,,,,,
02bdc929-45d0-4773-bffa-5eb203d6fa69,tärnetärne_067c6c95-c970-4401-a6b9-d3d819affde5,v.,to peck,,,,,,,112:11,
77f430ce-60bd-43a9-af6b-8fc14b4af1c9,tärpa_1e603486-03b3-4d4b-b2fb-05edb34fb141,cov.,"to overcook, burn",,,,,,,,
ea1f10eb-bb88-4f98-86df-47ce276c094b,tärpa_1e603486-03b3-4d4b-b2fb-05edb34fb141,n.,yam skin,,,,,,,,
672b47be-cee4-411d-ab0f-442482ba4146,tärpa_1e603486-03b3-4d4b-b2fb-05edb34fb141,n.,leftovers,,,,,,,,
ec28fcbc-6736-4d69-93d9-aaa59a8592c0,tärpae_8ae5349b-cdd2-4e76-8eb5-f1d47afeee36,n.,type of yam,,,,,,,173:37,
15040851-cb0c-48fe-9abb-a53bb0e0b16a,tärpam_0b246e74-a26a-489d-837a-33bd5a9d2fbf,t.v.,to put across,,,,,,,,
0b1ac7fa-f056-4e8f-87b4-71e0ccff0316,tärpam_0b246e74-a26a-489d-837a-33bd5a9d2fbf,t.v.,to crucify,,,,,,,,
f6c6ec6f-66fb-4609-b3f0-520981c626f1,tärpamatt_a176db2e-e89b-49f6-8a93-f2ab0d261915,n.,cross,,,,,,,,
afb4309c-d459-4663-989c-cf9b8746a14d,tärpan_c6ca59df-44ec-4317-b86c-0a466493c324,v.,,,,,,,,,
7bf6ae24-3ce4-4ca5-b3bb-24a270a8d65f,tärpi_3cab15a8-82ce-40d5-b083-2bb30a6e4d49,mod.,"slippery, smooth",,,,,,,,
c4a0f9d8-f81f-4afe-bd6e-0697afc0ff95,tärpitärpi_311b278a-d689-4b07-8fdc-b88a853990a8,mod.,nonsingular form of tärpi,,,,,,,131:9,
22d30600-e66e-41dd-a615-b25b91465a4d,tärpoll_44390636-e22f-4f27-8093-74474a27e639,n.,piece,,,,,,,,
47608dbc-1626-4aae-93fc-ff27ce7d902e,tät1_a62c7d72-f7bd-40f1-9b16-cbd73a648f9f,n.,stretcher,,,,,,,,
053cd2b9-a85b-438d-9f4f-9e0ad6af2309,tät1_a62c7d72-f7bd-40f1-9b16-cbd73a648f9f,n.,ladder,,,,,,,,
e5ad381b-2365-4c63-91a8-6a5e388dc915,tät2_e2faec35-3873-4bcb-92a3-b461e1d441a7,n.,type of insect,,,,,,,,
e73b6f24-888c-4df8-89e0-f6c3c4b56359,tätang_0e55a061-17f7-4747-9cc4-64cb87718147,mod.,rotten,,,,,,,,
45ec055c-565e-4008-a66a-5163522c7ca8,tätäb_e711508c-cf6f-4129-9cc3-d65c1a706e9e,n.,,,,,,,,,
5103671f-9c18-40be-bbf2-9da613a113a4,tätäk_c1a70558-afd5-40d1-bcce-73689c7d48fd,n.,,,,,,,,,
c9892ccd-486a-4f80-9dde-d7168156cb8e,tätäm_f6c4ccfa-20ea-4441-83fb-f0c1420c67ac,Temporal adverb,yesterday,,,,,,,,
c3722093-4ba1-48e0-97a1-919692aa01c7,tätämall_43813531-4373-49fa-9efb-0eccafb00d0a,n.,type of small insect that glow green,,,,,,,,
d6906bd3-1269-4a63-b8f4-87f6c12bc36a,tätän_2d7777e4-436b-40cf-b076-50b5654f0fb7,n.,"rib, side, flank",,,,,,,,
9ea7fadf-c744-474e-8b77-a7759798fafa,tätän_2d7777e4-436b-40cf-b076-50b5654f0fb7,n.,animal trap,,,,,,,123:8,
ae77a7de-8402-44c6-85c0-e5243332b24b,Tätän_a6f9601a-bcc0-4d9b-988e-f7e178580479,prop.n.,unisex personal name,,,,,,,,
a41828d4-0581-4d26-9ffb-acb91b8f65eb,tätän kutt_02703c91-b1f3-487e-9d4c-1c11c2a69898,n.,rib (bone),,,,,,,128:10,
62935b82-230f-4657-8de0-95f83a5413f4,tätäp_fba14918-6cec-4b2a-bb40-a1b9e27eb235,n.,pain,,,,,,,5:22,
5b89e275-d2ea-493d-b74b-b50d88d4ad7a,tätärangae_7c625241-2096-4616-a7b2-02a703ee9ec0,adv.,following around,,,,,,,,
f9582a34-6e22-4810-9127-a08712bfb5e8,tätäräp1_70b6c72d-d9e3-40e1-b6df-c5315b214d77,t.v.,to cut,,,,,,,,
266bd3c5-1a0c-462b-905a-731308b77cc9,tätäräp1_70b6c72d-d9e3-40e1-b6df-c5315b214d77,t.v.,"to cut across, take a shortcut",,,,,,,,
03b27441-94b0-43ed-b15a-ef4b9eb87ef1,tätäräp1_70b6c72d-d9e3-40e1-b6df-c5315b214d77,n.,man-made clearing,,,,,,,,
4046d81b-f266-4fc6-846d-512ba7cbaf89,tätäräp2_b78efc58-1907-4387-915b-1fd05df8d6b6,n.,heat,,,,,,,,
a71b1353-f44e-42dc-b52f-6aeb92325239,tätärpeyam_8e34632b-a872-4b8a-901f-40d60c1fea7e,n.,type of grass (~1 m) used as a toy,,,,,,,,
ba0ad4a2-6c76-4a7b-bf0f-5f063b175835,tätkea_6a2fe807-3d30-4eba-849c-cc5151c92e5d,n.,type of sago,,,,,,,97:28,
ed4c1289-f8bc-4f23-9c0c-e8ab2faef479,tätmar_ee56f262-1715-47fd-a221-2121869190f3,n.,,,,,,,,,
855122c3-4199-420c-b216-2baf2b15467e,täträk_292d625f-08f2-4b9e-a8ec-002d656a89e2,t.v.,to go underneath,,,,,,,,
04361d98-f80d-46c0-b986-7d09d7c40d4b,täträk_292d625f-08f2-4b9e-a8ec-002d656a89e2,t.v.,"to push in, push through",,,,,,,,
d8bf8771-f5ae-4ec6-993f-c2bef70aef67,täträp2_d47370c6-d617-477e-b1e7-739e335c2d69,n.,season of the end of harvesting and the start of hunting (eighth season; corresponds to late May),,,,,,,23:14,
c1782631-c6d0-4aa8-b221-b862748d0595,teb_8b21a5cc-e27b-4dbe-961d-829c30655b31,n.,"mandible, jawbone",,,,,,,Warea Giniya,
bccfb8a0-36b1-4ebe-903b-cfc2c10600c9,Tebar_4412ee81-485d-4526-af2c-7a1e415e79a9,prop.n.,Tebar (toponym),,,,,,,,
142d8cc1-9820-423f-854d-5f279c60ee67,Teks_a91f4436-b9f1-47ce-9ddb-bfe60731afc4,prop.n.,male personal name,,,,,,,,
7aff3d48-dadc-48e7-9c9a-226957619d34,teks_e565444f-03cd-4671-9ceb-3639da08a8fc,n.,tax,,,,,,,,
a7e74665-6f9b-4dfc-800d-effc1a34e114,ten_238edb54-4f5f-4c34-8ecc-6d30fab959fe,num.,"ten (English numeral, also general)",,,,,,,41:19,
2bc5f9e3-e7a4-4883-a10e-d010691767a6,tentatente_10e820c9-a8e4-4de9-8433-a0d153776827,n.,category of parasitic plants,,,,,,,Tony Warama,
d4d4adf3-a1e4-4328-b5b3-2b368b6f0d7e,tep1_5c1b42c6-399c-44b4-bfe8-c351c955ee29,n.,tree sap (used in making drums and arrows),,,,,,,143:22,
c20415f1-583e-4c46-a004-becec95e24c3,tep2_7cee66bd-a5c6-4d1a-be18-90e167dd0159,cov.,to lie,,,,,,,,
41681598-3ccc-44b5-ac7b-92d921cc5b56,Tergo_db46cf10-f70a-4946-b2d8-01292fb51324,prop.n.,male personal name,,,,,,,,
eca5bcce-f575-4051-ad0c-e9acc160e63c,tergony_d81dec3b-d1e1-4232-9a90-a243a20feca8,t.v.,"to spread, unfold",,,,,,,,
c175ce2b-2a94-4292-bf3c-d276f08d7c15,Terrance_8bcb196f-8a35-4d05-aeb5-24741eabd233,prop.n.,male personal name,,,,,,,,
2bcdf231-6162-4de4-86b8-83a9537f4570,tesde_05e42068-b16e-4eab-8d99-1e519a3a8aa1,n.,Thursday,,,,,,,24:6,
beb31ccb-4b9f-40b1-8106-a8429b83d1fb,teti_1c76aac3-b4e2-4aa6-9bf1-65393973af7f,num.,thirty,,,,,,,,
b361a908-20a2-432e-bebe-ecd0e29291be,tetin_3e235ec5-2237-4a2e-b15e-6c7da594d2d3,num.,thirteen (English numeral),,,,,,,,
e22c60d0-c05e-4f7c-9dc1-ca940ee25f83,Tewa_f84c31fe-b787-4248-85b6-87300defe033,prop.n.,male personal name,,,,,,,,
f06c54fb-eacf-4b52-a1b7-b42aa8fb5ad5,Tewara_f77c53ea-0024-4009-8722-428c502a5c4b,prop.n.,Tewara (Bitur-speaking village in Oriomo-Bitur Rural LLG),,,,,,,"Bodog Jowanang, Geoff Rowak, Inawa Dareda",
581b938a-7256-4951-84a0-27494a3aba91,teweya_b28a683d-33d7-4080-abf8-57393c5dd2df,n.,brush cuckoo,Cacomantis variolosus,,,,,,,
ad262bb0-498e-4fdf-a2dd-34c3c42c835e,Teyapopo_f466301d-b379-434b-acbd-904df74fd8e1,prop.n.,Teyapopo (toponym),,,,,,,"Bodog Jowanang, Geoff Rowak, Inawa Dareda",
6743d1d2-7dd0-4815-af2e-34979f47729d,teyateyar_5a558c49-0420-480d-8e2e-fdb54b6c66f6,mod.,shallow,,,,,,,,
3d13e58e-4c8d-4fb1-a3ea-4b86f823e707,tibekllop_c384d327-ac1a-4079-85da-71c4bd159ee9,n.,type of medicine,,,,,,,Warama Kurupel,
74bb6d86-584c-4b7d-b0a6-d2af90540c38,tibi_841ea61f-1ec2-411d-bdf9-728835746b99,n.,tuberculosis,,,,,,,,
73a95431-bb7d-467e-961a-75d0f5d61133,tibra_4eb712d0-b16e-4752-81e1-136e803fc8ee,n.,type of native banana,,,,,,,Sowati Kurupel,
271f0933-f1a7-40f2-b416-7fda59a131d8,tigi_4740472e-30d7-4b7c-9b67-d385345d7528,n.,type of snake,,,,,,,66:2,
8e59c50c-1590-43fe-8fc9-64682b8a2d26,tikle_1f144606-9642-476d-8ab7-563dfb7858e9,n.,type of small louse,,,,,,,128:27,
690a4414-1033-48c0-b6fc-651be8686bd7,tiklem_715208df-d52b-439a-93d1-854e10d7172b,n.,type of animal,,,,,,,78:4,
6dd49d9e-3eea-4934-862f-a4443e0952b7,tikop_67d7dcde-ae93-4dc6-92a3-26eb20264b71,n.,heart,,,,,,,,
4d8d3d91-7893-4a9b-aed2-6eacef68419a,tikop_67d7dcde-ae93-4dc6-92a3-26eb20264b71,n.,"beloved, sweetheart, dear",,,,,,,,
53384339-62dd-4d7a-82fd-169c2b120c40,tikopmeny_503afa63-8d75-46a8-88c7-d41ee57ff24c,mod.,"startled, scared",,,,,,,43:10,
e2414c58-83b8-42ac-a468-a8f661fee084,tikuku_fbeda2ba-b4b1-47a4-8dc9-6aab2b7caa0a,n.,black-backed bittern,Ixobrychus dubius,,,,,,Mayu Dobola,
43fdd471-fdb5-41ee-853e-50fd12c3dc65,tikuku_fbeda2ba-b4b1-47a4-8dc9-6aab2b7caa0a,n.,pheasant coucal,Centropus phasianinus,,,,,,,
12a44371-7fd1-4095-8854-dd8e74209251,Tim_750f7ba0-15a9-497b-8de1-49fd2a704935,prop.n.,female personal name,,,,,,,,
6b5ebc55-a935-4631-bdf6-746c72390561,timän_c7c07260-cba2-425a-9174-24a2b4af731d,t.v.,"to release, fire, shoot (an arrow)",,,,,,,,
5c7f1ec0-cc04-45ac-aca5-fcb17d7f392e,timän_c7c07260-cba2-425a-9174-24a2b4af731d,n.,end,,,,,,,,
b455e0a5-c36b-41a1-98a3-69759f0afd5c,Tina_c42d2acb-9ed5-4258-8fe5-43ac8b309845,prop.n.,female personal name,,,,,,,,
440b03e7-d90c-4466-8e31-7b14c87ebba2,tine_6ad10227-6bee-4ff3-a0e7-672ab445e175,n.,sago leaf,,,,,,,,
7a5166c9-142c-4ea1-8f4b-7e2fd8cdcbf0,tine_6ad10227-6bee-4ff3-a0e7-672ab445e175,n.,type of simple roof consisting of a single post covered in sago leaves,,,,,,,,
b0ee3f69-560e-4f1b-b8d2-6578395b823f,tintromol_c32e4364-0cd1-441c-bc17-a82e7932a89c,n.,type of black or red ants,,,,,,,165:17,
9a17131a-3e7c-401d-abb4-9e9b754577f4,tintromoltintromol_d9431f97-8bb8-42b7-9aac-6afccac0c905,n.,type of rhyming game,,,,,,,Galou Minong,
b8a9b6eb-e9cc-4245-93c1-77d0d3abd33b,Tirere_374da28f-1bb7-4ec4-8a58-25ce335992e4,prop.n.,Tirere/Tire'ere (Waboda-speaking village in Kiwai Rural LLG),,,,,,,"Bodog Jowanang, Geoff Rowak, Inawa Dareda",
5503d819-848d-4720-83fb-90d454e0d011,tirit_11b463e7-c8b2-4617-be81-66767551d347,n.,,,,,,,,,
516949b0-e86e-467c-8079-ea662f0ec05b,Titi_1d42b4b3-48f6-40b7-b23f-4ff560365429,prop.n.,Titi (toponym),,,,,,,"Bodog Jowanang, Geoff Rowak, Inawa Dareda",
a37da89f-2c25-48eb-980c-6b3c036a38f3,titi2_7b5207b8-9d87-469c-8523-8a133bd051d8,n.,bat,,,,,,,,
007139ac-fb63-45cf-b8fc-6f9ceb686d94,titi1_bcda55d7-bffc-49e6-8b0f-972def24f069,n.,brown honeyeater,Lichmera indistincta,,,,,,Mayu Dobola,
af77d6b4-47b5-42c0-983d-ce0d1aedbe3d,titi1_bcda55d7-bffc-49e6-8b0f-972def24f069,n.,brown-backed honeyeater,Ramsayornis modestus,,,,,,,
58694ecf-1883-45cc-a8b0-0b499f65c41f,titi1_bcda55d7-bffc-49e6-8b0f-972def24f069,n.,yellow-bellied longbill,Toxorhamphus novaeguineae,,,,,,,
94ff4120-7683-4061-bf28-1710a0e2b0d0,titi1_bcda55d7-bffc-49e6-8b0f-972def24f069,n.,rufous-banded honeyeater,Conopophila albogularis,,,,,,,
a71e80f4-3f2b-4c7f-91cc-3248bdb36c86,titi1_bcda55d7-bffc-49e6-8b0f-972def24f069,n.,pygmy longbill,Oedistoma pygmaeum,,,,,,,
d0ee69d9-edeb-4285-a340-eb5ff4aaeb2a,Titus_4194caf1-8f1f-47ee-b603-02531088f7d8,prop.n.,male personal name,,,,,,,,
6e9f6c00-c13c-4701-b0a9-800d51a048f6,Tizag_0b7b3983-5458-45ac-b59b-be052bb35522,prop.n.,Ende dialect,,,,,,,121:5,
bea14cb0-a808-4343-abf7-dec6bf8f5b90,tɨke_5df0a346-c1c9-4675-a14b-951a4d5e707a,n.,,,,,,,,,
2ce48dda-2570-45b7-85a8-74dfb8d3d6e6,tɨn_66ac7e00-f5d9-4b99-b56e-a23c95801e7a,n.,steam,,,,,,,,
2ee741e1-427e-48db-b468-7997ef9cbdc3,tɨne_afce4c08-5187-43e2-a774-5b50bbd6446b,n.,,,,,,,,,
d5e39525-c0f1-403a-a120-0c0b6bfd81b2,tɨne_afce4c08-5187-43e2-a774-5b50bbd6446b,n.,sago leaf,,,,,,,,
e8f90320-5f1f-4867-ad29-e9dd85e6c19d,tɨram_3c74b6d2-3d96-453d-baee-e92a6f7ffd1f,t.v.,to open,,,,,,,,
543b17d5-75d7-46ab-bd23-d17df58010fc,tɨt2_3a6602da-e487-4703-b18e-13aa388365af,n.,type of tree found in the bush,,,,,,,,
1c65a91a-d017-401e-81e0-c5cb6d87ef0b,tɨt1_4855aa7e-1bb2-4ffe-a449-8913caece92d,t.v.,"to beat sago, pound sago",,,,,,,,
2c8c6a7f-9fed-49a2-b5b0-860652d46192,tɨt1_4855aa7e-1bb2-4ffe-a449-8913caece92d,t.v.,"to hollow out, dig out",,,,,,,,
4d6a6969-40d7-4748-9738-76c48aecc670,tɨtɨp_21e45597-5417-45f0-8d6f-06569cf761e5,t.v.,to braid,,,,,,,,
2ad99714-90b0-4155-a739-4ceb6bdaad55,tɨtɨrɨk_446c872e-71b1-40aa-b13e-7329398a4a02,t.v.,"to push through, make go through; undo by becoming released",,,,,,,,
fe9153b0-7659-4998-8b0b-a4f36aa905d6,tɨtɨrɨk_446c872e-71b1-40aa-b13e-7329398a4a02,t.v.,to untie,,,,,,,,
cfedb5d4-51d1-4b15-95a5-6e7344b2950f,tlläpmälltlläpmäll_223625b6-a497-4645-bf21-8390440d1a01,adv.,nibbling,,,,,,,,
f37d79f7-4a05-44a6-9963-63cbc7cf6f52,to_67bb749d-a721-4dd9-ae01-951b6eae85bb,n.,light,,,,,,,,
0983381f-d545-41fb-ab93-6c24660cbe75,toatoall llɨg_d1558f8e-5146-451b-8d1c-f752ab390d7b,,abandoned child,,,,,,,,
e71dc5dd-e81a-492a-adb2-aac3dc7696ba,tobäll_5bf39e49-2998-4035-8910-be5ab68f5320,n.,long spear shot like an arrow,,,,,,,73:30,
043b9bec-dae1-43f6-90aa-c895abf1b098,tobäll abal_b839bba7-2944-4aef-b90f-bd4901f9882d,n.,type of spear,,,,,,,"Johnny Bodog, Inawa Dareda",
eb0d2245-a569-4bcd-9013-111dcc9f3566,tobäll käp_dd88c309-ea12-48e5-a247-29ef12a8ce40,n.,arrowhead,,,,,,,,
eb8c5fa9-486c-45c1-a97a-fba4955bc099,tobäll käp_dd88c309-ea12-48e5-a247-29ef12a8ce40,n.,bullet,,,,,,,74:7,
b753b028-ec4f-494e-ae1f-0fdbc63edcd4,toe_d70dc772-c026-4a35-9b25-b880b6171112,n.,"type of tree that grows in the bush with white flowers, black fruit, small edible nuts that doves and cassowaries eat, and pith that is steamed or extracted",,,,,,,Tony Warama,
fc52369b-87a5-4906-b112-e9699a42cd50,toelet_593ff270-2b86-4964-8138-6b734ff9c072,n.,toilet,,,,,,,,
6b73c67a-e87a-4acf-897e-ea604002e003,toengg_0dc03608-8cd8-4323-8ae9-83f4c51caf0a,n.,"confluence, junction (of a river)",,,,,,,183:50,
96f85b83-5524-4844-b2ec-678f57e638f8,Togllaema_23e65354-0eff-490e-acaf-3f9a3e739ad5,prop.n.,Togllaema (toponym),,,,,,,,
ff7ae589-b683-42e9-92a0-8f2e3affa915,togol_40501120-d19f-4297-85a7-ae1b7a30aa93,t.v.,to hide; go away to have sex secretly,,,,,,,,
5df751d7-01b9-49ce-8c58-e76277d4b554,togol_40501120-d19f-4297-85a7-ae1b7a30aa93,t.v.,to hide,,,,,,,,
b727efc1-ec4d-4741-b817-6b0086604762,togotogol_004276db-576f-4af6-97cd-a9313e6dab8b,n.,hide-and-seek,,,,,,,,
76a4a5c9-aecb-4ade-a457-fdcee20a2ed2,Togowa_84bfa80a-58a1-43c5-a6a2-9a0c75ec5be3,prop.n.,Togowa (toponym),,,,,,,"Bodog Jowanang, Geoff Rowak, Inawa Dareda",
d668faec-69e7-423b-bc32-6516a2391697,tok_da86fa53-4af5-4b4b-ac00-83226ba891ec,cov.,to wrap,,,,,,,,
a726593d-1901-46e1-b6ee-a88491355a31,toko_6b4fd7d8-0ff7-4052-bad0-9eaf394c3e21,loc.n.,top,,,,,,,,
e52fce2a-258c-4ee3-83b7-c2337ac8c317,tokom_146e7ca2-4b7f-4c66-b4ba-490ee8b9da31,n.,,,,,,,,,
a7c6fe33-d3d3-4980-b821-f5e5f051e306,tokong_7234066e-3823-44b7-8579-27280921925b,n.,bait,,,,,,,,
a4531c0a-3f69-47e6-9f19-aac2f9184ded,tokop_fdbced47-d457-4cae-bbb1-966db8b6f956,n.,type of tree that grows in the bush; used as house sticks and medicine,,,,,,,Tony Warama,
9567fe0f-c32b-4010-8e8d-7446f9179e35,tokop_fdbced47-d457-4cae-bbb1-966db8b6f956,n.,lump on skin,,,,,,,,
2fef91fb-3bc2-4bba-bdd4-2a09beaab387,Tok pisin_15c2caff-8335-42ce-87e5-85a40c744393,prop.n.,Tok Pisin,,,,,,,142:15,
172f968d-acca-4520-afd4-6f65442cdf54,toma_0dcb20fe-5187-4ee2-966a-1f85f528d92c,n.,wing,,,,,,,140:12,
9dc49db7-2322-49c8-91b8-d02c02ba9b3b,toma mit_f9ae4a04-dd55-48d6-92aa-d48935e0e2b7,n.,metathorax,,,,,,,140:16,
1e65f472-8fe6-4b9e-886a-9689fd8765e8,Tomas_1d63d74b-f803-427d-affc-b9a345e4f146,prop.n.,male personal name,,,,,,,,
4cea01fc-02cc-4676-acc1-d3089c293327,tomato_63fdb8d1-c6e4-4ea7-a2ea-1711103a1322,n.,tomato,,,,,,,,
4190e319-0285-4438-8ded-3d1597752930,Tomato_e2c312e8-472b-45d5-8c0f-fd279c89b2cf,prop.n.,female personal name,,,,,,,,
9eb8c04d-6411-4eb5-a67d-7a50ef372c9f,tomäll_28b989b2-2fd1-46d3-a9fa-224e811a0c83,n.,wart; fungal skin infection,,,,,,,,
34019d3d-e140-4b7b-b8a2-cb95ab489f9f,tomoang_10456b85-86eb-4c45-aea7-6687d2936dc9,n.,tree liquid,,,,,,,,
644ebe28-5c0a-465c-b051-38df94b7ff27,tomon_f092e4b0-d876-4373-9e5b-971bef3281f5,t.v.,to wait,,,,,,,,
46ab2f72-652d-4a5f-b366-4884a785ea4a,tomon_f092e4b0-d876-4373-9e5b-971bef3281f5,t.v.,"to wait for, await",,,,,,,,
1d50c70f-61ae-41e2-80e1-c39b10fe3fd9,tomowang_a2a150a2-2d21-4cbf-a04f-8fdd7442f9b8,mod.,sour; bitter,,,,,,,,
88e278ed-41ab-4548-a616-a249adf7384b,Tomson_a68c95d1-7315-4527-b7ed-05c8c897a5bf,prop.n.,male personal name,,,,,,,,
821619de-4547-4696-a49b-0c1c85024331,tonang_4f430cbf-2ea8-4adb-8b17-2741e3da083f,mod.,"careful, cautious",,,,,,,,
0237b4c5-5644-4368-ad21-5ba376cd3d7c,tonangtonang_6aec2ae1-0285-4000-9feb-fe480fbc76c0,,"carefully, cautiously",,,,,,,,
132709d9-f76f-43aa-b1a9-51ee7bee3ebb,Toni_3d7c7319-bed3-4e23-98e4-c5cfefe3b729,prop.n.,male personal name,,,,,,,,
6fea055b-79d9-4eef-9bbe-508c0914041c,Tonny_da368604-9763-45c0-b8f6-e905e1f0ad3d,prop.n.,"male personal name. Bearers: (1) Tonny Warama, son of Warama Kurupel and Wagiba Geser and member of Ende Language Committee.",,,,,,,,
02b357e1-2a11-403a-b2ca-7b93ffe7c92f,tontobabag_324ed029-a087-4d5f-bfe2-0f4810528b82,mod.,"neat, tidy",,,,,,,117:3,
ca2bf3b2-7176-4fea-90af-d7d5aa93d584,tontobag_369d6a2a-ba8c-46ba-8381-5c0a6ec86880,mod.,wise,,,,,,,,
c02f76d1-f9d9-4225-aa8a-4bb00bb6458f,tonton_524e642c-63ec-420c-84c4-d81bcba9b2dd,adv.,directly,,,,,,,,
721dd7dc-6647-4e4e-bc7b-baaf4df56524,Tonzah_44cbb875-bd56-4c29-9d05-c53c282a23c4,prop.n.,male personal name,,,,,,,,
fa4f6a60-b191-4cf0-9c69-6bfc6eabc70b,tongg_c64d1a8b-e8c4-4e9b-b0d5-85adc93823db,t.v.,to point,,,,,,,,
253ea9ca-5554-497e-8731-a6683bfdbf8f,Tonggar_e5314f41-c791-4805-950f-e524980abab4,prop.n.,ethnic group,,,,,,,,
cf383206-908b-4511-8274-0967789d5d36,tonggo_3d05c8ce-4c35-40a9-8953-6fb519a0f215,n.,type of small bamboo that grows in the bush along creeks with a red interior; sharp when split and used as a cutting tool,,,,,,,,
db69b379-0b40-43ba-95c8-145cb37a190c,tongle_3835e1e8-74d9-4211-abe0-0949300d23b0,n.,leech,,,,,,,132:5,
a2570753-8672-48fc-a2e0-9dd0d6ed4aee,tongoe_f0494e7a-3191-4e74-8995-77a0764dfe46,t.v.,to play,,,,,,,135:18,
f2221687-5073-46f2-b9eb-d8dcbba8ca5d,tongoe_f0494e7a-3191-4e74-8995-77a0764dfe46,t.v.,to laugh (at),,,,,,,,
3d1fe129-654f-45cf-ab21-ca6f0810b42a,tongoe_f0494e7a-3191-4e74-8995-77a0764dfe46,n.,game; sport,,,,,,,,
b3064fcb-da90-4d16-ad2f-7cbefd15e6ec,tongoeang_7116be2d-28ba-4155-a092-8d6cd8dba68b,mod.,"funny, humorous",,,,,,,3:3,
10a2f5d7-b56a-4ece-bfa0-ade579a90e62,tongoe ma ngätt_a3777a32-9f7d-41e9-aa66-78b48b1303ba,n.,playground,,,,,,,55:46,
378e8633-dadf-4c39-87ab-e733bd7269bc,topoll_f478b386-5e40-48d2-aee7-8b66f902e182,n.,flying fox,Pteropus,,,,,,Mayu Dobola,
856d66be-0b6a-4c8f-b800-65507807eeb6,topotopoll_ecd415f2-c53b-4243-b64d-ecb0d34834ca,n.,type of tree that grows in the bush with white flowers; used as a yam stick,,,,,,,Tony Warama,
68b5b880-46e5-428e-96c2-66cdc4ce7e85,torep_ab4bf3e3-1d9b-4740-ae12-948b4653a302,n.,brown quail,Synoicus ypsilophorus dogwa,,,,,,Mayu Dobola,
0c6eae75-c410-4404-9bd8-51479b546145,toro_c9736643-d59c-4417-b271-d06645415c3e,n.,"a symbol of a slain animal, used to display and inform people of the type of animal killed. It was also a hunter's pride to compete or show other hunter' of his skill. Feathers, offcut tail, or animal fur were displayed on a small stick or pitpit or obäll tree stick or stem. In other instances pandanus leaves were symbols for pig, grass for wallaby.",,,,,,,,
882e3bfb-2ed7-4f7c-ad05-1b57daad9e80,torok_2ad90584-6670-4494-a641-fa7a38a853a9,n.,"type of cane used for building houses, bows, and canoes",,,,,,,,
b391059d-244e-409b-a9e5-221972703853,Torok mittang_27de0d50-cd3c-407d-a8b1-34d349977576,prop.n.,Torok mittang (toponym),,,,,,,"Bodog Jowanang, Geoff Rowak, Inawa Dareda",
bdd7e07f-5103-4c2e-b1eb-832d1ea5daf3,toronggogo_d15a8de4-2e12-40f7-98f7-87746864ef4a,n.,bar-shouldered dove,Geopelia humeralis,,,,,,Mayu Dobola,
56eb0b3c-2d66-463d-88a3-582b94aebaf8,torwam_736b3a6e-3b61-43ed-99b3-fec1791046ba,i.v.,to lie down,,,,,,,135:28,
070fb200-0e5d-44a5-9014-fd116a88f794,torwam_736b3a6e-3b61-43ed-99b3-fec1791046ba,i.v.,to lay down,,,,,,,,
6b3730a4-4a3e-4467-9bb9-a933d4d99e77,torwamängg_2b84bc42-af50-4c2d-ae6b-ed8b48c73a45,t.v.,causative-applicative form of torwam,,,,,,,,
56262dba-c0df-46f3-9bc7-bc66c4ba56a4,tos_b2b01fd8-0032-4cf0-8f7b-34192884c821,n.,"(Commonwealth) torch, (US) flashlight",,,,,,,,
0d666fed-17a8-496f-8303-df2d848d11cc,tot3_5785271b-e158-469e-9019-3f0c3b098931,n.,piece,,,,,,,,
7b8388f7-4596-4e8e-8316-f96c33f7412d,tot1_93fdc0fe-ed0a-4820-b75d-a445bd79e76c,n.,type of tree that gows along creeks with white and blue flowers and bark used to weave bags or sago baskets,,,,,,,Tony Warama,
2831b119-8cfe-4b79-995c-2644e519b796,tot2_ef6b287c-7f82-42db-96ac-769bd1130a76,n.,"rubbish, trash, junk",,,,,,,,
e8196282-efce-4982-8925-86f295b17510,totkoll_ce343c5e-f593-4044-8d45-68b5bc68d75b,n.,puddle,,,,,,,183:28,
0bc7c914-7d82-4bcd-9431-56b24bae1973,toto2_deb79758-bb6c-4af8-9202-7845f4e2674a,n.,vertical house post,,,,,,,,
ee5657ed-ec32-4c8c-aa2c-8f1ae7e91db1,toto1_f7e31075-02ec-4101-89c6-a801a3a1e1dc,n.,afternoon; early evening (approx. 1 PM–5 PM),,,,,,,,
4981cfe9-1e80-464c-97d7-22907afd05df,toto botta_af13ac7d-ef41-4848-ba53-ef54d0402de0,n.,horizontal house post,,,,,,,158:28,
a8401de3-8c90-41f7-abcb-7ead61390911,toto duwem_217dc409-fdac-4a57-958f-15b4e3a57c79,n.,dinner,,,,,,,24:22,
48f5e648-87ac-45e5-807e-9ead4b68aa2c,totoe_f09ec5df-ebc1-4f0a-ae1d-606ae2978bd4,v.,,,,,,,,,
6becbf29-6b40-403b-a5b0-6f2f70d4f686,toto nyäknyäk_fdbc6974-d0d3-4107-9ff6-e242c029d2bc,n.,Australian owlet-nightjar,Aegotheles cristatus,,,,,,Mayu Dobola,
3f208bfb-44ed-408e-801c-6935c1183ef7,totrop_9a9cdb0e-28ad-4536-94d0-c5aed4d0a2e5,t.v.,to remove scales,,,,,,,,
e3e6f7ee-9b3d-4b73-9dea-849c9e3e61e6,totrop_9a9cdb0e-28ad-4536-94d0-c5aed4d0a2e5,t.v.,to clean up,,,,,,,,
43929c93-bb4f-48b1-994f-9b11330b4c84,totrop_9a9cdb0e-28ad-4536-94d0-c5aed4d0a2e5,t.v.,"to scratch, like to scratch the tree with your fingers",,,,,,,,
accc0343-94e7-4816-99f9-1d6709511f1c,totrop_9a9cdb0e-28ad-4536-94d0-c5aed4d0a2e5,t.v.,"to scrape, e.g. when you shoot a deer and the arrow just scratches the animal",,,,,,,,
b28e0766-5957-4706-b773-e7764cf9c8f1,totrop_9a9cdb0e-28ad-4536-94d0-c5aed4d0a2e5,t.v.,to use the hoe or spade to remove small pieces of grass from a clear place,,,,,,,,
fe1286ca-76be-4c3f-978e-967ae67f0aac,towall_c1ce3968-a857-423f-affc-2783148ee009,n.,grass,,,,,,,,
e0352d9f-d5e9-4661-add3-4f752c8d2fc5,towallang_c5eefc91-a599-4c78-bf5c-2bf1925ff6af,mod.,grassy,,,,,,,,
40fa2322-243c-4080-99aa-4251708dc000,towallpipi_fdecc441-64d4-4c91-a098-b421cbc4a20b,n.,type of venomous snake,,,,,,,66:19,
146ffa4a-0956-4d78-a6ac-977cc30af9f1,Towarwamang_24746907-3810-4de7-af44-7ef66bb25cbb,prop.n.,Towarwamang (toponym),,,,,,,,
73b93a93-ff57-426e-92a8-b7a9ee0d039f,traeb_1d97e45c-5896-4835-a8b9-e19a21a4ec98,n.,tribe,,,,,,,,
ac1c90dd-0c3b-4260-9602-83a6e12f7709,traib_08081f50-dcf9-4f51-be18-10c08bddf4c6,n.,tribe,,,,,,,,
a67a2595-1b68-4804-852d-4f580b6427d5,trak1_25588fb1-0359-49b7-885d-3199d809a002,n.,truck,,,,,,,,
67a62701-68a2-4981-9c0b-0ac60bffec0c,trangg_2acd836e-fbb2-4e63-8546-349418ca3852,t.v.,to stop,,,,,,,,
82f4095d-ae2b-4ac2-9701-8e46abb6cee0,tratre_4dbc332d-1b24-4047-88d3-9f6a8dfd9432,v.,,,,,,,,,
665f7bfe-bf12-4928-9da7-ae7ff2a9c50a,träk2_38df1fb0-6af9-47e2-a48d-0489e80f8bfa,,,,,,,,,,
63a7865f-c231-4d6d-99ec-2e08e22d2cb9,träk1_996186b6-18b3-470b-9d18-ab2943e17aa0,n.,bundle,,,,,,,,
709f96a4-3b0c-457a-963a-8762ac69c86c,tri_46fa5b20-6ab7-4402-a066-9fd1c573ab37,num.,three (English numeral),,,,,,,,
aba31460-6623-4076-ab52-5ade31458489,trik_160c115f-ba76-4ace-9a1c-d67acd3a59c3,n.,trick,,,,,,,,
9319b63c-7570-445f-8874-d1f75e224cd0,trimpeg_e1fe62de-4601-4e0e-8b0d-6dfe24bb1342,v.,,,,,,,,,
ca28f590-d747-40f0-b2a7-61166f357e2f,trongg_f8a40da3-94fb-4700-a909-f84e4e48beb4,t.v.,to follow,,,,,,,,
69c8d13a-11fb-4eb0-b64f-6487646d3884,trongoe_4700c70d-1a34-4589-a078-faf3793683dd,t.v.,to check a bucket or container for water,,,,,,,,
e8441c15-d109-4791-857b-d39085f4c521,trungg_ddd7b669-57c8-4ded-8091-e118ec47479b,t.v.,"to invite, call over, summon",,,,,,,,
41a95e76-28b6-42f2-aabf-467ad5c8f750,truwamängg_c13fa95f-301e-4853-b4a8-03c868462c3c,t.v.,to lay (someone) down,,,,,,,,
8a9deb58-ee60-4f4d-bfff-2f4454789139,tu_e8086560-9e9d-4223-9796-1dac7c23f0ef,num.,two (English numeral),,,,,,,,
d157fe98-7253-4c6e-a644-5d6788ac319d,tuba_6d22a19c-ab24-4be7-8508-71f535124584,n.,coconut drink traditionally made to welcome people,,,,,,,,
cace2964-bd33-41c8-b45b-e113d19454bf,Tube_02b00428-ee68-4f2a-8b16-593e0fda959d,prop.n.,male personal name,,,,,,,,
bc6b6ef1-3e6c-4d8e-8456-7e1166edee83,tubi_03038d91-7384-4c73-ae45-f03842f57860,n.,type of spear made from sago leaf used to kill birds,,,,,,,,
2b105dae-200a-4d5d-a770-cd0a75cbea7e,tubu1_4d0e8656-6051-4ad6-9ade-fec64e8de51b,mod.,short,,,,,,,,
0f02a443-556f-46fb-87bc-c836af57f107,tubu1_4d0e8656-6051-4ad6-9ade-fec64e8de51b,n.,end; stump,,,,,,,,
6867e7a3-b98b-4ce5-b1f1-7217203eae2a,tubu2_9053f4fb-389e-4f2b-b720-453bcd64c9b4,n.,knee,,,,,,,,
daf23782-5212-4148-8e7e-f8c588aedfdc,Tubu_96541bab-f37d-4741-982c-2a1d30acadc9,prop.n.,male personal name,,,,,,,,
a29924ab-19d6-42c0-a481-b92c0df8a2c4,tubukätt_457270be-66f7-4931-9719-70c0d51a505a,n.,kneecap,,,,,,,128:28,
21b77ef9-7e8e-4155-b798-ffefdf95bceb,tubutubu1_4b8cc650-f3e4-4533-84ad-cf1b78addf17,mod.,a bit short,,,,,,,147:2,
135bd981-da56-4eec-8e88-fe66797f432f,tubutubu3_67f98858-ac60-442f-b587-4caa15d8a59a,mod.,"kneeling, on one's knees, on the ground; worshipping",,,,,,,,
4a78ccd6-b7bb-4ac1-9ea2-0ffdbdfcf93f,tubutubu2_962b97fc-c285-4ce4-9258-b42c02b2ae6e,mod.,nonsingular form of tubu,,,,,,,,
3287e17f-7d9f-4b3e-a69f-cf223be46939,tudi_d8598bae-566a-4926-8b6e-06bcad322e41,n.,fishing,,,,,,,,
3dc49ae6-f634-42b0-b043-9c8701f2e0cf,tudi_d8598bae-566a-4926-8b6e-06bcad322e41,n.,"fishing rod, fishing line",,,,,,,,
c6557d9a-be92-41ec-8e8a-6caa7dfaa124,tudi ittaenen_fa793310-6577-4162-8e81-405af51c1594,n.,fishing style in which bait is put on fishing lines that are left in the river and checked later,,,,,,,123:2,
6a64b184-f744-4358-8e3e-1fa12af7455a,tudi käp_e2203802-1a05-4616-90b0-c84575353305,n.,fishing hook,,,,,,,121:11,
0fd5444a-e84e-48a9-84c5-3baa8f9778c0,tudi tär_b94b5a45-1868-4b7a-9297-22f9f2292c67,n.,fishing line,,,,,,,73:6,
4146a355-1116-45f5-b078-91454640837b,tugul_0e2dbf3d-fb39-4add-b8c8-1d7e362cb8eb,n.,"type of big tree that grows in the bush with green, leaflike flowers and straight wood used for house sticks",,,,,,,Tony Warama,
67d0131a-6efd-4c16-80d2-37c115586a05,tuk_5dfdfa40-2d21-498b-baa3-c8c134dbb63b,n.,air,,,,,,,,
2a81215e-3a60-4f21-965e-c45820005a08,tuk_5dfdfa40-2d21-498b-baa3-c8c134dbb63b,loc.n.,top,,,,,,,,
d3b2b9d7-c3a6-458d-b989-d30b9b7086d7,tukituki_113c4188-833a-42c1-8154-f58fdb6f03ee,adv.,uphill,,,,,,,,
317f2de7-a6f7-4179-8aea-ca43b24fcf33,tukituki_113c4188-833a-42c1-8154-f58fdb6f03ee,adv.,"more than, above, over",,,,,,,,
b371d64f-dbe1-4ac6-a385-bc42eebef075,tukpi_7d82243c-3363-42fa-9fef-b076878dd953,cov.,"to heap, pile; gather, collect",,,,,,,,
9aee98e2-af94-4b90-a75b-80ffdb027fa9,tuk skul_68ff5cd0-0b6d-488e-8c5b-4e07b177bd55,n.,"technical university, university",,,,,,,55:47,
b69bcd02-fcf2-47b0-9dd1-d4bd60c1ae92,tulgoe_22132434-a557-4a11-9edc-541bd145f74d,t.v.,to gossip about,,,,,,,,
4359c7d7-7811-48bf-8a4c-7accb83f8381,tum1_2300b8d7-bb53-412e-952d-bbe59998b83d,mod.,angry,,,,,,,,
a7f3e73e-0ea1-4a6b-a012-e04dc709148d,tum2_b90f4b8e-a723-42a2-aacf-2cc1ff2c8304,n.,heap,,,,,,,,
c138a496-d060-4616-984f-a684349b18d7,tumang_1ad2c24e-6c3e-41b7-b7d8-998db7810a81,quant.,"plenty, many",,,,,,,,
c8813b89-52ac-4a9e-a729-ffd8baf2113d,tumku_957ad81d-813c-4796-aca2-e083888c7c0a,n.,back of head,,,,,,,,
5cb7d204-2136-464e-8884-e1fcf8808ad0,tumtum_b85e765d-71dd-429b-b2f8-56dcd0304948,cov.,to gather,,,,,,,,
68fa83f8-cb74-4a15-857c-eece43f33436,tunen_0985efa5-8ed7-4471-8c04-c5c4bfd35f9b,t.v.,"to bump, obligatory plural object (even if singular object)",,,,,,,,
14647a1b-9a40-4dbe-9a7f-e255ba93bd17,tungg_a5b7761c-4be7-4f6d-b594-86f70c9d0fde,n.,support,,,,,,,,
15ccb71d-5522-4aff-9800-3eb5934d651e,tungg_a5b7761c-4be7-4f6d-b594-86f70c9d0fde,v.,to support,,,,,,,,
f783dad8-f505-4504-889f-926e4953adef,Tungnu_09345fad-03e5-4b75-836c-3c3a83b604e0,prop.n.,Tungnu (toponym),,,,,,,"Bodog Jowanang, Geoff Rowak, Inawa Dareda",
19e414a0-4aec-4f69-afae-78e897677f32,tupi1_998d75a6-d890-4328-8ee8-0a5fce06562d,mod.,tall,,,,,,,,
5b60d845-fc21-4675-b339-5b9739ee8c8c,tupi1_998d75a6-d890-4328-8ee8-0a5fce06562d,mod.,long,,,,,,,,
5acc0204-55ff-4e83-8dbe-4197c9013500,tupi2_eb581793-2125-43e1-8d08-dc49ce3ab49d,n.,"pointer finger, index finger",,,,,,,,
717d360e-965d-4c66-aa6b-1fd89197e5ef,tupi2_eb581793-2125-43e1-8d08-dc49ce3ab49d,num.,four (lit. pointer finger; body counting numeral),,,,,,,,
6fcc674d-010d-4d5d-977f-e27e7f533a34,tupitupi_7c06115a-f5dd-4d8f-ab47-44f41167b5e5,mod.,nonsingular form of tupi,,,,,,,,
00af7a87-8eaf-40f6-938f-b25e84dcba41,tupol_da516d46-5102-4f8b-a410-aadedccef453,n.,type of spear,,,,,,,"Johnny Bodog, Inawa Dareda",
a7d833fc-b5a2-420c-aa65-f7476678dc8b,turik_eb21c421-3432-4844-b344-32c6e4b46b04,n.,axe,,,,,,,73:19,
ef5b6ae0-c2cf-48ff-bd2a-04e428ebc659,turku_6de851ad-53ed-4add-ba83-d589d9871016,n.,thinner piece used with bore to smoke tobacco,,,,,,,,
3492893f-4ab4-4850-ba08-f475a1fc8a70,turllo_e003a856-8b77-4675-9210-50ac6f2b9158,n.,type of lizard,,,,,,,169:28,
7100861f-7cbc-4d91-97a1-5abd1f80fafa,turwe_3017ff99-016e-40e1-8612-ddebf2baa44e,n.,shining bronze cuckoo,Chrysococcyx lucidus,,,,,,Mayu Dobola,
a1b6e748-05a3-4933-9e51-87c2ffe65b34,tusde_8f0a93c2-c37d-4a61-a35e-4c0723ef8b77,n.,Tuesday,,,,,,,24:7,
35284ec0-48c0-4fe9-9302-870804faff3e,tutpi_b6880526-f58e-4aed-96b9-9e8832fba795,mod.,,,,,,,,,
1f491348-151f-426b-a844-0edc2cdad3f8,tutu3_5587d469-da0d-4b53-b936-0dad35683339,t.v.,to knock fruit continuously,,,,,,,,
ade214a0-af3c-4cc2-8c9a-54ea25323f6c,tutu2_7940cb26-f4fd-4612-a485-a005046a5fe8,n.,breastmilk,,,,,,,,
12783dc0-a6ef-4ff5-aa8f-ef557c0eff65,tutu1_e02e7ed5-9f64-4449-9809-369a4974aa25,n.,"mountain, hill",,,,,,,,
abb8308f-d107-400d-a564-5ac91710b97c,tutu1_e02e7ed5-9f64-4449-9809-369a4974aa25,n.,land,,,,,,,,
71007108-62f0-4ea6-b44c-3046577b77f3,tutuang_19c46051-89ae-4ad4-9379-5a3fc9330c4f,mod.,steep,,,,,,,,
37dc828e-4e4b-4cc5-8265-42723238618c,tutuaram_960a878b-3ec6-44ef-a69b-c5321125fabe,n.,type of taro,,,,,,,Sowati Kurupel,
81c6faf2-9809-430c-a867-26cf162d2884,Tutuli_5eed6aba-4ed8-4c12-9696-c2079b8f32cc,prop.n.,male personal name,,,,,,,,
cabae0f2-163c-4556-97f4-52bb5fda99b5,tutututu_0a6dae20-98c9-4772-9c50-4692f8866bb5,n.,nonsingular form of tutu,,,,,,,,
8d50547e-42c7-4b62-93a2-a341bd60b827,tuwetuwe_bfe892b1-2e49-49ba-bf2f-ecedb59140c4,n.,type of small tree that grows in the bush with white flowers and edible red fruit,,,,,,,Tony Warama,
b8dc38cd-0387-43fd-91e9-9c5c5392db3b,tuwi_5c4b5290-55de-4c0a-bfec-932b8b7e9a23,n.,"type of tree with white flowers, yellow fruit, and wood used for posts",,,,,,,Tony Warama,
9e347244-1a89-4f5e-a4e1-a34b64b61315,tuwok_7afa749a-e7d1-47fa-a68a-b7d84467a9dd,n.,type of tree,,,,,,,Tony Warama,
a8ffbffb-9a77-4991-a463-b8b42db4fc67,tuyem_6a9f99cf-d329-421a-8597-52db7a350824,cov.,to make a loud noise,,,,,,,,
0d077eb5-28f4-4d3b-ba6c-48850b41ef20,Tuyu_f2acfb32-f941-4f7d-b13f-7e6be3e569e6,prop.n.,male personal name,,,,,,,,
4da8ac0b-b71d-4441-acc4-c3be211e8637,twelb_ae8c916d-c4cb-4bbe-b196-74756d45caa2,num.,twelve (English numeral),,,,,,,,
b75b2c3a-f53b-411f-b20f-8051b2e17c14,twenti_557f0b8a-c7f8-40ed-b61b-218a8f0f578c,num.,twenty,,,,,,,,
10d08933-5a68-4cce-af32-75dc6e4a840a,Thomas_e8b0c06b-65c3-459e-8bc3-5503e9d21bb8,prop.n.,male personal name,,,,,,,,
2e9e89e0-f47b-4fb9-8af2-3a860c8d3904,three_0e91451f-43cf-495c-a8b9-2f3ea4dbc814,num.,three,,,,,,,,
0bc8f193-faa3-4e5b-9b00-3d025057f762,ttaba_1dc547cf-22ca-4d01-8fbf-bd69d6a129ad,n.,,,,,,,,,
e9b838eb-04e2-4c5c-8e2d-a5a706bfadac,Ttae_e1dcee50-26f0-4d7b-9436-3ede3a4090db,prop.n.,male personal name,,,,,,,,
ae73f9ab-9ea7-4b49-86ab-f9c50c1e6e6b,ttaem_b4a3ead2-fb42-4298-91af-f2c77f9fac8b,t.v.,to pack,,,,,,,,
76ca581e-97b4-47f9-a52c-c11e1ce48539,ttaempäg2_06512cbf-8793-4004-8d4b-e622ba679ee7,t.v.,to shake hands with,,,,,,,,
81bcc2b6-4adb-4cad-8ef1-4826e5e01452,ttaempäg1_a989c605-c07a-4128-b171-eabcc37281b1,t.v.,"to seperate, divorce",,,,,,,,
b9a1282c-5e28-48f5-9d03-68bbee269448,ttaengän_3610afe2-82ee-44b9-8892-9b2d75dbd5b0,t.v.,to pull (a plant sucker),,,,,,,,
407d637d-32e3-48e2-8a3d-bd3b10a8279a,ttaepnenttaepnen ma skul_2c3a33bf-bc6c-4267-b7a0-95533e31587a,n.,technical school,,,,,,,55:19,
7fbf9f1f-357f-4e0b-92c2-16e432d6a12a,ttagbeag_e4b1a4e7-9669-48ae-93ba-eb87b7c93836,mod.,"disorganized, careless",,,,,,,118:10,
6a6ad3e4-5710-4daf-b635-0757068d42e5,ttalam_24b1e069-f9e4-47c5-8130-66807f62a8b3,i.v.,"to split, crack",,,,,,,,
553b2cc7-28c8-464c-9414-ab1d8b37f9e8,ttalamttalam1_8107b37a-d19a-4356-bfd4-f7fcd689595f,n.,type of tree,,,,,,,Tony Warama,
00bec61f-7bcd-4843-87e6-a51f65458b3e,ttalamttalam2_945899e7-7f4d-4892-bdf8-27fdb9ecc2b6,adv.,walking with one's legs spread far apart,,,,,,,,
1ed7e92e-bc92-4dd9-a866-6c52a3f24f51,ttalängg_d8069fcd-ca0d-40ee-bf89-cb250b443d19,i.v.,to aim,,,,,,,,
c995d610-6239-4ba0-af80-6283aa194710,ttalme_9e25f904-8eed-45b1-8943-f033f99a5f68,n.,"type of floating grass that grass, deer, and wallaby eat",,,,,,,183:30,
8e51f584-b30d-4257-9d81-67991b5d62e6,Ttall_6bb3f403-9396-428d-a9e4-8d02469fce37,prop.n.,male personal name,,,,,,,,
1319b9a2-70ab-4f13-9d7f-825e19643b67,ttall_6e008e5f-4df2-49f6-a41b-b3fc2e5ce1cc,n.,"agile wallaby, sandy wallaby",Notamacropus agilis papuanus,,,,,,,
44900020-3b1a-4182-83e5-7784f3b414ca,ttallängg_4961e67d-4acf-46be-982d-d9f113c2e0c2,v.,,,,,,,,,
9e1e2329-5970-4ef5-b19e-5766d896b888,ttall ip_f4017ad6-57e8-46a9-a385-3431aed11aac,n.,"type of tree that grows in the bush, grassland, and along creeks with indigo flowers, bark that is chewed, and liquid used as glue for spears",,,,,,,Tony Warama,
923bfd71-2b5c-43b2-8aef-1a9e0ab9f361,ttall källa_6c69f662-2645-4ddf-9fa7-59e1e36da6bb,n.,brahminy kite,Haliastur indus girrenera,,,,,,Mayu Dobola,
29d77a69-104c-43c4-903c-ca58ddc377d3,ttall mätta_141cd00f-e88c-4cea-8e38-ff04e66d20d8,n.,type of big yam with a white interior and few hairs,,,,,,,,
02162e65-097c-4c36-8e71-977289480a49,ttall nge_22803c56-b02a-4d5f-9ea8-c091cb7aa108,n.,type of palm with yellow leaves and coconuts with a yellow exocarp,,,,,,,,
5c6a6f41-f14f-43ea-9701-68ae72b3c353,ttall ttoe_7d6df1b2-966a-438b-95b0-96c98465de79,n.,type of tree,,,,,,,Tony Warama,
470b01cb-a3a5-4e6c-bb45-00bfb149df14,ttam3_b41e1300-9448-446d-b719-9508ab388acd,i.v.,to appear,,,,,,,,
ce44d6ef-8864-4d6b-a454-7df92a8abc1a,ttam2_b75d2bd4-fe5e-4f96-bf1a-9d2f00afbc51,t.v.,"to call, name",,,,,,,,
cb529928-1cca-4107-abfb-7bf8a4b60a4b,ttam2_b75d2bd4-fe5e-4f96-bf1a-9d2f00afbc51,t.v.,to confess,,,,,,,,
6df2708c-4139-47e8-b0bd-d031065d7250,ttam2_b75d2bd4-fe5e-4f96-bf1a-9d2f00afbc51,t.v.,to mention,,,,,,,,
d09087a2-0c66-4144-9311-c895e3c53d59,ttam4_bdba15d9-3219-4c56-be8f-f9f475c748e5,n.,leaf,,,,,,,,
be7d7695-6548-4ba7-8b5b-7da495f100a6,ttam1_e999727e-ea08-4af5-97fa-fe657a56e57f,n.,life,,,,,,,,
3e578bbf-117b-4b26-995f-81760a2ac801,ttam1_e999727e-ea08-4af5-97fa-fe657a56e57f,mod.,alive,,,,,,,,
4abc179f-f73f-420d-88dd-a76a45f82daf,ttam1_e999727e-ea08-4af5-97fa-fe657a56e57f,cov.,to save someone's life,,,,,,,,
248bb614-81ae-4f0e-865d-c9fd93bdfb9f,ttamän_c432cc6d-e267-45eb-8329-18724f451bd2,t.v.,"to finish, end",,,,,,,,
8708684c-d0bd-449d-9dca-8b55fa06bc26,ttamän_c432cc6d-e267-45eb-8329-18724f451bd2,t.v.,"to finish, end, complete",,,,,,,,
0b9b7223-9f62-403a-8fc1-a38e10d61397,ttambällag_25d3db04-9c8b-4ef7-9789-8b94505fa6c9,n.,the second stage of coconut growth in which it is planted,,,,,,,,
7f6ef918-b88e-490f-bcbb-f19fbac904f2,ttam giddoll_e2a4f090-574a-459a-83ad-f7638a1a0d8a,n.,life,,,,,,,,
dbe3be31-757f-4142-92ed-dab1c1196297,ttanttem_c4a69dd5-3faa-4f73-8ee7-95122e05f4d2,i.v.,to be confused,,,,,,,,
d8a5b83a-302a-4e4a-9690-906874d18b45,ttang_0b072c42-101f-43d9-a1c5-ba4d3476faee,n.,hand,,,,,,,,
5abe6fd5-2f73-4b84-b763-eab10c18b6cf,ttang_0b072c42-101f-43d9-a1c5-ba4d3476faee,n.,arm,,,,,,,,
f7a97630-5041-470d-988a-f12e8b7ebb01,ttang käpän_556ddb0f-6ef6-4cdb-b899-eb89634951e2,comp.v.,to snap one's fingers,,,,,,,,
9545e916-b640-4072-bdf2-10c1164670b5,ttang koll_e44e4a3f-aa33-416d-8f47-15448fed67de,n.,palm,,,,,,,130:19,
89b21da4-97a6-49fe-999f-5102f90ea570,ttang kum_a2d2fc97-cfe6-402a-9430-22dc3177c43f,n.,elbow,,,,,,,,
77463906-beef-44c8-bdfb-539190d0b014,ttang kum_a2d2fc97-cfe6-402a-9430-22dc3177c43f,num.,seven (lit. elbow; body counting numeral),,,,,,,41:38,
a45346d9-54a6-483f-be49-713a99974610,ttangkumttangkum_a8b667a9-2e42-41f8-9b76-263ce58e27eb,adv.,on all fours,,,,,,,,
08f21935-5a2c-4e77-959f-41b8955ea167,ttangkuttangkumang_1a9c98a6-1e94-435e-9836-721dffb7e7cc,n.,sideways chevron weaving pattern,,,,,,,177:2,
6c97268f-67fd-4a3f-81fb-fbacdb3f4d84,ttang lläbe_8623213f-1592-4cfc-8c6e-becd83fdc286,n.,"talon, claw",,,,,,,Warea Giniya,
d3f6673d-c605-40cb-ac01-025ae3a7fd9c,ttang lläpät_a0248f43-a3c6-423b-a0cc-1eb167798c5a,n.,finger,,,,,,,128:16,
81492014-ecd6-4159-99ba-139057a00edb,ttang lläpät_a0248f43-a3c6-423b-a0cc-1eb167798c5a,num.,unit of five (one hand),,,,,,,,
d4803db7-b342-4f37-adb7-fceab621cea9,ttang päk_66636233-0e83-4a53-840a-f024c20cbd58,n.,,,,,,,,,
982cf15d-e425-4b9f-8997-0868666774ba,ttang pättkäp_fac0a58c-8d91-4f38-ae1c-c17aaa6c32fa,n.,tibia,,,,,,,128:26,
45d094c5-f78e-443d-be70-16f12b0c3385,ttang pe_59f8b095-d6e4-40de-a532-ba37cb8b58b6,n.,upper part of foreleg (of a reptile),,,,,,,Warea Giniya,
11d1c7bf-e018-489d-a3e5-af6bcfbde81f,ttang pitt_9091cb9f-a26c-4543-8114-0abb5e5bc23a,n.,bracelet,,,,,,,171:18,
82d04bd3-786a-4e85-997a-d7a2912373aa,ttang pllallem_b8c56ff0-c188-4b59-9f5c-8a263e41cf21,cov.,to clap,,,,,,,135:29,
8b58f71e-c438-4166-8c6a-d73b8a95f3ff,ttang tupiang sod_b3b5ef07-9477-4d8f-84ab-e4800570790f,n.,long-sleeved shirt,,,,,,,171:24,
f839e3d1-dde5-46fe-aed8-2c7d4bc00c3c,ttangttang2_0051f068-3514-4c5e-b4fd-a89c31483c17,adv.,with one's hands full,,,,,,,,
6c232f1e-f263-4e2e-bba4-f6e972faba13,ttangttang1_78ad87e4-43df-46d6-aa00-618ee5ff42c7,n.,type of bird,,,,,,,86:18,
78228573-7ae8-4d7a-a600-6386709fc7f2,ttape_935c7e6a-6a7e-4621-ae98-d6e8ccc1a166,n.,"type of small, flat fish",,,,,,,,
3f4048bb-9c1e-43e8-9d4f-11100b4121d3,ttapeyam_acf91889-11b9-4e99-8335-b87e274ad5f4,t.v.,"to open (something long, e.g. door, book)",,,,,,,,
7bf79077-f869-4511-8a2a-e11e1f2029f0,ttapeyamttapeyam_e25ffcbf-c064-4402-a68c-867391189d50,adv.,walking with one's legs spread far apart,,,,,,,,
d79476eb-80b1-4c2e-aeef-6b13fe3e9181,ttaputtapung_f5954c9b-060e-45fe-8029-e4b7f339c752,mod.,joined together,,,,,,,41:1,
8c1d3335-08fd-47e2-9b0c-dd7bd42ff224,ttatt_c18e6a47-2e7d-461d-a1d7-007285139546,n.,"jaw, chin",,,,,,,128:17,
4bccc41c-ada1-4f9c-b414-16cb3a2933e3,ttatta2_aa811e3d-ed56-4872-82c8-51c4c496f5d9,n.,lower back,,,,,,,,
496acffb-a350-45f7-b024-b44c5539b779,ttatta1_d5570d28-204f-47d0-99cd-915263a32773,t.v.,to chop a tree,,,,,,,,
b725a025-288b-444f-9122-c64a8604a894,ttattang_837d8949-f02c-45c5-b89d-8cacf470dd65,n.,"type of big, round yam with a white interior",,,,,,,173:47,
2a079668-322f-46c3-830a-79602a58e098,ttattel_0dd1efa8-f069-4202-9c41-32de0ed08a4b,n.,type of thorny vine,,,,,,,,
5289a235-4ba2-4bed-a67e-f99e639a5f99,ttattep_cd3f16a9-c514-4a16-bd8d-32a7455c8f12,n.,mature leaf,,,,,,,,
d4f3b138-9cc4-46a9-9826-a150c2226aca,ttatt käpkäp_360e1d50-7f4f-4cc2-9664-3afb0a6ecc3d,n.,chubby cheeks,,,,,,,,
005762bb-8bb1-41f6-a247-5bd599924860,ttatt kom_8e72fc16-4d38-475c-b08d-b3018c127f67,n.,beard,,,,,,,128:18,
2ff447e6-7c39-428b-8cde-7b2867c0e8e1,ttatt kutt_c3b9a0e0-9fd7-44ff-bab6-489a9afa4558,n.,"mandible, jawbone",,,,,,,,
0d3ec87f-d0f6-401e-9ec1-4bdfcfedc98e,ttatt kutt_c3b9a0e0-9fd7-44ff-bab6-489a9afa4558,n.,drum rim,,,,,,,143:12,
cb197b53-dffd-4e39-a95f-7f744b36271e,ttattle_85d7b538-d8e7-4cfa-bd09-f0c2fee4b818,n.,pain,,,,,,,,
24049366-fc3f-4c33-9027-8aa80cb7284e,ttattleang_83f08373-c9c3-4e99-b1bd-a3a4bca20a87,mod.,"sore, in pain; sick, ill",,,,,,,,
b887ce17-7598-4ead-a171-12d6a7090943,ttattlläb_0e4df582-e596-4c94-b399-221dfb8f3c42,i.v.,to open,,,,,,,,
fcfa1d6e-2e1c-4de7-851f-de2e511264c8,ttattlle_bf0a63d0-a6cd-493b-a822-7265bfd4a9ea,n.,pain,,,,,,,,
1a36b827-8b04-412e-9074-eb490c0e2bc8,ttattllong_2d6525f6-c885-48cf-9db3-5ddfd582f66f,mod.,"ill, sick",,,,,,,,
9cb3ec9f-c55a-4f9b-b922-09e163fe5014,ttäb_bed805c9-9228-45d4-9f3c-6530dff02aa0,n.,Pinon's imperial pigeon,Ducula pinon pinon,,,,,,Mayu Dobola,
52047b83-380d-4277-a9d5-bc41d7aed3ab,ttäbattäbe_731e3e5f-7425-4697-be11-13d8cd005daf,t.v.,to block,,,,,,,,
f1082e11-3bfb-41ed-91bf-51edb82ec914,ttäbe_457aaabb-d436-49a4-8e91-a2fd197ebeaf,n.,"a strong smelling plant whose bark, called ttäbe kollop, was traditionally worn around the neck to give fragrance and perfume smell. It was sometimes chewed and rubbed around the body and head to stop headache. The orignal purpose was also for protection from evil spirits.",,,,,,,,
651f67fd-f491-4b66-8d1d-67a5d98c9b74,Ttäbe Ttäbe_13540825-cd39-4bca-ba4d-409f5429b314,prop.n.,Ttäbe Ttäbe (toponym),,,,,,,"Bodog Jowanang, Geoff Rowak, Inawa Dareda",
37e7f63a-da09-40c7-8e09-c0e6a563a0ec,ttäbottäbo_7778db27-9c1d-433e-8059-779f40a96aea,n.,rectum,,,,,,,129:3,
31140e47-b069-482e-9b89-2a59ca2127a6,ttägäll_bc44e82e-d1c6-4fa3-907f-0c8f041c3c92,n.,"termite mound, anthill (made by termites; ants may also live inside)",,,,,,,,
9aceabf1-3676-416b-8315-a29c58dd0b2e,ttägäll_bc44e82e-d1c6-4fa3-907f-0c8f041c3c92,n.,"mumu (oven made in the ground with fire, stones, leaves, and bark; the first mumus were made out of termite mounds)",,,,,,,,
028a34fa-8227-48d4-ba38-f729b4c9dd0c,Ttägällag kona_fbdadebd-edaf-4395-8bdd-9a8a16e5ccb6,prop.n.,Ttägälläg corner,,,,,,,"Bodog Jowanang, Geoff Rowak, Inawa Dareda",
3cd1ca5c-0674-4c41-8eef-1a19534a3734,Ttägällag pollon_d0f10f62-1901-43be-ba51-81c5ab76ff28,prop.n.,Ttägällag pollon (toponym),,,,,,,"Bodog Jowanang, Geoff Rowak, Inawa Dareda",
7bdfe6a5-a3e4-40d4-96a7-56b981c2abc5,ttägäll käp_5d70a5f0-f1eb-4439-92a8-edc6b9824cf2,n.,stone (esp. one used for cooking in mumus),,,,,,,64:21,
61b354b0-0e50-4baf-adf6-aff5601c5cac,ttägäll käp_5d70a5f0-f1eb-4439-92a8-edc6b9824cf2,n.,money,,,,,,,,
99d963c4-754b-47da-9e14-613787f274ff,ttägäll ttoe_b6e25f96-21a1-423f-9796-34bb58ec15f6,n.,brown skin,,,,,,,64:23,
5d587ba7-4128-4e73-8054-8aa178c1c75c,ttäk_496bd2cf-f0a6-499b-961e-547301260c4f,n.,"type of tree that grows on floating grass (~3 m) with white or yellow flowers, green fruit, and a big trunk used to by children to float or for carfts",,,,,,,Tony Warama,
49328ecf-2b48-4704-84a5-1c98313c6b75,ttäk_496bd2cf-f0a6-499b-961e-547301260c4f,n.,soft wood,,,,,,,,
e986c71b-40c3-4bef-ac34-753b8dac1602,ttäkam_9f81f730-1e20-4e71-8510-29103afd6e23,t.v.,"to break, snap",,,,,,,,
33affdf8-4a6f-4113-93cd-21d9ea1f7416,ttäkattäke_fc51703a-04ef-42a3-b52f-8c22f6742d3b,t.v.,to fold,,,,,,,,
82a836c1-0a22-4ddd-883e-beec73e42605,ttäkäll_8ffbf5df-958d-4f2c-b05a-3ab7cb2874fa,n.,portion of yams mixed with coconut,,,,,,,,
89820211-a0ee-4511-828d-da6d0bd141ad,ttäkoe_fa58ad54-0b1f-469a-a53a-b7939fdc0da2,t.v.,"to chop, cut down, mow; shave",,,,,,,15:38,
778f41a1-511e-4fbd-800b-15a1f76176bb,ttäle2_0e744521-bce4-4252-9360-4667d7aca911,n.,type of tree,,,,,,,,
f0074bb2-4868-4c47-92e4-0f1dcb337a45,ttäle1_9f733ef5-eb2b-4ca0-bc71-67f0f9b71013,n.,leg,,,,,,,,
d7b53abb-5488-401b-95fc-6e31098d52b1,ttäle1_9f733ef5-eb2b-4ca0-bc71-67f0f9b71013,n.,tendril,,,,,,,,
90f87e4a-bff4-4dfb-8898-bf848fe05fb1,Ttäle Bun_022f0192-eda2-49eb-aaac-05a5f1a56de3,prop.n.,Ttäle Bun (toponym),,,,,,,,
c3446f5e-f56a-4fbe-908a-1324c4b78bf8,Ttälebun_8fbc7519-7acb-4703-b74d-55d48ad7fdcd,prop.n.,Ttalebun (toponym),,,,,,,"Bodog Jowanang, Geoff Rowak, Inawa Dareda",
f8622598-b0df-43bc-afd7-ff3ffb586813,ttäle koll_ee1f9525-4303-499c-b1c5-640a2f419c36,n.,instep,,,,,,,127:20,
616e2e22-ddbc-4206-ae50-42fb488094d1,ttäle kum_acc1edd5-2870-4eda-8794-77d89b55954e,n.,,,,,,,,,
2d633c40-32c2-4655-be0a-f330ed0391ad,ttäle lläpät_fc4c7d54-9cc9-41b5-aa96-ba73da72ce2c,n.,claw,,,,,,,140:19,
3814ff46-8e25-46f0-a5e6-ffeca51aa5c0,Ttäle mitt_e49e91e7-f4bd-4e30-a53c-dadcedc3c2e7,prop.n.,place with a well in Limol,,,,,,,"Bodog Jowanang, Geoff Rowak, Inawa Dareda",
d64b42dc-c0b7-4720-9577-72d8448f7131,ttäle pätt_e7c63154-8242-4ecc-ae86-a1c88743de52,n.,"hind leg, hind limb",,,,,,,Warea Giniya,
03208044-f849-45bb-af94-222ebb136a9e,ttäle pättkäp_3df49a61-c563-453c-a3fb-a4e922be62e3,n.,tibia,,,,,,,140:18,
fe5279f5-07c6-4df8-a763-6a1add776315,ttäle pe_335bd727-7459-4d45-840c-4951298df348,n.,hind foot (of a reptile) with four toes,,,,,,,Warea Giniya,
0a4400ab-46f9-474b-bc0a-9dd9dc0aaf03,ttäle pitt_088876de-9251-40c9-b05b-3f09abc5b50e,n.,leg band,,,,,,,171:3,
26f583dd-4ee6-43f2-be1c-86543d7f6f9e,ttälla_5288e9e2-5c7e-4266-9ebb-6f379ccdcab3,v.,to hurt,,,,,,,,
d65cce92-583d-4824-8a4a-cc97c8c3d165,ttällallem_754e6fd3-7c99-469f-8f35-4d2be9493e19,cov.,to make a light noise,,,,,,,,
83fdbb27-f23e-4f2f-8045-eb295ab4af9c,ttällam_e404732a-d616-4535-aadf-0fed7a396cc0,t.v.,"to pass, hand",,,,,,,,
311ad6eb-761b-4099-907d-9e50376d8f1e,ttällam_e404732a-d616-4535-aadf-0fed7a396cc0,t.v.,"to extend, stretch out, reach out, put out",,,,,,,,
71be9d00-86c1-41b5-baf0-31f47283dd65,ttällanenang_42370ec7-464f-492d-a764-1187b9c52dc8,mod.,,,,,,,,,
3dc63d4a-325d-4069-b9e2-d9a5c45f97fb,ttällattälla_4568c7c5-1b4e-432a-a18b-04096355629f,cov.,to hit lightly,,,,,,,,
c6bef52e-9f79-493f-8d1a-bff67a22b59f,ttälläp_74aeba8a-ff57-4bdd-bd4c-053089f7f308,n.,type of venomous snake,,,,,,,66:18,
2e0d5c4c-201b-4531-a153-ce0a107037eb,ttälle_c54daa41-cb31-4046-96e6-62a83075a8a2,n.,leg,,,,,,,,
99df3813-cf16-48e4-87d9-79fcbab65a9d,ttällma tränymägäll_7bf8aca6-06ee-4cfa-8e71-be62f29a558f,n.,tree type,,,,,,,Tony Warama,
949d857b-df34-4450-862c-f9f37b0d08a2,ttäm1_b48f7e41-1f44-401b-874f-dadd993c37f6,t.v.,to burn; heat on a fire,,,,,,,,
22677091-9f36-403e-9cea-2e41e1d4a2a2,ttäm2_fd374511-33df-4ea2-bc53-f8cd63604751,n.,,,,,,,,,
3eeb8e8f-4f5a-4b85-b8ba-6d16b1ec70a6,ttämattäme_29909864-78c8-4c4c-9d95-744e1ce98850,i.v.,to be crowded,,,,,,,,
75ede8f1-6a82-40bb-85bf-4cedbf785825,ttämbe_9c00a446-6f5a-4543-b2bb-384f85713c24,n.,"type of big tree that grows in the bush with blue, purple, and white flowers and red fruit",,,,,,,Tony Warama,
9375901d-7e1e-46be-9975-66e74c893617,ttämbe role_6dfac417-13be-470f-83d4-981c0faa59b5,n.,type of tree,,,,,,,Tony Warama,
c7747f36-99cd-455c-a34d-88c0eed474ca,ttän_358f1cc3-c978-4c3e-9cf5-92c36e78315d,n.,"type of tree that grows in the grassland (~60 m) with yellow flowers, small green fruit, and wood used for house posts",,,,,,,Tony Warama,
27537d8f-2a7e-42e2-bf6e-2e366bffcc3d,ttän maigag_6f3d2af0-3cd9-43a5-9ce3-b488251aaa4b,n.,type of bandicoot,,,,,,,112:6,
a242e941-77de-4a7c-9091-e2f449df6e4e,ttänttäm_e7306343-c22b-4def-bdeb-cc969f50cd36,n.,heat,,,,,,,,
d1ef1d91-d513-41a7-b07f-8ca452252da2,ttänttäm_e7306343-c22b-4def-bdeb-cc969f50cd36,t.v.,to burn,,,,,,,,
23faf5fb-55dc-4232-9a93-a42b4fe6b6c6,ttänttämang_ac214811-34bc-4187-bd60-a448e05fc268,mod.,hot,,,,,,,150:1,
a72bb34a-fb31-4b5a-b573-0dfb165d0df7,ttängattänge_778ce3f0-43c8-44f4-bd1d-e3f164b251ca,t.v.,"to read, recite",,,,,,,55:49,
2368ff39-6b79-4453-90f5-b4f567fc75f4,ttängattänge_778ce3f0-43c8-44f4-bd1d-e3f164b251ca,n.,date,,,,,,,,
43799393-6f47-43f9-9f04-baa88a4ded83,ttängäm_f3f72842-53d5-4b13-9440-e57c5e4b7816,n.,village,,,,,,,,
a539e401-595a-4057-95cf-b177025f7e67,ttängäm_f3f72842-53d5-4b13-9440-e57c5e4b7816,n.,garden,,,,,,,,
84809c11-6ea9-4051-8f30-6c6c64407019,ttängäm_f3f72842-53d5-4b13-9440-e57c5e4b7816,n.,place,,,,,,,,
1650d01a-7d11-4509-9b64-ad88809ac52c,ttängämttängäm_4462ce9c-b205-491a-b4e9-8d49e7473fe0,n.,small garden,,,,,,,,
7f77a2f1-8ae8-4ebf-8771-2cfbebc4b469,ttängkag_138762b6-0dfd-4510-8a3b-e668ed7fb5d0,t.v.,to break with force,,,,,,,,
f3e4bdd4-1d85-4824-b0ee-6dcf25a00bac,ttängkamäll_89a9c1f0-c5bf-43df-97dc-cc1ff35c1a16,t.v.,"to meet, reach",,,,,,,,
57b8309e-131a-4635-b0e1-d3908c555636,ttäpen_a4964c78-f593-4aa9-bff8-2fd6809e3a9f,t.v.,"to snap, break",,,,,,,,
4554729a-0e68-4f8f-86ff-c70f716a1970,ttäpen_a4964c78-f593-4aa9-bff8-2fd6809e3a9f,t.v.,"to break, tear (esp. something long)",,,,,,,,
a6c52c8f-81ac-4657-b359-ebdb69407960,ttäpen_a4964c78-f593-4aa9-bff8-2fd6809e3a9f,Nominal,,,,,,,,,
639a5585-2188-4d76-8fa1-33b188d25f96,ttätt1_47b00463-c338-4d10-879f-214faf60c328,mod.,right,,,,,,,,
fda5095a-2ab4-4552-a722-d579b241d8a6,ttätt2_e459fa07-8c24-47da-a63a-1bc77f266378,i.v.,to urinate,,,,,,,,
1a8a67b7-7985-4657-9984-abce574816ab,ttätt2_e459fa07-8c24-47da-a63a-1bc77f266378,i.v.,surprise,,,,,,,,
f623b039-76bc-4f69-9a4b-3bdf6fd7b1af,ttätta_94a7d846-604f-4cd5-ac38-3abd9194a8c2,Nominal,,,,,,,,,
6983fffb-19a5-4f2e-8ed4-81b8c296b4ca,ttättawe_0191fe6b-2339-449b-8589-aba7622bdc5b,n.,type of tree,,,,,,,Tony Warama,
fff21ef2-acd6-43c7-8781-579998403eda,ttättäle_290a105e-e269-41ed-9f39-3f6135f88227,adv.,straight,,,,,,,,
3ec3648d-57c8-4d86-84f3-109391627193,ttättälläg_232608d0-687c-4437-9948-f3783c04ddc9,t.v.,"to tear, tear up",,,,,,,,
ff268ec8-a419-4570-a9d6-9e5e2459de51,ttättäp_c19027e3-c4ec-4d6e-a383-d90abd2e8598,n.,young leaf,,,,,,,,
3514f5e9-5996-4ff4-acaf-1189728fe490,ttätt käp_734491d7-623f-4c2e-a347-09c4c2369cc9,n.,graceful honeyeater,Microptilotis gracilis,,,,,,Mayu Dobola,
2415f1d4-2643-4663-b33b-bdca4f055ba9,ttätt käp_734491d7-623f-4c2e-a347-09c4c2369cc9,n.,puff-backed honeyeater,Meliphaga aruensis,,,,,,,
123f2721-101c-4224-84bd-1f68163d902e,ttättle_874bb2fb-600f-4d78-be67-ab19bc1a0cb6,mod.,"correct, proper",,,,,,,,
59834e06-6e4d-4593-a0d4-e5258857290b,ttättle_874bb2fb-600f-4d78-be67-ab19bc1a0cb6,mod.,straight,,,,,,,147:8,
114608b1-e5f9-4a62-ad8c-9c66be56c4ed,ttek_e2bbfc7e-34cf-466b-a361-d5f94e970b4f,n.,type of tree that grows in the grassland with white flowers and sap used as glue for spears,,,,,,,Tony Warama,
99306e39-543e-4f8a-9c0a-ec06c90964bd,ttette_4d3c5944-2e1e-40a2-a23b-d9a4c35180a1,n.,rafter,,,,,,,158:41,
9e3400c4-6f62-40dc-bf48-5119b721ba0f,ttimattima_8d0a3b94-e972-4b6c-b113-9abbfbdcd78a,n.,limp,,,,,,,,
6b4975a1-0e66-479b-a54c-fb9051465f68,ttɨp_ea01e66b-e195-4d35-b9b2-c0c310ebb906,n.,type of sago,,,,,,,97:31,
4b6792b7-e2fb-4ec8-a078-47411646d911,ttɨp_ea01e66b-e195-4d35-b9b2-c0c310ebb906,n.,type of yam with a white interior,,,,,,,,
ab722c15-2fe0-4532-831f-6fe568dc7d5d,ttoa_d9acf338-91fb-4b1c-90f4-fcac69c2cf69,n.,bird type,,,,,,,85:3,
031d63ae-b48a-42f3-881c-ec1211d88f46,ttoe_594472ab-0516-4d90-9103-6ad6cfdb54b3,n.,skin (of a person or animal),,,,,,,,
3b321dc4-f812-4aaf-a06d-11c7dd641636,ttoe_594472ab-0516-4d90-9103-6ad6cfdb54b3,n.,bark,,,,,,,,
194fcd8e-4c28-4cff-9a4c-9aeae126a987,ttoe_594472ab-0516-4d90-9103-6ad6cfdb54b3,cov.,to cover with skin,,,,,,,,
32285bea-fcca-4f9d-aefb-acd5674f6172,ttoen_9f0e64b4-85b1-4986-bdee-69ae3639a814,n.,story,,,,,,,3:16,
30f15741-94d7-4daa-b077-dc7a5ef814fa,ttoen_9f0e64b4-85b1-4986-bdee-69ae3639a814,n.,thing,,,,,,,,
8060c97f-4822-43b0-b44f-fe518ac35264,ttoen_9f0e64b4-85b1-4986-bdee-69ae3639a814,n.,"way, method",,,,,,,,
f3742019-6548-48e9-a0c1-984f3df0950c,ttoenttoen_6b3ef619-1fe6-48b2-8af2-b54aefcb9be8,n.,small story,,,,,,,,
5dc36362-7022-4e46-818c-84222764ce70,ttoengg_b6da1fb5-4c35-48f5-b5d6-4fd9c517bb6b,i.v.,"to split up, scatter",,,,,,,,
a743d7e8-6eb9-4fc7-a40f-3c5829cd0d2d,ttoenglla_68c85198-9d8a-4a88-b46b-baaf80e6d01d,n.,unrelated to one's clan or tribe,,,,,,,103:5,
bf414fec-1804-4f61-9a33-6723ed901872,ttoep2_9c1d86b4-3a17-446f-b920-009dd667ecb2,n.,type of tree,,,,,,,Tony Warama,
1c949cb8-83c4-4da4-9bc3-1eb7a87f1448,ttoep1_a87b46aa-88e3-4a11-a7c2-f77bf16b4b40,n.,type of snake,,,,,,,66:4,
3e4c6d63-913e-498d-8a2a-25bff9ac0aa9,ttoettoe_e1ff90f1-d43b-4699-9084-0f3286c03ed5,n.,blue-faced honeyeater,Entomyzon cyanotis griseigularis,,,,,,Mayu Dobola,
154cf3b5-92f6-4079-8b1c-beb88f43a39d,ttogottogo_fe8d5822-9e3f-40c6-b8bb-15e4254baba4,cov.,to become blunt,,,,,,,,
82e5603a-d9cd-4df2-9b35-923eed4425f1,ttokoe_824f870c-7036-4e3b-8fe6-faa504e7197f,v.,to cut,,,,,,,183:53,
56c9373d-c281-4cb8-bc78-b7a91c2bd39e,ttomoll_985bba9d-6976-4891-9bf4-41373f3cdcf4,mod.,deaf,,,,,,,,
f8dfa84d-7270-420e-8719-5f98b2611f47,ttomttom_e54ad645-b314-44aa-b8ea-722dc8da214d,n.,yam heap,,,,,,,,
4988dac9-3352-4d24-af60-04ad9f3c1ef2,ttomttom_e54ad645-b314-44aa-b8ea-722dc8da214d,n.,yam cooked whole with skin,,,,,,,,
9ecf12e9-d0ce-4fe2-9aa1-cba0639dd585,ttongdae_e972ede3-8413-4e90-ae35-1d9d50500836,num.,one (yam counting numeral; also general),,,,,,,,
0b6af252-1d8e-4118-ad46-263eeffe45ca,ttongg_b19a6fd6-5faf-4efa-b359-479e199a3601,d.v.,to give,,,,,,,113:10,
59fcafc8-7b16-4736-bec8-e58dfc48ec80,ttonggmeny_11ce7de3-ac6b-48ee-819f-5cc32a0d6167,mod.,"selfish, greedy",,,,,,,,
941dcf3c-fd90-4139-9389-97b1e9c600c0,ttonggttongg_b4195f52-ebf5-46b4-a7a2-4cdf96e33374,mod.,"generous, giving",,,,,,,,
361cb7c2-20df-44f3-80ae-5726eabb141c,ttongo2_87d6a7c8-671f-4d40-b0b0-59b00d365bf6,n.,drum handle,,,,,,,,
ffe97ab8-1839-457e-850b-6c889e15bd38,ttongo1_df5c1040-6d12-4e5b-8d64-6ad67e4b30e9,num.,one,,,,,,,,
106e5059-fb31-4ca9-99d8-7ee221ab347f,ttongo1_df5c1040-6d12-4e5b-8d64-6ad67e4b30e9,Indefinite article,a/an,,,,,,,,
ef9cc3a0-6fc8-4099-92c4-0b98c731c7c8,ttongo1_df5c1040-6d12-4e5b-8d64-6ad67e4b30e9,det.,another,,,,,,,,
27a2943f-0870-401e-ad05-3772942ac4e1,ttongo1_df5c1040-6d12-4e5b-8d64-6ad67e4b30e9,det.,next,,,,,,,,
e9d29f2e-5c31-488a-93b1-332013d0862e,ttongo1_df5c1040-6d12-4e5b-8d64-6ad67e4b30e9,mod.,unique,,,,,,,,
c67949c5-e35a-4b7b-a269-f41efc6bc888,ttongo iddob_9586aa93-18b4-46b0-9b87-cf4e5b72c238,n.,the day after tomorrow,,,,,,,,
10ddddd8-2e25-4845-815b-5d6442451b4b,ttongo lla_39be86ce-ac7b-4d89-a666-1d3299af4de4,pro.,someone; anyone,,,,,,,113:16,
1ee9500c-273b-47c5-a641-4520b87c1d2a,ttongottongoalle_4d7f559e-a6ab-4643-9971-b67de902f988,adv.,"each, one by one",,,,,,,44:14,
91874006-87a6-4412-a7bd-fedb8e49018e,ttongottongoalle_4d7f559e-a6ab-4643-9971-b67de902f988,quant.,few,,,,,,,,
417ae5b6-23f2-40ab-b3c5-4fd21306864d,ttongttong_fa0dea77-9260-47bd-931c-b8bbbf00196a,n.,type of tree,,,,,,,Tony Warama,
4cbe5cc6-d5f1-49c6-8ddb-37de0510f128,ttope_95b9911a-d20d-4cad-a5db-079c976f46df,n.,reed,,,,,,,183:3,
3bfe5b9c-9391-4989-a0c3-586a412adc52,ttotto_6010b075-ec02-4b12-980f-42665ab23e65,t.v.,to tie,,,,,,,,
a25b3970-3d55-48f4-8c57-708ddbc9217a,ttotto_6010b075-ec02-4b12-980f-42665ab23e65,t.v.,to collect,,,,,,,,
84bdd1d1-5a3b-475f-b8d2-a91695d2f13e,ttottoem_353cd87f-92b7-4b46-be1d-bd477034b50e,n.,"type of tree that grows inthe swamp and along creeks with a mango-like, inedible fruit that is yellow when ripe",,,,,,,,
f1e99755-d1e7-4426-9b89-cd7ed201a2a4,ttowa_adffa02a-a3b0-4ebb-8c21-e318b37ca15b,n.,Pacific koel,Eudynamys orientalis,its call is imitated to communicate with someone from a distance,,,,,,
b4730a48-a5f1-4ac2-bfee-bf340369bb2e,ttowaemang_f075455c-92ac-472a-ae38-f8e98893dff3,mod.,miraculous,,,,,,,,
e2bdab6a-c5a6-4bc0-9fb7-8e6e25f9c5d7,ttowaemang ttoen_69caff22-d865-4384-9020-45d5cc0ff156,n.,miracle,,,,,,,,
b4cc7bec-e6b7-4df4-a9cb-9f5d6cd227d1,ttu_d5052e47-1d12-463c-a650-e17961834758,n.,deep,,,,,,,,
10a37c24-c109-4c01-9d6b-dd15ea351e33,ttuel_b5a164c4-b750-47d3-8808-13ece8f3a4fe,n.,"poor people, no one takes care of them.",,,,,,,,
39f3eab9-c702-480b-a308-a3774c4ae60d,ttullong_88287a57-80a7-4fdb-945e-d7b5592de115,n.,large-tailed nightjar,Caprimulgus macrurus,,,,,,Mayu Dobola,
9e14d9e0-c31f-420b-9ba9-f6270801cae0,ttupe_619bda28-9e77-4432-970c-f530dc7153bc,mod.,bad (of a coconut),,,,,,,,
6edd5c38-8bac-4631-8e49-f5625d32b672,Uba_a4379421-9ff3-4c69-98bf-84c12c896db1,prop.n.,female personal name,,,,,,,,
d718ccb4-1c0a-42d9-b0dd-2ea477358b08,Ubäd_914a8107-dfbb-4cfa-bf60-26611f717f5f,prop.n.,male personal name,,,,,,,,
8017a18c-1f8a-46ea-ab70-607a62a41b1e,ubemang_d508b92e-9b16-4e5b-adb5-7e6cf5478666,mod.,wide,,,,,,,,
b302aea3-5a48-443a-9ead-115d8d17c5a8,ubi_2ba7c676-e7ec-48da-998e-e14a3d01797f,pro.,"they (third person nonsingular pronoun, nominative form)",,,,,,,,
e501799c-2e51-4c98-bc86-be2efad7c834,ubim_1bedc12e-1fd4-4cfa-9dac-9feb5c019c98,pro.,accusative form of ubi,,,,,,,,
4117652e-c68e-483e-9e20-21634ef92044,ubira_4f824230-3a9c-4c0d-829f-7ed12bcea1fb,pro.,dative form of ubi,,,,,,,,
a23dd552-a420-423f-84e6-de5d52369416,ubony_4b16661d-3278-4a36-97fe-3b039cce5ea7,n.,type of black bee,,,,,,,,
776deaa8-4af8-45c5-8a7a-07550e497d01,Ubrag_3c4f72d5-8678-4b65-8420-9f62ff9db3d2,prop.n.,male personal name,,,,,,,,
3f21e369-72bc-45be-863d-684597aa76b7,ubrattäka_28c182f2-932a-4cf4-97b5-120fa611fd3b,n.,type of yam a red interior,,,,,,,,
f410e8c2-7d53-42d6-872c-c636ad359a24,ud_d4463022-1d28-46e8-b01b-26e512caffd7,n.,door; gate,,,,,,,,
28f56863-a968-45dc-a816-afcfb5bb29c6,udab_880df2b9-9097-4e35-8194-00e08ccc811a,t.v.,"to disappear, get lost, go missing",,,,,,,,
4ea2f270-3b27-4940-8d2d-2d108dfb475f,udab_880df2b9-9097-4e35-8194-00e08ccc811a,t.v.,to lose,,,,,,,,
80fb942b-df2f-4ca4-9a9c-6678272b614a,udaude_8e8e055d-b6a9-4a4b-9eb3-360a58d258a1,t.v.,"to light, start (a fire)",,,,,,,,
3da0f2c1-8a03-4ab1-98b6-6e643339436e,udu_4ab7acc4-f835-4439-af7f-010706a22bb9,n.,"walking stick, cane, staff",,,,,,,,
9772d957-528a-4728-9243-844804bb3209,ugeuge_df3d7f99-0b63-41c3-89fc-69b25a96a0b2,n.,type of tree,,,,,,,Tony Warama,
86c92c56-7af5-4eed-aa59-aee6861b8ab4,ugri_959e04c1-f7df-4700-953f-83befb181f80,n.,fever,,,,,,,,
38d486cf-79cb-4c75-b865-27b815a7131a,ugug_0058982d-c21c-4caa-b781-d0f08c95395b,t.v.,to make mumu,,,,,,,,
8d0b9f9b-c50f-453f-a003-e99419121197,uk_d307360f-ee11-4a34-a873-0a6115b2f1aa,cov.,"to shout, yell, cry out",,,,,,,,
ce8fce94-4b3e-4299-9ee4-e6bf66e83998,ukär_ec0257ae-2356-4946-b705-205fd8490691,n.,glossy-mantled manucode,Manucodia ater ater,,,,,,,
36e3f701-5917-4d48-8f7a-c19ea9a56f65,ukär_ec0257ae-2356-4946-b705-205fd8490691,n.,trumpet manucode,Phonygammus keraudrenii,,,,,,,
3d3a6463-684d-42c1-96ad-cabed5400f78,ukeuke_1b0fc6e5-db6c-4559-b9d1-e3b82ae92a39,cov.,to flatten (grass),,,,,,,,
111cfdaa-b3b2-431e-9cb5-e1ba7d03cf5e,ukeuke_1b0fc6e5-db6c-4559-b9d1-e3b82ae92a39,cov.,to squeeze and tie grass above something to mark ownership,,,,,,,,
2dba1178-ced2-4f16-96a7-7d9de4fd39b4,ulle_84164e2b-86c9-4b0d-8ca7-cdc8f5b12343,mod.,"big, large, great",,,,,,,131:12,
14388f80-8174-4a16-a37e-03ed950bb448,ulle_84164e2b-86c9-4b0d-8ca7-cdc8f5b12343,mod.,"important, great",,,,,,,,
082c87c0-8354-41bc-9337-5be2f0aac244,ulle_84164e2b-86c9-4b0d-8ca7-cdc8f5b12343,mod.,long; tall,,,,,,,,
13551630-a090-41ae-a414-dddfbfdd9e77,ulle_84164e2b-86c9-4b0d-8ca7-cdc8f5b12343,quant.,"a lot, abundant, plentiful (for uncountable nouns)",,,,,,,,
824b980a-bffd-482f-954b-59b9c35d1ed9,ulle_84164e2b-86c9-4b0d-8ca7-cdc8f5b12343,mod.,"entire, whole",,,,,,,,
5523d6ec-074b-4b56-8a80-4219885f68f1,ulle_84164e2b-86c9-4b0d-8ca7-cdc8f5b12343,cov.,"to become big, grow up",,,,,,,,
d3a62eda-4526-4c46-88aa-84d4f366cfe3,ulle_84164e2b-86c9-4b0d-8ca7-cdc8f5b12343,cov.,"to raise, rear",,,,,,,,
f42f461d-c2de-41c1-9a6d-e69de57c533f,ulle binang_c1a3cdf4-5fd5-40b4-af08-0ac2f795ba4c,n.,"master, owner, ruler, important person",,,,,,,,
1e3f3449-79f0-414a-ade6-75945ea6a931,ullegäll_5a92a7a8-8d28-47e9-b494-387f5a8acb64,n.,"type of tree that grows in the grassland with white flowers, black fruits, and red nuts",,,,,,,Tony Warama,
52475f02-32f5-4a1f-8be1-a42304c5fa67,ulle kottllam_e332dce0-931f-4d18-888b-a6b9cfce394f,n.,type of big turtle,,,,,,,,
bcae0c7e-4da6-424b-8479-7b92332b2a19,ulleulle_5a7f5258-09a4-4a55-a6cf-e00e6a06c329,,nonsingular form of ulle,,,,,,,,
5f9fb5f1-42b8-4039-9ba5-70a9293d8f7a,ulleulle binang_4aaf301d-79e2-4e23-bafa-d219a6429419,n.,nonsingular form of ulle binang,,,,,,,,
0560ec94-1e72-4514-8740-91cc5b9d1737,ullowae_9bdc3b4c-7924-4222-b82f-dc6a837afe37,adv.,"fast, quickly",,,,,,,,
29d28c56-e73f-42a2-8a78-9984065f2d26,ullull_f8a3932d-a520-45c0-845e-906bc327febc,t.v.,to cross over,,,,,,,,
feae7328-04db-49f7-b2dd-da6472cc544c,umaem_0bb1d6f4-7606-4a74-80b2-3afe3966eb96,i.v.,to gather,,,,,,,,
33bbabf2-b18c-4567-b5bb-2f4bb0eda131,umaem_0bb1d6f4-7606-4a74-80b2-3afe3966eb96,i.v.,"to gather, collect",,,,,,,,
1d41c9eb-524f-43af-9fb9-4ac2664809c3,Umbuzag_104e17dd-cc39-45bf-b934-eb062b996228,prop.n.,male personal name (name of the original Agob man),,,,,,,,
c3eaae1f-5ddc-46e4-a2da-a02559de7717,ume_b6e7b554-a760-443a-a41b-8806a5289e4b,n.,,,,,,,,,
0471e1af-ee8b-4c3f-9af7-ac6c0885dbf1,ume ddäddäl_0a4c7384-1981-43b1-956b-a41a53be58b8,comp.v.,to kiss,,No special word for romantic kiss since that is not custom. Only kiss children. Young people do kiss now though.,,,,,,
67850c14-cc53-40d2-addc-a514c69f9e0f,ume nyanyu_24cf29e2-04e5-47b4-ae9c-4d0af737eb14,n.,"type of string game, imitation game",,,,,,,Galou Minong,
69926a94-2dcf-4cd4-9e82-3e265ca1c549,ume nyanyu_24cf29e2-04e5-47b4-ae9c-4d0af737eb14,comp.v.,to imitate,,,,,,,,
a4588977-e86d-4240-bb05-4bca5ea837a7,ume ttäp_68357756-29e8-48ad-abdf-cf270726053d,n.,mouth,,,,,,,,
968a99b8-dce5-4f79-aeb5-cdd85709d405,umettäp_9527971b-e417-43ca-a35f-31f3905583c0,n.,mouth,,,,,,,,
399144d6-b626-48f4-9ae1-dd3052a9d5e7,umllang_7a08c6eb-7e1a-49e8-b145-e941c814a8a9,n.,"knowledge, knowing, awareness",,,,,,,,
1af14e57-134d-483a-bfb2-073169875738,umllang_7a08c6eb-7e1a-49e8-b145-e941c814a8a9,cov.,"to know; come to know, learn",,,,,,,,
941cb5db-c7bc-4d9f-a5fa-1d04209d71a8,umllang_7a08c6eb-7e1a-49e8-b145-e941c814a8a9,cov.,"to tell, inform",,,,,,,,
9be90e96-eed7-40e6-8241-8d664a0ebabc,umllang bällanen ma skul_80ea39ed-5354-428f-b3f6-22c9ced69cdc,n.,vocational school,,,,,,,23:5,
901c7336-5751-4bc1-a826-b7a8d30f6beb,umllang eka_82b2ec68-0401-4a89-af57-ad0ec6ba30fc,n.,summary,,,,,,,,
71471751-9e44-4431-a08c-cc6ce814bb5d,umull_4ba1ad57-6af6-4c0d-9fa3-f2365e7014ce,n.,wisdom,,,,,,,,
3dcdb851-10c1-413a-86a5-26cf67418633,up_fe6defc3-5cc8-47c1-8c99-afb1902d6718,n.,banana,Musa,,,,,,,
80cd18fd-e6bd-41ea-9897-c5b2a8b4fe07,upe_0d21ceb0-9498-4fea-a286-54a545dbcd74,loc.n.,"outside, out",,,,,,,,
ed3ad427-5da4-454d-ad07-41ce9ac376e2,upeupe_93d1ddcc-13e7-4acd-9234-657e8543f793,n.,"type of plant with a single stem and edible, tall fruit near the base of stem",,,,,,,Warama Kurupel,
7e148970-45a6-4497-8f09-a762199dd6fc,Upiara_aca0f743-87cb-45fa-942c-7d040d6b760c,prop.n.,"Upiara (Bitur-speaking village in Oriomo-Bituri Rural LLG; GPS: -8.547170, 142.653008)",,,,,,,"Bodog Jowanang, Geoff Rowak, Inawa Dareda",
d8ecce46-bea8-446d-9cd0-a2171ce757d6,upiye_84fa6cd9-cc69-4dbf-a881-49972045c6b3,n.,type of tree used to make kwib charcoal,,,,,,,,
355ca15e-da6c-4d52-8b8f-b79b31698476,upma_cf0e3810-d7eb-4727-b1e8-e4506ebe2524,n.,two friends who share a twin banana fruit,,,,,,,13:11,
b809751f-e63e-4c5c-ae86-fcdea42872fa,upoupoll_72259f71-db27-4dfc-bcc2-bd7b20d3543d,n.,type of tree,,,,,,,Tony Warama,
8f6d4663-06ae-4fb8-98b4-f458014248f9,upye_25a6bf12-6009-4e38-8345-2cd51de67232,n.,type of tree with white flowers and black fruit that produces a black pigment,,,,,,,Tony Warama,
f8c443a2-dcdf-4418-bb78-513a0d81d324,Ur_a2c50ce4-9322-4321-b8fb-444975ffe30e,prop.n.,Ur (toponym),,,,,,,,
b0237901-a3a6-42d5-be73-13cdbd4dc9bb,uriar_cf5d5394-facc-47ad-a524-c0795dbf9d27,n.,type of palm with coconuts with a purple exocarp,,,,,,,,
f16385b2-d626-43c7-b53b-b3698c33faff,Urimba_22635499-6128-4ce8-a857-82d3556b2647,prop.n.,Urimba (toponym),,,,,,,,
7e202710-cd73-4de5-ad2d-9a68655bab76,Uroe_d828675c-f0ca-4c89-88a3-c25261246928,prop.n.,Wuroi (in Oriomo-Bituri Rural LLG),,,,,,,,
e382eafe-c090-43f7-ba38-4ff4dc0289b4,ur yogoll_f0a7252e-4764-4667-8041-dbe3f8be0cfd,n.,"flood time, rainy season",,,,,,,95:8,
3c6dd2e0-f7ee-4c31-aedf-5c9a93097570,uta_32cbb4e0-6abe-4ae4-8ea9-9b0f16093213,i.v.,"go (imperative, singular form)",,,,,,,,
a7f25595-56c4-49f8-9118-acf9b2115be9,utale_7b3b922a-5ae9-453d-801c-adf38b250983,loc.n.,far,,,,,,,131:7,
7bb42e0f-dea7-44c2-a719-a239bd8b36d4,utamom_dc30e91c-66a3-4e18-8162-432791b6bc14,i.v.,plural form of uta,,,,,,,,
fed91e83-4ecd-4a3a-ad16-fba4c740ad3d,ute_ff2e0823-784e-43e4-bda6-38f6929fac79,n.,"sore, blister; wound",,,,,,,,
e4e20b56-1174-4dda-86cc-8237a8c926fc,ute mälanenang_8b2808c6-249b-4c01-8367-6deeddbe3779,n.,healthcare worker,,,,,,,,
fd625945-b773-4597-9100-867f09bd051b,uteute_a6c2316f-3077-40ee-ab16-f09d7c5c48b3,mod.,with sores,,,,,,,,
d10617bc-1eba-484e-abf3-ed22d6828bfc,uteute ma_8784b744-42ab-4926-b25c-05ccf5a579d8,n.,aid post,,,,,,,175:10,
1a476158-e3ea-401a-bb4e-589338b37d83,utt2_4bc6ce2d-b2bc-4c39-8ebb-ce891b317e15,n.,shoot (of a plant),,,,,,,,
a18478e1-95bf-432d-9e1e-82ee322464bb,utt1_50d0ba00-2de5-40ef-b266-6639ba2a2f89,n.,conch shell,,,,,,,65:2,
f9d3ad31-d4a2-45c7-9881-d7ccdb92d61f,uttang ttatta_77f7f729-fe1f-4abe-aa11-f89f74581d79,n.,type of sago,,,,,,,97:18,
af9233b6-fed8-4e1e-ac11-9ac6e6c1c96d,uttutt_a735987e-fcd1-4022-bd63-2c9ae37a0119,n.,small conch shell,,,,,,,,
95f85311-3316-4328-bee2-0431988fcf3a,uwo_d4b0684f-a8a1-4674-9dda-f31c6d3296c0,n.,magnificent riflebird,Ptiloris magnificus,,,,,,Mayu Dobola,
d2754114-31ef-4514-ab37-1f05436f4b53,uwo kottllam_31ed273e-d076-4d94-8919-0ac51e9f1ce5,n.,type of turtle,,,,,,,,
556f8a61-b38f-4a59-b28d-36bfbb4c7392,Uzaba_1b711cc8-78b3-4dde-8d2f-911032d862ae,prop.n.,male personal name,,,,,,,,
d9211d5a-dd7e-4a72-a5ed-cccf04286ef7,Uziag_faf10c52-7bd4-4728-815d-9dee2f9ce35b,prop.n.,male personal name,,,,,,,,
38244b5d-09db-4d5f-bd96-5b8838d5b239,uziz_d6787167-5989-4957-b0ba-b2c17cb8b57f,i.v.,to run,,,,,,,,
a4971ad5-d84c-44bc-b0c8-f899fa92f7d3,wa_9a8e14f1-9681-4b60-99fc-b354963b964e,n.,penis,,,,,,,130:5,
5b0053c3-6b64-4b43-8d64-e2a41cdaa1ec,=wa_adfdc5a0-4668-4e07-ba65-803d152e4917,nom.clt.,emphatic clitic,,,,,,,,
6785c63a-b56e-4716-a109-6e2e1e55f5df,wabeb_4af21a60-b767-447a-9c71-8e63cf284a2b,t.v.,"to beat, smash, pound",,,,,,,,
e00caafd-14e3-48cb-a6f3-a67268bcd0df,wabeyawabeya_0edb5f95-4673-47ca-84c7-edb2ec16e711,n.,type of tree,,,,,,,Tony Warama,
21066bae-3b58-4434-b037-0221e11a0e42,wadär_72542374-a2a6-4bb0-921f-6fce815e3451,n.,type of grass; cane,,,,,,,,
be006d8e-679c-40f8-a9f4-b4a7c9b5bea2,wadär_72542374-a2a6-4bb0-921f-6fce815e3451,n.,bowstring,,,,,,,,
fd9b7cfc-2089-4f9a-a827-13a282178527,wadär gullem_4267f43a-a3da-4126-a4ce-f89094b30e91,n.,Papuan python,Apodora papuana,,,,,,,
ffc6cdc9-6ed6-4493-8994-92a1f0cb91de,wadär käp_9e0396e4-63e3-4e11-80ed-742cb3fa0357,n.,type of big taro,,,,,,,Sowati Kurupel,
0f9d5d1b-de60-4d8b-88c5-4db2beccbb09,wadär mikel_318541a1-4342-4b6c-857a-7dce1393b404,n.,extra bowstring,,,,,,,137:20,
d5174715-e7ea-454c-a071-357365e89394,Wadär Mitang_810babcf-4fee-4345-920c-17966dda8fca,prop.n.,Wadär Mitang (toponym),,,,,,,"Bodog Jowanang, Geoff Rowak, Inawa Dareda",
1bb7bd37-589c-4731-a136-7f2d2169b555,wadär nyongkoe_ce2b13f4-146c-419e-9d80-bd537d4374bf,n.,type of game involving pulling cane,,,,,,,Galou Minong,
883ff053-5cce-46b6-a718-53ee970f68f1,wadär pitt_204deac4-4492-441a-b3a6-0fa338ed88f3,n.,"plant from cane, used on both sides of bow",,,,,,,137:8,
5e2bc9ad-18c1-452d-b21f-bcd48cb92991,Wae_0472caa7-1f0d-4ab5-b1c4-1ffa6cf07978,prop.n.,female personal name,,,,,,,,
9a1e15b1-21df-4d33-ab70-c10f0f77d69c,Waedar_78a4544a-f944-4ecc-a478-8f710a5fcdd2,prop.n.,female personal name,,,,,,,,
5c3a2d36-9807-4af2-aea3-0507b0bc3480,Waenum_a89d84af-f012-4ad0-9f91-4062919d86dd,prop.n.,female personal name,,,,,,,,
ab691c35-a345-47db-888a-389d2bf2cf80,waetwaet_ebb9cb84-4e2d-4355-86aa-0dc028e57858,n.,type of tree,,,,,,,Tony Warama,
592a1172-98ee-4471-b943-8bfae08834d5,waewae_e6aaf315-ef21-4d42-8b97-574dd9778991,n.,song sung while beating sago,,,,,,,,
b1359777-325c-4a80-9088-4b19c4233237,waeya_259d976e-d9bc-47a3-80ce-f4f18ae88105,n.,wire,,,,,,,,
5d595872-ad5d-48b5-8fbe-a70f71bed106,waeyo_bd798346-3e7d-4b40-9976-250dcfe48255,interj.,shout made in distress,,,,,,,,
2f0afaa2-b247-4899-945e-afae9905c958,Wagälla_7268b1da-82b7-4d21-a6c6-d054a5b087ac,prop.n.,Wagälla (toponym),,,,,,,"Bodog Jowanang, Geoff Rowak, Inawa Dareda",
53774b56-af30-4d25-b7fa-b5f037d8d5d9,Wagiba_31b5b90a-2d47-44e0-91c5-6ddb1d09daf3,prop.n.,female personal name,,,,,,,,
7ed9ae0c-1582-4740-8414-b4b62647e741,Wagiya_46889301-3e32-4e85-842c-6bbe3c662b5d,prop.n.,personal name,,,,,,,,
7d767ab9-39cc-48bf-99eb-642281e9bbe5,waglla_7bae7359-5b1e-4f37-8511-c3daa5255b49,n.,bullroarer,,"sacred object, used in men's initiation ceremonies. Legend: It was a musical instrument that hung from beneath the skirts of the first woman and made a beautiful noise while she swept. The first man stole it from her, yanking it from her, and starting woman's first menstrual cycle. The bull roarer was kept secret from women and children; they were told the loud sound was giants.",,,,,156:4,
b00efa9d-7d6d-4583-9e65-136804937b49,Wai_22e947e3-a187-4045-a0c8-918296ba56b1,prop.n.,female personal name,,,,,,,,
42626023-78c3-4145-868a-daf4612fa384,Wainum_d57b3f8f-d12c-4886-bbb1-77bdb6cacd62,prop.n.,female personal name,,,,,,,,
863bf3be-262f-4dc4-905b-70025bb02bf1,wak_bbf9b1a3-c635-4b95-bcc3-7c5db837c835,n.,Papuan pitta,Erythropitta macklotii,,,,,,Mayu Dobola,
e0621c2b-b336-4f10-88d5-3502bc85fe7a,Waka Källäm_a8967b8c-710f-422d-ac7c-f842c357f33a,prop.n.,Waka Pond (in Limol),,,,,,,"Bodog Jowanang, Geoff Rowak, Inawa Dareda",
1c0bd7c0-905a-447c-9e1b-710364a532fe,wakata_a9dd19d9-3abb-4bb0-90b4-d417ea41d692,n.,type of introduced banana,,,,,,,Sowati Kurupel,
bc7abd65-838b-40a1-b78d-3baf98787527,wakllu_73a4f39a-57db-4233-8031-20914fb19714,mod.,rough,,,,,,,,
df6d567c-13d0-4382-a1a5-19fda296dc66,Wala_e3169330-30b3-4b51-9434-13d333de981c,prop.n.,personal name,,,,,,,,
68688691-fb4b-4772-b889-d4de36567cec,walap_2a91ddef-5050-43b6-94f0-435aee83af16,n.,cap,,,,,,,171:28,
8a9c1f37-e3ae-491b-b3f9-2bc41adaf593,Waliyama_11f3cb1e-3d0a-456e-acf3-358fd18af84b,prop.n.,Wariama (in Gogodala Rural LLG),,,,,,,"Bodog Jowanang, Geoff Rowak, Inawa Dareda",
f0f280c8-0933-4b5d-9e7d-930785a40b88,walläg_933e1eec-e13d-4d0d-89f2-1337191d8cdf,v.,,,,,,,,,
b6885a57-2b43-4fcd-a983-08c3c3da232e,walle_cafe8f33-b00d-4f47-98c4-68941b082d94,n.,body of water,,,,,,,,
17a26cb0-933d-490d-9665-7a941871d823,walle ddage_5ed9dc83-e774-4b05-97c7-dc99a696aece,n.,"river, stream",,,,,,,,
736263ea-02cf-41ab-a936-ae6952df72a4,walle gutu_47f2fd63-9161-4ab7-8c68-97b484b92a21,n.,dry riverbed,,,,,,,,
7cf170b6-cb36-4138-b603-0a67835f5e40,walle mäg_058f82d1-f419-4404-bebf-e3a6e48f8d30,n.,creek; river source,,,,,,,,
2359e9d2-b379-4c40-9d22-03c87d4c949a,walle menae_750ff43c-0692-498e-8cc0-36269dabf911,n.,"bank, shore, water's edge",,,,,,,183:5,
24e82785-89ae-4c25-a245-8e744b61a74a,wallwall_4d161abe-b04a-4525-ad6e-24e3c9a41cf0,v.,,,,,,,,,
3fd2b1bf-cb24-41ef-97bb-5fabb74fab4e,Wama_0b08fbbe-0e1f-40b3-97fd-63dc6ba9443e,prop.n.,female personal name,,,,,,,,
6229ebce-df49-47a0-abf1-2ea12f6a9da7,wamän_900c722a-cb06-4920-aee1-787852fcf975,i.v.,"to go out, dissipate, extinguish",,,,,,,,
f84f7b1f-27ac-433a-b12a-8782abb392ce,Wamorong_52e47bc8-b2ec-47c7-83f9-15cc86a42113,prop.n.,Wamorong (toponym),,,,,,,"Bodog Jowanang, Geoff Rowak, Inawa Dareda",
66c50a43-f7cc-46bc-83fe-a2a1249e2d28,wan_254a852b-f27d-47da-beb2-8bdf1de5aebd,num.,one (English numeral),,,,,,,,
39ab9fbe-12b1-40df-8305-c96143f380cf,wana_e6ed4fd9-dc17-416c-b68a-e82a2f7f475c,n.,type of introduced banana,,,,,,,Sowati Kurupel,
ac561d81-635b-4245-97be-757897861dab,Wanadidi_f64a16da-ea58-470b-bdb6-c64470c6811b,prop.n.,female personal name,,,,,,,,
5c558fa9-f856-474d-b4ce-38c075d5d83b,wandae_728a8ddd-e0ad-4d9a-9e32-fc3d59ab1261,t.v.,to burn,,,,,,,,
b956db6b-e8a7-4ae0-bf44-176667045e34,wandana_7f31e23c-bff1-448a-9f5f-a46a82249e27,n.,grass in the garden,,,,,,,59:1,
a81fb9dc-f1d6-4746-9e0f-e1c6b9b8cea8,wandawandae_279a920b-a108-4503-850c-9eaf7ab6cd38,adv.,"rotating, spinning, rolling",,,,,,,,
1e94a4b9-47da-4c4f-8051-4909ccea5466,Wane_3099d4eb-525e-406e-b1b2-124775a39667,prop.n.,male personal name,,,,,,,,
2b5c4971-a29b-4f81-9266-092174f99f26,wanpadam_d93e92ad-2089-4446-9eba-afe24c930dc8,n.,lap-lap,,,,,,,76:2,
4f64450e-ec14-4550-b21c-d863c63df429,wan pinga_6e9c8367-5a3a-4eba-8b25-fb4485332d47,n.,metal fish spear,,,,,,,,
df17b8d9-91c4-4a9c-ba94-fea488d6810a,wanseg_a594fc5b-8c0f-4e39-9a32-5afbc70cd2d5,t.v.,"to put, place, set aside, leave",,,,,,,,
28bdd53e-dea8-44a9-8ada-41ad4b3eb89e,wanseg_a594fc5b-8c0f-4e39-9a32-5afbc70cd2d5,t.v.,to be left (in a state),,,,,,,,
1c9d958a-691a-4d84-a47f-344e1e192f21,wanttawantta_032b5756-2cfb-40e1-81c2-3d2a78b72870,n.,type of game like capture the flag but with a stick planted in the middle of a ring instead of a flag,,,,,,,Galou Minong,
c44d96aa-8b4f-47af-a51c-103a95bb0b52,wanwen_75e2ce86-7bb0-4e05-881e-2771de30ef3c,t.v.,"to shake, swing",,,,,,,,
30f1dcd0-7621-4812-bb04-52512c04698c,wanwen_75e2ce86-7bb0-4e05-881e-2771de30ef3c,t.v.,"to shake, swing",,,,,,,,
cd4c0d1e-fd5b-4ea6-9d42-4c01d434e8cb,wangam_a4cf1f75-b80d-4641-806d-f52f3fb15be0,t.v.,to forget,,,,,,,,
e040403d-6c3b-472e-a47d-e5bda3bb591a,wanyweny_35ef15aa-bd0b-48f6-b3d2-45fa2269de20,t.v.,to burn,,,,,,,,
2113ba58-628d-4009-8786-d9d896f24a08,waowaem_dc5ca213-942f-4148-a7a7-52097e83b375,cov.,to flow,,,,,,,133:8,
048bdd83-3920-43f6-bb7f-bd1a3a51e158,waowaem_dc5ca213-942f-4148-a7a7-52097e83b375,n.,current,,,,,,,,
3e211df7-fa0e-4b30-9026-53c5683b1ab5,wap_98467e64-bc78-402e-ba8c-d531f3c0ae0a,n.,stick,,,,,,,,
b22d33ca-807c-404e-9064-598baf4a1872,wa piye_c7fb83ba-3a63-4d7b-baab-29076fd8c8d3,n.,sperm,,,,,,,,
b50a178d-b057-44b3-97e6-bacd13423170,wapo_ff6ae938-77a7-4a01-89ce-fbdf2e9927a8,interj.,oh no,,,,,,,,
71783806-d0f2-4c1b-983d-f1d869440c70,Wapotea_6fad15c6-5c4c-4b91-b4c0-d24ceff30d9e,prop.n.,Wapotea (toponym),,,,,,,"Bodog Jowanang, Geoff Rowak, Inawa Dareda",
da3f3230-5194-4372-89ce-8d485f53df3f,Wara_abe415fb-273c-4f76-857b-baf0c45b1540,prop.n.,Wara (toponym),,,,,,,"Bodog Jowanang, Geoff Rowak, Inawa Dareda",
232bdb81-1c52-40a2-9ac4-fea65803d022,Warama_8d165169-363b-4bfd-90c1-467cee78148e,prop.n.,male personal name,,,,,,,,
4335542b-139a-4e16-9e3a-efcea8eb443e,waramakae_5f85986e-f156-4831-8e59-ef6225c550f9,num.,7776 (yam counting numeral; 6^5),,,,,,,42:15,
89f3c019-8770-4985-a927-a0a9a0caeff1,waramawarama_6fb8fd3c-abdb-4b16-bacc-12b5f87877fb,n.,type of tree that grows in the bush with white flowers and edible yellow fruit,,,,,,,Tony Warama,
5a2776ca-ef1d-4e91-82f9-820098e98b13,Warani_c110eaa4-29c3-45ae-80ac-a243e540a7a5,prop.n.,male personal name,,,,,,,,
12b96ac8-cb0b-4de9-b884-b63a9a2f3db0,Wareka_efd76e48-a928-40a3-ba6e-1fb072364333,prop.n.,female personal name,,,,,,,,
2150ffa6-7f75-4775-a34a-b81b8b08c284,Wareya_975cd3d7-3506-41ec-a0ff-ab2cf0dd7198,prop.n.,male personal name,,,,,,,,
f83eb032-1859-40f7-8cc5-8149b04ccfd3,Wariabodolo_98d2f059-6e86-44fc-9b3b-74e6cd1be903,prop.n.,Variobadoro (in Kiwai Rural LLG),,,,,,,"Bodog Jowanang, Geoff Rowak, Inawa Dareda",
684fbe00-df8a-4d3b-b188-93732a336a01,Warik_635f76ab-e79e-4df2-92c7-7e59cb1822aa,prop.n.,male personal name,,,,,,,,
7c6fc21e-7e12-43b5-858c-e504703f3998,wariwari_b9899809-9599-48f1-9ef0-3894f2efa962,n.,sago shoot,,,,,,,,
ce5cfff5-fda8-4b7c-8ce8-cbfc28ced2a3,waro_420dd40f-dd11-4cd4-af16-fcad8694d46f,n.,type of turtle,,,,,,,,
6afe3656-3ee1-4782-bd82-d7ce0d6d7bc2,Warola_d988ee40-6cad-4786-be85-33b758d4dd5e,prop.n.,Warola (camping place in Limol),,,,,,,"Bodog Jowanang, Geoff Rowak, Inawa Dareda",
aa8fefc1-7470-494b-b960-29d5d17f87e6,Warolla_9e125235-28cb-4259-a2ec-418e2b593fa8,prop.n.,Warolla (toponym),,,,,,,,
9e59a29c-ffaf-4cc0-beb2-2b53e4c580bc,Wasang_4abd6b16-37a6-4b9e-b3bd-639e4089f9fd,prop.n.,male personal name,,,,,,,,
59e92830-962f-4038-a958-ee9a03fdd123,wasangwasang_becd5a11-36b3-41fc-9824-04cc3f18b36a,adv.,always,,,,,,,,
33c20566-1f14-4c26-951a-bf8224228be8,wasar_71bf8a60-34e5-4867-91ef-0aa2867c92d4,n.,type of edible palm,,,,,,,97:4,
4be13d6b-08ec-4942-8c3a-f872af131ed7,waso_7f675634-7f1e-4765-a6c5-142f8af616af,n.,eastern cattle egret,Bubulcus coromandus,,,,,,Mayu Dobola,
c4bcc50d-9ee2-4f30-93a4-02e777687057,Wasua_bb1c84e9-2ae2-4327-99a0-ecdf7ce5f25a,prop.n.,Wasua (in Gogodala Rural LLG),,,,,,,,
304135a9-f75f-4f36-9be4-4f564d071d2a,Wasuwa_765f7314-2e2a-4179-8409-ae8cbc112332,prop.n.,Wasua (in Gogodala Rural LLG),,,,,,,"Bodog Jowanang, Geoff Rowak, Inawa Dareda",
011f2641-48d4-4cd7-831f-ae6d6fb517ab,waswes_de93cd63-9cb2-45cd-bc1d-b42a76a101f0,t.v.,"to ask, beg",,,,,,,,
96f1ddd6-fd65-4364-83c7-424491f24237,waswes_de93cd63-9cb2-45cd-bc1d-b42a76a101f0,n.,political group,,,,,,,Sawapo Badu,
29af732e-fee6-413f-8525-23f6b6595363,wawa_3a3b49d4-b552-428e-a08c-36dc594ce07d,n.,type of tree that grows in the bush and along creeks white flowers and blue fruit,,,,,,,Tony Warama,
c231eab8-ef1b-4f23-9a5b-d6779393fb35,wawaem_28d5e64f-3f69-4c72-87f9-37c1fd31c6aa,n.,hiss,,,,,,,,
d5e24ae3-62f6-4225-b1f6-3004b4dcc457,wawaem_28d5e64f-3f69-4c72-87f9-37c1fd31c6aa,n.,current,,,,,,,,
729caaeb-81b6-420e-8bcf-71fbd889b328,wawaem_28d5e64f-3f69-4c72-87f9-37c1fd31c6aa,cov.,to flow,,,,,,,,
ab1b8404-35b1-4f43-abd6-66ecc7614553,Wawase_aa59ec7f-52fd-406f-a47a-1b89d84d6751,prop.n.,male personal name,,,,,,,,
ac663bff-6d14-4d4f-b47c-ba00dad0a1d8,Waweba_fedde40e-8003-46c7-a3a3-0acb4f41fbe0,prop.n.,male personal name,,,,,,,,
cfa6dbc6-9ee5-4986-bedc-caa23ab2dbfb,Wawera_450385c7-6be8-4ef2-837c-5a8da9167f97,prop.n.,male personal name,,,,,,,,
47e2411e-8567-41bd-8a2a-3488a55f8fa1,wawonai_6054f453-9a39-4ab2-98ea-7fd6c6d1ee92,n.,"type of long yam with a hooked end, white interior, and hairs",,,,,,,,
79e1fc01-758d-4740-b826-9e4fda76d08f,waya_97a9fbfb-bc05-43e6-a884-34ca51e5269a,n.,type of pronged metal spear,,,,,,,,
9ef50e50-3986-4603-a1c8-0f01dda8901f,waya gullem_4174d384-e893-4b44-b274-93d2e6c14261,n.,type of venomous snake,,,,,,,66:21,
e1a665dd-2033-47ff-b905-cb8556a1bcdf,Wayapampe_97bcbea6-3b49-4b36-a155-8a7104812587,prop.n.,Wayapampe (toponym),,,,,,,,
0e2ae00f-667c-437a-962a-44be99b9ad08,wayati_16e68daf-5b60-4456-bd6f-b973f64e4760,n.,watermelon,,,,,,,,
f32f1f64-717c-465d-bcc9-856dc060c7c9,wädɨwädɨg_644b671b-eb2a-492a-8dfe-61b63246ef70,n.,type of tree,,,,,,,Tony Warama,
04b5d898-4b41-4d10-95a3-d0c95674d7db,wädwäd_d73297b8-8305-472a-94f5-2a5d9d2f0f4d,n.,type of tree,,,,,,,72:16,
30d80a02-d911-4e7d-bf36-077a128214f2,wägba_51e0f482-2d16-4bda-8651-15f6e45445a8,n.,"type of tree that grows in the bush with white flowers, bark used as medicine, and strong wood used for posts; helps make dogs' noses more sensitive",,,,,,,Tony Warama,
4c152ffa-7d0b-4fbe-a316-533f35f8f78c,wäkär_f91a85f5-32a1-4001-8e3e-3ee7a2ab3adf,n.,type of bird,,,,,,,Mayu Dobola,
4a6ad039-048f-404a-b858-4e0b2f12d52e,wäkɨs_02a16038-0b2c-4546-8e3f-5dbf0c63868d,n.,type of bird,,,,,,,90:7,
ac126110-2a2a-48f4-aeea-c1ec3a833e62,wäl_c86cc723-1e2c-43f3-b126-2256c6587de9,n.,"main surface-level stem of a plant with rhizomes (e.g. sweet potato, lemongrass)",,,,,,,,
03e4c78a-df45-4de9-bff0-7d8f9fbb960f,wälep_66fa0677-96a2-4f83-9bf3-f07634ff7c3a,n.,type of tree that grows in the bush with blue flowers and small blue fruit,,,,,,,Tony Warama,
f2af3e22-2743-44fa-aa86-7ecd0db8ffda,Wäli_ee6a75c4-1ae5-47d6-831e-1122067596cd,prop.n.,female personal name,,,,,,,,
7e58e1fb-7095-4252-a3d2-4ea7335a911d,wälsa_c8b80938-b906-485e-af2a-28d5d0f7411b,n.,type of tree that grows in the bush,,,,,,,Tony Warama,
a4de239f-c526-4919-a053-3b3ca485e397,wäll_f9ca88da-e701-4786-8e36-2093c5912ec8,n.,sugarcane,,,,,,,166:9,
abd3dea2-7263-48ec-adef-eddf2100663a,wällawälla_0f97cad6-b648-4a7a-a044-bfb4ec14c512,cov.,to intimidate,,,,,,,,
99a76563-00fb-40d7-9032-91f2fd7033f4,wällawälla_0f97cad6-b648-4a7a-a044-bfb4ec14c512,cov.,"to wander, walk around aimlessly",,,,,,,,
266f2feb-fc55-4478-951c-a1b45e2811b3,wälläng_9fffd7e0-a35e-49de-9dc4-1daebbced979,n.,"backwoods, hinterland, (Australia) bush (any rural, undeveloped landscape)",,,,,,,,
8989ff5f-2e40-41ee-b6d6-1e6284a48830,wällängakäbu_7a8d5ef9-091b-4e13-a808-81b9c95e4790,n.,wompoo fruit dove,Ptilinopus magnificus,,,,,,Mayu Dobola,
b050fe9c-301e-45f3-b8d9-3d3740831379,wälläng gllall_e2a98d77-bf43-4102-8653-a0dd85acae6d,n.,,,,,,,,,
b2b03c28-8f2d-489c-87c0-f7c0e7b4f0c0,wälläng ttäp_1dde8ef4-43f8-49e6-85de-92ec2cbf5d81,n.,Papuan eagle,Harpyopsis novaeguineae,,,,,,Mayu Dobola,
dd168556-0686-46d0-9905-8e9466af4f7f,wälle_67a618ad-7646-4179-9f0a-4df8a48507db,v.,to call,,,,,,,113:8,
e93bea66-28e9-45af-b4fd-17c989857e17,wällegäll_10446f5c-94cd-43dc-a5ab-bdffc59aa1de,n.,"type of tree with fruit that are black and edible when ripe, leaves used to roll cigarettes, and roots used to treat toothache or asthma",,,,,,,,
66340be2-3399-4105-a8e1-3fa1071816ad,wällwäll_b4f7f090-bb74-4187-ac65-2495f2f0d5ab,n.,type of tree,,,,,,,Tony Warama,
e1813c68-bcfe-450b-a69e-6e365c4b3d27,wän_13ceb74c-5958-4491-9b9a-637c0e9545a3,n.,boil (on skin),,,,,,,,
da37cc4c-e76c-46bc-b95e-dce5ffab55ed,Wän_c55335fa-d4af-4825-9b9a-9d1febaf0ee8,prop.n.,female personal name,,,,,,,,
368534b5-e076-471d-906f-7c9daf0c305e,wänänang_b6648be0-41bd-478f-a888-f5fd52a70987,mod.,"provider, bringing back food for one's family",,,,,,,,
fed9ad77-bf66-430f-b495-cfe5ade4d4d2,wändäg_006e8f58-4dc3-4a0b-8bdd-4a0641d4fabb,t.v.,to crowd,,,,,,,,
2d802869-d214-4608-9c95-4884a33fe5b6,wänkäm_8282b704-86c1-4251-a25c-57339d6f25b0,n.,"belly button, navel",,,,,,,128:30,
f48a248c-5af5-46c2-903c-53ce561696d9,wänkäm_8282b704-86c1-4251-a25c-57339d6f25b0,n.,anus,,,,,,,,
0af565d1-598c-488f-8d6d-3de1ebdfd4a8,wänkäm molle_e2228c5f-b7a9-427f-85f2-b57b43315da4,n.,"soft part of a shoot or sucker (e.g. of taro, banana, or sago)",,,,,,,,
cfa3bb77-dd63-475b-aa68-ef2c55d8cf10,wänkäm tärpan_ddc34347-4af7-462c-b63c-3772e0d3d18c,n.,umbilical cord,,,,,,,19:31,
b1ece558-8ba9-4539-be6a-5317663d3e42,wäno_06cae047-3c76-4c9e-a032-4f2ceca7c8cc,n.,"type of tree that grows in the grassland and along creeks with white flowers, small brown fruit, and bark used on rooves",,,,,,,Tony Warama,
723c1255-fbe1-4d5f-9193-d4b7ef867070,wängän_eaec5ae3-58b1-442c-81e5-f17a9299139f,n.,type of tree,,,,,,,Tony Warama,
41948f56-e8a7-4b88-a4d3-60108cad7dbf,wärenzbag_23aa59cf-59da-46a5-bffd-bd5e3b96a8e2,n.,type of taro,,,,,,,Sowati Kurupel,
951dd57b-265a-41f6-b708-2fdc5fa9e336,wärpir_251ac12e-5c08-4a77-8b06-a2ae564f4aa1,n.,slippery mud found by the river,,,,,,,,
98399edd-e0cf-47cc-af5a-afbb8d36c32f,wätaote_1b3098f8-00e8-4aaf-9be3-4ab4dbd2421c,n.,type of large vine that grows in bush; used to tie fence posts together,,,,,,,24:5,
c3d0e4c7-1ace-4470-b71e-719ccc7c36e8,wätaote_1b3098f8-00e8-4aaf-9be3-4ab4dbd2421c,n.,type of taro,,,,,,,,
00e36d79-d91e-4906-ac5a-06d05245a0ad,Wätt bo ma_167441ed-746e-413f-9d07-c69b4e9e6448,prop.n.,Wätt bo ma (toponym),,,,,,,"Bodog Jowanang, Geoff Rowak, Inawa Dareda",
bb5bddac-cfe5-4961-9256-a92d379eab1b,Wäziag_fc92704a-e186-4c3d-abcc-315cf077a411,prop.n.,personal name,,,,,,,,
06275191-ecb0-4b3c-a69b-740c9c117ea3,wẽ_69d075ff-cb08-4b1e-9d80-521fa04fbe4c,Ideophone,sound of crying,,,,,,,,
c800da04-c799-4c67-919f-28b2b35adb37,Wed_f0c1535f-bf82-422a-bee3-3a3d0fee6fd1,prop.n.,Wed (toponym),,,,,,,,
d4404e45-22d6-4546-92ee-66b74430a452,Wed_f0c1535f-bf82-422a-bee3-3a3d0fee6fd1,prop.n.,female personal name,,,,,,,,
bccaada9-8496-49d4-aee2-5be07017e61f,Wedereamo_8d620b96-a9cc-4aac-87b0-07c224320537,prop.n.,Wederehiamo (on the south side of the mouth of the Fly River),,,,,,,"Bodog Jowanang, Geoff Rowak, Inawa Dareda",
ff1f409c-6579-454b-b28b-b4d50e74430d,wel_dad2bbae-0d78-4aef-97e7-c851881c0421,n.,wind,,,,,,,77:8,
339a402b-51cd-4e03-8296-89bc9239b6e4,wel ud_3980ded8-3560-498f-aee6-4fed81bfdfb2,n.,window,,,,,,,158:29,
0d6e060e-a53a-4739-92dd-11151a55273b,welwel_a8d06dae-4212-4966-8bea-17532ad7a6da,n.,type of bird,,,,,,,Mayu Dobola,
928e8224-e251-4fd2-a13c-b524ebcc1b38,welwele_882ed3f3-b4ae-4fce-a4eb-e1644f7ca814,n.,,,,,,,,,
387493e7-8e00-4c83-a04d-11d05361ccd8,Wendi_d9afeeb6-66d7-4772-a489-b4119afdd4be,n.,female personal name,,,,,,,,
98e6c105-1153-4c5f-bf11-dccddb31fb9d,Wendy_2b6eac0b-6b77-4aa5-b85e-2cf9349bb9e0,prop.n.,female personal name,,,,,,,,
084898a9-2783-43d4-8cb8-c3994cde8601,wer_3d1d1676-63d2-41e0-b291-bee5b7bb86c3,n.,type of tree with edible black fruit with one seed,,,,,,,,
fd06505b-1496-49ca-9997-bc5996b2cff6,Wesli_3af415ff-301e-4370-834b-f6cb1a91451c,prop.n.,male personal name,,,,,,,,
fb5947b7-5cb7-4f43-8f03-5d01bcd4ddbf,wi1_aa9bfe39-2258-4f0f-a223-a4ab41b75e69,i.v.,to settle,,,,,,,,
88b53b4c-4931-4430-8da6-2a38128cb5ac,wi2_ac6c539d-aa14-40cb-9500-6fa353687297,interj.,oh,,,,,,,,
17e593c8-159d-4fc5-8363-2ae325000fca,wib_c016e6e2-880d-4f02-a6dd-096a9c8eb9f2,n.,type of tree,,,,,,,Tony Warama,
3da082cf-e831-4717-8835-98fcf848cb24,wibell_fd7c6d0f-2a24-4d34-a412-cd7ac7916247,n.,type of tree,,,,,,,Tony Warama,
5e8c94ce-feef-4bb7-96e1-775d0de75fb0,Wiben_fc9609f0-5c64-4b97-a2a3-11372f28f0b2,prop.n.,male personal name,,,,,,,,
e6fb3510-a120-4f22-b502-3584f1764c8a,Widama_cc8cb036-56c1-45af-8d0b-651db2998508,prop.n.,Widama (toponym),,,,,,,"Bodog Jowanang, Geoff Rowak, Inawa Dareda",
36721503-a03b-4688-a121-81029f664603,widere_b3c6712a-712d-4809-b032-a924f4cb331c,n.,"paddle, oar",,,,,,,74:2,
a731240c-9a71-4379-9d5f-4429f89ed168,widwid_64c936a5-bb90-4d6d-98d5-1ad1f3029177,n.,type of plant with big leaves,,,,,,,Joshua Ben Danipa,
09222134-4c24-4da6-9a71-003ed50d803d,Wik_3f79ba76-277f-4634-b2e9-e82eff892a0d,prop.n.,male personal name,,,,,,,,
87e5efb4-5f12-44a6-8a76-c308676c89ed,wik_fa37b4e2-f89d-4978-8225-0050cdbda9c3,n.,week,,,,,,,,
88d3fcc7-a958-4ae2-8e3d-cf4efd141626,Wilma_aa17ce6b-64c7-49a1-bf3f-749b9e661ec2,prop.n.,female personal name,,,,,,,,
21ec27c1-a3c7-4fa6-b446-f516cd596a3d,wilwil_1899b5b2-48b4-4706-a3b2-243cc149ee28,n.,type of tree that grows in the bush,,,,,,,Tony Warama,
f5ada126-2514-403d-9fad-4bf0222d8977,Willie_a7f22a7d-0d83-4aa3-b371-bd4f3e2927d5,prop.n.,male personal name,,,,,,,,
0fb93ef7-ecfd-4b92-8d2b-1741693a8136,Wim_31df301f-166b-4375-81e2-da6ae25c8f60,prop.n.,"Wim (Kawam-speaking village in Oriomo-Bituri Rural LLG; GPS: 8.762144, 142.770164)",,,,,,,"Bodog Jowanang, Geoff Rowak, Inawa Dareda",
8d4cb8bd-6ea0-4775-b64f-fbf46939f2c3,win_dbedb8aa-5f4a-404c-8f43-de56967e7c3a,n.,win,,,,,,,,
b0ebbd3a-618a-4b4e-8a0a-502de5ccfed2,winisde_153313f2-108c-4f00-a3e6-5c20e923d1ff,n.,Wednesday,,,,,,,11:1,
b37209dd-81df-4bf2-8c03-2f40701cca44,Winny_0240bc25-6efb-466b-9d83-acef2d2d2580,prop.n.,female personal name,,,,,,,,
bd0173db-67a5-4e1b-a514-1a867d28ffec,Winsen_a7fc129a-ce54-4dee-94d5-73545a96573a,prop.n.,male personal name,,,,,,,,
b9478264-bf19-4d21-94bf-32e9c88d9f2c,Winson_16162e96-956c-46a8-af9b-bf62a8f1d156,prop.n.,male personal name,,,,,,,,
849d0d99-6bc2-442a-b989-81b6e993366a,Wingäm_14e3a6ea-cfea-4cde-ac20-84b674783875,prop.n.,female personal name,,,,,,,,
4f17bfb9-278e-450b-b8a5-767df8232719,Winy_8784ad6a-42ae-4f20-bc9f-76d482cb6911,prop.n.,Winy (toponym),,,,,,,"Bodog Jowanang, Geoff Rowak, Inawa Dareda",
d73319b9-93a1-47d0-b967-4b0125bb0400,winy_e48845a3-f2cd-4ea7-9426-552119f2f217,n.,honey,,Used as medicine to treat diarhoea,,,,,,
8dd02c66-2404-42ed-a8ab-c5d674347a9f,winyteya_14e84f47-3e7e-4e58-933a-1101de02106e,n.,honeycomb,,,,,,,63:6,
4408074f-cc56-4f0b-8530-090b8fcc9957,wipell_f3f74344-943b-4493-8ce8-dff3edd982c7,n.,type of tall palm that grows along the riverside,,,,,,,97:1,
78293d3d-45db-4bd7-b021-bb266c9caf3e,wipellgallagallab_0b068a01-5dcc-4532-b417-4b3c15916862,n.,chevron weaving pattern,,,,,,,174:4,
94509952-3fbd-4599-b16a-ccc0bc6c2080,Wipi_8b8b823c-0589-447d-867c-e805a1a006d7,prop.n.,Wipi language,,,,,,,166:14,
77720c44-a5c1-43e3-bdab-0de840f33ae2,Wipim_6718aaee-3607-405b-981a-8c988a4ae5e2,prop.n.,"Wipim (Wipi- and Kawam-speaking village in Oriomo-Bituri Rural LLG; GPS: -8.786616, 142.872201)",,,,,,,"Bodog Jowanang, Geoff Rowak, Inawa Dareda",
6d1c45f8-d344-4186-8805-ec5d660328f2,wirog_53e1a0a1-0441-4da5-80ee-a7210b7c4857,n.,type of native banana,,,,,,,Sowati Kurupel,
cbfeaf88-4780-4c16-992c-dd7103dce0c0,wiswis_c14303ca-221e-4f1c-994f-065f49b01d8f,n.,type of tree that grows in the bush with white flowers and edible orange fruit,,,,,,,Tony Warama,
9227e062-45a0-4172-80ea-755ff621cc44,wit_e99e4951-3faf-4a44-8309-1aae77550baa,n.,wheat,,,,,,,,
2d50aabd-8523-432f-911d-d565d783fc87,witara_4a31d46a-01be-48a2-be11-4a78e7d8e13a,n.,type of garden,,,,,,,,
4e385d54-8061-4d49-9c3b-9681ea24fd5f,wiya_c660600a-6adc-4165-8585-bff45fb432cd,i.v.,"come (imperative, singular form)",,,,,,,,
f3c51286-ba80-4c27-9e02-b566ca0f852e,wiyamom_02c82671-07a8-4018-a928-f4618a3b913e,i.v.,plural form of wiya,,,,,,,,
68195d6d-6565-4209-98a7-ec0defc1fe01,wiyasara_82574894-3c6b-486f-946d-bcf0ee0d90d1,n.,silver gull,Chroicocephalus novaehollandiae,,,,,,,
de3300a6-62d5-41e0-8fb1-bf8d6f0d2e7b,wiyebubug_87b219a2-fc35-42bb-aac8-5185c34162ac,n.,body part,,,,,,,127:28,
226b0451-b207-4c53-9f95-a880429f7032,wiyo_d86c8dbd-3332-4e39-814f-f15571179a6d,interj.,wow,,,,,,,,
e58e5f76-8bf8-4252-9d96-d59774f1f530,wiyowae_b2d28701-4472-4598-ba62-1bb5a8637192,interj.,wow; phew,,,,,,,,
00168b39-da48-4727-96ee-12e43637c7ee,wiyowe_cc8a34bd-5729-4189-8c2f-0710372c77ac,n.,type of large palm that grows in the bush or along creeks with flowers that start from the top and spread downwards and white fruit that hangs like coconut,,,,,,,97:5,
385f18b1-6025-4a00-bf99-379f5bb7d916,wizarab_05d2624f-c571-4259-9053-9df0e257f114,n.,type of pandanus with red fruit,,,,,,,97:8,
1670405a-b0fb-46d0-9359-5b493861300b,Wizing_31344515-d281-462b-abde-8b99d6f91355,prop.n.,male personal name,,,,,,,,
6096d201-38da-4c99-af10-5c3dee047f9f,wɨndwɨnd_c4cc8f54-1f92-4faa-869f-766527769fb1,t.v.,"to cover, bury",,,,,,,,
dda57743-9b51-4599-b4ea-b804dbeabae9,Wɨr_e365750a-cc7b-4615-8d9d-7665c82c3621,prop.n.,Wɨr (toponym),,,,,,,,
da35caf0-54ce-41e5-8311-e8c6e0a21759,Wɨrbun_16370145-1d3a-4fa9-9099-e602f572f17f,prop.n.,Wɨrbun (toponym),,,,,,,,
84708902-1ff2-4a44-9a04-ec7a4a189c57,wɨtwɨt_edf983be-3441-4966-a5a8-c0ce5710b45b,n.,type of sago,,,,,,,,
f918baa3-7f57-430a-9479-58489a86fc50,woboll_05a894a6-8369-46ad-8f77-7a94ae6f6782,n.,type of plant,,,,,,,,
07082f4e-1ad1-4a5c-a5ac-743920491076,wod_2b05dfec-3dee-4fa1-83d3-7d1e41fd4a20,n.,type of fatty fish,,,,,,,,
77c6f0e4-5321-4ca5-be13-d3c9fb32631d,wod_2b05dfec-3dee-4fa1-83d3-7d1e41fd4a20,n.,type of long yam with a white interior and few hairs,,,,,,,,
b5798fc4-6652-4108-be94-a08015b0f86c,wodd memba_70de177e-61ce-42e3-b8eb-2a884d10e81a,n.,ward member,,,,,,,Sawapo Badu,
242acd5e-95e4-4925-832a-6556f1972615,woddowoddo_92d7c0d9-1457-412c-9d8e-a272ba32c570,n.,rusty pitohui,Pseudorectes ferrugineus clarus,,,,,,Mayu Dobola,
c6420ef2-a578-41d7-9272-7ffc041d0637,woddowoddo_92d7c0d9-1457-412c-9d8e-a272ba32c570,n.,Amboyna cuckoo-dove,Macropygia amboinensis,,,,,,,
9edd80fd-22c1-4f1e-8a80-d4a1ac203ab0,wolläb_ee22acab-ab6a-48d8-9908-14d780eb64df,n.,plant term,,,,,,,,
64ba5209-2e72-4158-b230-26d8228652df,Wonie_8e9fa04f-8f2b-4b4a-847b-7a5e7381732b,prop.n.,"Wonie (Wipi-speaking village in Oriomo-Bituri Rural LLG; GPS: -8.838939, 142.975007)",,,,,,,"Bodog Jowanang, Geoff Rowak, Inawa Dareda",
95350211-389c-4d93-9729-ef99956dabde,worbam_15e15702-ece9-4567-b3e3-c75a7b5aa621,n.,,,,,,,,,
9bd052d8-7bfe-45ee-8714-31cc31632357,Wot_84b867c1-4558-4407-8aa3-17494bb019cc,prop.n.,Wot (toponym),,,,,,,"Bodog Jowanang, Geoff Rowak, Inawa Dareda",
c7d79310-739f-43f0-9b12-d5447ab8e4f4,wowo_b4df033b-600c-48a1-bd43-d6f76be58039,t.v.,to clear floating grass by pushing through with a canoe,,,,,,,,
749d846e-3caa-45c7-a81e-a898d2898a70,Wun_4328c770-b24b-419f-9b1d-9fc4c7a16f5c,prop.n.,male personal name,,,,,,,,
1c4b0f7e-b1bf-455a-8f17-93f0f85dc316,wunkäm_aad6e5d1-0fe9-47e7-9ced-d7b04f384887,n.,anus,,,,,,,Mado Karea,
b45832eb-fb98-4d8f-9884-a92eb68a6809,wup ttämbällag_7b103a6d-2f7f-4591-9da0-036f93ed765e,n.,type of spear,,,,,,,"Johnny Bodog, Inawa Dareda",
d5046462-d9ab-414e-b415-1a1961b7849a,Wur_75df7f6f-a004-4f9e-91ad-2a3284d16a6c,prop.n.,place name,,,,,,,"Bodog Jowanang, Geoff Rowak, Inawa Dareda",
71292ddb-2dc0-41fe-be77-15ef7f8226da,Wurlaimäll_2ee9906e-3f77-42cb-ae78-582adadd1423,prop.n.,Wurlaimäll (toponym),,,,,,,"Bodog Jowanang, Geoff Rowak, Inawa Dareda",
088c0a5f-8cff-4046-a148-de08cd79489f,y-_c27d5fcb-0c9e-4835-a6e8-92d2ceff5db1,v.,du|1pl|2plP,,,,,,,,
89afbcff-9e3c-4fff-9e36-aa32fb8c929a,y-_c27d5fcb-0c9e-4835-a6e8-92d2ceff5db1,i.v.,duS,,,,,,,,
3a6ff4de-c2ec-474b-afd6-ba90934b0a77,y-_c27d5fcb-0c9e-4835-a6e8-92d2ceff5db1,v.,,,,,,,,,
e826d3bf-3696-4594-b8ac-1af4a2757e30,y-_c27d5fcb-0c9e-4835-a6e8-92d2ceff5db1,v.,,,,,,,,,
143e4de9-53df-443b-8ffb-12da27bd4337,ya_2767af16-35a0-4f2b-adb4-63b275d03537,interj.,"scram, go away",,,,,,,,
f05a9f5b-6876-418c-be37-16f79e98d116,yaber_21c1b282-65b3-456d-8bb7-cd7a49ad2d54,n.,type of tree that grows in the bush with white flowers and poisonous bark used to catch fish,,,,,,,Tony Warama,
f73548d9-48d3-49f4-9f40-7dd2f3eaff9d,yad_00073941-2b38-4d4b-8466-9cf549a74495,n.,yard,,,,,,,,
5f2417e2-5cf8-4f30-847a-c280581145c5,yae_587b463e-5901-467d-87ae-6475fc81c052,Kinship noun,mother,,,,,,,51:24,
db78e414-267c-4a88-9585-ed428f543696,yaedidib_cfb723dd-4656-4441-b518-104102b0e94a,n.,"type of long, narrow grass (~0.3 m)",,,,,,,,
4cd7c66a-d2f2-48a9-84e9-807b85f74e52,yagäl_1330b9e0-7048-48b1-9d23-e908f9f92c7b,n.,type of tree that grows in the grassland with leaves used to sand bows and spears,,,,,,,Tony Warama,
17a2a14f-e938-4cf4-bd83-6e963568e43a,yagäl_1330b9e0-7048-48b1-9d23-e908f9f92c7b,cov.,to smooth with the yagäl leaf,,,,,,,,
351452ac-5339-4424-b870-592f8f6ebc07,yagyeg_7b7e02b8-5161-435b-b319-edf8a6b86284,t.v.,"to search, look for",,,,,,,113:24,
20481a1d-fe1d-4fe6-9dae-7bb5c6fe9c46,yaiya_33cf80f0-bb29-45a8-8006-250c18cf8bab,n.,father,,,,,,,,
931aeaee-4bbd-468e-ae45-0d9631e14520,yal_881615f2-575a-4834-abee-562e3f5f0b8a,n.,yellow-billed kingfisher,Syma torotoro,,,,,,Mayu Dobola,
cef07008-0fa9-4ac5-a2d2-fb30a9621417,Yam_4f9749be-98b6-48de-8df8-7fd8a6bf1aa2,prop.n.,Yam (toponym),,,,,,,"Bodog Jowanang, Geoff Rowak, Inawa Dareda",
594b525a-8a01-4c52-9344-6daaf641d214,Yamayama_de59bcfb-a3f8-4f99-88e6-23543cf29508,prop.n.,Yamayama (toponym),,,,,,,"Bodog Jowanang, Geoff Rowak, Inawa Dareda",
c2dc7e9e-f011-4f39-8826-d2d2806c1bf2,Yamega_f97076eb-e82f-4947-927c-3a875b372518,prop.n.,Iamega (Wipi-speaking village in Oriomo-Bituri Rural LLG),,,,,,,"Bodog Jowanang, Geoff Rowak, Inawa Dareda",
faa875f3-0b95-49d2-98cf-1169b08a5cc2,Yamkong_6e06a6ce-58d8-4a5f-b034-c4a9fb43c3c9,n.,name of clan,,,,,,,,
a8802732-4f2c-4b92-b43f-77fd6533a861,yante_6fd4455e-b208-48da-8097-674ee2445450,n.,type of large tree that grows in the grassland with white flowers and wood used for house sticks,,,,,,,,
330bc5c7-f19c-49cd-9812-e3848c0424f8,Yao_91de029b-3e7e-412c-82e3-a0e316f1b00e,prop.n.,Taeme language,,,,,,,,
6b909cc6-856b-40ed-a368-d6cd02898235,=yaralla_a8baf490-89f4-4166-b240-fca8dd993943,aux.,aux.prs.1|2nsgA>duP,,,,,,,,
b2ffdee1-22c2-4990-b06e-7868805f76a4,=yaralle_57391d54-05c0-439c-9d71-05c64ca31687,aux.,aux.prs.2sgA>duP,,,,,,,,
16809027-7a89-409e-b159-2e9bd36d439e,=yarallo_45ec054a-05fb-4853-8e49-1b78d28865a7,aux.,aux.prs.3nsgA>duP,,,,,,,,
1160d0b4-0d2d-4947-af77-554c6b052dae,Yarbab_1694bbe8-2816-494c-aa2a-ee04c892a5b2,prop.n.,male personal name,,,,,,,,
aa61f06e-5113-4571-ae6e-85b429a76456,yarte_591d05de-cf42-480b-91aa-5a3550baebdc,n.,type of tree with young wood used for house sticks,,,,,,,Tony Warama,
09bef5c2-5d85-4ee4-ae74-9891621eb4bf,Yarte_5fd94511-44c9-41d3-a832-6bd6f13550d5,prop.n.,Yarte (camping place),,,,,,,"Bodog Jowanang, Geoff Rowak, Inawa Dareda",
19829ffa-101e-46e3-9539-e9690c1e263b,yaru_79e60be9-76bb-4baa-ba09-bf4adeb0c7b8,n.,"type of yam with a purple interior, hairs, and thorns",,,,,,,173:51,
316b30ee-ab7f-4622-b2e6-6adcbaabd1bc,yaryem_2364f077-86c4-4b1b-958f-4d06e751f618,n.,"type of big yam with a white interior, hairs, and thorns",,,,,,,173:16,
bb32fc14-7007-4c79-bf8a-f16b3487cb5e,yatän_effbbf2b-8793-475e-bb52-c1dcaca8f2a0,t.v.,to fetch (water),,,,,,,,
83002229-838d-4217-bb59-0f838c51e5c6,yattän_b6f94ca3-d5f2-4a57-9239-84b20f5fcfdb,i.v.,"to disembark, get off, get out",,,,,,,,
a70ac289-3024-4cbd-a80f-4f55ca98bcd4,yaul_7f5ecc98-cda7-45be-ac02-0031f768944a,n.,type of long yam with a white interior and few hairs,,,,,,,,
be2054b5-fb63-49c5-90bf-871aa48eb936,Yawani_80401236-e5d7-44f8-ab06-e3e7f990e5af,prop.n.,male personal name,,,,,,,,
5f7b8036-5269-4a26-8c34-dd14997459ec,Yawen_0dc42355-2b07-476f-8c49-760fb9f559d9,prop.n.,female personal name,,,,,,,,
8807bbe1-497f-4257-9c1c-a5e0d7737161,Yawin_ec732839-8938-49a2-b087-b8ce26f7e30b,prop.n.,female personal name,,,,,,,,
fdd884ea-2a4e-444f-aab2-189067ba907c,yaya_4fc37683-1c42-4fb5-aa18-b5a0eae87153,Kinship noun,father,,,,,,,123:6,
1bb4012b-e626-479a-b172-57ef2d557b0e,yayo_d6a462d3-c010-45a7-be7c-26a35f12d889,v.,to slither,,,,,,,102:16,
e09187b1-3aa6-4a94-a222-e2dbb772d171,yäbäd_5b5ca739-b555-448d-a780-fddde38aa04d,n.,sun,,,,,,,,
0122fb26-ab2a-4593-8ec1-5ccb876cc642,yäbäd_5b5ca739-b555-448d-a780-fddde38aa04d,n.,season when the dry season starts and people go camping in the bush (eleventh season; corresponds to August),,,,,,,,
3001a3b1-3bae-4f03-ab4f-13a0246db1ba,yäbäd_5b5ca739-b555-448d-a780-fddde38aa04d,n.,weather,,,,,,,,
06159197-a77b-4905-83f2-2e03f8030ac2,yäbäd bäng_11f8a2de-a61c-4c2e-bf43-ffd445a3c81c,n.,"dry, hot season characterized by burning grass (twelfth season; corresponds to September)",,,,,,,,
7c3ef8df-851f-4213-8582-39af55a1b848,yäbäd bäng_11f8a2de-a61c-4c2e-bf43-ffd445a3c81c,n.,drought,,,,,,,,
8f81efba-42ae-4448-a9cd-35fce07eb97c,yäbäd gazen_e47be32c-3c68-4fd9-9b95-fecc2d0e63e4,n.,dawn,,,,,,,24:29,
65308ee9-c4ea-492a-af84-dc5b9ff83a3c,yäbäd källa_c333292f-0d92-4d9d-bc1e-6cf123dc629b,n.,type of big taro,,,,,,,Sowati Kurupel,
997a8d32-5624-4e05-b0d8-edd875467b9c,yäbäd kuttakuttang_53a051d8-f930-4d30-9223-e455539d9745,mod.,really hot,,,,,,,77:7,
8e4b822b-246e-4abc-ae07-e066ecd2015c,yäbäd tuktuk_57422da0-7d56-4907-b668-c3720d6447f9,n.,solar noon (when the sun reaches its zenith),,,,,,,24:26,
e85a930f-2445-43d6-ab9a-850f698f7977,yäbäd tuktuk duwem_8e98da24-e199-4083-b550-7c09561f5a66,n.,lunch,,,,,,,24:24,
29369fd8-7de3-4ebe-bc46-ab590cddc09f,yäbäd ttänttämang_1cf1394c-c39e-4e2c-926a-bcea5be6d42b,n.,hot season when new gardens are burnt (thirteenth month; corresponds to October),,,,,,,109:1,
29b86f26-987d-40ba-a1d0-05ac22f03ad8,yäbäyäbäd_63aecd5e-b28e-462d-b8d6-90ff9c60c85e,n.,type of tree that grows in the bush with white flowers and red fruit,,,,,,,Tony Warama,
86d267ee-2aa4-4216-9793-84f96b34d5e2,yäbäyäbäd_63aecd5e-b28e-462d-b8d6-90ff9c60c85e,n.,type of grass,,,,,,,,
bb800192-13a5-4504-80e6-630d236e5e62,yäbäyäbäl_b231d31a-10c7-4e26-9698-174ff9d6bc9e,n.,type of tree,,,,,,,Tony Warama,
83aa6ae7-aad5-46d0-9590-7cfd66a2ecaa,yäbik_169f8246-83f0-4819-90d8-a0377ee9e0aa,n.,sharp gardening stick,,,,,,,,
6dc7d39e-f06b-47fc-b26b-338ba01c6c1d,yäg_8294d804-7d49-43bf-9f22-b77d977b58cb,n.,bush rope,,,,,,,,
73a501e7-67f4-48a9-a200-a371c78abad5,yäkäl_a5ca249f-3450-4aaa-9257-7f91506e143c,Kinship noun,cousin,,,,,,,51:3,
4d24b3b4-6b50-4379-ba7b-aca905f2236f,yäkälnda_9717b576-82c6-4825-aa91-b95358343b57,Kinship noun,uncle (one's mother's sister's husband),,,,,,,,
955cb190-94cf-40e8-8ecb-8b9a3412e3b4,yämak_e8bc0952-23a1-4dda-8a41-7495d4d4c0a8,n.,type of big tree found in the bush and by the river,,,,,,,,
4f5169c8-15f6-46f4-9a8f-f2ac4a37365d,yämän_3992deaa-7445-40a3-ab63-82eeabb3aa6b,n.,type of big tuber with a reddish interior (not a yam),,,,,,,173:49,
90fb5446-4496-4728-a78d-dc5b318ef7f4,yämbäg_0d5715cf-abc4-4c29-884d-4472715011b5,t.v.,"to disown, repudiate",,,,,,,,
31f11961-192e-4c26-bccc-31ec641b5680,yänddäna_2c308a36-5991-423f-946b-50cd3c82938f,v.,"to clear, e.g. when you clear the grass or bush and the space is open",,,,,,,,
2b823647-da7c-4eea-a1d6-6d7d61a3a6bf,yänkllollang_5d35f3d8-513a-4ea9-adbe-3a2d4d1b2e15,mod.,forgetful,,,,,,,63:3,
d79e1cab-8e6f-40f7-ac6f-7d6e09def4d8,yärany_df9c4306-ddd6-4f37-9f39-0f51de3972bb,cov.,to scream at,,,,,,,,
54a6b482-569d-4b79-b899-c4e353d691df,yärmuyärmu_e2a9b6cf-5388-4be0-8162-cf75f73ce17c,n.,type of tree,,,,,,,Tony Warama,
c2fb93b0-3060-4669-ba53-fc9271689108,yäru_27807d63-1c06-4248-89bb-072cb63ca3a8,n.,type of small tree with thorns,,,,,,,,
770dce42-0e1d-4950-83a6-99ca7f477e67,yätt_e4dae19a-7595-4881-af4f-71d0f38955f3,n.,forehead,,,,,,,11:16,
efd16d0b-370e-4277-bd90-2347892eba0e,Yesu_62f95270-19de-4dd5-b450-276e4deb901d,prop.n.,Jesus,,,,,,,,
9f19c153-960d-45f4-976d-739b921af3ba,yetedduem_19dc5385-8809-4058-8dfe-57a89d28c216,Phrase,raise eyebrows,,,,,,,,
a90c85d2-248a-4f05-8ef4-faab4ec6ba8f,yid_13a547b7-25d4-4b28-b8d7-75b648689f67,n.,liquid extracted from a plant,,,,,,,,
e97e7bac-fcf6-478a-96ce-3acfef408143,Yina_06b8206d-a81d-4544-ba4f-1bb8694b361c,prop.n.,female personal name,,,,,,,,
ca86e25a-278d-4e86-a35b-da4a0a02d003,yindrang_9ac06a49-597e-481e-86be-779dd7254da0,col.,"clear, see-through. Like clear blue water you can see the fish through or the ziplock bag or the plastic water bottle (even though they are also colored red or yellow).",,,,,,,,
f82f478e-f829-4475-957d-cd9b3e67fd0e,yindrang_9ac06a49-597e-481e-86be-779dd7254da0,mod.,"bright, e.g. for torch, fire, etc.",,,,,,,,
2e1a3a9a-b4e4-4572-a118-9df38a103df3,yɨb_377acc27-58c3-446f-981a-a9bb4cc35434,n.,type of yam,,,,,,,173:22,
c889211d-3e1c-4cf5-be85-fd128e6db686,yɨdmeny_b1c04f60-4696-4c05-81e2-d4019245d589,n.,the seventh and final stage of sago growth during which the pith will not yield any starch,,,,,,,,
1af04d24-280e-466d-82ad-6903243b8a53,yo_05da8941-ecb0-4313-b6f1-1bd32b0e79e7,n.,liver,,,,,,,Mado Karea,
ebec1b6f-2af3-42cd-95c9-6bcfd052049a,yobeg_f62dbf05-3bfa-415d-bba8-ed850db05387,n.,type of cultivated shrub with white and yellow flowers and long leaves used to tie yam shoots to yam sticks,,,,,,,Tony Warama,
b48d141c-f26b-451c-9cce-e2eabe60d910,yogoll_dcce5703-b788-47ac-90d6-0a6c5c8baa94,n.,rain,,,,,,,,
fb3e4baa-a571-4502-88bf-da9a35543c6e,yogoll kutt_7e3374cd-484a-4f51-951a-348959d2405e,n.,black cloud,,,,,,,21:10,
ae82669f-ac76-47f6-a811-5eb595edb06c,yogoll särem_ff319fab-edd0-456f-82ac-5901925e8c8c,n.,dark rain cloud,,,,,,,,
cf6f8792-8d42-45be-97fa-7767b7474f4c,Yokas_57602a9a-fdab-453c-a29e-97f3dc6650bc,prop.n.,Yokas (camping place in Limol),,,,,,,"Bodog Jowanang, Geoff Rowak, Inawa Dareda",
720869ae-01d8-4597-b246-3a5585656863,yoko_400a5b4e-837b-4bec-a6c4-0c09417b4627,n.,"type of cane used for building houses, bows, and canoes",,,,,,,,
06abe21b-b6ef-4e04-94c4-4c0feee1d223,Yokon_b59e88bb-fac2-45ed-8819-b4485e0e0ab2,prop.n.,personal name,,,,,,,,
ea27184f-b950-4721-90ee-82dcb92539dc,Yokong_40337a07-50ed-4311-98a2-2a2061fae85d,prop.n.,language name,,,,,,,,
07400d2a-401a-43b2-a591-03a010a56977,yon_1264eb5a-96cb-41b8-a7c6-7203c1867b3f,n.,dream,,,,,,,158:50,
3c18e213-d68a-492d-87db-a7d95349775a,Yop_eed5f7ca-9c2b-4fc9-b308-94c1e1afa4c7,prop.n.,Yop (toponym),,,,,,,,
d4555288-084c-432a-b504-aba92adf7c65,yorko_723a0f4d-21b3-4745-a349-52baa307be7d,n.,type of large cane found in the bush,,,,,,,Tony Warama,
32880aac-aa2f-4ff9-bc4b-af41e7d1f795,yorkoll_d94828c7-d59e-41c9-ad2a-d0cd6fcaabbf,n.,dirt,,,,,,,,
e7447080-04e1-47b3-b65e-94f14ddabfc6,yorkollang_79d90f96-56f2-4ce9-a8b9-b3510aafee69,mod.,dirty,,,,,,,,
10b4046d-1363-4896-96fd-90d70ae535d9,Yoteang_bd33aacf-8ef5-4816-8d1f-cc4e4620e938,prop.n.,Yoteang (toponym),,,,,,,"Bodog Jowanang, Geoff Rowak, Inawa Dareda",
988fb25c-2c9f-4457-a6d1-306129691bb8,yoto_d3af12c1-8633-4c38-834d-1f667a6e3e66,n.,type of biting bee found in trees,,,,,,,86:14,
8181f567-ced8-42d7-967c-5c4731a73d96,Yow_bd93fc05-5b4d-440a-b367-5bbcacfc8e74,prop.n.,Yau (in Gogodala Rural LLG),,,,,,,"Bodog Jowanang, Geoff Rowak, Inawa Dareda",
83916751-e8db-429c-aa13-60a8fda34e4a,yowa_6c9d362b-1d20-44d9-8d97-8e181190e048,n.,vagina,,,,,,,130:9,
9c336759-71b7-4214-b21d-87a14696a48c,yowede_cf75d1fd-db02-4e50-9944-e7d4168854ad,,why,,,,,,,,
4ad11445-b614-4d39-9edc-a966d7dfa9bd,yu_6820fdfd-ec0c-41e3-831c-d9feed1d895c,n.,fire,,,,,,,,
2b440b01-298d-42d3-995e-f540c822f8f1,yu_6820fdfd-ec0c-41e3-831c-d9feed1d895c,n.,firewood,,,,,,,,
23948dc6-a54b-47c3-8eeb-b7b1947c0bf1,yu_6820fdfd-ec0c-41e3-831c-d9feed1d895c,cov.,to cook over fire,,,,,,,,
447bf372-d408-4699-a66b-d079712ba230,yu bägäl_7f6107e5-a95e-4fe5-b696-c6399d6a444a,n.,"gun, firearm",,,,,,,73:5,
bb2a7ab6-f8a2-45fe-a7f9-dad96a1a8998,yu bäng_eaf5ac2c-8743-45ab-80ee-0e2196446180,n.,firestick (to start a fire),,,,,,,154:3,
2335e747-3fd8-4ea5-92c0-192693b2fdc6,yubud_9f6809eb-a212-45e6-8812-8e8aa2540cae,n.,type of tree,,,,,,,Tony Warama,
ce03e784-1d8e-4a4f-b417-b4420046edf5,yu dumbrel_0f952ec4-f044-41c8-b805-a19b70c2214c,n.,flame,,,,,,,160:11,
643e7f68-2f71-4270-be8e-b8183975ecd4,yuddädda_8d287f3e-e9b5-4b21-ae92-ab4ec78a6e2f,n.,type of palm with branches used for armbands,,,,,,,35:30,
a82f7769-af68-4549-bbd0-2c47f92b517c,Yuga_0a034bbe-37b5-4768-b941-d2456f92abda,prop.n.,male personal name,,,,,,,,
0155540a-305e-419d-aac4-50aa422f851e,Yugui_feb6d08b-f392-4689-9910-c0542ef44585,prop.n.,female personal name,,,,,,,,
7c073559-0ae9-449f-bf66-df7e2f09670c,yu kire_95dcef5e-ef3f-45be-823d-2eeb3aea80ff,n.,firewood,,,,,,,158:49,
a03cfb79-eb6a-48cc-b793-f16d7d9e7d40,yu menanen_d8f09d45-ccc3-4b94-af2c-2119e06081bd,n.,heat of the fire,,,,,,,,
98a422f1-3a7d-4f17-a21c-8e9ddf3af4c0,yu molle täre_41d0eebe-49d6-4163-84aa-dc77cef6143d,n.,feast type,,,,,,,,
448c93cc-4755-402c-9f49-22dd91244225,Yun_c769a180-d990-4624-969f-2919f53d27b7,prop.n.,female personal name,,,,,,,,
f3f16c7b-2bb6-459f-97d3-2bfa3ced48f4,yunipom_3523ab65-5846-48f3-99ca-df3e58bb9396,n.,uniform,,,,,,,,
ca1edc50-6a81-4af1-ad77-43dce409fa03,yunu_453def5c-66fc-42d8-811b-a1b2b4d80362,n.,sleep,,,,,,,,
643ca939-9da1-4688-8cda-239f0f8664bf,yu ngongom_441a3bf3-da84-486e-9304-66b15b86da81,n.,small fire,,,,,,,,
84327f1f-c4a0-4745-99ca-2ce03f0de43b,yure_d192ed1c-057d-46a3-b887-5633ea1b0792,n.,type of sago,,,,,,,55:33,
8ab4dae7-7a89-4ad5-ab2b-acd573ee7456,yuru_1b1c8f2a-d1bf-43a3-baa5-64a4e4bc55d7,n.,type of pandanus,,,,,,,Tony Warama,
ff26b2ee-a036-4fd9-9564-1609f9e949b3,yurwe_40b7f54c-14d0-4e1b-8eeb-b8e0de9fce0b,n.,type of tree,,,,,,,,
d45e2b45-a547-4332-ab4b-02002581faeb,yus_9816ea74-3aec-4faf-a502-d0424370487d,cov.,to use,,,,,,,,
65690f44-9cf9-4471-b95d-70bea97f26d6,yu torkomoll_a80b8c61-e57b-486a-abca-65bb11e555f8,n.,charcoal,,,,,,,160:1,
5f2dd90f-cf4f-4fcb-8489-fdd1584c9ea8,yu ttängäm_d9e8af22-eab6-4251-a4ba-1ef24cc276bd,n.,hell,,,,,,,29:1,
8269381d-4e0d-45a4-95ed-e80a42487081,yu ttätta_f198d586-a497-46c2-846f-e5538cdba342,n.,"burning wood, burnt wood",,,,,,,,
aafd4b76-58ae-4b15-b4f1-6fb9921d00c7,yuwet_e82a82d4-c046-47cc-b2de-9d823902cdf4,n.,short period of time,,,,,,,,
89070721-5351-4a54-be6b-28fb28ae1c17,yuwetyuwet_3a3fb35c-ee1a-4bda-9b18-97e0334d7e8d,adv.,"temporarily, briefly",,,,,,,,
5a03b409-4e92-44a4-82b3-5db16fbf932d,yuwog_e34a707e-b24a-4d80-8bb6-32604dbe18b4,quant.,"many, a lot of (for countable nouns)",,,,,,,3:12,
db2fd07a-4aa3-4ec1-93c5-45876e2a8182,yuwog_e34a707e-b24a-4d80-8bb6-32604dbe18b4,adv.,"for no reason, on a whim",,,,,,,,
ade077a0-05a7-420f-a2ec-57a3d9f10e87,yuwoyuwog_207d462a-174b-4de1-8bd2-f4dfe768638b,adv.,"needlessly, excessively",,,,,,,,
0a671452-9155-423e-a53b-ebcdf1d195fb,yuwoyuwog_207d462a-174b-4de1-8bd2-f4dfe768638b,adv.,"not completely, not properly",,,,,,,,
a4e3b15f-24f8-41f6-a33b-3589df94befb,za_f85636f4-d46c-4b26-87ac-faa3b9be2572,n.,thing,,,,,,,,
bd5fa40a-8a48-4429-b645-72083b6d22bf,zaga_8b79b21c-1090-4a4c-a750-8ceab4066373,pro.,self (forms reflexive pronouns),,,,,,,,
4cd819b7-2fd1-4188-bf1f-5ad19cf7cc13,zagu_cd5ee216-5c9b-44d7-bcce-09ff45e6959b,n.,type of sugarcane-like plant that grows in the swamp,,,,,,,,
5d88829f-a61d-4463-a3b9-6c5e3c327549,Zakae_bae192d0-606a-478c-880b-9fb294c8a39a,prop.n.,male personal name,,,,,,,,
da8740b9-f1fb-4adf-b8ea-5556b59f5e8f,zan_7f6f6e63-9c96-411d-a929-407d2c0caf09,i.v.,"to enter, go in, go into",,,,,,,,
a0bc6c70-cfc5-4522-9a52-622e104eb136,zan_7f6f6e63-9c96-411d-a929-407d2c0caf09,t.v.,to put in,,,,,,,,
59eb0f55-b254-4985-b8d2-7144d0fa4196,Zanor_3b176835-a4c2-4c5f-a19e-de0a3dd16371,prop.n.,"Zanor (in Gogodala Rural LLG; GPS: -8.459817, 142.688025)",,,,,,,"Bodog Jowanang, Geoff Rowak, Inawa Dareda",
b1c88a05-eb9c-47ea-8452-25fd215d91e8,zanzi_e29b2fe6-ef6e-460b-ad39-b85013cb2090,i.v.,to settle,,,,,,,,
4ef13acf-b4c3-4dd8-a00c-8d13a1f09334,Zanger_616b0b20-5222-49ba-b74a-c9afd9d3f5a6,prop.n.,female personal name,,,,,,,,
47f74243-251a-4b85-af7c-a8cf160c603e,zanggae_96995ac4-6a3f-4e2f-bf87-cf87f93b113d,i.v.,"to roam, go around",,,,,,,,
bf08db99-0b03-4a06-82e8-612ac30103cf,zangom_4afcbdf9-4793-42e5-8823-82b19b150a95,Temporal adverb,now or today,,,,,,,,
7d13822c-4a9c-4031-b6b7-c2fe2eb64ddb,Zarma_f1e50a39-72a4-47f0-a740-e8b8d5b87a89,prop.n.,Zarma (toponym),,,,,,,"Bodog Jowanang, Geoff Rowak, Inawa Dareda",
9d531c77-fc0d-45b3-8b2f-539ba8498110,zarmeny_88397728-486c-452b-a4eb-d447803bb795,n.,"type of long yam with a white interior, hairs, and no thorns",,,,,,,174:3,
39bdffea-6660-4566-9977-5946f64c58f4,zawatt_a62424e7-4b21-43f9-8e55-7abee568490b,n.,vagina,,,,,,,,
64f56422-9f57-4778-8664-efcaee4c1c36,zazaba_0bdb267e-18e4-4c59-8796-59863d6e7cb5,n.,type of bag,,,,,,,,
b8c5ee3e-4cdd-43cc-9845-7b6418f785dd,zaze_567e7dfa-c7a6-48f7-8897-0c298c2fdf70,i.v.,"to give birth, lay",,,,,,,,
ff107bcc-cfca-4cf2-b555-0e522aa70d50,zaze_567e7dfa-c7a6-48f7-8897-0c298c2fdf70,n.,"generation, siblings born of the same mother",,,,,,,,
a795ceca-1fa8-4aae-98d0-817d853e0a0a,zaze_567e7dfa-c7a6-48f7-8897-0c298c2fdf70,n.,,,,,,,,,
903d23a8-68c2-48a8-bf91-3908aeab103e,zäbo_edab77d1-3493-4e85-8eda-6438bf3278ac,n.,yellow-streaked lory,Chalcopsitta scintillata,,,,,,,
e5a75426-8030-491f-bee2-871c0a69d511,zäm_59b9b4e8-3bb6-46ca-9621-ae480f27e0c4,i.v.,to pass through,,,,,,,,
cfbaa234-e863-445e-9f2a-8ca45a2d68d9,zämae_f284b690-bfba-436f-bc22-06d083b09964,t.v.,"to pour, put, transfer",,,,,,,,
e24ddf61-1fa8-489f-8448-567777d40fd8,zämängg_c6f5d46a-6b6a-418a-9472-76c86dc4e0a8,i.v.,to be in heaps,,,,,,,,
9861bee7-5cc8-40dc-90f4-8dc70ac7b041,zämllall_1cdc54ae-62e0-46b1-b27a-3d198b50fb36,cov.,to pass by,,,,,,,,
c5352965-38b2-4ecd-b436-6f1b59757fd8,zämllallang_0bf39a36-2252-434b-9801-94f7fe820302,n.,passerby,,,,,,,,
a0732d48-6b0d-4cf4-a533-2c4af1b34aa1,zämllazämllall_5cd08956-2b7c-463e-98ed-b691b6fef323,adv.,nonstop,,,,,,,135:13,
fac685d3-889f-4daf-b0b8-32bd55ade0c0,Zedem_681375b9-41ed-4887-8a99-aa7b4a278515,prop.n.,male personal name,,,,,,,,
fbd1f4d5-942e-4a06-bf4d-0d6eba909747,zeg_ad1354ea-5ca5-4731-a5c3-98ab65434b6c,i.v.,to be born,,,,,,,,
e4ae3306-e78a-411f-b565-6f6c8a6de8df,Zegma_129089de-27c1-4656-bce2-ed5f060dca44,prop.n.,Zegma (camping place),,,,,,,"Bodog Jowanang, Geoff Rowak, Inawa Dareda",
9ac1f662-678c-4982-b526-46ec453e0d54,Zeims_e3e5d4c3-783a-40e3-a7ae-42bdaa671ef2,prop.n.,male personal name,,,,,,,,
810ca5bc-3825-409b-bf10-f49ebef0f761,Zekraeya_b00f23c4-c531-4184-a389-4d399b206e95,prop.n.,male personal name,,,,,,,,
671ba75f-13d5-41c3-b587-3a7484b2b6f3,zel_bc1a3d1a-cd3e-43e0-b372-fae09972e645,n.,jail,,,,,,,,
d49a1518-6e85-4462-af4b-6ea71c2cecba,Zelma_b9aa3183-cb03-4179-9839-8543b47443d4,prop.n.,female personal name,,,,,,,,
8108c78f-2cb0-437e-b7fa-7a454d8b9f99,zem_02ca05dd-6243-4915-94f9-b60cb9fb656b,n.,germ,,,,,,,,
f9d322f4-f410-4d03-9d98-b78acaa76eca,Zen_1ac400e4-9551-4af7-b5c2-471eef3c784d,prop.n.,male personal name,,,,,,,,
49888a3a-c593-421b-8093-38cf775b33a1,Zeriko_deeaf659-dbb6-4bd3-be54-cc37f409e474,prop.n.,Jericho,,,,,,,,
04d6b5aa-b515-4499-92fc-f7542ea68c54,zib_d9df4184-8687-465f-8953-69f5c5db6261,n.,type of big tree that grows in the bush,,,,,,,Tony Warama,
bf6aa8bd-fa13-44cc-ac61-5af95bf35c01,zib mäka_6561d21d-aeb4-440a-b9ef-aa66624f1528,n.,type of introduced banana,,,,,,,Sowati Kurupel,
d906c1bb-238b-498d-bde7-3f3f87ccce15,zigae_afdd12e6-89f9-41f9-94b3-ea4f600dc715,t.v.,to wrap,,,,,,,,
7f26ed84-6628-431f-af5c-954baa6c11cf,Zina_dd065764-94e7-4813-8e9f-3008c8772781,prop.n.,female personal name,,,,,,,,
1132b546-7c06-4ea4-a8ab-6379fb970ee8,zire_c3a13ee7-15c3-4125-9f78-b4db322d1b70,n.,barramundi,Lates calcarifer,,,,,,169:5,
c9649b1e-2eb9-46f3-bc32-1685cd053189,ziz_6587c106-98a0-496b-a3c0-2481dac866d2,n.,insect,,,,,,,142:6,
6becef04-5f8e-4478-af45-cee9c3cac817,zizag_90e46904-cc21-49a4-a1f4-cdf7235482d5,n.,"owner, master, lord",,,,,,,,
0d82f67b-7ab0-4c75-b39d-0263d2a4be41,zizi_5a168ad3-a3e5-451d-94e2-52c5902ecb10,t.v.,"to uncover, lift",,,,,,,,
07fc684b-d0be-446c-9008-992218a9ee89,zɨme_a38bd28a-da92-493d-81da-972a4330c4f3,TAM particle,already,,,,,,,,
57f1d4b7-ad5e-4482-9c99-e6b047af1630,Zo_55ed7dc5-87d6-4e9f-bf8e-91aa46fc41c2,prop.n.,male personal name,,,,,,,,
9a1ac07d-25cb-40ae-b573-3ba0714bcd0a,zo_bc1db9e8-79c4-4ad2-b188-e18632761274,n.,fawn-breasted bowerbird,Chlamydera cerviniventris,,,,,,Mayu Dobola,
acee187c-a0d4-494d-8fe5-d22c86e37dd6,zobo ik_6bf662ce-ea5c-4b37-a7f9-0fdb3380ff90,n.,walling (bark on house between sago walls and roof),,,,,,,,
c0c988a8-a773-4ed2-8df8-3b75a213ace1,zogam_3d534719-87f5-4f60-b689-9ee1820b3228,n.,rat,,,,,,,,
7a5fc239-a8b3-4d63-a09e-df4ab7e02ad9,Zon_15898cb5-5926-413d-9264-fe423360270f,prop.n.,male personal name (John),,,,,,,,
75259c3e-21c2-41e5-a012-16a9d6ad0935,Zonas_576c6b47-7c0f-42ac-b08f-67fdaa0a2e56,prop.n.,male personal name,,,,,,,,
d52a4281-3e2c-4950-8ec9-8b7a7c565719,Zoni_a2b0fa6d-47c8-4743-8009-fdf7feb19dc9,prop.n.,male personal name,,,,,,,,
bc04663c-21d1-498a-951b-3e87937a225a,zora_36fd6f21-b967-444f-8a29-e80d5227259c,n.,sharp stick for peeling sago before beating it,,,,,,,,
d8cc8956-6762-46fe-8d76-6ff14dd543a9,Zosep_4fd37009-deb8-4508-8df4-9771fe69ccfa,prop.n.,male personal name,,,,,,,,
66763c8a-abf6-4de3-ae60-858b1f46cae8,zowag_bfa41275-f24f-4338-9c9b-de4db82d14ee,mod.,hoarse,,,,,,,,
7ad93c3c-9fab-4b45-b14f-77e87e0f0cb4,zozo_e6214d8f-7ada-4981-844a-119150362e95,i.v.,"to rot, go bad",,,,,,,,
919422e3-7437-4c3a-afac-7287df4d580e,Zudas_a610d4d9-4f6a-4f38-b333-10787f676df9,prop.n.,male personal name,,,,,,,,
7c09ef14-ed1d-4548-92d1-0f33e017292c,Zudiya_2188af65-9b4b-427a-aa19-2154acfb70d7,prop.n.,Judea,,,,,,,,
31cb6e62-4342-4493-8009-776d955e81e0,Zugu_c14f234f-cd3b-4c69-8d68-9e8e1a4bac58,prop.n.,male personal name,,,,,,,,
488e7d33-8736-4482-b32c-c7ee06199088,Zuli_ed192d64-93bd-4e91-9641-f47e89fd416b,prop.n.,female personal name,,,,,,,,
152203d7-546f-41f3-b8e9-b0f88cf5ca31,Zurusalem_ea3f59e3-ba70-4fd9-9598-82e41dd0223f,prop.n.,Jerusalem,,,,,,,,
dd98db3c-dc87-4ad9-8794-6c578eb54099,zuwoe_e26b0b23-27fc-4ef4-ab32-18832235b6b6,t.v.,to shoot,,,,,,,,
3d515093-5a3d-4420-84ea-01ce6cc897a0,zuwoe_e26b0b23-27fc-4ef4-ab32-18832235b6b6,t.v.,"to pierce; to inject, administer a shot",,,,,,,,
045de666-33f3-403e-87ee-6f435665e162,Caso_b975b9c4-cc9a-4a7a-8fe4-8a15aac0a193,prop.n.,male personal name,,,,,,,,
3beafa0e-1516-457b-8897-ef2acafb8556,Cathy_48f70d77-75e2-48a1-a7ee-e3a9b7c88682,prop.n.,female personal name,,,,,,,,
3aa2979b-2929-49c7-80a6-aebcdb868a4f,Charles_2512ab14-53ea-431e-b5f0-fad9a0353cd5,prop.n.,male personal name,,,,,,,,
fe29015f-b3c6-40a4-b12a-f8cf982b7cbd,Christina_abfb9cc8-8ec5-43ed-ada7-3eb4c9125980,prop.n.,female personal name,,,,,,,,
50f4a8d0-7fab-4d7c-88bc-1d5987d12e66,church_e9f1aece-2fe0-4f22-9203-a34fb78eeba7,n.,church,,,,,,,,
a27eb854-b85a-43ab-a70a-1c609e658b92,Hannah_5442c6b6-1c33-4354-a598-6acd432fc520,prop.n.,female personal name,,,,,,,,
35f78352-5021-412e-b7c5-c514344cc0db,hedmasta_02803292-1e6a-4742-9806-755b86762767,n.,headmaster,,,,,,,,
5e634fca-7861-423f-ba6a-1c1b6f17f55a,Helen_03b53151-c453-4bf2-9635-905dcadd2819,prop.n.,female personal name,,,,,,,,
ae54d1aa-b29e-49d6-9fad-a3234abb04d7,Hiden_8c933998-b7c0-492f-8f5a-15b1b32005e7,prop.n.,female personal name,,,,,,,,
9e06cfa7-c152-422a-ba6b-edb7b4f27a7b,Jae_33d77d0b-8d10-438c-8539-7361d770c0b2,prop.n.,male personal name,,,,,,,,
c57a78dd-e304-4498-bc36-338f60679484,Jamilah_5430044d-afd5-44a1-8e32-cd607ded3f9d,prop.n.,female personal name,,,,,,,,
38256b6b-89f1-44f7-89ab-ea610265f066,Jane_070bb6b7-f6c8-4b44-b512-5c5fe2391385,prop.n.,female personal name,,,,,,,,
567a1213-6ccd-4fb3-bb4e-6bf71a8a737c,Jack_3c4d7248-2b26-441c-acb8-ee8abe7903a0,prop.n.,male personal name,,,,,,,,
ee45078d-b2ba-4c98-b396-56dc4c1d9531,Jackae_ddb45dea-0f1b-4f6a-a4b3-3faec9dc5d1a,prop.n.,male personal name,,,,,,,,
32f94482-e774-4cdc-a378-a56aaf018aaf,Jacklin_4507c1dc-6ecb-4e44-8248-08fc25b98e32,prop.n.,female personal name,,,,,,,,
98c65fd9-6737-4b6a-ac87-0b941ab5123e,Jeff_40789f63-7026-4633-8e67-cf1e32c09c57,prop.n.,male personal name,,,,,,,,
e38590bc-8d94-4e0a-b871-899b50fa9976,Jeiks_ea72f664-8b63-4911-a9e9-8baee7ca35bd,prop.n.,male personal name,,,,,,,,
671d926c-9dcd-4bc8-a6a8-3a08818e3a20,Jeimi_5e362779-e8be-40bb-8709-b509f2823ef3,prop.n.,male personal name,,,,,,,,
496305d4-4753-4755-bd53-1b48ae2267dd,Jemila_c17bd566-97d7-4960-88a3-f03ce0a35782,prop.n.,female personal name,,,,,,,,
9c3c8581-e6e6-40d4-a3e0-bd2051ebe940,Jen_2e82ea28-4848-4020-881c-620756e4c75e,prop.n.,male personal name,,,,,,,,
da9c0ae4-6e52-4f5b-8c56-30d0a95fa40d,Jeped_591be6ba-2f25-47f6-9aa1-1f19afdf8bea,prop.n.,male personal name,,,,,,,,
74cc4fbe-87a0-468a-84c5-444b033090eb,Jerry_dfe98312-87b0-479d-ba67-4c9afa68d90d,prop.n.,male personal name,,,,,,,,
fa61a9e7-79ef-42ef-a482-b8ab4c9b6a50,Jo_17150986-c62a-42e7-a693-13604afe7db8,prop.n.,male personal name,,,,,,,,
b2717186-86a5-411d-8470-fbcee7d9c39f,Joanna_f925db87-255b-4f2b-9fd9-5ab831f3fd7f,prop.n.,female personal name,,,,,,,,
7737b910-ab64-489f-959a-acb39c7700bc,Joden_fa89bbc7-ca35-4c2c-baa5-545d3b8fdeea,prop.n.,male personal name,,,,,,,,
ce76c9d2-c757-4ac3-a263-467e8756c8a2,Joe_748ad679-89e1-4f81-b6e1-f8ba53533c7f,prop.n.,male personal name,,,,,,,,
8fa97552-aa4f-4299-9882-665c17f1f3a6,Joebert_e1aa2253-179e-464f-8091-25fa8e21ef9f,prop.n.,male personal name,,,,,,,,
28f496a0-f959-4e79-9dfc-7a9fefbe8a35,Joe-noh_eef98008-e535-41a8-9e79-be492678788d,prop.n.,male personal name,,,,,,,,
3a7532b3-66b2-403f-ae94-66210641c126,Jonathan_3d0d843b-1763-408e-859a-d6a705ccbe6d,prop.n.,male personal name,,,,,,,,
131a7bb2-95dd-4414-b6c3-f3714e8bd09e,Jordan_042a05e2-8cee-4dd0-8709-c271a428304b,prop.n.,male personal name,,,,,,,,
37933747-f856-4af7-835b-6f3cefba7e96,Joseph_ecaf6f8b-d228-43ad-b1e6-c13ea53495f5,prop.n.,male personal name,,,,,,,,
6c09cfa0-42bc-44db-97f0-6bdbb92a170f,Joshua_9e98f03a-8011-4e79-91b8-e519bcf0b7dc,prop.n.,male personal name,,,,,,,,
84ab712b-df46-46af-a219-f97cade476b3,Jowanang_effda50a-bc1e-4733-8ea4-1c2a11bee643,prop.n.,male personal name,,,,,,,,
5de33dc8-1c80-4dbf-a25c-c8b37cdcc87a,Joy-Lin_c7606353-cc4f-4032-a334-34f417f453dd,prop.n.,female personal name,,,,,,,,
99f817ca-9b63-43ce-a4d5-d23694a2bf6b,Joys_0c9a187b-41b7-4551-a603-b6c8a7724838,prop.n.,female personal name,,,,,,,,
118f0dd5-5bdc-4b0d-9877-3e5f8af2e7f7,John_a84a1b82-5b08-42b8-a123-3a057f49d12c,prop.n.,male personal name,,,,,,,,
7c7a5cac-790d-4df0-a97c-59cb154c9cbe,Johnny_3999d65c-9f37-4fa0-b26b-e978410a7046,prop.n.,male personal name,,,,,,,,
6a684758-febe-44ac-bf99-974f6808766e,Jubli_75a374ec-3096-4e6c-a35c-699f6f6ccf82,prop.n.,male personal name,,,,,,,,
734e0263-e0dc-400c-97e4-9762a734af60,Jugu_9952a92e-5bcc-47b9-86d5-f368d8c1bbdc,prop.n.,male personal name,,,,,,,,
3bdd3e03-159d-40ca-aff5-02224983b698,Julia_8671c0f3-74ec-443b-8f88-316bf66f9247,prop.n.,female personal name,,,,,,,,
cfce5f13-4305-45da-8669-d7768f49f9c8,Julienne_9b07e3ae-ad36-4bb0-9ec1-fb05b668a249,prop.n.,female personal name,,,,,,,,
ab7390dc-a7bf-4b88-993b-13939c1178b3,Junior_10575bbd-8d4a-41ca-b38b-b2d246fe88c6,prop.n.,male personal name,,,,,,,,
5b6ba87b-87c6-4a37-916e-b41fe18b21f4,Queenie_a00e96ab-09c0-4d78-85a8-4a8fa5d873d8,prop.n.,female personal name,,,,,,,,
4ebed7f7-bd7e-49f3-a179-43a0855f0d4e,Quin_8ba6f8e3-f7db-4f93-b6bf-df65304dd27d,prop.n.,male personal name,,,,,,,,
ad833f4a-094e-4cf6-8456-8b211e86b1a3,Quinten_b059ba19-7710-4cfd-8175-84ed3682ac8a,prop.n.,male personal name,,,,,,,,
99c8ec4e-216a-49d5-b898-45345fdb03a0,Quinteth_393083c9-dce5-440f-9481-4e5b7c5681e9,prop.n.,female personal name,,,,,,,,
dcd574cf-1747-4fbe-8ec7-8fe7fc242900,Quinton_a66ade2d-a74f-4ee9-aab4-eaf739b2b85b,prop.n.,male personal name,,,,,,,,
a9a36c3b-2f46-43f8-a020-6a03dc7cbe21,Vanessa_a3e472d7-c63f-41a3-bd5a-6378b8534372,prop.n.,female personal name,,,,,,,,
e755104d-c853-49ea-af24-03235eabc0a2,Vincent_ef279bf3-8078-458a-a59b-e7aa71108db2,prop.n.,male personal name,,,,,,,,
4110dee7-6712-4562-830f-3ccdaae76335,vice-chairman_664b7952-8bfa-4fc5-b17c-4b84472cffbe,Nominal,vice-chairman,,,,,,,,
7954b5ce-b36e-4855-9b92-a2f3b3cc07e8,Victoria_f3b83ebd-38b9-4c3e-9290-87ea7ae701f2,prop.n.,female personal name,,,,,,,,
e6be65f2-f9e6-429a-9d8b-17cedeea4f82,volleyball_d33ab636-23a4-4e50-99f0-c931be40a125,n.,volleyball,,,,,,,,
