Sense_ID,Related_Sense_ID,Related_Entry_Headword,Relation_Type
68c217a4-9c49-4a64-9ec0-6f007f55dd4d,93407efc-f4df-49c6-85e8-9dfff28195e5,es,Coordinate term
68c217a4-9c49-4a64-9ec0-6f007f55dd4d,3c6dd2e0-f7ee-4c31-aedf-5c9a93097570,uta,Synonym
173ac717-36c5-4cd9-b4eb-a03aa9876ed6,63014a44-17e9-46ef-a1d2-338c9115a225,ddobae,Synonym
173ac717-36c5-4cd9-b4eb-a03aa9876ed6,b9846301-9e41-4ffb-8ecc-f83199eafb9b,ddone ada,Synonym
f3a4eaa3-8414-46ab-b54f-e3d8d3daac0d,9f150e6d-8de4-4d58-8476-edf0f3f24852,dam,Synonym
f3a4eaa3-8414-46ab-b54f-e3d8d3daac0d,7183ce85-d758-43b6-a07b-c16d958d8d21,daballe,Synonym
f3a4eaa3-8414-46ab-b54f-e3d8d3daac0d,c832028d-3665-4b8f-a757-64d7f9ce34d0,ako,Synonym
f3a4eaa3-8414-46ab-b54f-e3d8d3daac0d,0aedf5c9-f0c8-4217-a375-033032503a3c,dibaballe,Synonym
f3a4eaa3-8414-46ab-b54f-e3d8d3daac0d,5ab795d4-16bc-480a-b3da-605186673dd6,käsre,Synonym
f3a4eaa3-8414-46ab-b54f-e3d8d3daac0d,8b8c43bf-50bf-4cc8-aad3-df11d2c94bca,ede,Synonym
f7d0c898-0f11-4ed5-90b5-fb71bfbfbb99,c82df8a5-faa8-4b21-9a67-f01513866c16,bänga,Synonym
7c661e5c-e04e-440e-a1f4-23369a2196df,f4adadd2-f16e-48fe-b3b9-13dd24f2fe30,any,Synonym
1d224dcb-7a44-4d96-9d1b-d4ec91114858,64e7edb5-5277-4205-a2a5-7912b92cb55c,ede,Synonym
1d224dcb-7a44-4d96-9d1b-d4ec91114858,a64b5710-b739-4120-80b6-0f37e9788cc0,damasäm,Synonym
1d224dcb-7a44-4d96-9d1b-d4ec91114858,93dfbfc8-916d-4741-afb2-2fa4f2fe4d5e,däbamasäm,Synonym
1d224dcb-7a44-4d96-9d1b-d4ec91114858,ceb92cd9-6e98-4e58-ab55-0afb96dd099b,adawatta,Synonym
2fd8d701-077f-4f1d-9fe2-d103bba4d039,69338a24-ca6a-4820-b569-3419a41a0f43,dibamasäm,Synonym
ceb92cd9-6e98-4e58-ab55-0afb96dd099b,a64b5710-b739-4120-80b6-0f37e9788cc0,damasäm,Synonym
ceb92cd9-6e98-4e58-ab55-0afb96dd099b,64e7edb5-5277-4205-a2a5-7912b92cb55c,ede,Synonym
ceb92cd9-6e98-4e58-ab55-0afb96dd099b,1d224dcb-7a44-4d96-9d1b-d4ec91114858,adawalle,Synonym
4073cf82-dbb8-4938-afc0-a0ebd379d60e,be8acfb0-efbe-417d-936e-369c8470903f,oba,Synonym
7052a6fd-b199-4fa6-8409-995cd89f8e04,d52e7908-d7c4-4a72-a8cc-8e60ccab79d0,ako,Synonym
8f980b3f-67c3-4fdc-ac7b-9c1a1ace281b,e3ede3fb-0ff3-44e3-a5e1-1dfd5a6ad636,Godd,Synonym
ba2e4329-6545-4c9d-af49-810d851f9569,bd83d5e4-e73e-4312-91bb-0c9f67093f94,=daebe,Synonym
ba2e4329-6545-4c9d-af49-810d851f9569,2ff3507b-eb28-4b93-be95-50cea29891bb,=aebe,Synonym
ba2e4329-6545-4c9d-af49-810d851f9569,87785ec8-896e-42ff-b863-8e1e856acdac,=mae,Synonym
2ff3507b-eb28-4b93-be95-50cea29891bb,87785ec8-896e-42ff-b863-8e1e856acdac,=mae,Synonym
2ff3507b-eb28-4b93-be95-50cea29891bb,bd83d5e4-e73e-4312-91bb-0c9f67093f94,=daebe,Synonym
2ff3507b-eb28-4b93-be95-50cea29891bb,ba2e4329-6545-4c9d-af49-810d851f9569,=ae,Synonym
535f07b3-4c34-49b0-b397-78fa6c22192b,023d9350-5958-4f0e-bd7f-b8656b27db08,galbe,Generic
74270408-2ede-49db-9af3-24e44e2d8d08,ee5657ed-ec32-4c8c-aa2c-8f1ae7e91db1,toto,Coordinate term
74270408-2ede-49db-9af3-24e44e2d8d08,42cf0871-beb9-4cb0-bece-4d29505fbbca,ebdo,Coordinate term
74270408-2ede-49db-9af3-24e44e2d8d08,f7edbbda-1632-449c-aa60-00719d51a602,iddob,Coordinate term
74270408-2ede-49db-9af3-24e44e2d8d08,47bdf737-45b6-4fcf-b5ac-345a35ec6c9f,awi,Coordinate term
cbc95a16-834b-4dfa-afa4-5c9322cfdf86,a8401de3-8c90-41f7-abcb-7ead61390911,toto duwem,Coordinate term
cbc95a16-834b-4dfa-afa4-5c9322cfdf86,e85a930f-2445-43d6-ab9a-850f698f7977,yäbäd tuktuk duwem,Coordinate term
633456a4-8fb2-4406-be0b-8c487faddf0b,98baf822-ce7c-46e0-a59c-4c05ef426e9c,mer,Synonym
633456a4-8fb2-4406-be0b-8c487faddf0b,200aed8a-bbb3-4e9c-9be1-b67eb1775896,gagäll,Antonym
b8271fa1-2f61-483d-b4d9-5e0cbf72616f,b6e86a93-8183-4f8b-9d4c-305d7df2444f,aolidae,Antonym
b8271fa1-2f61-483d-b4d9-5e0cbf72616f,544d202d-b1c6-434a-a83b-956d1ed3d3d0,kälae,Antonym
b8271fa1-2f61-483d-b4d9-5e0cbf72616f,f9c922af-add0-4c6c-91dd-6b3bf01ce261,gudae,Synonym
b8271fa1-2f61-483d-b4d9-5e0cbf72616f,c138a496-d060-4616-984f-a684349b18d7,tumang,Synonym
b8271fa1-2f61-483d-b4d9-5e0cbf72616f,b1525d84-ca8c-47e3-bd7c-9fb8735dcd99,gollaeb,Synonym
b8271fa1-2f61-483d-b4d9-5e0cbf72616f,95bae930-cdde-4154-b988-6edc91e6cadf,kemibi,Synonym
b8271fa1-2f61-483d-b4d9-5e0cbf72616f,5a03b409-4e92-44a4-82b3-5db16fbf932d,yuwog,Synonym
206ad26d-4264-400d-941f-4bd6090986fa,63901972-1206-446d-84ed-04acaa728e0d,mullae,Synonym
2c9d5bf2-4a9c-4005-b5fe-fc23ab48334b,0a671452-9155-423e-a53b-ebcdf1d195fb,yuwoyuwog,Antonym
2c9d5bf2-4a9c-4005-b5fe-fc23ab48334b,09200aad-1ccb-4f3a-9b0c-901929405d7c,mermer,Synonym
5d9dbf4a-9244-4755-b18c-b95d1efd868a,e3b9a74f-8177-4816-8e90-0ade48a008b3,oke,Synonym
8d0a2ec8-e5bb-4f2d-aebe-0c1640e12de8,9518174c-42a9-4e4b-b1d9-51fe95677fc4,skul,Generic
d52e7908-d7c4-4a72-a8cc-8e60ccab79d0,7052a6fd-b199-4fa6-8409-995cd89f8e04,ade,Synonym
47a2cc3d-3075-4340-b02d-0642163ee1a6,6a4f46ee-3c2f-48cf-a3b2-72827ffe7dec,kame,Synonym
c832028d-3665-4b8f-a757-64d7f9ce34d0,8b8c43bf-50bf-4cc8-aad3-df11d2c94bca,ede,Synonym
c832028d-3665-4b8f-a757-64d7f9ce34d0,0aedf5c9-f0c8-4217-a375-033032503a3c,dibaballe,Synonym
c832028d-3665-4b8f-a757-64d7f9ce34d0,f3a4eaa3-8414-46ab-b54f-e3d8d3daac0d,abo,Synonym
c832028d-3665-4b8f-a757-64d7f9ce34d0,9f150e6d-8de4-4d58-8476-edf0f3f24852,dam,Synonym
c832028d-3665-4b8f-a757-64d7f9ce34d0,7183ce85-d758-43b6-a07b-c16d958d8d21,daballe,Synonym
c832028d-3665-4b8f-a757-64d7f9ce34d0,5ab795d4-16bc-480a-b3da-605186673dd6,käsre,Synonym
d8bd3fc7-fbd3-410a-bd0d-4f2faf0739f3,a18478e1-95bf-432d-9e1e-82ee322464bb,utt,Synonym
814a9132-4772-4782-9023-da62f38748b9,361cb7c2-20df-44f3-80ae-5726eabb141c,ttongo,Part
814a9132-4772-4782-9023-da62f38748b9,9ae4f842-e026-4cc8-922c-53e116c1b940,dape,Part
814a9132-4772-4782-9023-da62f38748b9,d505e16c-0588-40be-8c99-38402be0d09f,patt,Part
814a9132-4772-4782-9023-da62f38748b9,7a94dea9-9f08-4bfb-890b-4f4349e42dd6,inkätt,Part
814a9132-4772-4782-9023-da62f38748b9,0d3ec87f-d0f6-401e-9ec1-4bdfcfedc98e,ttatt kutt,Part
814a9132-4772-4782-9023-da62f38748b9,a5474405-15a9-4bd6-b48d-50498c5df79a,kuib,Specific
e4f20f60-6cb8-43d2-aa92-e87c31b1ad7d,c72ee147-97c1-42a8-bb94-fb62835d0a37,=kämall,Synonym
52a5aa3f-e2cd-4f1a-9e68-391c145b422e,007bee6c-09f1-4a80-a808-6335008045e4,=att,Synonym
52a5aa3f-e2cd-4f1a-9e68-391c145b422e,56b53b8d-226a-471b-85a2-fae7713cf5f1,=mattäm,Synonym
1c62752f-286a-4843-94d5-85d9effdf732,8735f3cd-34da-4b9c-b7be-c9dd7148fd36,pameny,Synonym
1c62752f-286a-4843-94d5-85d9effdf732,8d0b9f9b-c50f-453f-a003-e99419121197,uk,Synonym
1c62752f-286a-4843-94d5-85d9effdf732,c9985f15-5908-44c1-b7dc-0b8a99f1dc45,erany,Synonym
f2fc5dd2-b82e-47f6-9dd0-db32d2ae1a13,161f96b3-f612-4d5b-92dc-db11bb2cbdc5,allko kukut,Specific
f2fc5dd2-b82e-47f6-9dd0-db32d2ae1a13,48ac36fa-031b-408c-9934-303a31c615d4,käza allko,Specific
161f96b3-f612-4d5b-92dc-db11bb2cbdc5,f2fc5dd2-b82e-47f6-9dd0-db32d2ae1a13,allko,Generic
022cb6c6-61a9-4960-96c0-ac0273ff1d43,f83f0cf4-dd91-4dbc-9f1c-7f19fc59502d,sana,Generic
5a16def7-1b8d-488e-b9a0-c6221eaed747,b1257e02-ba83-4db6-a346-ddd701f27d57,pättkäp,Coordinate term
1d210667-3562-47cd-8eef-72dbece62981,49119fba-3ebc-4353-8397-37928098c5ff,aya,Singular
6bb71c4f-f16b-4805-b798-ac58b04fa00e,0e42f66d-d79b-4e1b-b657-c5d98c75e82d,ku,Synonym
556f4237-d0a8-4e82-8b7f-b75ec873a00d,a0732d48-6b0d-4cf4-a533-2c4af1b34aa1,zämllazämllall,Synonym
556f4237-d0a8-4e82-8b7f-b75ec873a00d,c377fffd-da6c-472b-89fc-bb8c1824b871,llättmeny,Synonym
ad29370d-424b-492f-8001-c1d2eaaf092b,48fb0414-969f-4135-adc0-7784675c61c2,omgälgäl,Specific
ad29370d-424b-492f-8001-c1d2eaaf092b,5b91f572-910b-4b4d-861e-86772b37075f,budombudom,Specific
ad29370d-424b-492f-8001-c1d2eaaf092b,4188392a-d509-44d8-96ca-78215b953396,tatruk,Specific
ad29370d-424b-492f-8001-c1d2eaaf092b,b0ee3f69-560e-4f1b-b8d2-6578395b823f,tintromol,Specific
ad29370d-424b-492f-8001-c1d2eaaf092b,d969362c-919b-43cc-af93-4991f00d9196,bodobodom,Specific
ad29370d-424b-492f-8001-c1d2eaaf092b,bbbc909b-1b56-46e8-954e-5965b5dd35b1,ngoetrangoetra,Specific
ad29370d-424b-492f-8001-c1d2eaaf092b,0cc93658-734a-42e6-a14a-ec08087469a4,sis,Specific
ad29370d-424b-492f-8001-c1d2eaaf092b,c9649b1e-2eb9-46f3-bc32-1685cd053189,ziz,Generic
3f905233-6459-4016-9242-afe3101f66b1,fcec7111-3997-4c32-b2ce-dabd80626863,inu,Synonym
dd24d104-d0d5-46e2-8515-df4fcc763984,a1975c3a-4a9f-454f-b088-099f5392bb05,bäll,Synonym
dd24d104-d0d5-46e2-8515-df4fcc763984,f0074bb2-4868-4c47-92e4-0f1dcb337a45,ttäle,Whole
f4adadd2-f16e-48fe-b3b9-13dd24f2fe30,7c661e5c-e04e-440e-a1f4-23369a2196df,ada,Synonym
4cf04f9f-3766-452c-be7e-fec96694419b,98347425-27c6-4c5c-9a00-9ca03c2c4200,kollmos ttam,Synonym
4cf04f9f-3766-452c-be7e-fec96694419b,76128d14-ffa6-48a6-8ed6-b84ee9e4d447,idd,Synonym
3dcd85cf-b6ec-4dec-8a12-60a11726782d,0f08f7d4-e781-4976-9397-288b3ae478d4,se,Synonym
3dcd85cf-b6ec-4dec-8a12-60a11726782d,efa1f703-5a08-4ac0-b913-f282965651b1,ddone,Antonym
3dcd85cf-b6ec-4dec-8a12-60a11726782d,9faa3b56-4f29-4cc2-9108-995c94ba8b49,ka,Antonym
47292bc3-987f-436a-8c82-4a146f9f94d9,696d8dce-01fd-44d5-84a1-b5f396af974f,gäglib,Near synonym
47292bc3-987f-436a-8c82-4a146f9f94d9,f0f7febf-312e-4263-8ced-d75eb53de5d3,koenmäll,Synonym
47292bc3-987f-436a-8c82-4a146f9f94d9,882ca466-c9c3-4d0e-9395-a42517e3747f,beyambäg,Synonym
b6e86a93-8183-4f8b-9d4c-305d7df2444f,b8271fa1-2f61-483d-b4d9-5e0cbf72616f,ai,Antonym
b6e86a93-8183-4f8b-9d4c-305d7df2444f,5a03b409-4e92-44a4-82b3-5db16fbf932d,yuwog,Antonym
b6e86a93-8183-4f8b-9d4c-305d7df2444f,95bae930-cdde-4154-b988-6edc91e6cadf,kemibi,Antonym
b6e86a93-8183-4f8b-9d4c-305d7df2444f,b1525d84-ca8c-47e3-bd7c-9fb8735dcd99,gollaeb,Antonym
b6e86a93-8183-4f8b-9d4c-305d7df2444f,c138a496-d060-4616-984f-a684349b18d7,tumang,Antonym
b6e86a93-8183-4f8b-9d4c-305d7df2444f,f9c922af-add0-4c6c-91dd-6b3bf01ce261,gudae,Antonym
b6e86a93-8183-4f8b-9d4c-305d7df2444f,91874006-87a6-4412-a7bd-fedb8e49018e,ttongottongoalle,Synonym
b6e86a93-8183-4f8b-9d4c-305d7df2444f,544d202d-b1c6-434a-a83b-956d1ed3d3d0,kälae,Synonym
5100c684-ade4-427a-9399-5587a7cd944f,5ad22b66-5b81-4732-8c79-e49699b09eb9,pob,Synonym
5100c684-ade4-427a-9399-5587a7cd944f,0538273d-bb07-4bb6-8443-88dc2a640b7c,awe,Synonym
8a6a0cf2-440d-4b8a-be57-c7a6817ec903,da3510a5-0bc6-431f-b366-589a4bf79b49,bärät,Generic
8a6a0cf2-440d-4b8a-be57-c7a6817ec903,44bb3616-9aa2-4347-8e23-910a5bff8471,mätta,Generic
94acc0f4-9bc9-43be-9699-29bd5341b177,fe1286ca-76be-4c3f-978e-967ae67f0aac,towall,Generic
5173e2d5-cb86-4965-a0d3-578ff1e4e294,bea1f72a-5617-4eac-823d-e2d436a593ba,potin,Synonym
18271e18-23f2-437f-accf-faa71fe082c9,60985b76-dd4c-4cc3-b727-b798ca57b6d1,sebentin,Synonym
165246ef-67fd-4142-9747-9ed3b7735661,39475b54-3864-43c8-bd46-5f53c4dc0838,komlla putt,Synonym
165246ef-67fd-4142-9747-9ed3b7735661,4da8ac0b-b71d-4441-acc4-c3be211e8637,twelb,Synonym
774e8a80-fb93-4425-8ba5-10ea6701695a,04adb11e-571e-4dc5-9821-a1482441f292,piptin,Synonym
fc6d320b-2080-485e-8197-8e6c973d5d3a,35bb5a8d-3ce3-4167-b6e7-313a9f9e818c,eitin,Synonym
c727c23b-bf3a-419a-ab37-0b6b22ece8b5,89412ad3-a2fc-42d7-8198-5d359fbdcbae,eleben,Synonym
ed71e238-812c-4d0c-9ccf-b23e95e14cf3,905d2581-a8d0-49a9-a56c-68cb14e1daa8,naentin,Synonym
86364bf2-a0f4-43cc-ac18-6ccb8fba672f,acfd95f9-685e-42f1-b836-8afef7eededa,sikstin,Synonym
561194a1-2104-4a0a-9f00-ff8cc627ab46,b361a908-20a2-432e-bebe-ecd0e29291be,tetin,Synonym
bde9b2fd-aa5a-4013-91af-bcdbe5b28137,2cf317db-f3a8-4d37-a83e-5c32153e5c57,erany,Synonym
3c564c97-7fc9-4326-b14d-b635fa3f9e67,3dcdb851-10c1-413a-86a5-26cf67418633,up,Generic
8b972b64-038a-4e70-9678-d12bfde1a317,3dcdb851-10c1-413a-86a5-26cf67418633,up,Generic
b306a964-d9c6-40c7-94d0-6eaf1fb8cf22,3a809054-945c-466d-a36c-22c8a6fa7ff3,kottllam,Generic
3b5a6604-e39c-4587-9eff-e85ebf2be063,2e54db5a-3e5d-4b0b-88a8-559aee5cae42,biye,Generic
007bee6c-09f1-4a80-a808-6335008045e4,52a5aa3f-e2cd-4f1a-9e68-391c145b422e,=alle,Synonym
007bee6c-09f1-4a80-a808-6335008045e4,56b53b8d-226a-471b-85a2-fae7713cf5f1,=mattäm,Synonym
007bee6c-09f1-4a80-a808-6335008045e4,cd7aff81-ec60-43b2-911c-c659175ce5e3,=patatt,Synonym
007bee6c-09f1-4a80-a808-6335008045e4,56b53b8d-226a-471b-85a2-fae7713cf5f1,=mattäm,Synonym
61f56bd0-9f02-4f79-bf85-3cf454ca8d51,6096d201-38da-4c99-af10-5c3dee047f9f,wɨndwɨnd,Synonym
1b02f083-1766-4b38-b299-93db4d21d6b3,4115f17a-fe1f-42ba-a4b1-4a268bce6fcb,mällause,Synonym
1b02f083-1766-4b38-b299-93db4d21d6b3,f2518f23-ef3e-42c2-9854-cb6ceeff85dc,llamda,Coordinate term
1b02f083-1766-4b38-b299-93db4d21d6b3,b698c9e2-cc93-4519-a55f-9fe89b9e58e6,llamäg,Coordinate term
0538273d-bb07-4bb6-8443-88dc2a640b7c,5100c684-ade4-427a-9399-5587a7cd944f,ap,Synonym
0538273d-bb07-4bb6-8443-88dc2a640b7c,5ad22b66-5b81-4732-8c79-e49699b09eb9,pob,Synonym
148ef417-ffaf-47e2-978f-7a155015c36b,1de3463f-6dd5-4acc-812f-d3f1eb7161bb,dirom,Generic
47bdf737-45b6-4fcf-b5ac-345a35ec6c9f,ee5657ed-ec32-4c8c-aa2c-8f1ae7e91db1,toto,Coordinate term
47bdf737-45b6-4fcf-b5ac-345a35ec6c9f,42cf0871-beb9-4cb0-bece-4d29505fbbca,ebdo,Coordinate term
47bdf737-45b6-4fcf-b5ac-345a35ec6c9f,f7edbbda-1632-449c-aa60-00719d51a602,iddob,Coordinate term
47bdf737-45b6-4fcf-b5ac-345a35ec6c9f,74270408-2ede-49db-9af3-24e44e2d8d08,ag,Coordinate term
49119fba-3ebc-4353-8397-37928098c5ff,1d210667-3562-47cd-8eef-72dbece62981,ami,Nonsingular
83b3baef-ae29-44bd-93f7-4f328edf236d,44bb3616-9aa2-4347-8e23-910a5bff8471,mätta,Generic
17ed3347-97a7-437c-a9e1-069fb02a7b5d,e54e6bea-6f3d-480c-b6fc-22b31116fdea,mama,Coordinate term
17ed3347-97a7-437c-a9e1-069fb02a7b5d,4ab33d2f-f424-4ef0-9a4a-f5fa79e9850d,mäg,Coordinate term
17ed3347-97a7-437c-a9e1-069fb02a7b5d,5f2417e2-5cf8-4f30-847a-c280581145c5,yae,Coordinate term
17ed3347-97a7-437c-a9e1-069fb02a7b5d,935f0a9d-1718-407b-afa4-420a4f4612a4,mami,Coordinate term
17ed3347-97a7-437c-a9e1-069fb02a7b5d,1f2d85e9-5052-4af8-a3df-848fd63a7587,mäda,Synonym
17ed3347-97a7-437c-a9e1-069fb02a7b5d,a9a0679d-1df9-4249-88b4-642bea993740,dedi,Synonym
17ed3347-97a7-437c-a9e1-069fb02a7b5d,fdd884ea-2a4e-444f-aab2-189067ba907c,yaya,Synonym
1dd89481-4eef-4054-8446-62b999cdd5d2,29369fd8-7de3-4ebe-bc46-ab590cddc09f,yäbäd ttänttämang,Coordinate term
1dd89481-4eef-4054-8446-62b999cdd5d2,56b5e6a5-a0f7-4bae-8f5f-ff36482373a2,bawa minyminy,Coordinate term
1dd89481-4eef-4054-8446-62b999cdd5d2,8a818aa0-eaa9-4385-9952-1499687b1d5a,kunun,Coordinate term
1dd89481-4eef-4054-8446-62b999cdd5d2,bec3871b-c51a-40c2-a3b9-e52be9238f5e,beatururang,Coordinate term
1dd89481-4eef-4054-8446-62b999cdd5d2,04b16e46-6c22-4690-9b60-e5edffaaa3fd,sisor pazi,Coordinate term
1dd89481-4eef-4054-8446-62b999cdd5d2,f46b19ee-32f9-4be9-8284-3bfdfa1d4d62,kokngal,Coordinate term
1dd89481-4eef-4054-8446-62b999cdd5d2,490e8b03-8762-4689-834e-b80007993325,dadel,Coordinate term
1dd89481-4eef-4054-8446-62b999cdd5d2,9f03a581-50dd-4e94-8e6f-abf1cf8c8d0b,kämag,Coordinate term
1dd89481-4eef-4054-8446-62b999cdd5d2,0c93f123-bbdb-452f-baa7-6788df398ea1,sis,Coordinate term
1dd89481-4eef-4054-8446-62b999cdd5d2,d8bf8771-f5ae-4ec6-993f-c2bef70aef67,täträp,Coordinate term
1dd89481-4eef-4054-8446-62b999cdd5d2,bcc89d36-780f-44d4-b19d-afb7499a716d,däm ibenen,Coordinate term
1dd89481-4eef-4054-8446-62b999cdd5d2,0eb1fb30-2bd9-41dc-b06d-a9b5b84b54f8,bawa,Coordinate term
1dd89481-4eef-4054-8446-62b999cdd5d2,06159197-a77b-4905-83f2-2e03f8030ac2,yäbäd bäng,Coordinate term
1dd89481-4eef-4054-8446-62b999cdd5d2,2b4d091b-babb-4938-a7f3-1ec9a276d311,tarme ballmenyang,Coordinate term
1dd89481-4eef-4054-8446-62b999cdd5d2,0122fb26-ab2a-4593-8ec1-5ccb876cc642,yäbäd,Coordinate term
5ef5b3cb-ef94-43df-8dad-db6f99b48d76,2e54db5a-3e5d-4b0b-88a8-559aee5cae42,biye,Generic
54e4f37c-1c9d-4995-a38c-43c11171f59c,16c8607e-d9aa-462f-bba2-30f570989d6d,bako,Synonym
e9955055-0198-40a3-a06d-1f507eb09432,2e54db5a-3e5d-4b0b-88a8-559aee5cae42,biye,Generic
16c8607e-d9aa-462f-bba2-30f570989d6d,54e4f37c-1c9d-4995-a38c-43c11171f59c,bade,Synonym
e124be53-27de-442c-bc61-3eac8a8fa46b,aaa385fd-fd34-4826-8791-f8d72155756a,seborsebor,Synonym
e124be53-27de-442c-bc61-3eac8a8fa46b,c8bba5e7-8727-4e15-b193-954a79f31a3d,okokol,Synonym
862f61bc-8003-4f7a-87bf-85d6fe6c32bd,c2784963-9bca-4c3b-9e4c-bd30df40b739,kaemne,Generic
96f87b7f-2272-4899-91e2-d18206d3424d,bb8fd5f4-6076-4684-85f5-cdb6122aea90,bädab,Synonym
0ff6a5f6-7ce5-4f7a-b47a-6328152dee83,2e54db5a-3e5d-4b0b-88a8-559aee5cae42,biye,Generic
2fb1bd68-07cb-42d5-a1f7-8cb9905477b5,8a020708-16b9-4abe-b349-51c666c2d939,lläkäm,Generic
fac4ae80-b2b8-4137-b7f1-75058ad2b66a,592a1172-98ee-4471-b943-8bfae08834d5,waewae,Specific
3d1e93f7-b74c-4ab2-b0ca-0bc5fa25bb5c,44bb3616-9aa2-4347-8e23-910a5bff8471,mätta,Generic
39b749d8-2e2f-45b1-b9fc-0e48147bcc96,7fafdcbe-a10e-4a67-ba18-2136b169fc67,kollba,Generic
2a68e856-27b9-42f4-a09b-bcddc4a9a9f8,c11a79c1-d56c-4295-993b-0c3befc4cc77,moepang,Synonym
87af1dd3-05c5-44d5-9c2c-5dcb9deeee6b,e71dc5dd-e81a-492a-adb2-aac3dc7696ba,tobäll,Generic
0eb1fb30-2bd9-41dc-b06d-a9b5b84b54f8,bcc89d36-780f-44d4-b19d-afb7499a716d,däm ibenen,Coordinate term
0eb1fb30-2bd9-41dc-b06d-a9b5b84b54f8,d8bf8771-f5ae-4ec6-993f-c2bef70aef67,täträp,Coordinate term
0eb1fb30-2bd9-41dc-b06d-a9b5b84b54f8,2b4d091b-babb-4938-a7f3-1ec9a276d311,tarme ballmenyang,Coordinate term
0eb1fb30-2bd9-41dc-b06d-a9b5b84b54f8,1dd89481-4eef-4054-8446-62b999cdd5d2,babaem,Coordinate term
0eb1fb30-2bd9-41dc-b06d-a9b5b84b54f8,56b5e6a5-a0f7-4bae-8f5f-ff36482373a2,bawa minyminy,Coordinate term
0eb1fb30-2bd9-41dc-b06d-a9b5b84b54f8,06159197-a77b-4905-83f2-2e03f8030ac2,yäbäd bäng,Coordinate term
0eb1fb30-2bd9-41dc-b06d-a9b5b84b54f8,8a818aa0-eaa9-4385-9952-1499687b1d5a,kunun,Coordinate term
0eb1fb30-2bd9-41dc-b06d-a9b5b84b54f8,0122fb26-ab2a-4593-8ec1-5ccb876cc642,yäbäd,Coordinate term
0eb1fb30-2bd9-41dc-b06d-a9b5b84b54f8,04b16e46-6c22-4690-9b60-e5edffaaa3fd,sisor pazi,Coordinate term
0eb1fb30-2bd9-41dc-b06d-a9b5b84b54f8,f46b19ee-32f9-4be9-8284-3bfdfa1d4d62,kokngal,Coordinate term
0eb1fb30-2bd9-41dc-b06d-a9b5b84b54f8,a02aae0d-4b06-4612-97a3-a5efcdfc7142,dadel,Coordinate term
0eb1fb30-2bd9-41dc-b06d-a9b5b84b54f8,bec3871b-c51a-40c2-a3b9-e52be9238f5e,beatururang,Coordinate term
0eb1fb30-2bd9-41dc-b06d-a9b5b84b54f8,29369fd8-7de3-4ebe-bc46-ab590cddc09f,yäbäd ttänttämang,Coordinate term
56b5e6a5-a0f7-4bae-8f5f-ff36482373a2,1dd89481-4eef-4054-8446-62b999cdd5d2,babaem,Coordinate term
56b5e6a5-a0f7-4bae-8f5f-ff36482373a2,f46b19ee-32f9-4be9-8284-3bfdfa1d4d62,kokngal,Coordinate term
56b5e6a5-a0f7-4bae-8f5f-ff36482373a2,04b16e46-6c22-4690-9b60-e5edffaaa3fd,sisor pazi,Coordinate term
56b5e6a5-a0f7-4bae-8f5f-ff36482373a2,2b4d091b-babb-4938-a7f3-1ec9a276d311,tarme ballmenyang,Coordinate term
56b5e6a5-a0f7-4bae-8f5f-ff36482373a2,490e8b03-8762-4689-834e-b80007993325,dadel,Coordinate term
56b5e6a5-a0f7-4bae-8f5f-ff36482373a2,9f03a581-50dd-4e94-8e6f-abf1cf8c8d0b,kämag,Coordinate term
56b5e6a5-a0f7-4bae-8f5f-ff36482373a2,29369fd8-7de3-4ebe-bc46-ab590cddc09f,yäbäd ttänttämang,Coordinate term
56b5e6a5-a0f7-4bae-8f5f-ff36482373a2,0122fb26-ab2a-4593-8ec1-5ccb876cc642,yäbäd,Coordinate term
56b5e6a5-a0f7-4bae-8f5f-ff36482373a2,0eb1fb30-2bd9-41dc-b06d-a9b5b84b54f8,bawa,Coordinate term
56b5e6a5-a0f7-4bae-8f5f-ff36482373a2,bcc89d36-780f-44d4-b19d-afb7499a716d,däm ibenen,Coordinate term
56b5e6a5-a0f7-4bae-8f5f-ff36482373a2,06159197-a77b-4905-83f2-2e03f8030ac2,yäbäd bäng,Coordinate term
56b5e6a5-a0f7-4bae-8f5f-ff36482373a2,bec3871b-c51a-40c2-a3b9-e52be9238f5e,beatururang,Coordinate term
56b5e6a5-a0f7-4bae-8f5f-ff36482373a2,d8bf8771-f5ae-4ec6-993f-c2bef70aef67,täträp,Coordinate term
56b5e6a5-a0f7-4bae-8f5f-ff36482373a2,8a818aa0-eaa9-4385-9952-1499687b1d5a,kunun,Coordinate term
157ccd0a-86da-41e2-a6e8-25151fb386c5,c84785b5-0295-41cc-bc8f-3e39710aff3d,tame,Synonym
4bd35194-8c9a-45e6-a22c-fabe1cf1df39,69101aa2-ad99-4af3-bcc2-1bd937f3dd30,daindaim,Synonym
745ece25-a067-4229-8a1f-129f341f0fac,023d9350-5958-4f0e-bd7f-b8656b27db08,galbe,Generic
e1456342-a608-4743-8395-deda940dcdd2,653f7def-89c5-48a1-83bb-b732fd9b45c9,nge,Generic
bb8fd5f4-6076-4684-85f5-cdb6122aea90,96f87b7f-2272-4899-91e2-d18206d3424d,ballme,Synonym
a16794a8-618e-4c39-b311-bbdef7a945fe,f83f0cf4-dd91-4dbc-9f1c-7f19fc59502d,sana,Whole
a16794a8-618e-4c39-b311-bbdef7a945fe,6e8376e2-2d85-4b03-8e9d-3c013876d5b2,käzabun,Coordinate term
c8af7f1a-40c3-4cf1-861f-a459b3fc4cde,2e54db5a-3e5d-4b0b-88a8-559aee5cae42,biye,Generic
ad182760-0f38-4d7c-97ea-034defc653f4,9aaab989-fc11-4726-9741-c14f798159f8,bun,Part
ad182760-0f38-4d7c-97ea-034defc653f4,df923859-e093-4994-a10b-45e935bddaef,koll,Part
ad182760-0f38-4d7c-97ea-034defc653f4,033bdb9f-868b-477b-a473-c584ff68efaa,pättkäp,Part
ad182760-0f38-4d7c-97ea-034defc653f4,649d14a3-93da-4db0-aca8-f2c49142629e,sära,Part
ad182760-0f38-4d7c-97ea-034defc653f4,be006d8e-679c-40f8-a9f4-b4a7c9b5bea2,wadär,Part
ad182760-0f38-4d7c-97ea-034defc653f4,9ce2f01e-3952-4c17-9a96-645310081a59,kannas,Specific
ad182760-0f38-4d7c-97ea-034defc653f4,98794254-e986-4be8-b214-7af4aa981064,bägälbägäl,Specific
ad182760-0f38-4d7c-97ea-034defc653f4,e71dc5dd-e81a-492a-adb2-aac3dc7696ba,tobäll,Coordinate term
98794254-e986-4be8-b214-7af4aa981064,ad182760-0f38-4d7c-97ea-034defc653f4,bägäl,Generic
d8ad14a4-19b7-47fc-a970-c03ecc222883,075f510a-05e7-41a5-bc0b-f4cd91244a62,gämoe,Synonym
d8ad14a4-19b7-47fc-a970-c03ecc222883,9481d925-da97-4a8c-9c24-45dc5a040c90,mitmit,Synonym
a46425b8-5204-45d8-beca-538379ba9102,bdf75313-8716-4525-8bc5-5b6e1a02f7a0,ngonongg,Synonym
a1975c3a-4a9f-454f-b088-099f5392bb05,dd24d104-d0d5-46e2-8515-df4fcc763984,anggog,Synonym
a1975c3a-4a9f-454f-b088-099f5392bb05,f0074bb2-4868-4c47-92e4-0f1dcb337a45,ttäle,Whole
065649ae-88c8-44de-b849-18829924e54b,1fe99453-75d3-4998-867e-ec23bf2a9aa5,känyär,Antonym
9e3d87e6-bcc9-410b-91c2-de1654ebcd33,fe679bcf-1bf6-46b3-ac1a-b9a565003171,tämamae,Synonym
ff9b6da3-6ae1-4f5a-bf5c-1aac2cb174a1,3dcdb851-10c1-413a-86a5-26cf67418633,up,Generic
82a885f6-9197-4ae8-b489-ae187177fc8d,abb61a81-1cd9-41ce-a8a3-b8055f337350,buata,Part
e9d90d49-2695-427e-b735-c9f7792ff168,d5c31d2f-fa6b-435c-9a99-56db5ce58c9a,näkäpngon,Synonym
e9d90d49-2695-427e-b735-c9f7792ff168,13128b7b-cb0d-4c60-a73a-5188620fa3cf,näkäp,Synonym
6bf08043-22a2-43c2-bf07-273568a3214f,51258f7f-0818-4c07-897d-3ceb3e045261,po,Synonym
44e89642-be36-4e51-970d-1763bb22229f,f9f5ea5f-3fc9-4041-b552-6cd04c4b5821,pädrall,Synonym
44e89642-be36-4e51-970d-1763bb22229f,5dc36362-7022-4e46-818c-84222764ce70,ttoengg,Synonym
c042ee4c-87a1-48d1-8d62-33d95e04f3b4,ad2fcef7-b36a-4ed6-931a-3c9956db6d11,miny,Near synonym
c4fceb2c-b6e0-41ea-9cd5-91c1f64c57f2,60df0615-30ba-4935-96fe-e2241fbdbc81,sae,Antonym
c4fceb2c-b6e0-41ea-9cd5-91c1f64c57f2,a1f7d883-30d8-40a0-b729-48313c9453dc,gallab,Synonym
c4fceb2c-b6e0-41ea-9cd5-91c1f64c57f2,3f4048bb-9c1e-43e8-9d4f-11100b4121d3,ttapeyam,Synonym
cc4998e8-3e7c-4695-a456-878bc55a6937,97c92baa-a143-4332-a982-73205a42b3ce,kukrub,Coordinate term
cc4998e8-3e7c-4695-a456-878bc55a6937,04cc8775-1962-4c8c-819b-f52930293119,nge dɨdɨr,Coordinate term
cc4998e8-3e7c-4695-a456-878bc55a6937,e463579d-c79e-44ce-87a0-404ef605b00f,kuang,Coordinate term
cc4998e8-3e7c-4695-a456-878bc55a6937,e16f9397-5537-44a0-aa25-90f3541c3f98,nge popo,Coordinate term
cc4998e8-3e7c-4695-a456-878bc55a6937,7506fefa-27c6-4e83-8b72-49052a213346,sisi,Coordinate term
cc4998e8-3e7c-4695-a456-878bc55a6937,f94ee63b-b6f0-443b-ae71-24ee933ecf57,nge tikop,Coordinate term
cc4998e8-3e7c-4695-a456-878bc55a6937,0b9b7223-9f62-403a-8fc1-a38e10d61397,ttambällag,Coordinate term
cc4998e8-3e7c-4695-a456-878bc55a6937,6f0bd988-e147-4338-b8b6-fcce0663dbd4,tawekutt,Coordinate term
cc4998e8-3e7c-4695-a456-878bc55a6937,75b0dc1d-c3bb-4788-a0a4-4c8666812982,kokowang,Coordinate term
cc4998e8-3e7c-4695-a456-878bc55a6937,3118151a-0327-49c7-b6f1-32de50335cfb,gongglem,Coordinate term
88f280b1-c958-4ea9-bd76-6d4c57e74acb,2fac1978-78e6-421e-8c97-374b25c7d82b,bäne,Not to be confused
2fac1978-78e6-421e-8c97-374b25c7d82b,88f280b1-c958-4ea9-bd76-6d4c57e74acb,=bäne,Not to be confused
c89d86b8-ab17-42dd-bad6-272ff1298b2d,c2784963-9bca-4c3b-9e4c-bd30df40b739,kaemne,Generic
9dca7af6-f29e-4a47-af74-f1748fe7698e,f83f0cf4-dd91-4dbc-9f1c-7f19fc59502d,sana,Generic
16f8bf4e-373a-4f60-b4f7-7f03c7738a4f,bb2a7ab6-f8a2-45fe-a7f9-dad96a1a8998,yu bäng,Full phrase
c82df8a5-faa8-4b21-9a67-f01513866c16,f7d0c898-0f11-4ed5-90b5-fb71bfbfbb99,abo,Synonym
65b67d07-cc04-44e7-b286-c5863257d794,7bcdc739-4689-4e3f-8c01-88cb42c111a4,llɨtɨt,Synonym
65b67d07-cc04-44e7-b286-c5863257d794,a2aea3df-2146-4493-8d87-055a77985ce0,koko,Synonym
65b67d07-cc04-44e7-b286-c5863257d794,8c574b32-4dee-4ebd-9fa1-3f0e1b40992d,kam,Synonym
65b67d07-cc04-44e7-b286-c5863257d794,85c27a09-5b66-4a05-a2e5-44c5cb93a80c,potpot,Synonym
da3510a5-0bc6-431f-b366-589a4bf79b49,8a6a0cf2-440d-4b8a-be57-c7a6817ec903,apapi bärät,Specific
da3510a5-0bc6-431f-b366-589a4bf79b49,5173fc67-c2a2-4de4-b5d1-4a65a9116b9d,pägamän,Specific
da3510a5-0bc6-431f-b366-589a4bf79b49,a65fbbbd-5c7f-43cb-a455-08b32ce7ed30,dirindi,Specific
da3510a5-0bc6-431f-b366-589a4bf79b49,eff4a412-80c9-4b04-ac06-30a11eaead43,täbom,Specific
da3510a5-0bc6-431f-b366-589a4bf79b49,f46d2b30-bd94-4e4e-9fbd-fd325037b94f,markaebärät,Specific
da3510a5-0bc6-431f-b366-589a4bf79b49,04c47ae3-126a-4390-98a4-8fa33eb27e81,säne,Specific
da3510a5-0bc6-431f-b366-589a4bf79b49,c64fa6d1-182a-4a87-a49d-2d59b98acb68,girag dirindi,Specific
da3510a5-0bc6-431f-b366-589a4bf79b49,32d54ec7-8d6c-46cf-8902-5215b7cfcbf9,penganyäm,Specific
da3510a5-0bc6-431f-b366-589a4bf79b49,44bb3616-9aa2-4347-8e23-910a5bff8471,mätta,Generic
facb93f2-4bf4-44ae-af7e-4c71e0fe8b34,42321e8a-370c-4faa-b742-8f0a4b3f588c,gullem,Generic
bec3871b-c51a-40c2-a3b9-e52be9238f5e,0c93f123-bbdb-452f-baa7-6788df398ea1,sis,Coordinate term
bec3871b-c51a-40c2-a3b9-e52be9238f5e,29369fd8-7de3-4ebe-bc46-ab590cddc09f,yäbäd ttänttämang,Coordinate term
bec3871b-c51a-40c2-a3b9-e52be9238f5e,06159197-a77b-4905-83f2-2e03f8030ac2,yäbäd bäng,Coordinate term
bec3871b-c51a-40c2-a3b9-e52be9238f5e,1dd89481-4eef-4054-8446-62b999cdd5d2,babaem,Coordinate term
bec3871b-c51a-40c2-a3b9-e52be9238f5e,bcc89d36-780f-44d4-b19d-afb7499a716d,däm ibenen,Coordinate term
bec3871b-c51a-40c2-a3b9-e52be9238f5e,9f03a581-50dd-4e94-8e6f-abf1cf8c8d0b,kämag,Coordinate term
bec3871b-c51a-40c2-a3b9-e52be9238f5e,8a818aa0-eaa9-4385-9952-1499687b1d5a,kunun,Coordinate term
bec3871b-c51a-40c2-a3b9-e52be9238f5e,0122fb26-ab2a-4593-8ec1-5ccb876cc642,yäbäd,Coordinate term
bec3871b-c51a-40c2-a3b9-e52be9238f5e,d8bf8771-f5ae-4ec6-993f-c2bef70aef67,täträp,Coordinate term
bec3871b-c51a-40c2-a3b9-e52be9238f5e,2b4d091b-babb-4938-a7f3-1ec9a276d311,tarme ballmenyang,Coordinate term
bec3871b-c51a-40c2-a3b9-e52be9238f5e,04b16e46-6c22-4690-9b60-e5edffaaa3fd,sisor pazi,Coordinate term
bec3871b-c51a-40c2-a3b9-e52be9238f5e,56b5e6a5-a0f7-4bae-8f5f-ff36482373a2,bawa minyminy,Coordinate term
bec3871b-c51a-40c2-a3b9-e52be9238f5e,f46b19ee-32f9-4be9-8284-3bfdfa1d4d62,kokngal,Coordinate term
bec3871b-c51a-40c2-a3b9-e52be9238f5e,490e8b03-8762-4689-834e-b80007993325,dadel,Coordinate term
bec3871b-c51a-40c2-a3b9-e52be9238f5e,0eb1fb30-2bd9-41dc-b06d-a9b5b84b54f8,bawa,Coordinate term
dc7933b4-ebd7-4331-b899-2122f1fc7e8e,26c75228-8e21-409b-942a-ceb6a9ffdeab,mab,Generic
3dc8900e-221c-4b5a-8f04-01db5c9bb444,023d9350-5958-4f0e-bd7f-b8656b27db08,galbe,Generic
2efd0717-4176-44b3-8ca1-12825d9c3f32,b6885a57-2b43-4fcd-a983-08c3c3da232e,walle,Generic
8a151169-65c9-4bea-8d29-891cde83efea,e71dc5dd-e81a-492a-adb2-aac3dc7696ba,tobäll,Generic
951c8847-e809-4da8-8177-db886afa4e0c,7a5166c9-142c-4ea1-8f4b-7e2fd8cdcbf0,tine,Specific
951c8847-e809-4da8-8177-db886afa4e0c,246d42d4-21ed-403d-881c-8116d8c82cc1,kanas ma,Specific
882ca466-c9c3-4d0e-9395-a42517e3747f,696d8dce-01fd-44d5-84a1-b5f396af974f,gäglib,Synonym
882ca466-c9c3-4d0e-9395-a42517e3747f,47292bc3-987f-436a-8c82-4a146f9f94d9,aoao,Synonym
882ca466-c9c3-4d0e-9395-a42517e3747f,f0f7febf-312e-4263-8ced-d75eb53de5d3,koenmäll,Synonym
1f672f98-e682-40a5-8e9c-fcb3db00e466,2136ec6e-0315-44dd-b28e-c1431deff379,bogo,Generic
e2f020cb-b4a6-4497-99db-875240e9395a,13ed252f-8d15-4600-b43f-4fcfcb9d33c2,beyawan,Synonym
13ed252f-8d15-4600-b43f-4fcfcb9d33c2,e2f020cb-b4a6-4497-99db-875240e9395a,beyawaenen,Synonym
6cde0cf4-615c-42e1-9c58-31d0661b870f,422a4ce8-0363-4fa3-b98a-a1a7e8670588,bongo,Singular
0314eb6b-a92f-4c8c-8016-a8adc4e395c7,2e54db5a-3e5d-4b0b-88a8-559aee5cae42,biye,Generic
01412339-ee0d-4246-a3b2-256122ae366d,986d5c34-8959-43bc-97de-a1e57ff14e15,budar,Generic
f987de46-f283-4dac-aefc-fc269215d465,41b34a8e-42a4-4e35-b4e3-e9b578d6213c,bikme pipllo,Specific
f987de46-f283-4dac-aefc-fc269215d465,27dd34c9-2bf0-4e71-aa7a-46bea9052b8c,bikme yobeg,Specific
f987de46-f283-4dac-aefc-fc269215d465,68c351a5-a643-418c-ac36-b7eded0a3895,bikme sanasana,Specific
f987de46-f283-4dac-aefc-fc269215d465,7a7951dd-bcb3-468a-878b-cd3860ca7a1c,bikme laelem,Specific
7a7951dd-bcb3-468a-878b-cd3860ca7a1c,f987de46-f283-4dac-aefc-fc269215d465,bikme,Generic
41b34a8e-42a4-4e35-b4e3-e9b578d6213c,f987de46-f283-4dac-aefc-fc269215d465,bikme,Generic
68c351a5-a643-418c-ac36-b7eded0a3895,f987de46-f283-4dac-aefc-fc269215d465,bikme,Generic
27dd34c9-2bf0-4e71-aa7a-46bea9052b8c,f987de46-f283-4dac-aefc-fc269215d465,bikme,Generic
2c083442-e2ac-402e-b0f5-0892c21cf3d1,724f1898-8d2d-42f9-950b-5ae9377f598e,solt,Synonym
2c083442-e2ac-402e-b0f5-0892c21cf3d1,42992369-6564-41d7-98fe-ebf8a091dae7,pag,Synonym
031907b6-7913-4618-aa89-127c983281dd,e71dc5dd-e81a-492a-adb2-aac3dc7696ba,tobäll,Generic
ee879507-c0b3-478f-8cd6-55593b539917,8b412c57-0f1a-4836-966b-cc7d8a684b35,nadum,Synonym
75b4c26a-fb29-4364-b6f4-4760740ae12b,7a266c64-d988-4125-9e24-426e9e6ecb03,dägadäga,Synonym
0b000034-0579-42bd-a72b-e55b602e9fc0,7c5545f5-6957-4ea8-9dc2-83dd9a59bb80,gonagone,Synonym
b8112920-9952-43bf-8fbc-d73dc283f159,c2784963-9bca-4c3b-9e4c-bd30df40b739,kaemne,Generic
f0882f51-9c4c-4700-bd65-01404e4486ab,f83f0cf4-dd91-4dbc-9f1c-7f19fc59502d,sana,Generic
f187fe24-ce49-40c2-886a-aae4d96815fe,29d9109e-f193-4eb2-849c-cf40ec3b219f,Masam,Synonym
2e54db5a-3e5d-4b0b-88a8-559aee5cae42,a742a70a-11f5-4680-bc3a-5b3ae3620abc,motom,Specific
2e54db5a-3e5d-4b0b-88a8-559aee5cae42,8247f4a1-7a69-447b-82aa-844af23a7383,osne,Specific
2e54db5a-3e5d-4b0b-88a8-559aee5cae42,62c4aea5-2788-4d25-8668-89f75526e331,pänmällang mälla,Specific
2e54db5a-3e5d-4b0b-88a8-559aee5cae42,2a77cc2b-b251-4241-b18b-f79655510990,pat,Specific
2e54db5a-3e5d-4b0b-88a8-559aee5cae42,3953e7e2-ffdf-409d-aa25-e9542943702c,konskak,Specific
2e54db5a-3e5d-4b0b-88a8-559aee5cae42,8207a7c5-f7da-44ba-82c6-dcb26297b2ba,sare,Specific
2e54db5a-3e5d-4b0b-88a8-559aee5cae42,980771ea-f4be-4295-82aa-f55e405ee236,sapebllabllot,Specific
2e54db5a-3e5d-4b0b-88a8-559aee5cae42,d6e6937d-34ab-40c1-834f-ca9a05f98286,sigip,Specific
2e54db5a-3e5d-4b0b-88a8-559aee5cae42,b242c217-7324-4c2e-be1e-fc0e732680b8,sulut,Specific
2e54db5a-3e5d-4b0b-88a8-559aee5cae42,e1626ef6-3624-43bf-b63f-756547bb83af,tämallang mälla,Specific
2e54db5a-3e5d-4b0b-88a8-559aee5cae42,f52a383f-25a3-4040-ac6c-88341231cf0b,tarmekälla,Specific
2e54db5a-3e5d-4b0b-88a8-559aee5cae42,ffc6cdc9-6ed6-4493-8994-92a1f0cb91de,wadär käp,Specific
2e54db5a-3e5d-4b0b-88a8-559aee5cae42,142f9436-fc17-464e-aab1-1cabd0b0b6e0,mugbusu,Specific
2e54db5a-3e5d-4b0b-88a8-559aee5cae42,41948f56-e8a7-4b88-a4d3-60108cad7dbf,wärenzbag,Specific
2e54db5a-3e5d-4b0b-88a8-559aee5cae42,c3d0e4c7-1ace-4470-b71e-719ccc7c36e8,wätaote,Specific
2e54db5a-3e5d-4b0b-88a8-559aee5cae42,65308ee9-c4ea-492a-af84-dc5b9ff83a3c,yäbäd källa,Specific
2e54db5a-3e5d-4b0b-88a8-559aee5cae42,3b5a6604-e39c-4587-9eff-e85ebf2be063,atrepo,Specific
2e54db5a-3e5d-4b0b-88a8-559aee5cae42,5ef5b3cb-ef94-43df-8dad-db6f99b48d76,babdu,Specific
2e54db5a-3e5d-4b0b-88a8-559aee5cae42,c8af7f1a-40c3-4cf1-861f-a459b3fc4cde,bädde,Specific
2e54db5a-3e5d-4b0b-88a8-559aee5cae42,e9955055-0198-40a3-a06d-1f507eb09432,bagen,Specific
2e54db5a-3e5d-4b0b-88a8-559aee5cae42,0ff6a5f6-7ce5-4f7a-b47a-6328152dee83,ballo bällabällott,Specific
2e54db5a-3e5d-4b0b-88a8-559aee5cae42,83a77a2c-62bd-4242-b055-b0382d66db71,gugu,Specific
2e54db5a-3e5d-4b0b-88a8-559aee5cae42,0314eb6b-a92f-4c8c-8016-a8adc4e395c7,bible,Specific
2e54db5a-3e5d-4b0b-88a8-559aee5cae42,b09ee133-005b-46c8-9cee-6271bb0fb741,bog,Specific
2e54db5a-3e5d-4b0b-88a8-559aee5cae42,36cb48c4-85b9-411a-92ff-46003717fb39,dädär,Specific
2e54db5a-3e5d-4b0b-88a8-559aee5cae42,963e289f-ccd7-4fe6-ba58-979a6b8e9cf0,dirom käp,Specific
2e54db5a-3e5d-4b0b-88a8-559aee5cae42,2bd62ef2-d6d5-44bb-b695-9673e4d1f8b9,galigali,Specific
2e54db5a-3e5d-4b0b-88a8-559aee5cae42,4c862aca-5553-4ff7-8c45-11ccec846b4e,mällätgugu,Specific
2e54db5a-3e5d-4b0b-88a8-559aee5cae42,f16a91e2-0e1f-4aeb-a725-892926805217,gwazi,Specific
2e54db5a-3e5d-4b0b-88a8-559aee5cae42,3dd48322-ef8d-45cc-b82d-543cae65c193,kabär,Specific
2e54db5a-3e5d-4b0b-88a8-559aee5cae42,eb2f6816-9cad-4723-8dcb-9ae769f13342,kädebällag mälla,Specific
2e54db5a-3e5d-4b0b-88a8-559aee5cae42,096c5886-8bf9-4b31-9f8b-34c20bdc096e,kargeam,Specific
2e54db5a-3e5d-4b0b-88a8-559aee5cae42,17880e4a-9a5d-444f-a557-b55038b56378,kerema,Specific
2e54db5a-3e5d-4b0b-88a8-559aee5cae42,1195806d-5898-47bc-a828-bee7a6c67fca,kunuwälläb,Specific
2e54db5a-3e5d-4b0b-88a8-559aee5cae42,d5bbc9f7-5767-45c3-80ca-3154485f0191,kwas,Specific
2e54db5a-3e5d-4b0b-88a8-559aee5cae42,126068b6-6cd2-4054-a037-b65f55281011,pollon bällabollott,Specific
2e54db5a-3e5d-4b0b-88a8-559aee5cae42,37dc828e-4e4b-4cc5-8265-42723238618c,tutuaram,Specific
5c737908-228d-4125-aa06-c3462347ab9a,790e115c-dcc3-4b1a-89e5-8f2e945f903d,pällämpälläm,Antonym
f0f07720-d50a-4dbd-845d-cec32463420c,8a020708-16b9-4abe-b349-51c666c2d939,lläkäm,Generic
2c782bd9-21e1-4ce2-8491-4d5db781e2ab,c9fca16b-34cd-4c32-b99b-f34380d72cdf,popllem,Ideophonic pair (voiceless)
0c0899bf-e1b4-41f2-8d59-3c569827776a,52325731-3b2f-4e4e-8deb-a1fb59a071d5,dägmar,Part
0c0899bf-e1b4-41f2-8d59-3c569827776a,fea9857e-8981-47d5-abfa-235ff25a5c7e,ngoi,Part
0c0899bf-e1b4-41f2-8d59-3c569827776a,739b5ea3-5136-47cc-89ee-2fa67e46ea6c,ingoll,Whole
0c0899bf-e1b4-41f2-8d59-3c569827776a,a4588977-e86d-4240-bb05-4bca5ea837a7,ume ttäp,Synonym
b0e1d342-a09c-4166-ae87-07fa482c116f,9526c055-2680-40ef-b517-39a5c86d33de,nyäng,Whole
d969362c-919b-43cc-af93-4991f00d9196,ad29370d-424b-492f-8001-c1d2eaaf092b,ankom,Generic
b09ee133-005b-46c8-9cee-6271bb0fb741,2e54db5a-3e5d-4b0b-88a8-559aee5cae42,biye,Generic
2136ec6e-0315-44dd-b28e-c1431deff379,b302aea3-5a48-443a-9ead-115d8d17c5a8,ubi,Nonsingular
2136ec6e-0315-44dd-b28e-c1431deff379,f3921346-a8ab-470a-809e-9447759743e9,da,Near synonym
2136ec6e-0315-44dd-b28e-c1431deff379,1f672f98-e682-40a5-8e9c-fcb3db00e466,beyawa,Specific
20d732a2-8861-43c7-bbb2-2c7f20cc62c7,44bb3616-9aa2-4347-8e23-910a5bff8471,mätta,Coordinate term
20d732a2-8861-43c7-bbb2-2c7f20cc62c7,7f186e8e-555d-4804-8fbf-b10415899059,mutae,Coordinate term
20d732a2-8861-43c7-bbb2-2c7f20cc62c7,023d9350-5958-4f0e-bd7f-b8656b27db08,galbe,Coordinate term
20d732a2-8861-43c7-bbb2-2c7f20cc62c7,2094935d-3ecc-4b20-b162-f9fd5843e307,pongoll,Coordinate term
43c191ca-93c1-4c86-aabd-72d082c3257c,923dab66-7e95-415f-b2a6-1f5838adecc8,pipllo,Generic
6b5b4a47-4109-4391-9454-3a236aedbf92,2f3a511e-0c23-4c5b-9d0f-ffbc1fe80cc2,oll,Generic
6b5b4a47-4109-4391-9454-3a236aedbf92,24e2e182-3641-4c6d-b6bf-7b81a6129d9e,pitpit,Synonym
75aaf7f5-86da-4aea-9d7d-b5ad967cfa2d,f83f0cf4-dd91-4dbc-9f1c-7f19fc59502d,sana,Generic
6d9d837d-79f4-433c-8a43-03beb749bc3f,0e31e3b1-4dcd-4757-9534-017d036f6dd8,ollondd,Generic
422a4ce8-0363-4fa3-b98a-a1a7e8670588,6cde0cf4-615c-42e1-9c58-31d0661b870f,bibi,Nonsingular
3bfc55ad-6037-442a-9d05-4ead755dc2e9,5b72662d-5a78-453f-9882-11a5060e4cc0,darombe,Near synonym
32643cdd-acf2-4f0e-a13c-294f2b56e1df,e71dc5dd-e81a-492a-adb2-aac3dc7696ba,tobäll,Generic
59759d7b-171b-471f-83b1-60c06f9b9bb8,7bdfe6a5-a3e4-40d4-96a7-56b981c2abc5,ttägäll käp,Synonym
59759d7b-171b-471f-83b1-60c06f9b9bb8,16ea6e0a-67c2-4ad1-8091-d5ce4c312636,dädär,Synonym
abb61a81-1cd9-41ce-a8a3-b8055f337350,82a885f6-9197-4ae8-b489-ae187177fc8d,bälläg,Whole
abb61a81-1cd9-41ce-a8a3-b8055f337350,a232ced2-ef8f-490b-a651-2e987bff4722,daga,Coordinate term
abb61a81-1cd9-41ce-a8a3-b8055f337350,8f02e234-e4bd-476c-9ae4-0bd29550d233,pänpän,Coordinate term
986d5c34-8959-43bc-97de-a1e57ff14e15,dbd4b18c-24a2-4d57-9640-91114f4884c8,tae budar,Specific
986d5c34-8959-43bc-97de-a1e57ff14e15,5c9c2126-83b9-4c4d-b65a-0a35ec6463f9,kapang budar,Specific
986d5c34-8959-43bc-97de-a1e57ff14e15,f92c830f-aee5-4710-9369-88c4afa89810,känär,Specific
986d5c34-8959-43bc-97de-a1e57ff14e15,1cfa61ba-4df8-49de-943a-a512d906a8c4,gonzagonzar budar,Specific
986d5c34-8959-43bc-97de-a1e57ff14e15,114dd5a4-622b-4a0d-bc77-dfb06fa156d6,sana budar,Specific
986d5c34-8959-43bc-97de-a1e57ff14e15,26793bad-7f73-46d8-9663-8e062b463620,muttmutt,Specific
986d5c34-8959-43bc-97de-a1e57ff14e15,5ad21ac1-faf3-4e35-9307-365f7869e7b4,dangnebudar,Specific
986d5c34-8959-43bc-97de-a1e57ff14e15,4a410581-33dc-456b-b509-977ce7c0c759,tamllägtamlläg,Specific
986d5c34-8959-43bc-97de-a1e57ff14e15,1e3bd083-d885-4d3d-aed2-a6ae0406b752,molemoleg,Specific
986d5c34-8959-43bc-97de-a1e57ff14e15,c60fc2fc-a541-42ac-ad65-d736e966f582,piyupiyu budar,Specific
986d5c34-8959-43bc-97de-a1e57ff14e15,e54b0689-87c7-419b-b25e-6f463e58b27a,kämsir budar,Specific
986d5c34-8959-43bc-97de-a1e57ff14e15,06b047a3-444c-4466-b347-7d238e2e3de6,pittbudar,Specific
986d5c34-8959-43bc-97de-a1e57ff14e15,01412339-ee0d-4246-a3b2-256122ae366d,big budar,Specific
986d5c34-8959-43bc-97de-a1e57ff14e15,ebff0285-2359-48b8-b9b0-c7eecc95c80a,mällätbudar,Specific
986d5c34-8959-43bc-97de-a1e57ff14e15,157145c5-5dea-4495-ab82-81b04af7a56a,sana marmar,Specific
986d5c34-8959-43bc-97de-a1e57ff14e15,146245eb-c2bc-42bd-9507-1f0e608f0bfc,täbe budar,Specific
5b91f572-910b-4b4d-861e-86772b37075f,ad29370d-424b-492f-8001-c1d2eaaf092b,ankom,Generic
5b91f572-910b-4b4d-861e-86772b37075f,48fb0414-969f-4135-adc0-7784675c61c2,omgälgäl,Synonym
dfc8285c-6702-4153-8f8d-9db174b713af,93a45fac-c74c-45af-a10d-a8762ed4788b,poapoa,Antonym
55eb337b-fecb-411a-8b26-0a8e039b0621,44bb3616-9aa2-4347-8e23-910a5bff8471,mätta,Generic
d45447f4-a93b-40ab-8d5f-835cddb5d375,739b5ea3-5136-47cc-89ee-2fa67e46ea6c,ingoll,Part
d45447f4-a93b-40ab-8d5f-835cddb5d375,6b42a28c-4fae-4481-b857-22992ae57e1c,bun kom,Part
d45447f4-a93b-40ab-8d5f-835cddb5d375,c8813b89-52ac-4a9e-a729-ffd8baf2113d,tumku,Part
d45447f4-a93b-40ab-8d5f-835cddb5d375,8166f266-6a8e-41c9-928d-c1340810b34d,llan,Part
d45447f4-a93b-40ab-8d5f-835cddb5d375,770dce42-0e1d-4950-83a6-99ca7f477e67,yätt,Part
9aaab989-fc11-4726-9741-c14f798159f8,ad182760-0f38-4d7c-97ea-034defc653f4,bägäl,Whole
7fd159e2-c7cc-4f2a-aabf-5853888c30d2,17a26cb0-933d-490d-9665-7a941871d823,walle ddage,Whole
7fd159e2-c7cc-4f2a-aabf-5853888c30d2,6b73c67a-e87a-4acf-897e-ea604002e003,toengg,Near synonym
134fbca5-0e81-40e8-a96c-47eed810dad2,6becef04-5f8e-4478-af45-cee9c3cac817,zizag,Synonym
6b42a28c-4fae-4481-b857-22992ae57e1c,d45447f4-a93b-40ab-8d5f-835cddb5d375,bun,Whole
ed725923-dd56-4d2a-8192-0d5bcd91b64d,a539e401-595a-4057-95cf-b177025f7e67,ttängäm,Whole
8b440bb6-83fa-4549-9eda-d50e67741c20,c08ddf59-4af2-4369-9573-4433016610d2,konkon,Antonym
8b440bb6-83fa-4549-9eda-d50e67741c20,4684069c-adb8-466a-a5eb-74e1096384ce,näkäpmeny,Antonym
8b440bb6-83fa-4549-9eda-d50e67741c20,9795c7a2-3db0-4fac-86d2-64a05596c4f2,näkäpang,Synonym
8b440bb6-83fa-4549-9eda-d50e67741c20,8ceb95c6-3365-4f54-82a3-1ccd8cc862f5,kinekineang,Synonym
325b0188-93f7-4661-a126-0171579b2ad8,3dcdb851-10c1-413a-86a5-26cf67418633,up,Generic
4312fbf4-ee66-4cb6-b5c2-1d6c64b6bf89,d6e7fba1-366f-4e9b-8a5b-973e9210f6c7,ngasekäma,Synonym
f3921346-a8ab-470a-809e-9447759743e9,2136ec6e-0315-44dd-b28e-c1431deff379,bogo,Near synonym
d1a00cc0-e4b5-40ac-a213-06f1e7e0d7a6,5771d190-e806-434b-93dd-3c1efbce026a,de,Antonym
9aec8504-ed21-41a3-99b2-e5e59b52531e,80e945d1-6b12-4f88-88d7-627557711bc8,diba,Synonym
9aec8504-ed21-41a3-99b2-e5e59b52531e,eb58dbc7-befe-4d07-a24d-028df62a4651,de,Synonym
9aec8504-ed21-41a3-99b2-e5e59b52531e,ed222914-bc8a-4dfc-b19d-1913de110122,ge,Coordinate term
d6206681-913f-4356-a1db-d5c85724f22c,7505d0c3-5815-4782-892b-48290ae46ab3,=de,Synonym
7183ce85-d758-43b6-a07b-c16d958d8d21,0aedf5c9-f0c8-4217-a375-033032503a3c,dibaballe,Synonym
7183ce85-d758-43b6-a07b-c16d958d8d21,c832028d-3665-4b8f-a757-64d7f9ce34d0,ako,Synonym
7183ce85-d758-43b6-a07b-c16d958d8d21,9f150e6d-8de4-4d58-8476-edf0f3f24852,dam,Synonym
7183ce85-d758-43b6-a07b-c16d958d8d21,8b8c43bf-50bf-4cc8-aad3-df11d2c94bca,ede,Synonym
7183ce85-d758-43b6-a07b-c16d958d8d21,5ab795d4-16bc-480a-b3da-605186673dd6,käsre,Synonym
7183ce85-d758-43b6-a07b-c16d958d8d21,f3a4eaa3-8414-46ab-b54f-e3d8d3daac0d,abo,Synonym
b3714d4e-def1-43a2-9bee-bc3ebfb1389c,e71dc5dd-e81a-492a-adb2-aac3dc7696ba,tobäll,Generic
8cd65a94-393c-4d15-8693-c8c1073dd6c1,481e337b-33d6-454f-9441-0f26953f3d87,mosen,Synonym
8cd65a94-393c-4d15-8693-c8c1073dd6c1,c6404855-d253-4c2c-b165-8842eb55169f,mänyan,Coordinate term
55527061-c871-4f4f-8a28-758d99d85b14,4d3d7253-d627-4188-a54c-4f7f38a6af2c,gull,Generic
e67fa5aa-0b90-43a7-a1c7-5b09c0faf17a,a72bb34a-fb31-4b5a-b573-0dfb165d0df7,ttängattänge,Coordinate term
e67fa5aa-0b90-43a7-a1c7-5b09c0faf17a,b5811624-b61f-4a19-89a7-608e5a362ea4,ddägaddäge,Synonym
7d3181be-5a9a-4d2d-b07f-c2b8d825b76c,09834794-0478-40b5-b30d-79f0d74016c0,mättmätt,Synonym
7d3181be-5a9a-4d2d-b07f-c2b8d825b76c,fe85bc22-4128-4944-a371-59e60c761faa,dradre,Synonym
b391ffca-6941-4357-b07a-ad5e7b439a6d,fc9d89ea-fee7-4e48-a7cd-745ab61a2bbc,ngasekäma,Synonym
a02aae0d-4b06-4612-97a3-a5efcdfc7142,0eb1fb30-2bd9-41dc-b06d-a9b5b84b54f8,bawa,Coordinate term
490e8b03-8762-4689-834e-b80007993325,bcc89d36-780f-44d4-b19d-afb7499a716d,däm ibenen,Coordinate term
490e8b03-8762-4689-834e-b80007993325,0c93f123-bbdb-452f-baa7-6788df398ea1,sis,Coordinate term
490e8b03-8762-4689-834e-b80007993325,0122fb26-ab2a-4593-8ec1-5ccb876cc642,yäbäd,Coordinate term
490e8b03-8762-4689-834e-b80007993325,04b16e46-6c22-4690-9b60-e5edffaaa3fd,sisor pazi,Coordinate term
490e8b03-8762-4689-834e-b80007993325,56b5e6a5-a0f7-4bae-8f5f-ff36482373a2,bawa minyminy,Coordinate term
490e8b03-8762-4689-834e-b80007993325,1dd89481-4eef-4054-8446-62b999cdd5d2,babaem,Coordinate term
490e8b03-8762-4689-834e-b80007993325,f46b19ee-32f9-4be9-8284-3bfdfa1d4d62,kokngal,Coordinate term
490e8b03-8762-4689-834e-b80007993325,9f03a581-50dd-4e94-8e6f-abf1cf8c8d0b,kämag,Coordinate term
490e8b03-8762-4689-834e-b80007993325,d8bf8771-f5ae-4ec6-993f-c2bef70aef67,täträp,Coordinate term
490e8b03-8762-4689-834e-b80007993325,2b4d091b-babb-4938-a7f3-1ec9a276d311,tarme ballmenyang,Coordinate term
490e8b03-8762-4689-834e-b80007993325,8a818aa0-eaa9-4385-9952-1499687b1d5a,kunun,Coordinate term
490e8b03-8762-4689-834e-b80007993325,bec3871b-c51a-40c2-a3b9-e52be9238f5e,beatururang,Coordinate term
490e8b03-8762-4689-834e-b80007993325,29369fd8-7de3-4ebe-bc46-ab590cddc09f,yäbäd ttänttämang,Coordinate term
490e8b03-8762-4689-834e-b80007993325,06159197-a77b-4905-83f2-2e03f8030ac2,yäbäd bäng,Coordinate term
7e8e0fa7-95e4-4d5f-9fee-9a6f9764d36d,83551b8a-27a7-467b-a311-cc7d71b4599e,=mae,Synonym
bd83d5e4-e73e-4312-91bb-0c9f67093f94,87785ec8-896e-42ff-b863-8e1e856acdac,=mae,Synonym
bd83d5e4-e73e-4312-91bb-0c9f67093f94,ba2e4329-6545-4c9d-af49-810d851f9569,=ae,Synonym
bd83d5e4-e73e-4312-91bb-0c9f67093f94,2ff3507b-eb28-4b93-be95-50cea29891bb,=aebe,Synonym
a232ced2-ef8f-490b-a651-2e987bff4722,8f02e234-e4bd-476c-9ae4-0bd29550d233,pänpän,Coordinate term
a232ced2-ef8f-490b-a651-2e987bff4722,abb61a81-1cd9-41ce-a8a3-b8055f337350,buata,Coordinate term
05bed576-61aa-4bf9-bec5-72d49f7fb702,83002229-838d-4217-bb59-0f838c51e5c6,yattän,Antonym
69101aa2-ad99-4af3-bcc2-1bd937f3dd30,4bd35194-8c9a-45e6-a22c-fabe1cf1df39,bawa sarasaram,Synonym
0fb2ae5e-a544-4600-83d2-0432b6e33d1a,3e6521d0-0404-425c-a255-1d9a53a14832,papoe,Synonym
9f150e6d-8de4-4d58-8476-edf0f3f24852,8b8c43bf-50bf-4cc8-aad3-df11d2c94bca,ede,Synonym
9f150e6d-8de4-4d58-8476-edf0f3f24852,f3a4eaa3-8414-46ab-b54f-e3d8d3daac0d,abo,Synonym
9f150e6d-8de4-4d58-8476-edf0f3f24852,7183ce85-d758-43b6-a07b-c16d958d8d21,daballe,Synonym
9f150e6d-8de4-4d58-8476-edf0f3f24852,5ab795d4-16bc-480a-b3da-605186673dd6,käsre,Synonym
9f150e6d-8de4-4d58-8476-edf0f3f24852,c832028d-3665-4b8f-a757-64d7f9ce34d0,ako,Synonym
9f150e6d-8de4-4d58-8476-edf0f3f24852,0aedf5c9-f0c8-4217-a375-033032503a3c,dibaballe,Synonym
a64b5710-b739-4120-80b6-0f37e9788cc0,ceb92cd9-6e98-4e58-ab55-0afb96dd099b,adawatta,Synonym
a64b5710-b739-4120-80b6-0f37e9788cc0,64e7edb5-5277-4205-a2a5-7912b92cb55c,ede,Synonym
a64b5710-b739-4120-80b6-0f37e9788cc0,1d224dcb-7a44-4d96-9d1b-d4ec91114858,adawalle,Synonym
37164b87-d93a-47b3-af8b-6aa8c042f4e3,4335542b-139a-4e16-9e3a-efcea8eb443e,waramakae,Coordinate term
37164b87-d93a-47b3-af8b-6aa8c042f4e3,87f4d837-57ca-4d17-812a-808c84f5ff14,pärta,Coordinate term
37164b87-d93a-47b3-af8b-6aa8c042f4e3,164a319b-757e-4502-a6f1-b4ef9428083f,putt,Coordinate term
37164b87-d93a-47b3-af8b-6aa8c042f4e3,7c330ca5-f0b5-4040-aca3-77fca7039d74,taromba,Coordinate term
59b0f1c3-9172-402b-8984-f79528ccd762,89e74bb8-22e1-4a87-a8c1-d1fc03808d91,itrellang,Antonym
e2e3d025-0b2e-4015-a880-7f034a244112,dde7c4ee-6137-413d-bfe5-a4762dd5a312,dum,Coordinate term
fe5acded-00cc-4335-907a-663cf85ce994,e040403d-6c3b-472e-a47d-e5bda3bb591a,wanyweny,Synonym
fe5acded-00cc-4335-907a-663cf85ce994,d1ef1d91-d513-41a7-b07f-8ca452252da2,ttänttäm,Synonym
fe5acded-00cc-4335-907a-663cf85ce994,f2331dbb-2594-4864-8873-615b12910945,penongg,Synonym
d11c8680-fc7d-4bc7-87cb-8757800d539c,44bb3616-9aa2-4347-8e23-910a5bff8471,mätta,Generic
5ad21ac1-faf3-4e35-9307-365f7869e7b4,986d5c34-8959-43bc-97de-a1e57ff14e15,budar,Generic
8e2ac1d9-0f8e-450a-a8ad-d6ef00c23d96,e1116f06-83ac-4198-b774-d9d3f07b7308,pos,Generic
9ae4f842-e026-4cc8-922c-53e116c1b940,814a9132-4772-4782-9023-da62f38748b9,alläp,Whole
6efe2833-a87a-424a-bf82-2ae261daa3d5,fe1286ca-76be-4c3f-978e-967ae67f0aac,towall,Generic
5b72662d-5a78-453f-9882-11a5060e4cc0,3bfc55ad-6037-442a-9d05-4ead755dc2e9,borale,Near synonym
1e22f448-1e65-486e-95a1-833c978f0567,3dcdb851-10c1-413a-86a5-26cf67418633,up,Generic
02af8c7f-6c9e-4991-87ea-a8cc0e3fb9f2,80e945d1-6b12-4f88-88d7-627557711bc8,diba,Synonym
b9de2cf5-a793-4962-95f6-65c91214f05a,df17b8d9-91c4-4a9c-ba94-fea488d6810a,wanseg,Synonym
93dfbfc8-916d-4741-afb2-2fa4f2fe4d5e,1d224dcb-7a44-4d96-9d1b-d4ec91114858,adawalle,Synonym
f589df00-838a-4e35-921d-876f953398f6,e995deb9-f26b-417f-b258-beae46f4f5b9,diban,Synonym
ade47fbc-c0c4-4a36-80f8-566ef1d9b46f,a03e5e15-a68a-43f8-8b5c-28e37ab47bde,papek,Synonym
36cb48c4-85b9-411a-92ff-46003717fb39,2e54db5a-3e5d-4b0b-88a8-559aee5cae42,biye,Generic
16ea6e0a-67c2-4ad1-8091-d5ce4c312636,7bdfe6a5-a3e4-40d4-96a7-56b981c2abc5,ttägäll käp,Synonym
16ea6e0a-67c2-4ad1-8091-d5ce4c312636,59759d7b-171b-471f-83b1-60c06f9b9bb8,boser,Synonym
4595a4ee-5f6a-4b1e-9779-c54dafe22efc,19eeae96-ae5f-4f4f-bbb6-6ebceea9d578,käpätang,Antonym
4595a4ee-5f6a-4b1e-9779-c54dafe22efc,afc7e243-4d57-4489-8400-e5c38b3061bb,däroledärole,Synonym
74829a4d-d1a0-4a21-94cd-94bc3416b6b4,f9582a34-6e22-4810-9127-a08712bfb5e8,tätäräp,Ideophonic pair (voiceless)
74829a4d-d1a0-4a21-94cd-94bc3416b6b4,89820211-a0ee-4511-828d-da6d0bd141ad,ttäkoe,Synonym
c6123753-df50-441b-a961-64fe0c32dd91,42321e8a-370c-4faa-b742-8f0a4b3f588c,gullem,Generic
7a266c64-d988-4125-9e24-426e9e6ecb03,75b4c26a-fb29-4364-b6f4-4760740ae12b,binbäddbädd,Synonym
927bf293-1c4d-4a95-868a-9048f70220f2,ca0f9c02-dd3c-461b-b6c4-1a8e344b7bff,källa,Synonym
927bf293-1c4d-4a95-868a-9048f70220f2,37e7f63a-da09-40c7-8e09-c0e6a563a0ec,ttäbottäbo,Part
52325731-3b2f-4e4e-8deb-a1fb59a071d5,0c0899bf-e1b4-41f2-8d59-3c569827776a,bod,Whole
18ced8fa-6b31-4064-9ae8-a5a66e5c7652,31140e47-b069-482e-9b89-2a59ca2127a6,ttägäll,Generic
e7c14e6d-945c-4cee-a7ba-c3a65da15d16,46ef342e-9091-4cea-bb82-1dd92b05768f,pätt,Synonym
bcc89d36-780f-44d4-b19d-afb7499a716d,bec3871b-c51a-40c2-a3b9-e52be9238f5e,beatururang,Coordinate term
bcc89d36-780f-44d4-b19d-afb7499a716d,0122fb26-ab2a-4593-8ec1-5ccb876cc642,yäbäd,Coordinate term
bcc89d36-780f-44d4-b19d-afb7499a716d,8a818aa0-eaa9-4385-9952-1499687b1d5a,kunun,Coordinate term
bcc89d36-780f-44d4-b19d-afb7499a716d,56b5e6a5-a0f7-4bae-8f5f-ff36482373a2,bawa minyminy,Coordinate term
bcc89d36-780f-44d4-b19d-afb7499a716d,9f03a581-50dd-4e94-8e6f-abf1cf8c8d0b,kämag,Coordinate term
bcc89d36-780f-44d4-b19d-afb7499a716d,0eb1fb30-2bd9-41dc-b06d-a9b5b84b54f8,bawa,Coordinate term
bcc89d36-780f-44d4-b19d-afb7499a716d,d8bf8771-f5ae-4ec6-993f-c2bef70aef67,täträp,Coordinate term
bcc89d36-780f-44d4-b19d-afb7499a716d,04b16e46-6c22-4690-9b60-e5edffaaa3fd,sisor pazi,Coordinate term
bcc89d36-780f-44d4-b19d-afb7499a716d,2b4d091b-babb-4938-a7f3-1ec9a276d311,tarme ballmenyang,Coordinate term
bcc89d36-780f-44d4-b19d-afb7499a716d,06159197-a77b-4905-83f2-2e03f8030ac2,yäbäd bäng,Coordinate term
bcc89d36-780f-44d4-b19d-afb7499a716d,29369fd8-7de3-4ebe-bc46-ab590cddc09f,yäbäd ttänttämang,Coordinate term
bcc89d36-780f-44d4-b19d-afb7499a716d,490e8b03-8762-4689-834e-b80007993325,dadel,Coordinate term
bcc89d36-780f-44d4-b19d-afb7499a716d,1dd89481-4eef-4054-8446-62b999cdd5d2,babaem,Coordinate term
bcc89d36-780f-44d4-b19d-afb7499a716d,f46b19ee-32f9-4be9-8284-3bfdfa1d4d62,kokngal,Coordinate term
bcc89d36-780f-44d4-b19d-afb7499a716d,0c93f123-bbdb-452f-baa7-6788df398ea1,sis,Coordinate term
36e3a647-9343-4ab4-96bf-f4655bc6fc14,65bf4683-0088-4b2b-90b3-2596281132d8,nyongkoe,Antonym
36e3a647-9343-4ab4-96bf-f4655bc6fc14,c6fc3ef5-aae2-4ada-a54e-bdcc507ee517,ddäddäl,Synonym
36e3a647-9343-4ab4-96bf-f4655bc6fc14,cfd6a06e-7539-4b61-aff3-fd86e609acbf,gängglläd,Synonym
a8c2978e-8781-4fc8-a9d5-110acff42b12,023d9350-5958-4f0e-bd7f-b8656b27db08,galbe,Generic
3e681d21-186c-4059-a767-07c6c69c8768,de62ab5e-7c09-45a5-9b72-524baa68107d,ddogollop,Near synonym
84bff745-6443-42d8-b2cb-bc7375ddfa3c,26c75228-8e21-409b-942a-ceb6a9ffdeab,mab,Generic
b76a58d0-0076-4bab-b7a3-bb4936cb02bc,1efa55a4-0c31-4cc7-a478-4d21786f74a9,täram,Synonym
b76a58d0-0076-4bab-b7a3-bb4936cb02bc,ca28f590-d747-40f0-b2a7-61166f357e2f,trongg,Coordinate term
b76a58d0-0076-4bab-b7a3-bb4936cb02bc,917dd137-c7a7-48f4-84ca-a5b3e62fa3af,kollmäll,Coordinate term
1ddfd6d4-43d0-42a5-8783-447c01be5e54,42321e8a-370c-4faa-b742-8f0a4b3f588c,gullem,Generic
f14ffbf6-efb3-4a7b-b06a-c24dd6e5fc38,3dcdb851-10c1-413a-86a5-26cf67418633,up,Generic
afc7e243-4d57-4489-8400-e5c38b3061bb,4595a4ee-5f6a-4b1e-9779-c54dafe22efc,dädär,Synonym
eb58dbc7-befe-4d07-a24d-028df62a4651,fa966914-8ca7-41c2-94d8-8303539506f4,gänya,Coordinate term
eb58dbc7-befe-4d07-a24d-028df62a4651,80e945d1-6b12-4f88-88d7-627557711bc8,diba,Synonym
eb58dbc7-befe-4d07-a24d-028df62a4651,9aec8504-ed21-41a3-99b2-e5e59b52531e,da,Synonym
9d32d4bd-3d19-4a08-a36f-aaacfc7fdd48,964d2dcf-a3e9-4cad-941c-295441c51188,do,Coordinate term
9d32d4bd-3d19-4a08-a36f-aaacfc7fdd48,d157cfde-7809-4510-92be-619f99f1b89c,gänya,Coordinate term
9d32d4bd-3d19-4a08-a36f-aaacfc7fdd48,3b4deaa9-998d-4103-b384-77cc5b670aa1,didri,Synonym
5771d190-e806-434b-93dd-3c1efbce026a,27a2943f-0870-401e-ad05-3772942ac4e1,ttongo,Synonym
5771d190-e806-434b-93dd-3c1efbce026a,d1a00cc0-e4b5-40ac-a213-06f1e7e0d7a6,da,Antonym
7505d0c3-5815-4782-892b-48290ae46ab3,d6206681-913f-4356-a1db-d5c85724f22c,=da,Synonym
a9a0679d-1df9-4249-88b4-642bea993740,fdd884ea-2a4e-444f-aab2-189067ba907c,yaya,Synonym
a9a0679d-1df9-4249-88b4-642bea993740,1f2d85e9-5052-4af8-a3df-848fd63a7587,mäda,Synonym
a9a0679d-1df9-4249-88b4-642bea993740,17ed3347-97a7-437c-a9e1-069fb02a7b5d,baba,Synonym
a9a0679d-1df9-4249-88b4-642bea993740,935f0a9d-1718-407b-afa4-420a4f4612a4,mami,Coordinate term
a9a0679d-1df9-4249-88b4-642bea993740,4ab33d2f-f424-4ef0-9a4a-f5fa79e9850d,mäg,Coordinate term
a9a0679d-1df9-4249-88b4-642bea993740,5f2417e2-5cf8-4f30-847a-c280581145c5,yae,Coordinate term
a9a0679d-1df9-4249-88b4-642bea993740,e54e6bea-6f3d-480c-b6fc-22b31116fdea,mama,Coordinate term
b67421b7-a8fd-4c5c-86ba-15fb1cba7a68,11deb681-546d-4b75-9fac-0471b9791842,kängkäl,Antonym
b67421b7-a8fd-4c5c-86ba-15fb1cba7a68,a959f025-e6aa-4d32-9bec-1e266dfa496d,ddänddäl,Antonym
b67421b7-a8fd-4c5c-86ba-15fb1cba7a68,f7675600-570a-4417-af24-ee4f4a42da3a,nyärab,Antonym
b67421b7-a8fd-4c5c-86ba-15fb1cba7a68,df1738f5-e6e8-4dcc-a5bb-3c460ff68fb1,ngetam,Synonym
c03ef9e8-3b5c-43fc-8193-0200593e9f88,f83f0cf4-dd91-4dbc-9f1c-7f19fc59502d,sana,Generic
578425e6-8558-4c02-8db5-8309401c9664,e71dc5dd-e81a-492a-adb2-aac3dc7696ba,tobäll,Generic
80e945d1-6b12-4f88-88d7-627557711bc8,02af8c7f-6c9e-4991-87ea-a8cc0e3fb9f2,däba,Synonym
80e945d1-6b12-4f88-88d7-627557711bc8,9aec8504-ed21-41a3-99b2-e5e59b52531e,da,Synonym
80e945d1-6b12-4f88-88d7-627557711bc8,eb58dbc7-befe-4d07-a24d-028df62a4651,de,Synonym
0aedf5c9-f0c8-4217-a375-033032503a3c,c832028d-3665-4b8f-a757-64d7f9ce34d0,ako,Synonym
0aedf5c9-f0c8-4217-a375-033032503a3c,9f150e6d-8de4-4d58-8476-edf0f3f24852,dam,Synonym
0aedf5c9-f0c8-4217-a375-033032503a3c,f3a4eaa3-8414-46ab-b54f-e3d8d3daac0d,abo,Synonym
0aedf5c9-f0c8-4217-a375-033032503a3c,5ab795d4-16bc-480a-b3da-605186673dd6,käsre,Synonym
0aedf5c9-f0c8-4217-a375-033032503a3c,8b8c43bf-50bf-4cc8-aad3-df11d2c94bca,ede,Synonym
0aedf5c9-f0c8-4217-a375-033032503a3c,7183ce85-d758-43b6-a07b-c16d958d8d21,daballe,Synonym
69338a24-ca6a-4820-b569-3419a41a0f43,2fd8d701-077f-4f1d-9fe2-d103bba4d039,adawatta,Synonym
e995deb9-f26b-417f-b258-beae46f4f5b9,f589df00-838a-4e35-921d-876f953398f6,däban,Synonym
3b4deaa9-998d-4103-b384-77cc5b670aa1,9d32d4bd-3d19-4a08-a36f-aaacfc7fdd48,de,Synonym
f3ee55f9-433a-495f-855e-383876ca5691,38244b5d-09db-4d5f-bd96-5b8838d5b239,uziz,Synonym
a65fbbbd-5c7f-43cb-a455-08b32ce7ed30,da3510a5-0bc6-431f-b366-589a4bf79b49,bärät,Generic
a65fbbbd-5c7f-43cb-a455-08b32ce7ed30,44bb3616-9aa2-4347-8e23-910a5bff8471,mätta,Generic
1de3463f-6dd5-4acc-812f-d3f1eb7161bb,148ef417-ffaf-47e2-978f-7a155015c36b,awe,Specific
963e289f-ccd7-4fe6-ba58-979a6b8e9cf0,2e54db5a-3e5d-4b0b-88a8-559aee5cae42,biye,Generic
e5ccf8e5-9029-4b90-bdee-7e1dd520c6db,1d2a8d36-405a-4aa9-b301-1675b0477394,koepang,Synonym
e5ccf8e5-9029-4b90-bdee-7e1dd520c6db,1d50c70f-61ae-41e2-80e1-c39b10fe3fd9,tomowang,Synonym
964d2dcf-a3e9-4cad-941c-295441c51188,d157cfde-7809-4510-92be-619f99f1b89c,gänya,Coordinate term
964d2dcf-a3e9-4cad-941c-295441c51188,9d32d4bd-3d19-4a08-a36f-aaacfc7fdd48,de,Coordinate term
964d2dcf-a3e9-4cad-941c-295441c51188,02b0d862-9d59-43df-b930-a894c52a0d8e,duli,Synonym
a20a2886-7516-4936-9f02-155cbdb3d045,26c75228-8e21-409b-942a-ceb6a9ffdeab,mab,Generic
b6aec007-eaf3-4051-9c1e-d28cb538e871,e71dc5dd-e81a-492a-adb2-aac3dc7696ba,tobäll,Generic
b6aec007-eaf3-4051-9c1e-d28cb538e871,d02d108d-7364-4682-af58-e4703c97e663,sidompa,Specific
f38a2f60-0558-4fe0-99f7-1248bf95079a,e71dc5dd-e81a-492a-adb2-aac3dc7696ba,tobäll,Generic
16ad4f56-0520-4230-98b6-73d0a86ff971,7fafdcbe-a10e-4a67-ba18-2136b169fc67,kollba,Generic
eeaa6827-68e1-4a5e-8939-a0902867013a,923dab66-7e95-415f-b2a6-1f5838adecc8,pipllo,Generic
9f8d368c-9aae-47cc-adbc-b5675a1d4100,19eeae96-ae5f-4f4f-bbb6-6ebceea9d578,käpätang,Antonym
81cf520e-374f-4f64-b878-c77b7c0aef46,5aaa3417-e3d1-4b63-9def-a9f3bd959c03,kaptte tubutubu,Specific
81cf520e-374f-4f64-b878-c77b7c0aef46,e7dde5a8-fb88-4b6e-8924-1844dad7432c,kaptte tupi,Specific
71644bcd-93aa-487d-91e3-28d3fc89c027,a7f25595-56c4-49f8-9118-acf9b2115be9,utale,Antonym
fe85bc22-4128-4944-a371-59e60c761faa,7d3181be-5a9a-4d2d-b07f-c2b8d825b76c,dadäräb,Synonym
fe85bc22-4128-4944-a371-59e60c761faa,09834794-0478-40b5-b30d-79f0d74016c0,mättmätt,Synonym
02b0d862-9d59-43df-b930-a894c52a0d8e,964d2dcf-a3e9-4cad-941c-295441c51188,do,Synonym
dde7c4ee-6137-413d-bfe5-a4762dd5a312,e2e3d025-0b2e-4015-a880-7f034a244112,dang,Coordinate term
c2bb6185-298b-4a62-9627-be61366d6daa,8695e120-4be6-463b-8544-383413feea2e,ngoi,Synonym
b8cd1268-6d11-4b11-ade2-820b05f12201,1e945313-6951-4842-b2da-d6783e2a9422,käm,Synonym
643a40ea-8a68-4079-9cd1-48d2c9c1ecd3,126aa959-1f83-4ede-bbc0-3c76a88d72fe,gullba,Generic
ccb2dc57-6e1d-4f0b-9a2f-9ce9c8034a45,9353d19e-be61-43f3-833e-5e89d01e69c1,gwaga,Coordinate term
ccb2dc57-6e1d-4f0b-9a2f-9ce9c8034a45,3e62bb45-f2d3-4e14-b716-8606697c2492,mällät käp,Coordinate term
ccb2dc57-6e1d-4f0b-9a2f-9ce9c8034a45,c889211d-3e1c-4cf5-be85-fd128e6db686,yɨdmeny,Coordinate term
ccb2dc57-6e1d-4f0b-9a2f-9ce9c8034a45,fac130ac-2733-4def-a182-a5a7d047e846,täp gazenatt,Coordinate term
ccb2dc57-6e1d-4f0b-9a2f-9ce9c8034a45,065d0702-7875-45ce-afde-26f9546ee749,ddageddage,Coordinate term
ccb2dc57-6e1d-4f0b-9a2f-9ce9c8034a45,9c21edfd-59be-40eb-a486-bceff356bcfe,pllulleaga,Coordinate term
290f6b14-1ac2-45ab-aab0-282bd9405b1d,34263bd7-7285-467d-95bd-6cd1436e3917,otät,Synonym
6f50b115-30ff-41b6-9610-ddcbbd1a224d,aa88974d-78bf-4258-8078-0b265791a7e4,otät,Synonym
5d961618-1467-4204-8a58-b4d3752ca902,023d9350-5958-4f0e-bd7f-b8656b27db08,galbe,Generic
34908cb9-f1c9-48dc-ae99-7a1d72cb0ab9,0dc3b990-b4a0-4b4d-abbb-54eed9593b24,llakllek,Synonym
779b5e65-bf22-4b11-a386-997fcd7a915a,6e91e3bb-20ef-4cf9-ad3a-d6aed8797c33,llupi,Synonym
378544fe-540e-46aa-9203-122d80aa7105,6e3cecb6-3dd7-48b0-93e1-8bdd71149b24,ddage llätt,Coordinate term
065d0702-7875-45ce-afde-26f9546ee749,9353d19e-be61-43f3-833e-5e89d01e69c1,gwaga,Coordinate term
065d0702-7875-45ce-afde-26f9546ee749,fac130ac-2733-4def-a182-a5a7d047e846,täp gazenatt,Coordinate term
065d0702-7875-45ce-afde-26f9546ee749,c889211d-3e1c-4cf5-be85-fd128e6db686,yɨdmeny,Coordinate term
065d0702-7875-45ce-afde-26f9546ee749,ccb2dc57-6e1d-4f0b-9a2f-9ce9c8034a45,duwel sära,Coordinate term
065d0702-7875-45ce-afde-26f9546ee749,9c21edfd-59be-40eb-a486-bceff356bcfe,pllulleaga,Coordinate term
065d0702-7875-45ce-afde-26f9546ee749,3e62bb45-f2d3-4e14-b716-8606697c2492,mällät käp,Coordinate term
065d0702-7875-45ce-afde-26f9546ee749,bca070ec-562b-4daa-b00a-d36f7adb60d2,källamitang,Coordinate term
6e3cecb6-3dd7-48b0-93e1-8bdd71149b24,39e08120-bae9-41a7-8c67-5438f8a15b78,mutt,Synonym
6e3cecb6-3dd7-48b0-93e1-8bdd71149b24,7cf170b6-cb36-4138-b603-0a67835f5e40,walle mäg,Synonym
6e3cecb6-3dd7-48b0-93e1-8bdd71149b24,378544fe-540e-46aa-9203-122d80aa7105,ddage bun,Coordinate term
d1168039-1f75-4867-9da4-21171e3225b7,172f968d-acca-4520-afd4-6f65442cdf54,toma,Synonym
dd49582b-5c99-4346-af8e-a41233f7dd75,9dc49db7-2322-49c8-91b8-d02c02ba9b3b,toma mit,Synonym
601b0903-0e2c-4924-a3d6-62297d82d658,e71dc5dd-e81a-492a-adb2-aac3dc7696ba,tobäll,Generic
a3a2109a-aee9-46e4-a654-59810701b4b6,33923b81-a161-4dd7-9358-f9be2ed0a5f4,ddapall ma,Synonym
a3a2109a-aee9-46e4-a654-59810701b4b6,5f2dd90f-cf4f-4fcb-8489-fdd1584c9ea8,yu ttängäm,Antonym
3815c29b-11ec-49f3-8ee9-499c44b5d08f,fb3e4baa-a571-4502-88bf-da9a35543c6e,yogoll kutt,Specific
3815c29b-11ec-49f3-8ee9-499c44b5d08f,5ae34edd-bb02-4d62-b979-8b0a1f39cac9,kut,Specific
3815c29b-11ec-49f3-8ee9-499c44b5d08f,ae82669f-ac76-47f6-a811-5eb595edb06c,yogoll särem,Specific
3815c29b-11ec-49f3-8ee9-499c44b5d08f,b2da2205-ed9b-481c-af46-28e1fb41168d,ddapall källa,Synonym
b2da2205-ed9b-481c-af46-28e1fb41168d,3815c29b-11ec-49f3-8ee9-499c44b5d08f,ddapall käkan,Synonym
33923b81-a161-4dd7-9358-f9be2ed0a5f4,a3a2109a-aee9-46e4-a654-59810701b4b6,ddapall,Synonym
33923b81-a161-4dd7-9358-f9be2ed0a5f4,5f2dd90f-cf4f-4fcb-8489-fdd1584c9ea8,yu ttängäm,Antonym
d0578e5c-cbef-45e6-94f5-2bd0d0409cdf,5c0a5369-f472-4242-a487-9953cae691cd,midd,Synonym
d1c2dddd-3276-4231-8a88-e9f51949683b,6a7aaaa5-c978-455a-8386-a6d44134f09e,otät,Generic
2f1e26ba-bac3-4e4b-bd61-ca7716af3a5a,c30a6e5b-397a-4ed7-9de0-ecd8570b1a0b,ikop ddäddäg,Full phrase
8f2a6f86-b7aa-445b-8003-7009c1311a59,55de06f6-f34f-4ab6-95f7-83657e8ed05b,ikop ddäddäg,Full phrase
c6fc3ef5-aae2-4ada-a54e-bdcc507ee517,cfd6a06e-7539-4b61-aff3-fd86e609acbf,gängglläd,Synonym
c6fc3ef5-aae2-4ada-a54e-bdcc507ee517,36e3a647-9343-4ab4-96bf-f4655bc6fc14,dämoe,Synonym
a7e146ad-272d-4e31-b12c-e9cb93a87272,b318ee89-0120-46e2-b9dc-b6e756e8c665,gwara,Coordinate term
9e59dada-57b9-4f9d-9b0c-d12f61f8bb4f,4bccc41c-ada1-4f9c-b414-16cb3a2933e3,ttatta,Part
9e59dada-57b9-4f9d-9b0c-d12f61f8bb4f,4484d22b-e8fd-480c-bcad-5d354aec1874,kowa,Part
7e7fea48-52ab-43fb-a2ee-25e9692a298c,80cd18fd-e6bd-41ea-9897-c5b2a8b4fe07,upe,Synonym
b5811624-b61f-4a19-89a7-608e5a362ea4,e67fa5aa-0b90-43a7-a1c7-5b09c0faf17a,dadäräb,Synonym
e0acfe6d-2976-459a-90f2-13867a83e4f6,a7e74665-6f9b-4dfc-800d-effc1a34e114,ten,Synonym
8354799d-2dfe-4c71-9a95-e79b3e0de969,8a020708-16b9-4abe-b349-51c666c2d939,lläkäm,Generic
672dfb78-e3f7-4003-8f0a-087063f7aae2,f5050836-5327-4c1a-ab7d-fda92b970809,käm,Synonym
672dfb78-e3f7-4003-8f0a-087063f7aae2,3ceb96c7-ab2f-4449-827c-78d133d48421,llɨg dum,Synonym
a78f5585-29a5-4191-a36e-5506b4296de3,42321e8a-370c-4faa-b742-8f0a4b3f588c,gullem,Generic
9bc52877-5f17-441e-9e6d-0671a14e0369,5cb7d204-2136-464e-8884-e1fcf8808ad0,tumtum,Synonym
9bc52877-5f17-441e-9e6d-0671a14e0369,33bbabf2-b18c-4567-b5bb-2f4bb0eda131,umaem,Synonym
9bc52877-5f17-441e-9e6d-0671a14e0369,a25b3970-3d55-48f4-8c57-708ddbc9217a,ttotto,Synonym
9bc52877-5f17-441e-9e6d-0671a14e0369,b371d64f-dbe1-4ac6-a385-bc42eebef075,tukpi,Synonym
a959f025-e6aa-4d32-9bec-1e266dfa496d,f7675600-570a-4417-af24-ee4f4a42da3a,nyärab,Synonym
a959f025-e6aa-4d32-9bec-1e266dfa496d,11deb681-546d-4b75-9fac-0471b9791842,kängkäl,Synonym
a959f025-e6aa-4d32-9bec-1e266dfa496d,df1738f5-e6e8-4dcc-a5bb-3c460ff68fb1,ngetam,Antonym
a959f025-e6aa-4d32-9bec-1e266dfa496d,b67421b7-a8fd-4c5c-86ba-15fb1cba7a68,dedre,Antonym
49be8308-41e1-4ca6-a7ac-053cd59716c9,8972de18-3c7f-4614-a3dd-03a536f49d71,mamalldae,Synonym
f90e127e-ff51-4793-8766-19c4f2e059d9,c2784963-9bca-4c3b-9e4c-bd30df40b739,kaemne,Generic
a28b987a-b2ee-4199-bb46-77a318d2387a,d1809af2-fe67-4159-a321-6bd14104f316,llanded,Synonym
6cdc22b6-c076-48b9-9b92-bcec001e3d41,732c6027-6822-42d2-9ae6-ee3289526b1c,Ende,Whole
63014a44-17e9-46ef-a1d2-338c9115a225,b9846301-9e41-4ffb-8ecc-f83199eafb9b,ddone ada,Synonym
63014a44-17e9-46ef-a1d2-338c9115a225,173ac717-36c5-4cd9-b4eb-a03aa9876ed6,abal,Synonym
91c6cad1-6df8-4a4e-932e-9bf75f069c77,a8ffbffb-9a77-4991-a463-b8b42db4fc67,tuyem,Specific
91c6cad1-6df8-4a4e-932e-9bf75f069c77,d65cce92-583d-4824-8a4a-cc97c8c3d165,ttällallem,Specific
91c6cad1-6df8-4a4e-932e-9bf75f069c77,1931a606-817c-4292-9eb1-3f2a84f7ec19,ekaeka,Synonym
de62ab5e-7c09-45a5-9b72-524baa68107d,3e681d21-186c-4059-a767-07c6c69c8768,dänräp,Near synonym
5cded717-8dcf-43fe-ab30-7d25a795ecea,9dc273d6-6757-4162-b20c-b49799e89b44,lläng,Antonym
5cded717-8dcf-43fe-ab30-7d25a795ecea,8ce2dca4-9d00-41c0-bc55-485238f9015b,llängmeny,Synonym
09282baf-6265-4b91-979c-7e35397b1ac1,e71dc5dd-e81a-492a-adb2-aac3dc7696ba,tobäll,Generic
d679e21e-1293-487c-ab50-305b373a2b02,f2160dc0-137c-4fdd-9e52-1f8a20a3fcfc,käk,Synonym
efa1f703-5a08-4ac0-b913-f282965651b1,0f08f7d4-e781-4976-9397-288b3ae478d4,se,Antonym
efa1f703-5a08-4ac0-b913-f282965651b1,3dcd85cf-b6ec-4dec-8a12-60a11726782d,ao,Antonym
efa1f703-5a08-4ac0-b913-f282965651b1,9faa3b56-4f29-4cc2-9108-995c94ba8b49,ka,Synonym
f06e611b-ff3e-48d3-a453-02541ae8ea7c,cf20057c-de04-44cf-ba3d-3416d96e9188,malla,Synonym
b9846301-9e41-4ffb-8ecc-f83199eafb9b,63014a44-17e9-46ef-a1d2-338c9115a225,ddobae,Synonym
b9846301-9e41-4ffb-8ecc-f83199eafb9b,173ac717-36c5-4cd9-b4eb-a03aa9876ed6,abal,Synonym
d63bb0d1-4c0f-4753-b659-e3c22ba473d7,e71dc5dd-e81a-492a-adb2-aac3dc7696ba,tobäll,Generic
c4a547fa-1a3b-445c-a10e-84baa6bb8432,fcc85214-df72-4f7b-97ed-3e01eb1262d1,=olle,Synonym
c4a547fa-1a3b-445c-a10e-84baa6bb8432,6f95956d-bfc4-4df2-90b4-e02e76b2cf21,=pate,Synonym
cca0fcfa-ad1c-4c08-b1b0-4faadc2b8a08,e71dc5dd-e81a-492a-adb2-aac3dc7696ba,tobäll,Generic
42cf0871-beb9-4cb0-bece-4d29505fbbca,f7edbbda-1632-449c-aa60-00719d51a602,iddob,Coordinate term
42cf0871-beb9-4cb0-bece-4d29505fbbca,ee5657ed-ec32-4c8c-aa2c-8f1ae7e91db1,toto,Coordinate term
42cf0871-beb9-4cb0-bece-4d29505fbbca,47bdf737-45b6-4fcf-b5ac-345a35ec6c9f,awi,Coordinate term
42cf0871-beb9-4cb0-bece-4d29505fbbca,74270408-2ede-49db-9af3-24e44e2d8d08,ag,Coordinate term
42cf0871-beb9-4cb0-bece-4d29505fbbca,8e4b822b-246e-4abc-ae07-e066ecd2015c,yäbäd tuktuk,Part
f5a0502d-97d9-41bd-b77e-7e53c0ea051c,e85a930f-2445-43d6-ab9a-850f698f7977,yäbäd tuktuk duwem,Synonym
64e7edb5-5277-4205-a2a5-7912b92cb55c,1d224dcb-7a44-4d96-9d1b-d4ec91114858,adawalle,Synonym
64e7edb5-5277-4205-a2a5-7912b92cb55c,a64b5710-b739-4120-80b6-0f37e9788cc0,damasäm,Synonym
64e7edb5-5277-4205-a2a5-7912b92cb55c,ceb92cd9-6e98-4e58-ab55-0afb96dd099b,adawatta,Synonym
8b8c43bf-50bf-4cc8-aad3-df11d2c94bca,9f150e6d-8de4-4d58-8476-edf0f3f24852,dam,Synonym
8b8c43bf-50bf-4cc8-aad3-df11d2c94bca,5ab795d4-16bc-480a-b3da-605186673dd6,käsre,Synonym
8b8c43bf-50bf-4cc8-aad3-df11d2c94bca,c832028d-3665-4b8f-a757-64d7f9ce34d0,ako,Synonym
8b8c43bf-50bf-4cc8-aad3-df11d2c94bca,7183ce85-d758-43b6-a07b-c16d958d8d21,daballe,Synonym
8b8c43bf-50bf-4cc8-aad3-df11d2c94bca,f3a4eaa3-8414-46ab-b54f-e3d8d3daac0d,abo,Synonym
8b8c43bf-50bf-4cc8-aad3-df11d2c94bca,0aedf5c9-f0c8-4217-a375-033032503a3c,dibaballe,Synonym
c3f9738d-4eac-4189-9e6c-6e774e89c305,30006196-23d2-4b69-9bac-d7c6e6d110ba,sisri ebdo,Coordinate term
c3f9738d-4eac-4189-9e6c-6e774e89c305,ec98fe8b-1439-4583-a289-803107258a2d,känazbag,Coordinate term
c3f9738d-4eac-4189-9e6c-6e774e89c305,c67949c5-e35a-4b7b-a269-f41efc6bc888,ttongo iddob,Coordinate term
c3f9738d-4eac-4189-9e6c-6e774e89c305,c9892ccd-486a-4f80-9dde-d7168156cb8e,tätäm,Coordinate term
848d305e-137e-4ff7-8868-347057e75138,dfeabf25-a127-42cb-b392-8f68e096dd7c,matta,Synonym
35bb5a8d-3ce3-4167-b6e7-313a9f9e818c,fc6d320b-2080-485e-8197-8e6c973d5d3a,apte mätkin,Synonym
deae67c0-80ef-457d-a33d-fac4686211f1,3837cdb5-fc5f-43bc-846c-dffb8e5f1ab6,itrell,Generic
4d6a434f-fd1b-4adb-9fd9-093e7bea1382,32285bea-fcca-4f9d-aefb-acd5674f6172,ttoen,Synonym
4d6a434f-fd1b-4adb-9fd9-093e7bea1382,2a666a29-8b4b-4f61-a428-0db0f4e6eb75,stori,Synonym
4d6a434f-fd1b-4adb-9fd9-093e7bea1382,853cf50b-6745-4a84-8e68-db017dd04a7f,pepeb,Specific
1931a606-817c-4292-9eb1-3f2a84f7ec19,a8ffbffb-9a77-4991-a463-b8b42db4fc67,tuyem,Specific
1931a606-817c-4292-9eb1-3f2a84f7ec19,d65cce92-583d-4824-8a4a-cc97c8c3d165,ttällallem,Specific
1931a606-817c-4292-9eb1-3f2a84f7ec19,91c6cad1-6df8-4a4e-932e-9bf75f069c77,ddoddollem,Synonym
b070e5f1-58ad-43d5-a634-95c302548b6b,abb8308f-d107-400d-a564-5ac91710b97c,tutu,Synonym
d1dfb574-cba4-44e2-8e08-ea70243adaaa,abb8308f-d107-400d-a564-5ac91710b97c,tutu,Synonym
d1dfb574-cba4-44e2-8e08-ea70243adaaa,30dc3a2c-1adf-4da3-a129-0ba637693e63,matu,Synonym
0edd511e-3a13-4a1c-8387-3e79f6126209,f5409d9e-3907-46ce-92cc-9d788d9a289e,matu,Synonym
5e81d721-7ab6-4865-abab-8080ee089052,1f97977f-1ae1-4aaf-bc06-03cce19e74b4,ekateptep,Synonym
6c567d84-ccaf-4650-9091-4a69401a769f,42621859-b050-47d2-99b3-d1daa44692a1,inkätt,Synonym
f5191ff1-56b6-4900-b0e5-5f49746dfded,4931abed-14b4-464a-aa04-b3bc0a031fb5,ngonoe eka,Coordinate term
359a4449-91f6-497e-9356-0147ecce67a7,0f8dc276-cf05-4e9b-a0c9-6905b4fa1c12,nyärmeny,Specific
1f97977f-1ae1-4aaf-bc06-03cce19e74b4,5e81d721-7ab6-4865-abab-8080ee089052,ekakukiang,Synonym
89412ad3-a2fc-42d7-8198-5d359fbdcbae,c727c23b-bf3a-419a-ab37-0b6b22ece8b5,apte ngam,Synonym
c58d6dea-f6fa-4a84-bd6c-7cc842b82d45,72b36193-458a-49db-9d0b-3189e0456063,praemari skul,Synonym
c58d6dea-f6fa-4a84-bd6c-7cc842b82d45,9518174c-42a9-4e4b-b1d9-51fe95677fc4,skul,Generic
f0240feb-b495-45c8-a0f2-d22d2a9f7590,aa4f493d-ac4b-42e5-a63b-d2212bb29c33,sapasapang,Synonym
2cc00cc9-c325-49f9-afc6-853ffaabebec,65cc6b7b-2568-4cdc-8c01-e52c8b2c6926,ewede,Synonym
22ed0099-76bf-428d-889b-27b97a39c6f6,6504b7b2-42eb-4c5c-b224-8f979d519f1a,ewede,Synonym
732c6027-6822-42d2-9ae6-ee3289526b1c,6e9f6c00-c13c-4701-b0a9-800d51a048f6,Tizag,Part
732c6027-6822-42d2-9ae6-ee3289526b1c,adfb793c-fd72-49b7-9e4e-72d8302035a3,Limollang,Part
732c6027-6822-42d2-9ae6-ee3289526b1c,f951f20c-5c53-4468-bdcc-938706667f68,Käballag,Part
732c6027-6822-42d2-9ae6-ee3289526b1c,6cdc22b6-c076-48b9-9b92-bcec001e3d41,Ddeleag,Part
d4355d2e-142e-4b45-86ff-f86448d43654,03b27441-94b0-43ed-b15a-ef4b9eb87ef1,tätäräp,Specific
d4355d2e-142e-4b45-86ff-f86448d43654,f58f41aa-0f9d-4dbf-8c31-5fb6ec1ed44a,poddpodd,Synonym
2cf317db-f3a8-4d37-a83e-5c32153e5c57,bde9b2fd-aa5a-4013-91af-bcdbe5b28137,arle,Synonym
c9985f15-5908-44c1-b7dc-0b8a99f1dc45,1c62752f-286a-4843-94d5-85d9effdf732,allka,Synonym
c9985f15-5908-44c1-b7dc-0b8a99f1dc45,8d0b9f9b-c50f-453f-a003-e99419121197,uk,Synonym
c9985f15-5908-44c1-b7dc-0b8a99f1dc45,8735f3cd-34da-4b9c-b7be-c9dd7148fd36,pameny,Synonym
54be296d-8061-4ba7-90a9-8983e8f7504c,38a7226d-831b-4c7b-8d82-c707ec497aef,nyamällatt,Specific
5d72c783-6798-42fc-b0de-2211fb50ac92,19808827-c355-475a-a250-1ec273274d80,noponda,Specific
5d72c783-6798-42fc-b0de-2211fb50ac92,0f52f4c8-c043-4031-92d1-909cb3f023ab,erngazmäg,Coordinate term
0f52f4c8-c043-4031-92d1-909cb3f023ab,ceda0761-7b90-4825-8b04-18087abf4e31,nopmäg,Specific
0f52f4c8-c043-4031-92d1-909cb3f023ab,5d72c783-6798-42fc-b0de-2211fb50ac92,erngazenda,Coordinate term
821e0c8e-4b11-45e9-b25e-b409fa412836,479bae39-b336-4c80-9f27-ff4128b4e18d,ili,Synonym
af394df6-031b-41af-b149-011f338a8ffd,eace7060-1c2d-4e2b-bf1d-984ea1a887c9,ili,Synonym
00817f7c-c112-41be-ae23-d6797222f6ee,53ac09cd-bda4-4dd9-88d0-ae878db313af,menae,Synonym
93407efc-f4df-49c6-85e8-9dfff28195e5,68c217a4-9c49-4a64-9ec0-6f007f55dd4d,aba,Coordinate term
93407efc-f4df-49c6-85e8-9dfff28195e5,4e385d54-8061-4d49-9c3b-9681ea24fd5f,wiya,Synonym
e630afe0-06f3-4fe6-8cc2-dd4a217c4158,fe1286ca-76be-4c3f-978e-967ae67f0aac,towall,Generic
65cc6b7b-2568-4cdc-8c01-e52c8b2c6926,2cc00cc9-c325-49f9-afc6-853ffaabebec,ematta,Synonym
6504b7b2-42eb-4c5c-b224-8f979d519f1a,22ed0099-76bf-428d-889b-27b97a39c6f6,ematta,Synonym
3082d271-cf1a-4b24-aa86-c72dd05fd7a8,44bb3616-9aa2-4347-8e23-910a5bff8471,mätta,Generic
14d1f498-91e3-42cb-830b-9c87daddeab8,164a319b-757e-4502-a6f1-b4ef9428083f,putt,Synonym
14d1f498-91e3-42cb-830b-9c87daddeab8,1cd3d773-613f-45b3-af41-8c71d12f7295,kumuddägakumuddäga,Synonym
14d1f498-91e3-42cb-830b-9c87daddeab8,43bfdb6a-e9ad-46cd-a73e-c27af93dcb9e,siks,Synonym
3f07ada1-df15-4d15-a35b-72d6c16afb38,96998307-a824-4467-a65f-49d61b4288a7,kep,Synonym
3f07ada1-df15-4d15-a35b-72d6c16afb38,a561cdb5-89a0-4522-b902-1db1ca69bb20,källän,Synonym
aa083500-227c-4c55-ab30-b9d28d029b60,59d9d692-67da-466d-83a1-9363f96df514,markae,Synonym
20c49c32-3f09-448a-bee8-635f2606ae85,7c77abca-b79b-47fb-89fa-d446fa09f2e0,markae,Synonym
20c49c32-3f09-448a-bee8-635f2606ae85,184eed9e-6b6a-4e48-99f9-438d2910080d,pällämpälläm,Synonym
805ba82f-e1bd-4e9f-9954-6782031af317,447bf372-d408-4699-a66b-d079712ba230,yu bägäl,Synonym
805ba82f-e1bd-4e9f-9954-6782031af317,690fca44-e98a-4b5c-a627-8a9a53dff276,gän,Synonym
805ba82f-e1bd-4e9f-9954-6782031af317,af1bdd59-ba22-40cd-865c-7f13b0f3179d,markae bägäl,Synonym
7501f830-bf01-4b61-86b7-5efa2579605f,653f7def-89c5-48a1-83bb-b732fd9b45c9,nge,Generic
200aed8a-bbb3-4e9c-9be1-b67eb1775896,633456a4-8fb2-4406-be0b-8c487faddf0b,ai,Antonym
200aed8a-bbb3-4e9c-9be1-b67eb1775896,98baf822-ce7c-46e0-a59c-4c05ef426e9c,mer,Antonym
4b341fc3-9838-4d11-959a-a5962dd58637,8804f8b6-4a1c-418e-9fa5-41361ac9ae8b,kuddäll,Synonym
cabdfdf7-751d-464e-8bc3-b922df07d453,eea1f77e-65ca-4d66-9ac7-93bdb2e00b23,kakällät,Ideophonic pair (voiceless)
3255d798-5c3c-49ca-974a-bc57ab74859d,51b5a6fb-cfd4-43fc-b898-179cbce73ca9,ine,Generic
3255d798-5c3c-49ca-974a-bc57ab74859d,a1f50e8e-60f9-4aea-a763-426e28810b50,kae ine,Coordinate term
3255d798-5c3c-49ca-974a-bc57ab74859d,bd8a048e-d6e5-4494-8edc-e8f0d0e6b7bb,ine konkonang,Synonym
0afba8ce-521f-418b-aadb-adf4cdf95611,f0074bb2-4868-4c47-92e4-0f1dcb337a45,ttäle,Near synonym
0afba8ce-521f-418b-aadb-adf4cdf95611,033f2de4-f01b-4f23-84ed-bedfb4518829,nying,Near synonym
0afba8ce-521f-418b-aadb-adf4cdf95611,d64b42dc-c0b7-4720-9577-72d8448f7131,ttäle pätt,Synonym
023d9350-5958-4f0e-bd7f-b8656b27db08,c618fe74-c572-4129-ad9b-344e8d0b8a58,kwae,Specific
023d9350-5958-4f0e-bd7f-b8656b27db08,a8c2978e-8781-4fc8-a9d5-110acff42b12,dändak,Specific
023d9350-5958-4f0e-bd7f-b8656b27db08,5d961618-1467-4204-8a58-b4d3752ca902,duwie ku,Specific
023d9350-5958-4f0e-bd7f-b8656b27db08,9d531c77-fc0d-45b3-8b2f-539ba8498110,zarmeny,Specific
023d9350-5958-4f0e-bd7f-b8656b27db08,535f07b3-4c34-49b0-b397-78fa6c22192b,aengap,Specific
023d9350-5958-4f0e-bd7f-b8656b27db08,745ece25-a067-4229-8a1f-129f341f0fac,bazere,Specific
023d9350-5958-4f0e-bd7f-b8656b27db08,3dc8900e-221c-4b5a-8f04-01db5c9bb444,begere,Specific
023d9350-5958-4f0e-bd7f-b8656b27db08,e1de7b16-077b-4779-b0e9-b33a45b23983,kakud,Specific
023d9350-5958-4f0e-bd7f-b8656b27db08,b2bae7bd-88fd-4d06-aca3-db83d6e43955,kallekalle,Specific
023d9350-5958-4f0e-bd7f-b8656b27db08,1df45768-1155-4e05-a391-e7f7c5d211b6,mämbär,Specific
023d9350-5958-4f0e-bd7f-b8656b27db08,549ec276-be91-4a23-90d5-25bc1b57caa9,metar,Specific
023d9350-5958-4f0e-bd7f-b8656b27db08,0d1c0cd5-8983-4fb1-a377-54cd25654fb7,misituryam,Specific
023d9350-5958-4f0e-bd7f-b8656b27db08,cad92337-298b-443e-8929-61a26662d35a,panggopanggo,Specific
023d9350-5958-4f0e-bd7f-b8656b27db08,fd453df7-1052-4fcb-963a-c9afdbecf49c,ponganem,Specific
023d9350-5958-4f0e-bd7f-b8656b27db08,affe604b-1417-46b2-bb4e-948448a2d2be,rubi,Specific
023d9350-5958-4f0e-bd7f-b8656b27db08,c4630093-5c7f-4c67-8c15-bb23747acf0b,sangapawi,Specific
023d9350-5958-4f0e-bd7f-b8656b27db08,d874e0eb-76d5-4440-ad02-339cc10d0e6a,suga galbe,Specific
023d9350-5958-4f0e-bd7f-b8656b27db08,9a4fb506-d889-4b69-b2b9-ccf45b82b209,tämani,Specific
023d9350-5958-4f0e-bd7f-b8656b27db08,6be41030-4474-47fc-a0f3-c3a76cbfb140,täme käp,Specific
023d9350-5958-4f0e-bd7f-b8656b27db08,ec28fcbc-6736-4d69-93d9-aaa59a8592c0,tärpae,Specific
023d9350-5958-4f0e-bd7f-b8656b27db08,4b6792b7-e2fb-4ec8-a078-47411646d911,ttɨp,Specific
023d9350-5958-4f0e-bd7f-b8656b27db08,3f21e369-72bc-45be-863d-684597aa76b7,ubrattäka,Specific
023d9350-5958-4f0e-bd7f-b8656b27db08,a70ac289-3024-4cbd-a80f-4f55ca98bcd4,yaul,Specific
023d9350-5958-4f0e-bd7f-b8656b27db08,2094935d-3ecc-4b20-b162-f9fd5843e307,pongoll,Coordinate term
023d9350-5958-4f0e-bd7f-b8656b27db08,20d732a2-8861-43c7-bbb2-2c7f20cc62c7,bogobogo,Coordinate term
023d9350-5958-4f0e-bd7f-b8656b27db08,7f186e8e-555d-4804-8fbf-b10415899059,mutae,Coordinate term
048980b1-3a67-4d6b-80e9-93b8b9c82cf7,e71dc5dd-e81a-492a-adb2-aac3dc7696ba,tobäll,Generic
2bd62ef2-d6d5-44bb-b695-9673e4d1f8b9,2e54db5a-3e5d-4b0b-88a8-559aee5cae42,biye,Generic
a1f7d883-30d8-40a0-b729-48313c9453dc,c4fceb2c-b6e0-41ea-9cd5-91c1f64c57f2,bänamb,Synonym
4db6aeac-39e1-4284-9baf-f4a2f036b2ed,2359e9d2-b379-4c40-9d22-03c87d4c949a,walle menae,Synonym
893a93e3-a8ff-4a09-85c5-9587004ed616,017b0747-f5f3-4d33-a173-f763b0eecc7a,kallkell,Ideophonic pair (voiceless)
4ccd3716-4998-4133-a3c5-defeda2d585b,775bb364-7ed7-45cb-afd2-c5c73803067d,mobera,Synonym
58c4d03e-8c8d-4e98-bc51-b8f112e599a1,2138386a-b0ae-499f-aa8e-8fcdccc55053,nyongo taempägag,Synonym
372995dd-3197-4624-91a9-7e7bebb5293c,3a809054-945c-466d-a36c-22c8a6fa7ff3,kottllam,Generic
138ac4c4-bf86-42a7-9690-c0a75cd0fbcc,f83f0cf4-dd91-4dbc-9f1c-7f19fc59502d,sana,Generic
3136cb20-0217-4a1b-b95a-caef06e3626b,db69b379-0b40-43ba-95c8-145cb37a190c,tongle,Generic
a15b2edd-5a8f-4292-acf9-9d313ff63b26,7fafdcbe-a10e-4a67-ba18-2136b169fc67,kollba,Generic
2e2c9921-3481-440f-964e-3845da6b3851,da8740b9-f1fb-4adf-b8ea-5556b59f5e8f,zan,Antonym
2e2c9921-3481-440f-964e-3845da6b3851,10cc67b7-0502-4d58-ac39-eee7926858cf,tärak,Antonym
2e2c9921-3481-440f-964e-3845da6b3851,e28c4848-0517-401c-976b-d5bfc256cc43,kän,Synonym
d13ade30-1408-4db6-82d4-dcf1a5face7e,c28258a3-06d5-4255-9d6a-a7ee809d317c,ngällbän,Synonym
d13ade30-1408-4db6-82d4-dcf1a5face7e,bcf4cf11-1faf-4183-8e4a-b2e4c1666b78,kälakäle,Antonym
d13ade30-1408-4db6-82d4-dcf1a5face7e,dcfd9cf2-862c-491e-93c6-ca028320adf1,spun,Antonym
d8af8b3c-96e6-47b1-85fd-2a98690ecb9d,81a58799-1032-4b56-856f-04691a075449,irängän,Synonym
d8af8b3c-96e6-47b1-85fd-2a98690ecb9d,3a4aa9de-dffb-47cc-815b-4990000a6e9c,kän,Synonym
d8af8b3c-96e6-47b1-85fd-2a98690ecb9d,32d2b1b4-347b-48cb-8ebf-086f1ff4a06a,sänasäne,Synonym
d8af8b3c-96e6-47b1-85fd-2a98690ecb9d,cfbaa234-e863-445e-9f2a-8ca45a2d68d9,zämae,Antonym
d8af8b3c-96e6-47b1-85fd-2a98690ecb9d,4d5c7247-306c-4b0e-92d1-37ae85e6f479,tärak,Antonym
d8af8b3c-96e6-47b1-85fd-2a98690ecb9d,a0bc6c70-cfc5-4522-9a52-622e104eb136,zan,Antonym
6ff354ab-c021-4e49-88bf-0dc6e0adcf74,42321e8a-370c-4faa-b742-8f0a4b3f588c,gullem,Generic
0926b670-ba06-41a8-bf65-c694cc1c7b48,10fdc32e-7c7f-4aa0-91b6-5261103d2274,gäbän,Synonym
0926b670-ba06-41a8-bf65-c694cc1c7b48,f9cc457d-6bf9-4983-9926-19620aa767e0,pänyae,Synonym
0926b670-ba06-41a8-bf65-c694cc1c7b48,4f2edd63-10c4-4835-980b-6bd1bef61fa6,spun,Synonym
10fdc32e-7c7f-4aa0-91b6-5261103d2274,f9cc457d-6bf9-4983-9926-19620aa767e0,pänyae,Synonym
10fdc32e-7c7f-4aa0-91b6-5261103d2274,4f2edd63-10c4-4835-980b-6bd1bef61fa6,spun,Synonym
10fdc32e-7c7f-4aa0-91b6-5261103d2274,0926b670-ba06-41a8-bf65-c694cc1c7b48,gäbaeb,Synonym
e883fbaa-5778-45bf-a543-9e4642ce8a2c,1c65a91a-d017-401e-81e0-c5cb6d87ef0b,tɨt,Synonym
0b9bb7ce-f69a-42f8-8cd1-f9130ea06e56,08c764ad-a1ce-41df-93ea-707693bdcdf1,popo,Synonym
696d8dce-01fd-44d5-84a1-b5f396af974f,47292bc3-987f-436a-8c82-4a146f9f94d9,aoao,Near synonym
696d8dce-01fd-44d5-84a1-b5f396af974f,882ca466-c9c3-4d0e-9395-a42517e3747f,beyambäg,Synonym
696d8dce-01fd-44d5-84a1-b5f396af974f,f0f7febf-312e-4263-8ced-d75eb53de5d3,koenmäll,Synonym
a3c3cfba-4899-42a0-a899-0894ee75d1ab,a511b19a-1906-46b5-ae7a-69314b9332ab,käklläp,Ideophonic pair (voiceless)
6c020940-9886-4902-bb32-65fe51292d12,26c75228-8e21-409b-942a-ceb6a9ffdeab,mab,Generic
2cc33574-1d4c-47d5-8362-71222fdeebe9,e36c7641-ffab-4910-9e66-a89b1a345492,llollom,Synonym
dc7161e1-cff5-4a5b-a720-4d364762ed8d,b76178a6-85d1-4460-a4bc-7df0e2a6b3d7,gleb,Synonym
075f510a-05e7-41a5-bc0b-f4cd91244a62,9481d925-da97-4a8c-9c24-45dc5a040c90,mitmit,Synonym
075f510a-05e7-41a5-bc0b-f4cd91244a62,d8ad14a4-19b7-47fc-a970-c03ecc222883,bälämbäl,Synonym
690fca44-e98a-4b5c-a627-8a9a53dff276,447bf372-d408-4699-a66b-d079712ba230,yu bägäl,Synonym
690fca44-e98a-4b5c-a627-8a9a53dff276,af1bdd59-ba22-40cd-865c-7f13b0f3179d,markae bägäl,Synonym
690fca44-e98a-4b5c-a627-8a9a53dff276,805ba82f-e1bd-4e9f-9954-6782031af317,gabma bägäl,Synonym
16fa77f2-6744-4050-9d11-c92c11a0b20d,b6e68ac1-3d1f-496a-85bd-f889e7ccf4a5,tatu,Near synonym
cfd6a06e-7539-4b61-aff3-fd86e609acbf,c6fc3ef5-aae2-4ada-a54e-bdcc507ee517,ddäddäl,Synonym
cfd6a06e-7539-4b61-aff3-fd86e609acbf,36e3a647-9343-4ab4-96bf-f4655bc6fc14,dämoe,Synonym
d157cfde-7809-4510-92be-619f99f1b89c,9d32d4bd-3d19-4a08-a36f-aaacfc7fdd48,de,Coordinate term
d157cfde-7809-4510-92be-619f99f1b89c,964d2dcf-a3e9-4cad-941c-295441c51188,do,Coordinate term
fa966914-8ca7-41c2-94d8-8303539506f4,ed222914-bc8a-4dfc-b19d-1913de110122,ge,Synonym
fa966914-8ca7-41c2-94d8-8303539506f4,eb58dbc7-befe-4d07-a24d-028df62a4651,de,Coordinate term
57d1cfc2-d498-43a4-974d-e7f84fb7f7ae,d5f21548-4155-4c2c-b22b-429010affbcc,kallɨngg,Synonym
e5e350fe-8c14-4a4a-b033-d77ed8fe1012,744b232e-a9a5-42ca-b1e1-fb5cbbe320f6,metmäll,Synonym
e5e350fe-8c14-4a4a-b033-d77ed8fe1012,6785c63a-b56e-4716-a109-6e2e1e55f5df,wabeb,Synonym
e5e350fe-8c14-4a4a-b033-d77ed8fe1012,1c46b37a-5f8c-4d51-ae8b-3818131efa02,papa,Synonym
ed222914-bc8a-4dfc-b19d-1913de110122,fa966914-8ca7-41c2-94d8-8303539506f4,gänya,Synonym
ed222914-bc8a-4dfc-b19d-1913de110122,9aec8504-ed21-41a3-99b2-e5e59b52531e,da,Coordinate term
1bba724b-2a19-41d8-b778-f1630f5d3d72,a608a630-01d1-444c-b44b-9c54ead2a8e8,owel,Near synonym
d451dd78-ac2e-4eea-8bf9-5926ce58be29,94509952-3fbd-4599-b16a-ccc0bc6c2080,Wipi,Synonym
d451dd78-ac2e-4eea-8bf9-5926ce58be29,a023bfda-16ff-48e6-a7ff-0553ddcbde2d,Orpmang,Synonym
1a31aa0b-38d9-4199-9cca-8aa646356727,be7d7695-6548-4ba7-8b5b-7da495f100a6,ttam,Synonym
045eadc4-961a-4e42-8b0f-e9d61120dde7,0197ae9a-3225-4400-a4d0-c66b1716a766,giddollmeny,Antonym
0197ae9a-3225-4400-a4d0-c66b1716a766,045eadc4-961a-4e42-8b0f-e9d61120dde7,giddollag,Antonym
c64fa6d1-182a-4a87-a49d-2d59b98acb68,44bb3616-9aa2-4347-8e23-910a5bff8471,mätta,Generic
c64fa6d1-182a-4a87-a49d-2d59b98acb68,da3510a5-0bc6-431f-b366-589a4bf79b49,bärät,Generic
19cc0d03-c69b-4e34-b4d9-1247117439be,44bb3616-9aa2-4347-8e23-910a5bff8471,mätta,Generic
b76178a6-85d1-4460-a4bc-7df0e2a6b3d7,dc7161e1-cff5-4a5b-a720-4d364762ed8d,gämäll,Synonym
beb0c4af-016d-4a21-8926-362098ead489,2b349d4e-d54c-4322-9c3d-d0a48272096e,spun,Synonym
e3ede3fb-0ff3-44e3-a5e1-1dfd5a6ad636,8f980b3f-67c3-4fdc-ac7b-9c1a1ace281b,Adi,Synonym
6b200d5e-b965-453b-b625-feead1434a46,a539e401-595a-4057-95cf-b177025f7e67,ttängäm,Generic
e9180679-f10e-4da3-b842-fb78f283c387,1c9c901b-00ca-48d8-8994-a9ac9c0031e6,longgo,Synonym
e9180679-f10e-4da3-b842-fb78f283c387,bedaab4f-53a6-4f0f-97f8-db0c6b89b791,tatäraem,Synonym
fcdeac89-c3bd-483b-b52c-21c29b6c1e5e,653f7def-89c5-48a1-83bb-b732fd9b45c9,nge,Generic
fcdeac89-c3bd-483b-b52c-21c29b6c1e5e,13432ad7-826a-4019-b1df-325a7cf83245,pall,Coordinate term
c7e1578a-3031-4982-9d89-23ce49313014,3a809054-945c-466d-a36c-22c8a6fa7ff3,kottllam,Generic
b1525d84-ca8c-47e3-bd7c-9fb8735dcd99,91874006-87a6-4412-a7bd-fedb8e49018e,ttongottongoalle,Antonym
b1525d84-ca8c-47e3-bd7c-9fb8735dcd99,b6e86a93-8183-4f8b-9d4c-305d7df2444f,aolidae,Antonym
b1525d84-ca8c-47e3-bd7c-9fb8735dcd99,544d202d-b1c6-434a-a83b-956d1ed3d3d0,kälae,Antonym
b1525d84-ca8c-47e3-bd7c-9fb8735dcd99,95bae930-cdde-4154-b988-6edc91e6cadf,kemibi,Synonym
b1525d84-ca8c-47e3-bd7c-9fb8735dcd99,b8271fa1-2f61-483d-b4d9-5e0cbf72616f,ai,Synonym
b1525d84-ca8c-47e3-bd7c-9fb8735dcd99,5a03b409-4e92-44a4-82b3-5db16fbf932d,yuwog,Synonym
b1525d84-ca8c-47e3-bd7c-9fb8735dcd99,f9c922af-add0-4c6c-91dd-6b3bf01ce261,gudae,Synonym
b1525d84-ca8c-47e3-bd7c-9fb8735dcd99,c138a496-d060-4616-984f-a684349b18d7,tumang,Synonym
383979c1-49b0-4c5a-a2a1-8598f4002036,18631217-83e7-4fe9-9b50-45941df6a621,ngattong,Antonym
383979c1-49b0-4c5a-a2a1-8598f4002036,ea0e25e8-997d-4c2f-abf3-21c39cd2e60b,ingoll,Antonym
383979c1-49b0-4c5a-a2a1-8598f4002036,e0d928a6-bd20-4ad5-a50a-019b9e68ec07,imne,Synonym
fa8300c6-b62d-4d3d-96f6-6de56f24a510,23948dc6-a54b-47c3-8eeb-b7b1947c0bf1,yu,Synonym
a0ee16d8-aea1-4b4f-bdb6-efb3307e7c3c,949d857b-df34-4450-862c-f9f37b0d08a2,ttäm,Synonym
a0ee16d8-aea1-4b4f-bdb6-efb3307e7c3c,6ec54f42-2d2e-4c08-b42c-867ae941fdda,penongg,Synonym
7c5545f5-6957-4ea8-9dc2-83dd9a59bb80,0b000034-0579-42bd-a72b-e55b602e9fc0,binzeg,Synonym
1cfa61ba-4df8-49de-943a-a512d906a8c4,986d5c34-8959-43bc-97de-a1e57ff14e15,budar,Generic
2de9a050-0523-4d50-a19f-1fbfb912105b,caec0b92-896a-4aed-b96c-19337deaa13f,nge,Generic
3118151a-0327-49c7-b6f1-32de50335cfb,e16f9397-5537-44a0-aa25-90f3541c3f98,nge popo,Coordinate term
3118151a-0327-49c7-b6f1-32de50335cfb,7506fefa-27c6-4e83-8b72-49052a213346,sisi,Coordinate term
3118151a-0327-49c7-b6f1-32de50335cfb,6f0bd988-e147-4338-b8b6-fcce0663dbd4,tawekutt,Coordinate term
3118151a-0327-49c7-b6f1-32de50335cfb,0b9b7223-9f62-403a-8fc1-a38e10d61397,ttambällag,Coordinate term
3118151a-0327-49c7-b6f1-32de50335cfb,f94ee63b-b6f0-443b-ae71-24ee933ecf57,nge tikop,Coordinate term
3118151a-0327-49c7-b6f1-32de50335cfb,97c92baa-a143-4332-a982-73205a42b3ce,kukrub,Coordinate term
3118151a-0327-49c7-b6f1-32de50335cfb,04cc8775-1962-4c8c-819b-f52930293119,nge dɨdɨr,Coordinate term
3118151a-0327-49c7-b6f1-32de50335cfb,75b0dc1d-c3bb-4788-a0a4-4c8666812982,kokowang,Coordinate term
3118151a-0327-49c7-b6f1-32de50335cfb,cc4998e8-3e7c-4695-a456-878bc55a6937,bänbän,Coordinate term
f9c922af-add0-4c6c-91dd-6b3bf01ce261,95bae930-cdde-4154-b988-6edc91e6cadf,kemibi,Synonym
f9c922af-add0-4c6c-91dd-6b3bf01ce261,b8271fa1-2f61-483d-b4d9-5e0cbf72616f,ai,Synonym
f9c922af-add0-4c6c-91dd-6b3bf01ce261,c138a496-d060-4616-984f-a684349b18d7,tumang,Synonym
f9c922af-add0-4c6c-91dd-6b3bf01ce261,b1525d84-ca8c-47e3-bd7c-9fb8735dcd99,gollaeb,Synonym
f9c922af-add0-4c6c-91dd-6b3bf01ce261,5a03b409-4e92-44a4-82b3-5db16fbf932d,yuwog,Synonym
f9c922af-add0-4c6c-91dd-6b3bf01ce261,544d202d-b1c6-434a-a83b-956d1ed3d3d0,kälae,Antonym
f9c922af-add0-4c6c-91dd-6b3bf01ce261,b6e86a93-8183-4f8b-9d4c-305d7df2444f,aolidae,Antonym
f9c922af-add0-4c6c-91dd-6b3bf01ce261,91874006-87a6-4412-a7bd-fedb8e49018e,ttongottongoalle,Antonym
57c306e5-f43f-4a06-a2b2-950825b6628f,c6115843-4838-44f2-aa20-3d0d341dd744,källkae,Antonym
b703ebf6-ce6f-44ba-b6fa-79aebf275d0a,6b1689c3-90d6-4dd5-86b7-54b10dbb6c4d,källkae,Antonym
e6af3530-6ee5-4cec-9cd4-999947a064b3,ad9cf762-fe81-4ed2-bbdd-f889f59e12d3,sisor,Antonym
e6af3530-6ee5-4cec-9cd4-999947a064b3,74fcd792-2ab8-4885-8759-b55b9005fe50,pollo,Antonym
e6af3530-6ee5-4cec-9cd4-999947a064b3,59cb0d5c-2e59-4688-b1e5-a7d27aff725c,sisor,Antonym
a9ffa17e-42ac-4850-be50-df2d7367af42,17a26cb0-933d-490d-9665-7a941871d823,walle ddage,Whole
83a77a2c-62bd-4242-b055-b0382d66db71,2e54db5a-3e5d-4b0b-88a8-559aee5cae42,biye,Generic
a6311484-d139-46c6-9965-261da50ff3d9,9be75d31-9b53-4c20-9b02-aa2a64b76d88,kullum,Synonym
4d3d7253-d627-4188-a54c-4f7f38a6af2c,55527061-c871-4f4f-8a28-758d99d85b14,dadär,Specific
0d8f7905-bec7-4d00-883d-1568a8777bf7,62ea8720-dcbc-4859-9f27-e10bed2eab02,kwaratang,Antonym
126aa959-1f83-4ede-bbc0-3c76a88d72fe,643a40ea-8a68-4079-9cd1-48d2c9c1ecd3,duwel sära,Specific
126aa959-1f83-4ede-bbc0-3c76a88d72fe,655eaca9-2768-4edb-a228-4d5492cbe67a,putt kämamkämam,Specific
126aa959-1f83-4ede-bbc0-3c76a88d72fe,db658073-b932-48d7-befb-ee702670a27a,parpar,Specific
483feea7-0c4f-407e-b740-84549c0a93ef,d9246d9d-ec76-4b09-9ebb-77b586cbf110,lla,Synonym
483feea7-0c4f-407e-b740-84549c0a93ef,c933c080-c6d9-414b-b2e1-67421c1ada8a,mälla,Coordinate term
716ea718-ba44-4cfe-9149-35bb55ab5681,d6d01939-01ca-491a-a6ce-4a33ab834970,mällawang,Coordinate term
42321e8a-370c-4faa-b742-8f0a4b3f588c,20f6cecc-8188-4056-a1b0-a609723d8b3b,mällät käp,Specific
42321e8a-370c-4faa-b742-8f0a4b3f588c,26e48ce8-949b-4db8-969b-d7e8bd8c1f1b,moza,Specific
42321e8a-370c-4faa-b742-8f0a4b3f588c,b7c0d6e1-e3b9-466b-a34c-0f11f747e390,mimidämäll,Specific
42321e8a-370c-4faa-b742-8f0a4b3f588c,de9eeed2-8c4f-4faa-a515-0656c02c4ec8,paklle,Specific
42321e8a-370c-4faa-b742-8f0a4b3f588c,1c949cb8-83c4-4da4-9bc3-1eb7a87f1448,ttoep,Specific
42321e8a-370c-4faa-b742-8f0a4b3f588c,40fa2322-243c-4080-99aa-4251708dc000,towallpipi,Specific
42321e8a-370c-4faa-b742-8f0a4b3f588c,c6bef52e-9f79-493f-8d1a-bff67a22b59f,ttälläp,Specific
42321e8a-370c-4faa-b742-8f0a4b3f588c,9ef50e50-3986-4603-a1c8-0f01dda8901f,waya gullem,Specific
42321e8a-370c-4faa-b742-8f0a4b3f588c,fd9b7cfc-2089-4f9a-a827-13a282178527,wadär gullem,Specific
42321e8a-370c-4faa-b742-8f0a4b3f588c,c6123753-df50-441b-a961-64fe0c32dd91,däen,Specific
42321e8a-370c-4faa-b742-8f0a4b3f588c,1ddfd6d4-43d0-42a5-8783-447c01be5e54,därba,Specific
42321e8a-370c-4faa-b742-8f0a4b3f588c,a78f5585-29a5-4191-a36e-5506b4296de3,ddämoemkäp kuibiag,Specific
42321e8a-370c-4faa-b742-8f0a4b3f588c,191c91ef-e7b2-45e2-b3ef-1af530d0b06f,kuibiag,Specific
42321e8a-370c-4faa-b742-8f0a4b3f588c,6ff354ab-c021-4e49-88bf-0dc6e0adcf74,gazibra,Specific
42321e8a-370c-4faa-b742-8f0a4b3f588c,facb93f2-4bf4-44ae-af7e-4c71e0fe8b34,bätte,Specific
42321e8a-370c-4faa-b742-8f0a4b3f588c,ea436738-e604-4aaa-ab2e-b6de4701414d,indre gullem,Specific
42321e8a-370c-4faa-b742-8f0a4b3f588c,3f53719f-9118-4bf6-9b59-83d36b7dfbf6,ine mallmell,Specific
42321e8a-370c-4faa-b742-8f0a4b3f588c,f5695d1e-ac44-4421-a2f9-637610c64b00,nge tärmir,Specific
42321e8a-370c-4faa-b742-8f0a4b3f588c,261b0b80-d5c3-429f-a670-24bb79ed8efa,kɨllɨll,Specific
42321e8a-370c-4faa-b742-8f0a4b3f588c,3c7b0780-344d-4fd2-9a82-29e65e5a990c,kwakasru,Specific
42321e8a-370c-4faa-b742-8f0a4b3f588c,8a23ff5c-97fe-4ce5-8884-fa574396f154,lla diben,Specific
42321e8a-370c-4faa-b742-8f0a4b3f588c,1b03b3b3-c743-477a-9be3-f973c5c0a18b,llälläp,Specific
42321e8a-370c-4faa-b742-8f0a4b3f588c,256c84a2-8cf4-47c2-8685-33730f122a46,mällkakallamatt,Specific
42321e8a-370c-4faa-b742-8f0a4b3f588c,394fd25d-fc5d-48ab-ad25-eb834e9c5829,mätkakallamatt,Specific
42321e8a-370c-4faa-b742-8f0a4b3f588c,271f0933-f1a7-40f2-b416-7fda59a131d8,tigi,Specific
6d3ea8fa-4643-4c6b-b478-9dc8c4208aa6,e71dc5dd-e81a-492a-adb2-aac3dc7696ba,tobäll,Generic
23845226-8655-4074-b55f-372d27af7fb4,f6f1bebe-bbe7-4b89-9cbe-b544251bcaf1,nganae,Synonym
1d374a30-f423-41e2-96e4-4a0ad27ff758,6dd49d9e-3eea-4934-862f-a4443e0952b7,tikop,Synonym
2318f046-6494-4f6f-bec4-d00af67e0d02,b34f6c84-026b-4eef-acc2-6f966efad93c,ik,Synonym
2318f046-6494-4f6f-bec4-d00af67e0d02,80cd18fd-e6bd-41ea-9897-c5b2a8b4fe07,upe,Antonym
9353d19e-be61-43f3-833e-5e89d01e69c1,ccb2dc57-6e1d-4f0b-9a2f-9ce9c8034a45,duwel sära,Coordinate term
9353d19e-be61-43f3-833e-5e89d01e69c1,bca070ec-562b-4daa-b00a-d36f7adb60d2,källamitang,Coordinate term
9353d19e-be61-43f3-833e-5e89d01e69c1,065d0702-7875-45ce-afde-26f9546ee749,ddageddage,Coordinate term
9353d19e-be61-43f3-833e-5e89d01e69c1,c889211d-3e1c-4cf5-be85-fd128e6db686,yɨdmeny,Coordinate term
9353d19e-be61-43f3-833e-5e89d01e69c1,408c0a7c-7e5b-48de-ab7c-f9dca5739518,sana wuttang,Coordinate term
9353d19e-be61-43f3-833e-5e89d01e69c1,fac130ac-2733-4def-a182-a5a7d047e846,täp gazenatt,Coordinate term
9353d19e-be61-43f3-833e-5e89d01e69c1,9c21edfd-59be-40eb-a486-bceff356bcfe,pllulleaga,Coordinate term
c2d73344-d187-4b01-8232-f7fa00f675d9,f83f0cf4-dd91-4dbc-9f1c-7f19fc59502d,sana,Whole
b318ee89-0120-46e2-b9dc-b6e756e8c665,a7e146ad-272d-4e31-b12c-e9cb93a87272,ddäddäll,Coordinate term
f16a91e2-0e1f-4aeb-a725-892926805217,2e54db5a-3e5d-4b0b-88a8-559aee5cae42,biye,Generic
0b4fc24f-f743-4436-bc58-10d6c1845d38,2d8af4e9-bc64-4113-a80d-ec5533d5e68f,sabi,Synonym
9f4c75ee-eaef-4efd-9d53-cb35e24550ee,7d2c2d69-9a4f-4b24-900c-e75d2c6f299f,känyär,Synonym
9f4c75ee-eaef-4efd-9d53-cb35e24550ee,ae71a939-12de-46d8-a19f-2126cfc7b0ec,su,Synonym
eb7b05bd-5ec8-40ba-9a13-643437aeca74,c4597a75-c328-453d-aa7d-acdbeb3e4e0d,pittpitt,Synonym
b4af4655-da91-4df5-9757-8faceab8e5c8,78c0bf36-90d1-4c94-8247-2e8040d68096,pädrall,Near synonym
c8d309c8-e5ec-4f8f-9350-548c702ba555,c3379d4b-112e-45b2-b0f1-633264e33ab0,ngämi,Near synonym
c8d309c8-e5ec-4f8f-9350-548c702ba555,c7e70354-2da5-42c2-9da3-0319138b482b,ngäna,Singular
58ba4b9f-7523-43d4-8586-e9a2f519ab1e,3c6dd2e0-f7ee-4c31-aedf-5c9a93097570,uta,Synonym
3df8bb06-325c-4a48-a257-5468d6bb7c35,e71dc5dd-e81a-492a-adb2-aac3dc7696ba,tobäll,Generic
3df8bb06-325c-4a48-a257-5468d6bb7c35,3e1adcbf-67b9-400b-a8dd-9c05dcc82aee,klak,Specific
76128d14-ffa6-48a6-8ed6-b84ee9e4d447,4cf04f9f-3766-452c-be7e-fec96694419b,anyke,Synonym
9bf66ceb-cdf4-4eb2-910c-bd1074320a77,653f7def-89c5-48a1-83bb-b732fd9b45c9,nge,Generic
f7edbbda-1632-449c-aa60-00719d51a602,42cf0871-beb9-4cb0-bece-4d29505fbbca,ebdo,Coordinate term
f7edbbda-1632-449c-aa60-00719d51a602,74270408-2ede-49db-9af3-24e44e2d8d08,ag,Coordinate term
f7edbbda-1632-449c-aa60-00719d51a602,ee5657ed-ec32-4c8c-aa2c-8f1ae7e91db1,toto,Coordinate term
f7edbbda-1632-449c-aa60-00719d51a602,47bdf737-45b6-4fcf-b5ac-345a35ec6c9f,awi,Coordinate term
f7edbbda-1632-449c-aa60-00719d51a602,d0b7b47a-1181-441c-8994-551c5950740f,inu,Synonym
f7edbbda-1632-449c-aa60-00719d51a602,8df28c5b-9fa0-4432-a68a-638f4c0e78b0,iddob amnong,Part
8df28c5b-9fa0-4432-a68a-638f4c0e78b0,f7edbbda-1632-449c-aa60-00719d51a602,iddob,Whole
0127d084-6e89-4e33-9995-821199a00e32,6c2682a8-f10f-4c41-baf5-c16b21af6f34,kaptte,Synonym
6a6a6276-5329-46b7-88cf-8a7bf9a75ca4,f5409d9e-3907-46ce-92cc-9d788d9a289e,matu,Synonym
6a6a6276-5329-46b7-88cf-8a7bf9a75ca4,a726593d-1901-46e1-b6ee-a88491355a31,toko,Antonym
6a6a6276-5329-46b7-88cf-8a7bf9a75ca4,2a81215e-3a60-4f21-965e-c45820005a08,tuk,Antonym
3cd7f633-83bf-42fb-add7-a307dc4d3e13,8d87a2d6-79f1-4da2-838d-36a89b90d686,käm,Synonym
b34f6c84-026b-4eef-acc2-6f966efad93c,2318f046-6494-4f6f-bec4-d00af67e0d02,guwo,Synonym
b34f6c84-026b-4eef-acc2-6f966efad93c,80cd18fd-e6bd-41ea-9897-c5b2a8b4fe07,upe,Antonym
01377817-87a1-47b8-8b0d-4cd94210e615,739b5ea3-5136-47cc-89ee-2fa67e46ea6c,ingoll,Whole
54a77ca3-8ffa-4982-9043-1bec0b331671,dd0c59af-a4b0-4157-96e6-09ca9d70e645,sos,Synonym
00fdddbc-9ebb-4d8c-ac38-13005e4e054f,56c9373d-c281-4cb8-bc78-b7a91c2bd39e,ttomoll,Coordinate term
479bae39-b336-4c80-9f27-ff4128b4e18d,821e0c8e-4b11-45e9-b25e-b409fa412836,ero,Synonym
eace7060-1c2d-4e2b-bf1d-984ea1a887c9,af394df6-031b-41af-b149-011f338a8ffd,ero,Synonym
b759c61a-c6d8-47ca-a09e-76c094cec220,be00ae5d-adb5-4f86-88c3-700a1fb6cde5,nälan,Antonym
e0d928a6-bd20-4ad5-a50a-019b9e68ec07,18631217-83e7-4fe9-9b50-45941df6a621,ngattong,Antonym
e0d928a6-bd20-4ad5-a50a-019b9e68ec07,ea0e25e8-997d-4c2f-abf3-21c39cd2e60b,ingoll,Antonym
e0d928a6-bd20-4ad5-a50a-019b9e68ec07,383979c1-49b0-4c5a-a2a1-8598f4002036,golloll,Synonym
37dd5f00-4c6b-4991-8233-4e1fbb6f7acf,236462f8-ca63-4b4e-ab26-41f16a02829b,ngattong,Antonym
6f76e6dc-8b4f-416e-9183-f2fcdc8e98e3,e7c94533-ae20-4c73-9037-f91e364f9cdb,ngattongattong,Antonym
1a2488cf-27a7-41b8-b832-aa6ccf0ede8a,efae8779-9287-4256-824e-42bc1d4d42fb,kuki eka,Antonym
01d7139a-1e7a-4ec4-870f-e16742d13232,c60af7fb-0a7b-454e-ad7c-ca45d7996634,kuki,Antonym
06a143ec-416e-431f-b851-9796ead44c6a,123f2721-101c-4224-84bd-1f68163d902e,ttättle,Synonym
e9f12541-0f85-4418-9d15-789c695f1287,fd14d772-8813-4289-b158-48a1259b9461,mangkimangki,Near synonym
5c35b5bc-4d5b-4645-9e05-1ce747c25a8f,3add9663-c5fa-43d9-b020-56c37507e4da,inmoll,Synonym
5c35b5bc-4d5b-4645-9e05-1ce747c25a8f,a5f1fb6b-0bd1-4d33-aaf5-f4f71a36c227,konakone,Synonym
eef4d319-47e6-4ad1-b02b-96cf65b1ecbf,ed6db6cb-f0d4-4cc0-9a39-69bd780b1b31,inmoll,Synonym
d49fccc7-7c59-4091-bdfa-529a79619e67,f82afc96-368c-4407-b5fe-a4bcaaed1cc0,päzäg,Near synonym
d49fccc7-7c59-4091-bdfa-529a79619e67,3c4449ff-ff9e-48f1-8e7e-d60222988ebb,meyang,Near synonym
d49fccc7-7c59-4091-bdfa-529a79619e67,47888587-ab80-419b-a19a-adef623a3fd8,mädaulle,Near synonym
175a6ce5-75ee-48e5-8885-9ac3c05fc10e,727eae9d-372b-408f-87be-3eeb18defaf8,päzäg,Near synonym
175a6ce5-75ee-48e5-8885-9ac3c05fc10e,5f9d48d3-7971-4951-9ec5-37cd79345f71,mädaulle,Near synonym
16a33652-9267-4dff-ba86-fe88c0ce099d,7fafdcbe-a10e-4a67-ba18-2136b169fc67,kollba,Generic
bd321943-a5c4-4dc8-bbd3-9b767db5ca78,f37d79f7-4a05-44a6-9963-63cbc7cf6f52,to,Synonym
bd321943-a5c4-4dc8-bbd3-9b767db5ca78,fd9d67d9-7e8f-40f0-bfd9-cb3bb031dd4c,särem,Antonym
439284ea-6021-4cfd-99e2-341c046d3b41,a4af32a0-210d-4694-badc-4ac0ff4ec051,poapoa,Synonym
aff4945f-f89e-4794-a28f-d828782e96dc,21c28957-79c5-4a37-a39c-4300e27fbaa7,taempäg,Synonym
ea436738-e604-4aaa-ab2e-b6de4701414d,42321e8a-370c-4faa-b742-8f0a4b3f588c,gullem,Generic
92099373-79a3-466e-9e72-d7105a00c90f,b6885a57-2b43-4fcd-a983-08c3c3da232e,walle,Near synonym
51b5a6fb-cfd4-43fc-b898-179cbce73ca9,3255d798-5c3c-49ca-974a-bc57ab74859d,gagäll ine,Specific
51b5a6fb-cfd4-43fc-b898-179cbce73ca9,bd8a048e-d6e5-4494-8edc-e8f0d0e6b7bb,ine konkonang,Specific
51b5a6fb-cfd4-43fc-b898-179cbce73ca9,a1f50e8e-60f9-4aea-a763-426e28810b50,kae ine,Specific
684a4be8-f4f2-4a6d-8ef4-732d8dc75383,d5d6f9bf-44a9-417f-8354-98e508519a4b,täpe,Synonym
684a4be8-f4f2-4a6d-8ef4-732d8dc75383,951dd57b-265a-41f6-b708-2fdc5fa9e336,wärpir,Synonym
bd8a048e-d6e5-4494-8edc-e8f0d0e6b7bb,a1f50e8e-60f9-4aea-a763-426e28810b50,kae ine,Coordinate term
bd8a048e-d6e5-4494-8edc-e8f0d0e6b7bb,51b5a6fb-cfd4-43fc-b898-179cbce73ca9,ine,Generic
bd8a048e-d6e5-4494-8edc-e8f0d0e6b7bb,3255d798-5c3c-49ca-974a-bc57ab74859d,gagäll ine,Synonym
3f53719f-9118-4bf6-9b59-83d36b7dfbf6,42321e8a-370c-4faa-b742-8f0a4b3f588c,gullem,Generic
606ef74c-99f4-4b72-8162-9d5dd95bf9c9,42621859-b050-47d2-99b3-d1daa44692a1,inkätt,Synonym
42621859-b050-47d2-99b3-d1daa44692a1,6c567d84-ccaf-4650-9091-4a69401a769f,ekamatär,Synonym
42621859-b050-47d2-99b3-d1daa44692a1,606ef74c-99f4-4b72-8162-9d5dd95bf9c9,inkäm,Synonym
7a94dea9-9f08-4bfb-890b-4f4349e42dd6,814a9132-4772-4782-9023-da62f38748b9,alläp,Whole
3add9663-c5fa-43d9-b020-56c37507e4da,5c35b5bc-4d5b-4645-9e05-1ce747c25a8f,inam,Synonym
ed6db6cb-f0d4-4cc0-9a39-69bd780b1b31,eef4d319-47e6-4ad1-b02b-96cf65b1ecbf,inam,Synonym
d4d52a7f-548d-4491-8fa4-ceeae92ce68d,bc2f90ce-eb6b-4064-8831-a14af4f30685,Mäkayam,Synonym
cb249de4-c5bd-44b4-a717-78bf5bea7b9f,739b5ea3-5136-47cc-89ee-2fa67e46ea6c,ingoll,Whole
fcec7111-3997-4c32-b2ce-dabd80626863,3f905233-6459-4016-9242-afe3101f66b1,anu,Synonym
d0b7b47a-1181-441c-8994-551c5950740f,f7edbbda-1632-449c-aa60-00719d51a602,iddob,Synonym
fcc36f77-798d-475c-a615-ac6ff43af148,bee83640-01b5-4492-84ab-ac8c69227495,pällämpälläm eka,Synonym
fcc36f77-798d-475c-a615-ac6ff43af148,417b0432-5bc0-470a-b60e-dd37be88bed5,markae eka,Synonym
0630bad1-3a7c-4ec5-a0ce-7b0cca489cb1,559a88bb-f476-4770-b35e-aaf08ee27c30,mondremondre,Synonym
739b5ea3-5136-47cc-89ee-2fa67e46ea6c,01377817-87a1-47b8-8b0d-4cd94210e615,ikop,Part
739b5ea3-5136-47cc-89ee-2fa67e46ea6c,8c1d3335-08fd-47e2-9b0c-dd7bd42ff224,ttatt,Part
739b5ea3-5136-47cc-89ee-2fa67e46ea6c,ff397106-9c52-4bff-aba1-b983bc7908ce,mittapa,Part
739b5ea3-5136-47cc-89ee-2fa67e46ea6c,d975d721-a4bd-45e6-aaca-0e01dcc1e1ce,mälläng,Part
739b5ea3-5136-47cc-89ee-2fa67e46ea6c,cb249de4-c5bd-44b4-a717-78bf5bea7b9f,intot kom,Part
739b5ea3-5136-47cc-89ee-2fa67e46ea6c,0c0899bf-e1b4-41f2-8d59-3c569827776a,bod,Part
739b5ea3-5136-47cc-89ee-2fa67e46ea6c,d45447f4-a93b-40ab-8d5f-835cddb5d375,bun,Whole
ea0e25e8-997d-4c2f-abf3-21c39cd2e60b,e0d928a6-bd20-4ad5-a50a-019b9e68ec07,imne,Antonym
ea0e25e8-997d-4c2f-abf3-21c39cd2e60b,383979c1-49b0-4c5a-a2a1-8598f4002036,golloll,Antonym
ea0e25e8-997d-4c2f-abf3-21c39cd2e60b,18631217-83e7-4fe9-9b50-45941df6a621,ngattong,Synonym
d448644e-4f95-4057-922f-090587a47a1c,03cd2be0-0c5a-42be-a2e9-cf265b42bbd6,=ngänäm,Synonym
60b464ef-7761-4ed7-9953-17187b038a9a,4483131a-548c-4045-9bf8-a706732122d1,Iräm tatuma,Synonym
4483131a-548c-4045-9bf8-a706732122d1,60b464ef-7761-4ed7-9953-17187b038a9a,Iräm,Synonym
e440e1dd-9c47-4235-86b4-f48c4c46e1db,da8740b9-f1fb-4adf-b8ea-5556b59f5e8f,zan,Antonym
e440e1dd-9c47-4235-86b4-f48c4c46e1db,10cc67b7-0502-4d58-ac39-eee7926858cf,tärak,Antonym
e440e1dd-9c47-4235-86b4-f48c4c46e1db,e28c4848-0517-401c-976b-d5bfc256cc43,kän,Synonym
81a58799-1032-4b56-856f-04691a075449,d8af8b3c-96e6-47b1-85fd-2a98690ecb9d,gazen,Synonym
81a58799-1032-4b56-856f-04691a075449,32d2b1b4-347b-48cb-8ebf-086f1ff4a06a,sänasäne,Synonym
81a58799-1032-4b56-856f-04691a075449,819014b7-eeed-4492-a291-bf9882f2f984,ngällbän,Synonym
81a58799-1032-4b56-856f-04691a075449,3a4aa9de-dffb-47cc-815b-4990000a6e9c,kän,Synonym
81a58799-1032-4b56-856f-04691a075449,a0bc6c70-cfc5-4522-9a52-622e104eb136,zan,Antonym
5c8d2658-dce6-45f0-a420-f58e00262749,b90330a1-f956-43e8-9e9b-ad4b6540cd38,kotmeny,Antonym
5c8d2658-dce6-45f0-a420-f58e00262749,78f377f1-e8ce-4afa-b34a-9ab3e9caeaa8,kotang,Synonym
5c8d2658-dce6-45f0-a420-f58e00262749,e7447080-04e1-47b3-b65e-94f14ddabfc6,yorkollang,Synonym
b851a50a-e43f-400e-a688-c9cfd81d3d25,36f12cdb-e11b-44c2-8d97-11c59f22ca6f,nag,Generic
378c52f2-1d8d-4a40-a022-5e56092fb8f1,fe1286ca-76be-4c3f-978e-967ae67f0aac,towall,Generic
9d635e72-584d-4aad-ab15-c7537114a4a8,371bcc9f-c393-4a33-8904-a22ee55fcc18,kot,Synonym
9d635e72-584d-4aad-ab15-c7537114a4a8,32880aac-aa2f-4ff9-bc4b-af41e7d1f795,yorkoll,Synonym
3837cdb5-fc5f-43bc-846c-dffb8e5f1ab6,74bb6d86-584c-4b7d-b0a6-d2af90540c38,tibi,Specific
3837cdb5-fc5f-43bc-846c-dffb8e5f1ab6,deae67c0-80ef-457d-a33d-fac4686211f1,eiz,Specific
3837cdb5-fc5f-43bc-846c-dffb8e5f1ab6,61f16bf6-01c8-49c1-995d-cf0522b795ca,lepresi,Specific
89e74bb8-22e1-4a87-a8c1-d1fc03808d91,59b0f1c3-9172-402b-8984-f79528ccd762,damong,Antonym
0afcdd64-6044-4bcf-8dd7-7157da970b4f,1c6268c7-8e5f-41a0-a8ba-df997e335ff8,kollwany,Synonym
54700f56-a245-42f1-b47d-1f79155b0d39,8e1a53d9-5c06-4035-978f-e93687aab60c,kobeam,Coordinate term
54700f56-a245-42f1-b47d-1f79155b0d39,a11511ce-ce54-428e-812d-1166dc69af30,mänyan,Near synonym
9faa3b56-4f29-4cc2-9108-995c94ba8b49,0f08f7d4-e781-4976-9397-288b3ae478d4,se,Antonym
9faa3b56-4f29-4cc2-9108-995c94ba8b49,3dcd85cf-b6ec-4dec-8a12-60a11726782d,ao,Antonym
9faa3b56-4f29-4cc2-9108-995c94ba8b49,efa1f703-5a08-4ac0-b913-f282965651b1,ddone,Synonym
ad3c0ac7-55c8-4574-8b60-5c629d9c4afe,a15d380a-5cc1-449a-8cc0-20001fa64224,tär,Synonym
ad3c0ac7-55c8-4574-8b60-5c629d9c4afe,6309c99a-770a-4367-8ba2-69f1f65a1ebe,rop,Synonym
ad3c0ac7-55c8-4574-8b60-5c629d9c4afe,2c3d25ce-4cc1-43c0-9cae-896a6be6b924,mamlla,Synonym
9c148f9a-3191-4790-b473-f7873fb36a1d,fe1286ca-76be-4c3f-978e-967ae67f0aac,towall,Generic
3dd48322-ef8d-45cc-b82d-543cae65c193,2e54db5a-3e5d-4b0b-88a8-559aee5cae42,biye,Generic
0932660e-5285-4bd8-879a-eb2f6b93f1e0,98399edd-e0cf-47cc-af5a-afbb8d36c32f,wätaote,Specific
d211b4a2-8673-4cfa-a888-08b9d0ca0979,36f12cdb-e11b-44c2-8d97-11c59f22ca6f,nag,Generic
a1f50e8e-60f9-4aea-a763-426e28810b50,bd8a048e-d6e5-4494-8edc-e8f0d0e6b7bb,ine konkonang,Coordinate term
a1f50e8e-60f9-4aea-a763-426e28810b50,3255d798-5c3c-49ca-974a-bc57ab74859d,gagäll ine,Coordinate term
a1f50e8e-60f9-4aea-a763-426e28810b50,51b5a6fb-cfd4-43fc-b898-179cbce73ca9,ine,Generic
c2784963-9bca-4c3b-9e4c-bd30df40b739,c89d86b8-ab17-42dd-bad6-272ff1298b2d,bänz,Specific
c2784963-9bca-4c3b-9e4c-bd30df40b739,988fb25c-2c9f-4457-a6d1-306129691bb8,yoto,Specific
c2784963-9bca-4c3b-9e4c-bd30df40b739,b8112920-9952-43bf-8fbc-d73dc283f159,bisbis,Specific
c2784963-9bca-4c3b-9e4c-bd30df40b739,281a2af7-7f5e-445a-8457-4e455de3b1a2,lla winy,Specific
c2784963-9bca-4c3b-9e4c-bd30df40b739,0a17f9d4-9f0b-45f6-bcb8-58af572cc6da,täbäll pud,Specific
c2784963-9bca-4c3b-9e4c-bd30df40b739,862f61bc-8003-4f7a-87bf-85d6fe6c32bd,ballma,Specific
c2784963-9bca-4c3b-9e4c-bd30df40b739,a23dd552-a420-423f-84e6-de5d52369416,ubony,Specific
c2784963-9bca-4c3b-9e4c-bd30df40b739,f90e127e-ff51-4793-8766-19c4f2e059d9,ddängall,Specific
f241bc08-1cf1-460c-a6a8-924d6099b585,d906c1bb-238b-498d-bde7-3f3f87ccce15,zigae,Synonym
f241bc08-1cf1-460c-a6a8-924d6099b585,d668faec-69e7-423b-bc32-6516a2391697,tok,Synonym
f241bc08-1cf1-460c-a6a8-924d6099b585,8261172f-6ea7-4eb7-8561-8798d17f10de,llatat,Synonym
21d28183-9605-4c78-b757-4e2be805e6dc,e8b5f678-2d1e-4b8d-8dad-373de695afe1,masar,Coordinate term
5dde1cc2-670b-460b-b76d-39c3273d92ba,049d09f1-4e1c-447a-9adf-e7a927e1bf5d,kok,Synonym
5dde1cc2-670b-460b-b76d-39c3273d92ba,bce03d2c-f06f-422b-9594-65f97c5eac25,masar,Near synonym
1b1d7f8c-9826-47c9-9c57-799843cf7518,8b52b3e8-d9fe-47f4-887b-42497ceea2b3,mänang,Near synonym
1b1d7f8c-9826-47c9-9c57-799843cf7518,e807cf8e-d74f-47eb-b23e-ac2aa31d2112,masar,Coordinate term
24a06267-06c1-4223-a38f-cddf222fae38,354dfbaf-94bc-4733-bb63-a13f8a73f3b7,masar,Near synonym
24a06267-06c1-4223-a38f-cddf222fae38,13fcfe05-281d-4558-aef8-8402c0ad546a,mänang,Coordinate term
aa103f2d-e3bc-47d0-9df4-9bfb233baa8d,672b47be-cee4-411d-ab0f-442482ba4146,tärpa,Synonym
fd7f5311-ec4f-429b-a770-111997844de9,0827bb70-9684-43d8-9031-2bed5f69d8ad,masamasar,Coordinate term
60fe2c8c-a4b6-45ed-80aa-454b81dbafc6,918cb5c2-142d-4ff5-bd2a-3bf34fcd1ba5,kakne,Synonym
8dc100e9-1e84-4a4e-9c36-bf49972f651b,da8740b9-f1fb-4adf-b8ea-5556b59f5e8f,zan,Synonym
8dc100e9-1e84-4a4e-9c36-bf49972f651b,e28c4848-0517-401c-976b-d5bfc256cc43,kän,Antonym
eea1f77e-65ca-4d66-9ac7-93bdb2e00b23,51258f7f-0818-4c07-897d-3ceb3e045261,po,Synonym
eea1f77e-65ca-4d66-9ac7-93bdb2e00b23,cabdfdf7-751d-464e-8bc3-b922df07d453,gagälläd,Ideophonic pair (voiced)
80118d76-d567-4eaa-9ff1-cbbb285c5cd7,62935b82-230f-4657-8de0-95f83a5413f4,tätäp,Synonym
80118d76-d567-4eaa-9ff1-cbbb285c5cd7,cb197b53-dffd-4e39-a95f-7f744b36271e,ttattle,Synonym
80118d76-d567-4eaa-9ff1-cbbb285c5cd7,613ca2a5-ed08-4fec-b6b3-76391cf492b3,orwa,Synonym
918cb5c2-142d-4ff5-bd2a-3bf34fcd1ba5,60fe2c8c-a4b6-45ed-80aa-454b81dbafc6,kakakän,Synonym
708f50b8-c371-4122-97f5-8554c7a9a7be,b3556660-f791-4206-af25-c80ba619b678,pilatt,Synonym
a968a063-de16-4a4a-bfb6-e776429a3ffb,caec0b92-896a-4aed-b96c-19337deaa13f,nge,Whole
e1de7b16-077b-4779-b0e9-b33a45b23983,023d9350-5958-4f0e-bd7f-b8656b27db08,galbe,Generic
59ec09b5-2f68-42cf-8521-7a9e762afafe,0c0bde54-559b-4a3d-a2da-9ac5f732ee4f,kätäräl,Synonym
7f2b16b7-4c7e-4ae7-ad24-70c36e71ed7d,57c90d74-be48-4b5d-b1e2-205f76e7bc6b,tarketarke,Antonym
7f2b16b7-4c7e-4ae7-ad24-70c36e71ed7d,c4e52c02-a618-4e72-be0a-7be440fcc64f,kalokalo,Synonym
231291d5-85af-49fd-8bb1-a9168147fd5b,94a9a3a9-2313-422e-a409-013f6258c3e6,källakällae,Synonym
c4e52c02-a618-4e72-be0a-7be440fcc64f,57c90d74-be48-4b5d-b1e2-205f76e7bc6b,tarketarke,Antonym
c4e52c02-a618-4e72-be0a-7be440fcc64f,7f2b16b7-4c7e-4ae7-ad24-70c36e71ed7d,kalmoe,Synonym
a0beca8c-a2be-49af-bec8-ae2e94a2662b,e71dc5dd-e81a-492a-adb2-aac3dc7696ba,tobäll,Generic
bcda6608-101d-4c9d-8749-e7618ec8290f,7fafdcbe-a10e-4a67-ba18-2136b169fc67,kollba,Generic
5dee18c6-c9be-4e01-9b01-9808dd4b1251,a2e3a5f1-bb7e-4c75-9419-44374d8c195c,pällkam,Synonym
5dee18c6-c9be-4e01-9b01-9808dd4b1251,56e1a015-db05-4efc-95da-e91e094443e0,kädab,Synonym
5dee18c6-c9be-4e01-9b01-9808dd4b1251,51258f7f-0818-4c07-897d-3ceb3e045261,po,Synonym
b2bae7bd-88fd-4d06-aca3-db83d6e43955,023d9350-5958-4f0e-bd7f-b8656b27db08,galbe,Generic
d5f21548-4155-4c2c-b22b-429010affbcc,57d1cfc2-d498-43a4-974d-e7f84fb7f7ae,gäz,Synonym
104cdba7-b076-419f-8f5b-972e76d50981,a242e941-77de-4a7c-9091-e2f449df6e4e,ttänttäm,Antonym
104cdba7-b076-419f-8f5b-972e76d50981,7689bd3e-8b8d-4f5a-be4d-4e896f91eace,kädkäd,Synonym
02082bdb-20c1-482a-bdb1-b3002ed2d111,8b58f71e-c438-4166-8c6a-d73b8a95f3ff,ttang tupiang sod,Synonym
017b0747-f5f3-4d33-a173-f763b0eecc7a,893a93e3-a8ff-4a09-85c5-9587004ed616,gallgell,Ideophonic pair (voiced)
3cfa5def-cd7d-4d58-a3df-8582e8ed6c1f,d746492a-450a-4c4c-b2cf-069ea99fcb80,käbab,Antonym
3cfa5def-cd7d-4d58-a3df-8582e8ed6c1f,248bb614-81ae-4f0e-865d-c9fd93bdfb9f,ttamän,Antonym
3cfa5def-cd7d-4d58-a3df-8582e8ed6c1f,5083e33a-e28b-40dd-98de-50d1ab34fa3f,llätt,Antonym
ea4c1e83-5c5c-4851-898c-fc65c3150410,9e3a729b-0e31-4a74-a36d-82fde8623ad9,käbab,Antonym
ea4c1e83-5c5c-4851-898c-fc65c3150410,87755da8-b79d-4551-ad28-fe35699411b8,tära,Antonym
ea4c1e83-5c5c-4851-898c-fc65c3150410,8708684c-d0bd-449d-9dca-8b55fa06bc26,ttamän,Antonym
8c574b32-4dee-4ebd-9fa1-3f0e1b40992d,f9582a34-6e22-4810-9127-a08712bfb5e8,tätäräp,Synonym
8c574b32-4dee-4ebd-9fa1-3f0e1b40992d,7bcdc739-4689-4e3f-8c01-88cb42c111a4,llɨtɨt,Synonym
8c574b32-4dee-4ebd-9fa1-3f0e1b40992d,85c27a09-5b66-4a05-a2e5-44c5cb93a80c,potpot,Synonym
8c574b32-4dee-4ebd-9fa1-3f0e1b40992d,65b67d07-cc04-44e7-b286-c5863257d794,bänybäny,Synonym
8c574b32-4dee-4ebd-9fa1-3f0e1b40992d,a2aea3df-2146-4493-8d87-055a77985ce0,koko,Synonym
96ed26cf-a09e-4d29-ab6e-35353aa418ae,2ab7f2f1-841d-4bb8-b13e-c3f8bb703278,kunen,Synonym
7702ac90-293f-46d8-a956-97c0e8f5fd62,399144d6-b626-48f4-9ae1-dd3052a9d5e7,umllang,Antonym
6a4f46ee-3c2f-48cf-a3b2-72827ffe7dec,47a2cc3d-3075-4340-b02d-0642163ee1a6,ako,Synonym
33af3618-7f5e-4a57-b0d4-8b08e8b2a784,9518174c-42a9-4e4b-b1d9-51fe95677fc4,skul,Generic
4260d436-b05f-42ad-bb2f-bb0b5a767dc5,e71dc5dd-e81a-492a-adb2-aac3dc7696ba,tobäll,Generic
246d42d4-21ed-403d-881c-8116d8c82cc1,951c8847-e809-4da8-8177-db886afa4e0c,bengae,Generic
65703c05-cdc4-4fcd-9a14-74e0791b5fb9,08b55c7d-d72f-4d46-a9ab-8f0077ef22ad,sari,Synonym
7303c16c-3475-4157-ad6d-b1628da5f52a,8a020708-16b9-4abe-b349-51c666c2d939,lläkäm,Generic
9ce2f01e-3952-4c17-9a96-645310081a59,ad182760-0f38-4d7c-97ea-034defc653f4,bägäl,Generic
d57bfb8d-7aa8-400b-8751-5fa1bb36e4a9,26b16ee7-4e5f-45b5-96fd-292f4eb8a6d9,kapu,Synonym
d57bfb8d-7aa8-400b-8751-5fa1bb36e4a9,cc4af4f9-3201-4b2d-874e-55c2b52c11d3,ony,Synonym
0f2a8609-fda2-4e5c-8c9d-3a6c20c1708d,3addc475-a80d-4243-aa48-6f54482768b6,kitar,Coordinate term
0f2a8609-fda2-4e5c-8c9d-3a6c20c1708d,c995d610-6239-4ba0-af80-6283aa194710,ttalme,Coordinate term
5c9c2126-83b9-4c4d-b65a-0a35ec6463f9,986d5c34-8959-43bc-97de-a1e57ff14e15,budar,Generic
14f1d7c6-447b-4a8d-a92b-448f29667a21,8a020708-16b9-4abe-b349-51c666c2d939,lläkäm,Generic
194cc7cc-c7f8-4c7c-9930-be0577e769f6,36f12cdb-e11b-44c2-8d97-11c59f22ca6f,nag,Generic
6c2682a8-f10f-4c41-baf5-c16b21af6f34,0127d084-6e89-4e33-9995-821199a00e32,iddpo,Synonym
5aaa3417-e3d1-4b63-9def-a9f3bd959c03,81cf520e-374f-4f64-b878-c77b7c0aef46,doros,Generic
e7dde5a8-fb88-4b6e-8924-1844dad7432c,81cf520e-374f-4f64-b878-c77b7c0aef46,doros,Generic
26b16ee7-4e5f-45b5-96fd-292f4eb8a6d9,d7c9f888-a2fb-4aaa-9e28-ec1c4cdc14a7,ngänttäg,Synonym
26b16ee7-4e5f-45b5-96fd-292f4eb8a6d9,d57bfb8d-7aa8-400b-8751-5fa1bb36e4a9,kangkäg,Synonym
26b16ee7-4e5f-45b5-96fd-292f4eb8a6d9,cc4af4f9-3201-4b2d-874e-55c2b52c11d3,ony,Synonym
5a3684f5-fee3-4cb0-b12b-f8b008c4b49e,e71dc5dd-e81a-492a-adb2-aac3dc7696ba,tobäll,Generic
fce3a538-37ab-415c-bf57-4d45cbf53a69,85054838-cbb3-4ba6-a596-86e115903f9c,tawa,Synonym
096c5886-8bf9-4b31-9f8b-34c20bdc096e,2e54db5a-3e5d-4b0b-88a8-559aee5cae42,biye,Generic
a21dfd19-e142-4149-aa72-3b8a88435fb5,3dcdb851-10c1-413a-86a5-26cf67418633,up,Generic
4fad3fe3-5118-4be9-96ac-f7db626fa58d,9127283e-aa77-4517-ba25-f670ee78f6fd,ma,Generic
4fad3fe3-5118-4be9-96ac-f7db626fa58d,1979c16b-60d9-4b82-bf75-dbc698440eb3,ma kisin,Coordinate term
e93bea97-70ba-4628-8701-d1557c5da644,0b3f68fd-827c-4429-a65f-2e4e3b847f70,mamoe,Generic
d746492a-450a-4c4c-b2cf-069ea99fcb80,3cfa5def-cd7d-4d58-a3df-8582e8ed6c1f,kam,Antonym
d746492a-450a-4c4c-b2cf-069ea99fcb80,5083e33a-e28b-40dd-98de-50d1ab34fa3f,llätt,Synonym
9e3a729b-0e31-4a74-a36d-82fde8623ad9,6a7039a7-1fdb-431d-a81e-898d3a414ddd,tärangg,Synonym
9e3a729b-0e31-4a74-a36d-82fde8623ad9,ea4c1e83-5c5c-4851-898c-fc65c3150410,kam,Antonym
f951f20c-5c53-4468-bdcc-938706667f68,732c6027-6822-42d2-9ae6-ee3289526b1c,Ende,Whole
6f1442c6-a290-44a0-ab64-3a047f06a84b,8e59c50c-1590-43fe-8fc9-64682b8a2d26,tikle,Specific
56e1a015-db05-4efc-95da-e91e094443e0,5dee18c6-c9be-4e01-9b01-9808dd4b1251,kalläntäg,Synonym
56e1a015-db05-4efc-95da-e91e094443e0,7f77a2f1-8ae8-4ebf-8771-2cfbebc4b469,ttängkag,Synonym
56e1a015-db05-4efc-95da-e91e094443e0,4554729a-0e68-4f8f-86ff-c70f716a1970,ttäpen,Synonym
56e1a015-db05-4efc-95da-e91e094443e0,e986c71b-40c3-4bef-ac34-753b8dac1602,ttäkam,Synonym
56e1a015-db05-4efc-95da-e91e094443e0,7328ea75-c3a2-4bed-8f9d-d522b8e547de,llollom,Synonym
d853a68b-e079-4d92-b3f2-d69ef569099e,51258f7f-0818-4c07-897d-3ceb3e045261,po,Synonym
d853a68b-e079-4d92-b3f2-d69ef569099e,75911355-523e-4d32-a519-8a65176d3eed,nyänye,Synonym
d00a9bb7-62d9-496d-bdc3-3fa84a1cc8ef,ac12f4fd-9173-463e-aa55-c2d8c26ac5d4,pällkapällkae,Synonym
d00a9bb7-62d9-496d-bdc3-3fa84a1cc8ef,b884ae26-e6d8-4020-910e-38d24c714c1c,pisepise,Synonym
eb2f6816-9cad-4723-8dcb-9ae769f13342,2e54db5a-3e5d-4b0b-88a8-559aee5cae42,biye,Generic
c4c54cb8-2d12-4920-9bf7-77ad8a7cdd0e,2b349d4e-d54c-4322-9c3d-d0a48272096e,spun,Synonym
7689bd3e-8b8d-4f5a-be4d-4e896f91eace,104cdba7-b076-419f-8f5b-972e76d50981,kallkäll,Synonym
7689bd3e-8b8d-4f5a-be4d-4e896f91eace,a242e941-77de-4a7c-9091-e2f449df6e4e,ttänttäm,Antonym
f24ccfa0-db78-4600-9bfb-6d9ae279d439,e71dc5dd-e81a-492a-adb2-aac3dc7696ba,tobäll,Generic
f2160dc0-137c-4fdd-9e52-1f8a20a3fcfc,d679e21e-1293-487c-ab50-305b373a2b02,ddol,Synonym
17b0f039-5b0e-4de1-803f-4dc233296852,d09087a2-0c66-4144-9311-c895e3c53d59,ttam,Generic
17b0f039-5b0e-4de1-803f-4dc233296852,5289a235-4ba2-4bed-a67e-f99e639a5f99,ttattep,Coordinate term
17b0f039-5b0e-4de1-803f-4dc233296852,ff268ec8-a419-4570-a9d6-9e5e2459de51,ttättäp,Synonym
a511b19a-1906-46b5-ae7a-69314b9332ab,a3c3cfba-4899-42a0-a899-0894ee75d1ab,gäglläb,Ideophonic pair (voiced)
032f1c9d-b074-4e85-b039-93865061f4a8,f83f0cf4-dd91-4dbc-9f1c-7f19fc59502d,sana,Generic
20a55a43-5147-49bf-a035-ce887d2371a3,2dba1178-ced2-4f16-96a7-7d9de4fd39b4,ulle,Antonym
20a55a43-5147-49bf-a035-ce887d2371a3,dd62379e-c2c3-4ec8-9d8d-bbdf2f82c2ee,kälsäre,Synonym
544d202d-b1c6-434a-a83b-956d1ed3d3d0,b8271fa1-2f61-483d-b4d9-5e0cbf72616f,ai,Antonym
544d202d-b1c6-434a-a83b-956d1ed3d3d0,f9c922af-add0-4c6c-91dd-6b3bf01ce261,gudae,Antonym
544d202d-b1c6-434a-a83b-956d1ed3d3d0,95bae930-cdde-4154-b988-6edc91e6cadf,kemibi,Antonym
544d202d-b1c6-434a-a83b-956d1ed3d3d0,5a03b409-4e92-44a4-82b3-5db16fbf932d,yuwog,Antonym
544d202d-b1c6-434a-a83b-956d1ed3d3d0,b1525d84-ca8c-47e3-bd7c-9fb8735dcd99,gollaeb,Antonym
544d202d-b1c6-434a-a83b-956d1ed3d3d0,c138a496-d060-4616-984f-a684349b18d7,tumang,Antonym
544d202d-b1c6-434a-a83b-956d1ed3d3d0,13551630-a090-41ae-a414-dddfbfdd9e77,ulle,Antonym
544d202d-b1c6-434a-a83b-956d1ed3d3d0,91874006-87a6-4412-a7bd-fedb8e49018e,ttongottongoalle,Synonym
544d202d-b1c6-434a-a83b-956d1ed3d3d0,b6e86a93-8183-4f8b-9d4c-305d7df2444f,aolidae,Synonym
6f895108-7d23-4df3-9107-9fa4ed5c519e,cf8a43f4-c87f-4340-a6e0-6024e569e564,tanong,Synonym
bcf4cf11-1faf-4183-8e4a-b2e4c1666b78,d13ade30-1408-4db6-82d4-dcf1a5face7e,gazen,Antonym
bcf4cf11-1faf-4183-8e4a-b2e4c1666b78,11deb681-546d-4b75-9fac-0471b9791842,kängkäl,Antonym
bcf4cf11-1faf-4183-8e4a-b2e4c1666b78,dcfd9cf2-862c-491e-93c6-ca028320adf1,spun,Synonym
3735edb2-f3d3-45a4-ab47-65e699c17012,0560ec94-1e72-4514-8740-91cc5b9d1737,ullowae,Antonym
dd62379e-c2c3-4ec8-9d8d-bbdf2f82c2ee,2dba1178-ced2-4f16-96a7-7d9de4fd39b4,ulle,Antonym
dd62379e-c2c3-4ec8-9d8d-bbdf2f82c2ee,20a55a43-5147-49bf-a035-ce887d2371a3,kälae,Synonym
17860f6d-a960-4333-b13e-53ea1348d97c,cbbcf95a-0082-4cc1-8b59-9b0ac5e226e3,suwe,Coordinate term
ca0f9c02-dd3c-461b-b6c4-1a8e344b7bff,927bf293-1c4d-4a95-868a-9048f70220f2,dägäldägäl,Synonym
94a9a3a9-2313-422e-a409-013f6258c3e6,231291d5-85af-49fd-8bb1-a9168147fd5b,kalmokalmoe,Synonym
72e0d010-23ce-44a7-b370-975c49733542,fc52369b-87a5-4906-b112-e9699a42cd50,toelet,Synonym
48754b8f-3888-464a-a1ce-cd7d0214401e,0cdf4166-a179-4ce5-84ae-41ddd96b6961,polle,Whole
bca070ec-562b-4daa-b00a-d36f7adb60d2,9353d19e-be61-43f3-833e-5e89d01e69c1,gwaga,Coordinate term
bca070ec-562b-4daa-b00a-d36f7adb60d2,408c0a7c-7e5b-48de-ab7c-f9dca5739518,sana wuttang,Coordinate term
bca070ec-562b-4daa-b00a-d36f7adb60d2,fac130ac-2733-4def-a182-a5a7d047e846,täp gazenatt,Coordinate term
bca070ec-562b-4daa-b00a-d36f7adb60d2,c889211d-3e1c-4cf5-be85-fd128e6db686,yɨdmeny,Coordinate term
bca070ec-562b-4daa-b00a-d36f7adb60d2,9c21edfd-59be-40eb-a486-bceff356bcfe,pllulleaga,Coordinate term
bca070ec-562b-4daa-b00a-d36f7adb60d2,065d0702-7875-45ce-afde-26f9546ee749,ddageddage,Coordinate term
413bf7b2-4ad3-4921-bf64-a979e98f745e,9e848729-3bf2-4190-891c-57ab0c075257,mända,Coordinate term
413bf7b2-4ad3-4921-bf64-a979e98f745e,5acc0204-55ff-4e83-8dbe-4197c9013500,tupi,Coordinate term
413bf7b2-4ad3-4921-bf64-a979e98f745e,2ac19fe3-fd77-4b1d-98d3-8d60c00f2ad8,mätkin,Coordinate term
413bf7b2-4ad3-4921-bf64-a979e98f745e,3d50e2a0-b3b3-4930-9c75-79f7ba153d67,tärangesa,Coordinate term
413bf7b2-4ad3-4921-bf64-a979e98f745e,d3f6673d-c605-40cb-ac01-025ae3a7fd9c,ttang lläpät,Generic
f145351a-c858-4ce8-b281-ecfe2e2586ee,d1156efa-0b58-41ec-9f50-81c559e13410,kumuddäga,Synonym
f145351a-c858-4ce8-b281-ecfe2e2586ee,709f96a4-3b0c-457a-963a-8762ac69c86c,tri,Synonym
f145351a-c858-4ce8-b281-ecfe2e2586ee,2a5a3ddb-92e2-41b2-9b15-948f932d563b,kumuddägaebe,Synonym
6cd29feb-2df2-4f65-95ac-4c14bc093da6,b6885a57-2b43-4fcd-a983-08c3c3da232e,walle,Generic
a561cdb5-89a0-4522-b902-1db1ca69bb20,3f07ada1-df15-4d15-a35b-72d6c16afb38,gablle,Synonym
c6115843-4838-44f2-aa20-3d0d341dd744,57c306e5-f43f-4a06-a2b2-950825b6628f,gudae,Antonym
6b1689c3-90d6-4dd5-86b7-54b10dbb6c4d,b703ebf6-ce6f-44ba-b6fa-79aebf275d0a,gudae,Antonym
1e945313-6951-4842-b2da-d6783e2a9422,b8cd1268-6d11-4b11-ade2-820b05f12201,dupi,Synonym
f5050836-5327-4c1a-ab7d-fda92b970809,672dfb78-e3f7-4003-8f0a-087063f7aae2,ddäma,Synonym
f5050836-5327-4c1a-ab7d-fda92b970809,3ceb96c7-ab2f-4449-827c-78d133d48421,llɨg dum,Synonym
3fdc5ec7-0191-4beb-87bf-c3a2a7b846f4,c3e5cb8d-4c3e-45c5-ae2f-9460041dd6e0,moko,Synonym
3fdc5ec7-0191-4beb-87bf-c3a2a7b846f4,3eea66d8-2071-47ba-b92e-9a2f8278b4b8,llowam,Antonym
8d87a2d6-79f1-4da2-838d-36a89b90d686,2a81215e-3a60-4f21-965e-c45820005a08,tuk,Antonym
8d87a2d6-79f1-4da2-838d-36a89b90d686,a726593d-1901-46e1-b6ee-a88491355a31,toko,Antonym
8d87a2d6-79f1-4da2-838d-36a89b90d686,f5409d9e-3907-46ce-92cc-9d788d9a289e,matu,Synonym
8d87a2d6-79f1-4da2-838d-36a89b90d686,3cd7f633-83bf-42fb-add7-a307dc4d3e13,igi,Synonym
cd67ea67-ba58-4201-8983-26ff67271e72,ce055bb1-a794-4645-be87-d1d5ddeca306,naigae,Coordinate term
9f03a581-50dd-4e94-8e6f-abf1cf8c8d0b,f46b19ee-32f9-4be9-8284-3bfdfa1d4d62,kokngal,Coordinate term
9f03a581-50dd-4e94-8e6f-abf1cf8c8d0b,bcc89d36-780f-44d4-b19d-afb7499a716d,däm ibenen,Coordinate term
9f03a581-50dd-4e94-8e6f-abf1cf8c8d0b,04b16e46-6c22-4690-9b60-e5edffaaa3fd,sisor pazi,Coordinate term
9f03a581-50dd-4e94-8e6f-abf1cf8c8d0b,29369fd8-7de3-4ebe-bc46-ab590cddc09f,yäbäd ttänttämang,Coordinate term
9f03a581-50dd-4e94-8e6f-abf1cf8c8d0b,bec3871b-c51a-40c2-a3b9-e52be9238f5e,beatururang,Coordinate term
9f03a581-50dd-4e94-8e6f-abf1cf8c8d0b,0c93f123-bbdb-452f-baa7-6788df398ea1,sis,Coordinate term
9f03a581-50dd-4e94-8e6f-abf1cf8c8d0b,1dd89481-4eef-4054-8446-62b999cdd5d2,babaem,Coordinate term
9f03a581-50dd-4e94-8e6f-abf1cf8c8d0b,56b5e6a5-a0f7-4bae-8f5f-ff36482373a2,bawa minyminy,Coordinate term
9f03a581-50dd-4e94-8e6f-abf1cf8c8d0b,490e8b03-8762-4689-834e-b80007993325,dadel,Coordinate term
9f03a581-50dd-4e94-8e6f-abf1cf8c8d0b,d8bf8771-f5ae-4ec6-993f-c2bef70aef67,täträp,Coordinate term
9f03a581-50dd-4e94-8e6f-abf1cf8c8d0b,8a818aa0-eaa9-4385-9952-1499687b1d5a,kunun,Coordinate term
9f03a581-50dd-4e94-8e6f-abf1cf8c8d0b,2b4d091b-babb-4938-a7f3-1ec9a276d311,tarme ballmenyang,Coordinate term
9f03a581-50dd-4e94-8e6f-abf1cf8c8d0b,06159197-a77b-4905-83f2-2e03f8030ac2,yäbäd bäng,Coordinate term
9f03a581-50dd-4e94-8e6f-abf1cf8c8d0b,0122fb26-ab2a-4593-8ec1-5ccb876cc642,yäbäd,Coordinate term
c72ee147-97c1-42a8-bb94-fb62835d0a37,e4f20f60-6cb8-43d2-aa92-e87c31b1ad7d,=alle,Synonym
d9ed7db3-b182-4792-8e2b-9a9f4d3b1e96,36f12cdb-e11b-44c2-8d97-11c59f22ca6f,nag,Generic
b021532d-0422-4d18-94af-3bdea3efa22a,3abdb672-7014-4499-b7c3-e1cf84dcc8b2,kott,Synonym
1f176407-bbf0-4c74-aef9-a21b9cdb24c2,644d048f-124a-4e86-a7c6-cccb71d2e381,peyam,Antonym
dc0b2a0d-dc15-4fa9-ba9e-87e034b674d0,923dab66-7e95-415f-b2a6-1f5838adecc8,pipllo,Generic
60571204-b494-42e0-a8b4-5d485913c58c,e71dc5dd-e81a-492a-adb2-aac3dc7696ba,tobäll,Generic
e54b0689-87c7-419b-b25e-6f463e58b27a,986d5c34-8959-43bc-97de-a1e57ff14e15,budar,Generic
e28c4848-0517-401c-976b-d5bfc256cc43,da8740b9-f1fb-4adf-b8ea-5556b59f5e8f,zan,Antonym
e28c4848-0517-401c-976b-d5bfc256cc43,8dc100e9-1e84-4a4e-9c36-bf49972f651b,kakal,Antonym
e28c4848-0517-401c-976b-d5bfc256cc43,2e2c9921-3481-440f-964e-3845da6b3851,gazen,Synonym
e28c4848-0517-401c-976b-d5bfc256cc43,e440e1dd-9c47-4235-86b4-f48c4c46e1db,irängän,Synonym
3a4aa9de-dffb-47cc-815b-4990000a6e9c,d8af8b3c-96e6-47b1-85fd-2a98690ecb9d,gazen,Synonym
3a4aa9de-dffb-47cc-815b-4990000a6e9c,32d2b1b4-347b-48cb-8ebf-086f1ff4a06a,sänasäne,Synonym
3a4aa9de-dffb-47cc-815b-4990000a6e9c,81a58799-1032-4b56-856f-04691a075449,irängän,Synonym
3a4aa9de-dffb-47cc-815b-4990000a6e9c,a0bc6c70-cfc5-4522-9a52-622e104eb136,zan,Antonym
f710b4c2-0fe6-4879-b693-dcae684eb2e3,44bb3616-9aa2-4347-8e23-910a5bff8471,mätta,Generic
ec98fe8b-1439-4583-a289-803107258a2d,30006196-23d2-4b69-9bac-d7c6e6d110ba,sisri ebdo,Coordinate term
ec98fe8b-1439-4583-a289-803107258a2d,c3f9738d-4eac-4189-9e6c-6e774e89c305,eddom,Coordinate term
ec98fe8b-1439-4583-a289-803107258a2d,c67949c5-e35a-4b7b-a269-f41efc6bc888,ttongo iddob,Coordinate term
ec98fe8b-1439-4583-a289-803107258a2d,c9892ccd-486a-4f80-9dde-d7168156cb8e,tätäm,Coordinate term
f92c830f-aee5-4710-9369-88c4afa89810,986d5c34-8959-43bc-97de-a1e57ff14e15,budar,Generic
11deb681-546d-4b75-9fac-0471b9791842,dcfd9cf2-862c-491e-93c6-ca028320adf1,spun,Antonym
11deb681-546d-4b75-9fac-0471b9791842,b67421b7-a8fd-4c5c-86ba-15fb1cba7a68,dedre,Antonym
11deb681-546d-4b75-9fac-0471b9791842,bcf4cf11-1faf-4183-8e4a-b2e4c1666b78,kälakäle,Antonym
11deb681-546d-4b75-9fac-0471b9791842,df1738f5-e6e8-4dcc-a5bb-3c460ff68fb1,ngetam,Antonym
11deb681-546d-4b75-9fac-0471b9791842,f7675600-570a-4417-af24-ee4f4a42da3a,nyärab,Synonym
11deb681-546d-4b75-9fac-0471b9791842,a959f025-e6aa-4d32-9bec-1e266dfa496d,ddänddäl,Synonym
11deb681-546d-4b75-9fac-0471b9791842,c28258a3-06d5-4255-9d6a-a7ee809d317c,ngällbän,Synonym
cb9c2485-8269-422f-a804-1fa35b62a442,f8b7489d-fa43-4840-852c-44fec2cad31b,mälmäl,Synonym
1fe99453-75d3-4998-867e-ec23bf2a9aa5,36481d0b-205f-45c2-9684-119f2b0b1637,muttbul,Synonym
1fe99453-75d3-4998-867e-ec23bf2a9aa5,74e57e6f-d001-4e81-b239-d5511272ef9e,känyärtto,Synonym
1fe99453-75d3-4998-867e-ec23bf2a9aa5,8e1fda10-3293-4986-aaf5-c993807a1f2d,mätaru,Synonym
1fe99453-75d3-4998-867e-ec23bf2a9aa5,e8aa0606-ee3e-4bbd-993d-1cb415243105,mikuttmeny,Synonym
1fe99453-75d3-4998-867e-ec23bf2a9aa5,065649ae-88c8-44de-b849-18829924e54b,bällae,Antonym
7d2c2d69-9a4f-4b24-900c-e75d2c6f299f,9f4c75ee-eaef-4efd-9d53-cb35e24550ee,gwell,Synonym
7d2c2d69-9a4f-4b24-900c-e75d2c6f299f,ae71a939-12de-46d8-a19f-2126cfc7b0ec,su,Synonym
480a6dcd-7100-45ec-a663-9bed9b1cdde3,952d2b97-7bd6-4e4e-bf8e-9775aa588382,llame,Antonym
480a6dcd-7100-45ec-a663-9bed9b1cdde3,010c9ae2-4101-4603-b9cd-5cf0ffb21044,sapang,Synonym
dc505d64-0dcf-4d7f-a5c3-e45abbf5a241,562d5576-03b6-411b-8739-df339840d749,känyär ttoen,Synonym
74e57e6f-d001-4e81-b239-d5511272ef9e,36481d0b-205f-45c2-9684-119f2b0b1637,muttbul,Synonym
74e57e6f-d001-4e81-b239-d5511272ef9e,8e1fda10-3293-4986-aaf5-c993807a1f2d,mätaru,Synonym
74e57e6f-d001-4e81-b239-d5511272ef9e,e8aa0606-ee3e-4bbd-993d-1cb415243105,mikuttmeny,Synonym
74e57e6f-d001-4e81-b239-d5511272ef9e,1fe99453-75d3-4998-867e-ec23bf2a9aa5,känyär,Synonym
562d5576-03b6-411b-8739-df339840d749,dc505d64-0dcf-4d7f-a5c3-e45abbf5a241,känyär eka,Synonym
19eeae96-ae5f-4f4f-bbb6-6ebceea9d578,9f8d368c-9aae-47cc-adbc-b5675a1d4100,dorko,Antonym
19eeae96-ae5f-4f4f-bbb6-6ebceea9d578,4595a4ee-5f6a-4b1e-9779-c54dafe22efc,dädär,Antonym
12ac2a4f-c848-4e77-9f54-313a750fff4e,44bb3616-9aa2-4347-8e23-910a5bff8471,mätta,Generic
5ab795d4-16bc-480a-b3da-605186673dd6,8b8c43bf-50bf-4cc8-aad3-df11d2c94bca,ede,Synonym
5ab795d4-16bc-480a-b3da-605186673dd6,7183ce85-d758-43b6-a07b-c16d958d8d21,daballe,Synonym
5ab795d4-16bc-480a-b3da-605186673dd6,f3a4eaa3-8414-46ab-b54f-e3d8d3daac0d,abo,Synonym
5ab795d4-16bc-480a-b3da-605186673dd6,9f150e6d-8de4-4d58-8476-edf0f3f24852,dam,Synonym
5ab795d4-16bc-480a-b3da-605186673dd6,0aedf5c9-f0c8-4217-a375-033032503a3c,dibaballe,Synonym
5ab795d4-16bc-480a-b3da-605186673dd6,c832028d-3665-4b8f-a757-64d7f9ce34d0,ako,Synonym
0c0bde54-559b-4a3d-a2da-9ac5f732ee4f,59ec09b5-2f68-42cf-8521-7a9e762afafe,kala,Synonym
1c854510-0eeb-4e3c-8b38-f03883377a55,4cbe5cc6-d5f1-49c6-8ddb-37de0510f128,ttope,Generic
3642aceb-648f-46c4-b27b-32cbc95937bf,edce7745-b87b-4b2c-b8a2-8f860a1dcfb0,llallem,Antonym
97718564-3fac-432b-a7a8-f4aecf4ee397,babcb6c5-caac-44d2-866a-c36d2c5e8efa,papek,Synonym
48ac36fa-031b-408c-9934-303a31c615d4,f2fc5dd2-b82e-47f6-9dd0-db32d2ae1a13,allko,Generic
6e8376e2-2d85-4b03-8e9d-3c013876d5b2,a16794a8-618e-4c39-b311-bbdef7a945fe,bädmaol,Coordinate term
6e8376e2-2d85-4b03-8e9d-3c013876d5b2,f83f0cf4-dd91-4dbc-9f1c-7f19fc59502d,sana,Whole
95bae930-cdde-4154-b988-6edc91e6cadf,91874006-87a6-4412-a7bd-fedb8e49018e,ttongottongoalle,Antonym
95bae930-cdde-4154-b988-6edc91e6cadf,544d202d-b1c6-434a-a83b-956d1ed3d3d0,kälae,Antonym
95bae930-cdde-4154-b988-6edc91e6cadf,b6e86a93-8183-4f8b-9d4c-305d7df2444f,aolidae,Antonym
95bae930-cdde-4154-b988-6edc91e6cadf,c138a496-d060-4616-984f-a684349b18d7,tumang,Synonym
95bae930-cdde-4154-b988-6edc91e6cadf,f9c922af-add0-4c6c-91dd-6b3bf01ce261,gudae,Synonym
95bae930-cdde-4154-b988-6edc91e6cadf,b1525d84-ca8c-47e3-bd7c-9fb8735dcd99,gollaeb,Synonym
95bae930-cdde-4154-b988-6edc91e6cadf,5a03b409-4e92-44a4-82b3-5db16fbf932d,yuwog,Synonym
95bae930-cdde-4154-b988-6edc91e6cadf,b8271fa1-2f61-483d-b4d9-5e0cbf72616f,ai,Synonym
96998307-a824-4467-a65f-49d61b4288a7,3f07ada1-df15-4d15-a35b-72d6c16afb38,gablle,Synonym
3d4f33cc-963a-42d5-b8ec-a91ff03fc8d5,876919f6-170d-44bf-ba07-eb38022178e8,kwaena kutt,Synonym
3aa29440-ca00-4ee4-a1c4-7fd311453ca7,44bb3616-9aa2-4347-8e23-910a5bff8471,mätta,Generic
17880e4a-9a5d-444f-a557-b55038b56378,2e54db5a-3e5d-4b0b-88a8-559aee5cae42,biye,Generic
448c08f5-c13e-4723-a60b-779387b2995f,e1116f06-83ac-4198-b774-d9d3f07b7308,pos,Generic
448c08f5-c13e-4723-a60b-779387b2995f,7a5166c9-142c-4ea1-8f4b-7e2fd8cdcbf0,tine,Whole
669ebfae-7302-4c12-849b-3188930a9c32,d532ecce-563b-4274-b4d3-069f4b160ceb,kilimeny,Antonym
138a6c31-82bb-4945-a633-77166e8423f8,5d9f72e4-0770-47a4-bb6d-bb59b8c310f3,sebor,Synonym
d532ecce-563b-4274-b4d3-069f4b160ceb,669ebfae-7302-4c12-849b-3188930a9c32,kili,Antonym
42d3ae48-ee3f-40d6-8616-440947798db2,f7d5272c-0ae9-4970-a0c0-e94d2eb98c24,mani,Synonym
8ceb95c6-3365-4f54-82a3-1ccd8cc862f5,4684069c-adb8-466a-a5eb-74e1096384ce,näkäpmeny,Antonym
8ceb95c6-3365-4f54-82a3-1ccd8cc862f5,c08ddf59-4af2-4369-9573-4433016610d2,konkon,Antonym
8ceb95c6-3365-4f54-82a3-1ccd8cc862f5,9795c7a2-3db0-4fac-86d2-64a05596c4f2,näkäpang,Synonym
8ceb95c6-3365-4f54-82a3-1ccd8cc862f5,8b440bb6-83fa-4549-9eda-d50e67741c20,bun pallkamatt,Synonym
be1772d0-2e44-4eec-a0a9-59a5e937f5b3,0cdf4166-a179-4ce5-84ae-41ddd96b6961,polle,Whole
29878400-040e-48f6-b787-ff8d96530a49,24c7b2b6-a470-4f37-afa9-ff077090e273,o,Antonym
7fbe2c07-f946-4b9c-8088-144bd7ea96df,48c601ce-d693-476b-a863-a33c89905d89,kukollkukoll,Synonym
40051260-a917-4239-b677-127998e5a0e4,01e8e47d-82f1-48d8-999d-19697ed25359,otät yu ma,Synonym
3addc475-a80d-4243-aa48-6f54482768b6,c995d610-6239-4ba0-af80-6283aa194710,ttalme,Coordinate term
3addc475-a80d-4243-aa48-6f54482768b6,0f2a8609-fda2-4e5c-8c9d-3a6c20c1708d,kapalla,Coordinate term
6ad9b064-8ae1-4df8-a87c-5122e564cff8,2dd06553-a4ed-42e1-850c-30fd1fd8e35b,so,Coordinate term
6ad9b064-8ae1-4df8-a87c-5122e564cff8,df9e1c6f-87f6-44ea-85c7-e42e83cd8bac,sandana,Coordinate term
b0bd1a0f-6567-4256-a784-cef1f5c1165b,821ba72c-c398-47a3-aa21-831e153e3640,kokllo,Synonym
261b0b80-d5c3-429f-a670-24bb79ed8efa,42321e8a-370c-4faa-b742-8f0a4b3f588c,gullem,Generic
3e1adcbf-67b9-400b-a8dd-9c05dcc82aee,3df8bb06-325c-4a48-a257-5468d6bb7c35,idoidog,Generic
3e1adcbf-67b9-400b-a8dd-9c05dcc82aee,e71dc5dd-e81a-492a-adb2-aac3dc7696ba,tobäll,Generic
0e3153b9-65d4-4f1d-a9ba-a093703d29f4,feae7328-04db-49f7-b2dd-da6472cc544c,umaem,Synonym
0e3153b9-65d4-4f1d-a9ba-a093703d29f4,5cb7d204-2136-464e-8884-e1fcf8808ad0,tumtum,Synonym
513e59d0-3091-4e36-9eb2-75e5b67acdb5,33bbabf2-b18c-4567-b5bb-2f4bb0eda131,umaem,Synonym
513e59d0-3091-4e36-9eb2-75e5b67acdb5,93ba413d-241f-4a33-b1a8-160b83b6c189,miks,Synonym
513e59d0-3091-4e36-9eb2-75e5b67acdb5,5cb7d204-2136-464e-8884-e1fcf8808ad0,tumtum,Synonym
b2a4e72f-6bf9-4860-892a-977d110aa590,c673ffa9-2c53-45a7-bbad-86a157c21f9b,singosingol,Antonym
8e1a53d9-5c06-4035-978f-e93687aab60c,54700f56-a245-42f1-b47d-1f79155b0d39,izig,Coordinate term
8e1a53d9-5c06-4035-978f-e93687aab60c,a11511ce-ce54-428e-812d-1166dc69af30,mänyan,Near synonym
d96d6881-7444-451d-b266-91066b04a1a8,4131c0ba-30a3-4c83-a1c8-ba6dfad72e8a,pänae,Synonym
f0f7febf-312e-4263-8ced-d75eb53de5d3,882ca466-c9c3-4d0e-9395-a42517e3747f,beyambäg,Synonym
f0f7febf-312e-4263-8ced-d75eb53de5d3,47292bc3-987f-436a-8c82-4a146f9f94d9,aoao,Synonym
f0f7febf-312e-4263-8ced-d75eb53de5d3,696d8dce-01fd-44d5-84a1-b5f396af974f,gäglib,Synonym
1d2a8d36-405a-4aa9-b301-1675b0477394,e5ccf8e5-9029-4b90-bdee-7e1dd520c6db,dɨl,Synonym
1d2a8d36-405a-4aa9-b301-1675b0477394,1d50c70f-61ae-41e2-80e1-c39b10fe3fd9,tomowang,Synonym
93de2dae-cb36-4fe8-8139-5d80fd118025,e09187b1-3aa6-4a94-a222-e2dbb772d171,yäbäd,Coordinate term
049d09f1-4e1c-447a-9adf-e7a927e1bf5d,5dde1cc2-670b-460b-b76d-39c3273d92ba,kak,Synonym
f44278df-f6be-4a12-9f6b-6cb3ce9c4e17,36f12cdb-e11b-44c2-8d97-11c59f22ca6f,nag,Generic
b58e6ecb-f923-489e-9d36-1c68f780e1e6,ce1237e1-6645-4f21-be8e-43c672e087d8,kokta,Synonym
f53bd8da-5381-4318-b9e9-cc326b984e97,030187d1-1b6a-42c6-91ed-5ddad9bb194d,kok sisor,Not to be confused
821ba72c-c398-47a3-aa21-831e153e3640,b0bd1a0f-6567-4256-a784-cef1f5c1165b,kɨllakɨlle,Synonym
3fe13c25-594d-4684-8bfa-bc4bd2bfcccc,0b3f68fd-827c-4429-a65f-2e4e3b847f70,mamoe,Generic
f46b19ee-32f9-4be9-8284-3bfdfa1d4d62,9f03a581-50dd-4e94-8e6f-abf1cf8c8d0b,kämag,Coordinate term
f46b19ee-32f9-4be9-8284-3bfdfa1d4d62,04b16e46-6c22-4690-9b60-e5edffaaa3fd,sisor pazi,Coordinate term
f46b19ee-32f9-4be9-8284-3bfdfa1d4d62,56b5e6a5-a0f7-4bae-8f5f-ff36482373a2,bawa minyminy,Coordinate term
f46b19ee-32f9-4be9-8284-3bfdfa1d4d62,8a818aa0-eaa9-4385-9952-1499687b1d5a,kunun,Coordinate term
f46b19ee-32f9-4be9-8284-3bfdfa1d4d62,1dd89481-4eef-4054-8446-62b999cdd5d2,babaem,Coordinate term
f46b19ee-32f9-4be9-8284-3bfdfa1d4d62,d8bf8771-f5ae-4ec6-993f-c2bef70aef67,täträp,Coordinate term
f46b19ee-32f9-4be9-8284-3bfdfa1d4d62,490e8b03-8762-4689-834e-b80007993325,dadel,Coordinate term
f46b19ee-32f9-4be9-8284-3bfdfa1d4d62,0c93f123-bbdb-452f-baa7-6788df398ea1,sis,Coordinate term
f46b19ee-32f9-4be9-8284-3bfdfa1d4d62,0122fb26-ab2a-4593-8ec1-5ccb876cc642,yäbäd,Coordinate term
f46b19ee-32f9-4be9-8284-3bfdfa1d4d62,06159197-a77b-4905-83f2-2e03f8030ac2,yäbäd bäng,Coordinate term
f46b19ee-32f9-4be9-8284-3bfdfa1d4d62,29369fd8-7de3-4ebe-bc46-ab590cddc09f,yäbäd ttänttämang,Coordinate term
f46b19ee-32f9-4be9-8284-3bfdfa1d4d62,bcc89d36-780f-44d4-b19d-afb7499a716d,däm ibenen,Coordinate term
f46b19ee-32f9-4be9-8284-3bfdfa1d4d62,2b4d091b-babb-4938-a7f3-1ec9a276d311,tarme ballmenyang,Coordinate term
f46b19ee-32f9-4be9-8284-3bfdfa1d4d62,bec3871b-c51a-40c2-a3b9-e52be9238f5e,beatururang,Coordinate term
f46b19ee-32f9-4be9-8284-3bfdfa1d4d62,0eb1fb30-2bd9-41dc-b06d-a9b5b84b54f8,bawa,Coordinate term
77edd0b1-5c02-4a24-a03b-edde7927de2c,1a476158-e3ea-401a-bb4e-589338b37d83,utt,Synonym
77edd0b1-5c02-4a24-a03b-edde7927de2c,d049c554-024a-42ac-bfbc-59aff7ff73b9,pudd,Specific
77edd0b1-5c02-4a24-a03b-edde7927de2c,7c6fc21e-7e12-43b5-858c-e504703f3998,wariwari,Specific
77edd0b1-5c02-4a24-a03b-edde7927de2c,714ef98b-6585-4685-899f-069e0e333624,täp,Specific
77edd0b1-5c02-4a24-a03b-edde7927de2c,c5c43da1-e050-4bc3-9ba1-6a03699a1ce5,mägda,Coordinate term
a2aea3df-2146-4493-8d87-055a77985ce0,8c574b32-4dee-4ebd-9fa1-3f0e1b40992d,kam,Synonym
a2aea3df-2146-4493-8d87-055a77985ce0,85c27a09-5b66-4a05-a2e5-44c5cb93a80c,potpot,Synonym
a2aea3df-2146-4493-8d87-055a77985ce0,f9582a34-6e22-4810-9127-a08712bfb5e8,tätäräp,Synonym
a2aea3df-2146-4493-8d87-055a77985ce0,65b67d07-cc04-44e7-b286-c5863257d794,bänybäny,Synonym
a2aea3df-2146-4493-8d87-055a77985ce0,7bcdc739-4689-4e3f-8c01-88cb42c111a4,llɨtɨt,Synonym
fb08074c-b13e-4963-9ada-c6b1ad3b0306,3dcdb851-10c1-413a-86a5-26cf67418633,up,Generic
75b0dc1d-c3bb-4788-a0a4-4c8666812982,e463579d-c79e-44ce-87a0-404ef605b00f,kuang,Coordinate term
75b0dc1d-c3bb-4788-a0a4-4c8666812982,e16f9397-5537-44a0-aa25-90f3541c3f98,nge popo,Coordinate term
75b0dc1d-c3bb-4788-a0a4-4c8666812982,97c92baa-a143-4332-a982-73205a42b3ce,kukrub,Coordinate term
75b0dc1d-c3bb-4788-a0a4-4c8666812982,7506fefa-27c6-4e83-8b72-49052a213346,sisi,Coordinate term
75b0dc1d-c3bb-4788-a0a4-4c8666812982,0b9b7223-9f62-403a-8fc1-a38e10d61397,ttambällag,Coordinate term
75b0dc1d-c3bb-4788-a0a4-4c8666812982,cc4998e8-3e7c-4695-a456-878bc55a6937,bänbän,Coordinate term
75b0dc1d-c3bb-4788-a0a4-4c8666812982,04cc8775-1962-4c8c-819b-f52930293119,nge dɨdɨr,Coordinate term
75b0dc1d-c3bb-4788-a0a4-4c8666812982,6f0bd988-e147-4338-b8b6-fcce0663dbd4,tawekutt,Coordinate term
75b0dc1d-c3bb-4788-a0a4-4c8666812982,3118151a-0327-49c7-b6f1-32de50335cfb,gongglem,Coordinate term
75b0dc1d-c3bb-4788-a0a4-4c8666812982,f94ee63b-b6f0-443b-ae71-24ee933ecf57,nge tikop,Coordinate term
fe1e1c10-b1e6-4f47-b48f-16b2f0138c5a,dd9f1435-b7bb-4fc2-b258-d1ca021432b9,tärke käp,Synonym
030187d1-1b6a-42c6-91ed-5ddad9bb194d,f53bd8da-5381-4318-b9e9-cc326b984e97,kok kuddäll,Not to be confused
ce1237e1-6645-4f21-be8e-43c672e087d8,b58e6ecb-f923-489e-9d36-1c68f780e1e6,kok indrang,Synonym
5db8893e-b696-4f6d-9f64-f99c1b25e3f9,f83f0cf4-dd91-4dbc-9f1c-7f19fc59502d,sana,Whole
5db8893e-b696-4f6d-9f64-f99c1b25e3f9,ebfded93-c302-461f-a31d-1b9ea400969f,sanateya,Synonym
4ff6b35e-d2ea-47ad-b09b-0fd2f61fb46d,653f7def-89c5-48a1-83bb-b732fd9b45c9,nge,Generic
df923859-e093-4994-a10b-45e935bddaef,ad182760-0f38-4d7c-97ea-034defc653f4,bägäl,Whole
7fafdcbe-a10e-4a67-ba18-2136b169fc67,dc59e452-112e-451a-a8e1-6810646f45f5,mozaya,Specific
7fafdcbe-a10e-4a67-ba18-2136b169fc67,39b749d8-2e2f-45b1-b9fc-0e48147bcc96,bargae,Specific
7fafdcbe-a10e-4a67-ba18-2136b169fc67,a15b2edd-5a8f-4292-acf9-9d313ff63b26,gastol,Specific
7fafdcbe-a10e-4a67-ba18-2136b169fc67,16a33652-9267-4dff-ba86-fe88c0ce099d,inbunatt,Specific
7fafdcbe-a10e-4a67-ba18-2136b169fc67,bcda6608-101d-4c9d-8749-e7618ec8290f,kalläg,Specific
7fafdcbe-a10e-4a67-ba18-2136b169fc67,7797585a-eb32-4e2a-bd35-9dff204c909b,mänyän,Specific
7fafdcbe-a10e-4a67-ba18-2136b169fc67,2eaaea71-840c-4797-bdcf-d7d8d593e45f,od,Specific
7fafdcbe-a10e-4a67-ba18-2136b169fc67,3d1af04e-6b46-4279-9201-a95e354f2945,rädräd,Specific
7fafdcbe-a10e-4a67-ba18-2136b169fc67,fc06ed7e-a4ae-42f9-b41b-e54692827934,tärko,Specific
7fafdcbe-a10e-4a67-ba18-2136b169fc67,07082f4e-1ad1-4a5c-a5ac-743920491076,wod,Specific
7fafdcbe-a10e-4a67-ba18-2136b169fc67,78228573-7ae8-4d7a-a600-6386709fc7f2,ttape,Specific
7fafdcbe-a10e-4a67-ba18-2136b169fc67,16ad4f56-0520-4230-98b6-73d0a86ff971,dompak,Specific
9cd5798c-febe-4d63-a236-8e58a4217fda,6b5ebc55-a935-4631-bdf6-746c72390561,timän,Synonym
9cd5798c-febe-4d63-a236-8e58a4217fda,dd98db3c-dc87-4ad9-8794-6c578eb54099,zuwoe,Synonym
9cd5798c-febe-4d63-a236-8e58a4217fda,391c65bd-30db-4071-bb76-3735a513facb,pipi,Synonym
9cd5798c-febe-4d63-a236-8e58a4217fda,ed4ca210-1e37-4fc6-be95-25236a51b998,spun,Synonym
917dd137-c7a7-48f4-84ca-a5b3e62fa3af,1efa55a4-0c31-4cc7-a478-4d21786f74a9,täram,Coordinate term
917dd137-c7a7-48f4-84ca-a5b3e62fa3af,b76a58d0-0076-4bab-b7a3-bb4936cb02bc,därängg,Coordinate term
917dd137-c7a7-48f4-84ca-a5b3e62fa3af,ca28f590-d747-40f0-b2a7-61166f357e2f,trongg,Synonym
98347425-27c6-4c5c-9a00-9ca03c2c4200,4cf04f9f-3766-452c-be7e-fec96694419b,anyke,Synonym
1c6268c7-8e5f-41a0-a8ba-df997e335ff8,0afcdd64-6044-4bcf-8dd7-7157da970b4f,ittall,Synonym
23e2bec3-2458-493b-b0dc-77c4f75a990b,143f130b-58dc-4fec-9218-0de005606d31,pa kom,Full phrase
cea19e47-1229-4005-adf6-337bcd8fe87b,8c096cd3-776e-4de2-91ef-bf217c534c25,ma,Synonym
f0d51844-2a28-4b34-82ca-dc33713f00c7,8a9deb58-ee60-4f4d-bfff-2f4454789139,tu,Synonym
f0d51844-2a28-4b34-82ca-dc33713f00c7,1896b8c8-fc0c-48f0-824a-4e18d68387ab,komllaebe,Synonym
f0d51844-2a28-4b34-82ca-dc33713f00c7,82871073-7c72-4de4-b1da-a9d82c2abcbb,mätkin,Synonym
1896b8c8-fc0c-48f0-824a-4e18d68387ab,8a9deb58-ee60-4f4d-bfff-2f4454789139,tu,Synonym
1896b8c8-fc0c-48f0-824a-4e18d68387ab,82871073-7c72-4de4-b1da-a9d82c2abcbb,mätkin,Synonym
1896b8c8-fc0c-48f0-824a-4e18d68387ab,f0d51844-2a28-4b34-82ca-dc33713f00c7,komlla,Synonym
42b1d019-1724-42b3-bd1d-b164681b1181,fa54f9e6-a903-4fdd-8f87-f115772352d9,komlla komlla,Synonym
42b1d019-1724-42b3-bd1d-b164681b1181,717d360e-965d-4c66-aa6b-1fd89197e5ef,tupi,Synonym
42b1d019-1724-42b3-bd1d-b164681b1181,4626d77e-d159-4ac9-9ed8-8f7eda92e8fb,po,Synonym
fa54f9e6-a903-4fdd-8f87-f115772352d9,42b1d019-1724-42b3-bd1d-b164681b1181,komllaebekomllaebe,Synonym
fa54f9e6-a903-4fdd-8f87-f115772352d9,717d360e-965d-4c66-aa6b-1fd89197e5ef,tupi,Synonym
fa54f9e6-a903-4fdd-8f87-f115772352d9,4626d77e-d159-4ac9-9ed8-8f7eda92e8fb,po,Synonym
6290ebc7-291d-495d-bfba-692b37b5b8c8,476feb25-bd9a-4d6b-a01f-a036e7177f5c,paeb,Synonym
6290ebc7-291d-495d-bfba-692b37b5b8c8,c5b78824-b8f5-4cb6-b7d8-c0a861636ca8,mända,Synonym
6290ebc7-291d-495d-bfba-692b37b5b8c8,81492014-ecd6-4159-99ba-139057a00edb,ttang lläpät,Synonym
39475b54-3864-43c8-bd46-5f53c4dc0838,165246ef-67fd-4142-9747-9ed3b7735661,apte matta,Synonym
39475b54-3864-43c8-bd46-5f53c4dc0838,4da8ac0b-b71d-4441-acc4-c3be211e8637,twelb,Synonym
673becbf-7d51-4b14-8eb4-82afaff45b21,2ab35d3d-1b90-4953-ac7e-04763701cdd7,kudu,Synonym
a5f1fb6b-0bd1-4d33-aaf5-f4f71a36c227,0d82f67b-7ab0-4c75-b39d-0263d2a4be41,zizi,Antonym
a5f1fb6b-0bd1-4d33-aaf5-f4f71a36c227,5c35b5bc-4d5b-4645-9e05-1ce747c25a8f,inam,Synonym
c08ddf59-4af2-4369-9573-4433016610d2,8b440bb6-83fa-4549-9eda-d50e67741c20,bun pallkamatt,Antonym
c08ddf59-4af2-4369-9573-4433016610d2,9795c7a2-3db0-4fac-86d2-64a05596c4f2,näkäpang,Antonym
c08ddf59-4af2-4369-9573-4433016610d2,8ceb95c6-3365-4f54-82a3-1ccd8cc862f5,kinekineang,Antonym
c08ddf59-4af2-4369-9573-4433016610d2,4684069c-adb8-466a-a5eb-74e1096384ce,näkäpmeny,Synonym
3953e7e2-ffdf-409d-aa25-e9542943702c,2e54db5a-3e5d-4b0b-88a8-559aee5cae42,biye,Generic
9b48dbfb-673c-4142-9688-df97fa7865e6,44bb3616-9aa2-4347-8e23-910a5bff8471,mätta,Generic
4f523448-6c47-408e-b51b-a7d7940339d6,d3d4999c-1a46-484e-9a0a-aeb9225ad0b6,kup,Synonym
28acdbdc-2d0d-40a6-9864-658cf0f2e3f8,592a8e5a-8c9a-4695-ba87-765204df706d,kup,Synonym
28acdbdc-2d0d-40a6-9864-658cf0f2e3f8,a18389b2-0ccc-414d-b220-fe5fab64b5ca,pop,Synonym
61bec330-9619-4194-85e6-659530053396,8a020708-16b9-4abe-b349-51c666c2d939,lläkäm,Generic
371bcc9f-c393-4a33-8904-a22ee55fcc18,32880aac-aa2f-4ff9-bc4b-af41e7d1f795,yorkoll,Synonym
371bcc9f-c393-4a33-8904-a22ee55fcc18,9d635e72-584d-4aad-ab15-c7537114a4a8,itbonmäll,Synonym
78f377f1-e8ce-4afa-b34a-9ab3e9caeaa8,e7447080-04e1-47b3-b65e-94f14ddabfc6,yorkollang,Synonym
78f377f1-e8ce-4afa-b34a-9ab3e9caeaa8,5c8d2658-dce6-45f0-a420-f58e00262749,iräpang,Synonym
78f377f1-e8ce-4afa-b34a-9ab3e9caeaa8,b90330a1-f956-43e8-9e9b-ad4b6540cd38,kotmeny,Antonym
b90330a1-f956-43e8-9e9b-ad4b6540cd38,5c8d2658-dce6-45f0-a420-f58e00262749,iräpang,Antonym
b90330a1-f956-43e8-9e9b-ad4b6540cd38,78f377f1-e8ce-4afa-b34a-9ab3e9caeaa8,kotang,Antonym
b90330a1-f956-43e8-9e9b-ad4b6540cd38,e7447080-04e1-47b3-b65e-94f14ddabfc6,yorkollang,Antonym
3abdb672-7014-4499-b7c3-e1cf84dcc8b2,b021532d-0422-4d18-94af-3bdea3efa22a,kämätt,Synonym
3a809054-945c-466d-a36c-22c8a6fa7ff3,52475f02-32f5-4a1f-8be1-a42304c5fa67,ulle kottllam,Specific
3a809054-945c-466d-a36c-22c8a6fa7ff3,6ebea140-2f8d-4e1a-b6b2-76d230e4eb26,paro kottllam,Specific
3a809054-945c-466d-a36c-22c8a6fa7ff3,c7e1578a-3031-4982-9d89-23ce49313014,gogo kottllam,Specific
3a809054-945c-466d-a36c-22c8a6fa7ff3,d2754114-31ef-4514-ab37-1f05436f4b53,uwo kottllam,Specific
3a809054-945c-466d-a36c-22c8a6fa7ff3,b306a964-d9c6-40c7-94d0-6eaf1fb8cf22,atata kottllam,Specific
3a809054-945c-466d-a36c-22c8a6fa7ff3,6f4c9709-45af-4887-a6fe-5f05fe2c9da2,pall kottllam,Specific
3a809054-945c-466d-a36c-22c8a6fa7ff3,ce5cfff5-fda8-4b7c-8ce8-cbfc28ced2a3,waro,Specific
3a809054-945c-466d-a36c-22c8a6fa7ff3,372995dd-3197-4624-91a9-7e7bebb5293c,gamo,Specific
4484d22b-e8fd-480c-bcad-5d354aec1874,4bccc41c-ada1-4f9c-b414-16cb3a2933e3,ttatta,Coordinate term
4484d22b-e8fd-480c-bcad-5d354aec1874,9e59dada-57b9-4f9d-9b0c-d12f61f8bb4f,ddäg,Whole
0e42f66d-d79b-4e1b-b657-c5d98c75e82d,6bb71c4f-f16b-4805-b798-ac58b04fa00e,amne,Synonym
e463579d-c79e-44ce-87a0-404ef605b00f,75b0dc1d-c3bb-4788-a0a4-4c8666812982,kokowang,Coordinate term
e463579d-c79e-44ce-87a0-404ef605b00f,97c92baa-a143-4332-a982-73205a42b3ce,kukrub,Coordinate term
e463579d-c79e-44ce-87a0-404ef605b00f,6f0bd988-e147-4338-b8b6-fcce0663dbd4,tawekutt,Coordinate term
e463579d-c79e-44ce-87a0-404ef605b00f,7506fefa-27c6-4e83-8b72-49052a213346,sisi,Coordinate term
e463579d-c79e-44ce-87a0-404ef605b00f,04cc8775-1962-4c8c-819b-f52930293119,nge dɨdɨr,Coordinate term
e463579d-c79e-44ce-87a0-404ef605b00f,f94ee63b-b6f0-443b-ae71-24ee933ecf57,nge tikop,Coordinate term
e463579d-c79e-44ce-87a0-404ef605b00f,cc4998e8-3e7c-4695-a456-878bc55a6937,bänbän,Coordinate term
e463579d-c79e-44ce-87a0-404ef605b00f,e16f9397-5537-44a0-aa25-90f3541c3f98,nge popo,Coordinate term
e463579d-c79e-44ce-87a0-404ef605b00f,0b9b7223-9f62-403a-8fc1-a38e10d61397,ttambällag,Coordinate term
0aa30423-94d9-4ca4-a611-583b736abd7e,26c75228-8e21-409b-942a-ceb6a9ffdeab,mab,Generic
2ab35d3d-1b90-4953-ac7e-04763701cdd7,673becbf-7d51-4b14-8eb4-82afaff45b21,kona,Synonym
17a8af3d-0853-4480-b119-317ab618c83a,39883cad-52fa-4fee-b606-bc7b77bf5a90,llokollokott,Antonym
17a8af3d-0853-4480-b119-317ab618c83a,f65a821a-9c98-4381-887f-746d967fa6fb,llokott,Antonym
037518a9-b012-4754-bfe5-7453a53f73c9,97a24cf8-1d20-417f-ba25-c65ad32f908b,llokollokott,Antonym
037518a9-b012-4754-bfe5-7453a53f73c9,d69ecb20-d68e-4737-88a9-95acc2eb8e6c,llokott,Antonym
037518a9-b012-4754-bfe5-7453a53f73c9,90f2d8eb-7a92-43db-8fa1-77a3e851bec0,poapoa,Synonym
02609fa4-cc4f-4426-b25f-88c4a62eb4c1,be7d7695-6548-4ba7-8b5b-7da495f100a6,ttam,Antonym
dbf2ea33-d845-4a95-a221-c847f001fb08,52c9140b-6bd5-4641-8fdc-77d208f96fdc,plengg,Synonym
8804f8b6-4a1c-418e-9fa5-41361ac9ae8b,3e578bbf-117b-4b26-995f-81760a2ac801,ttam,Antonym
8804f8b6-4a1c-418e-9fa5-41361ac9ae8b,4b341fc3-9838-4d11-959a-a5962dd58637,gagäll,Synonym
a5474405-15a9-4bd6-b48d-50498c5df79a,814a9132-4772-4782-9023-da62f38748b9,alläp,Generic
191c91ef-e7b2-45e2-b3ef-1af530d0b06f,42321e8a-370c-4faa-b742-8f0a4b3f588c,gullem,Generic
c60af7fb-0a7b-454e-ad7c-ca45d7996634,01d7139a-1e7a-4ec4-870f-e16742d13232,imomdae,Antonym
efae8779-9287-4256-824e-42bc1d4d42fb,1a2488cf-27a7-41b8-b832-aa6ccf0ede8a,imomdae,Antonym
c9a68a1e-c217-4e8e-8940-b395ad0320c6,fe1286ca-76be-4c3f-978e-967ae67f0aac,towall,Generic
26a4a7e4-9858-46f7-88ce-decae7bbc67c,e71dc5dd-e81a-492a-adb2-aac3dc7696ba,tobäll,Generic
48c601ce-d693-476b-a863-a33c89905d89,7fbe2c07-f946-4b9c-8088-144bd7ea96df,kirekire,Synonym
7cdc51b0-373f-4687-bb64-2fdebe73e377,caec0b92-896a-4aed-b96c-19337deaa13f,nge,Generic
97c92baa-a143-4332-a982-73205a42b3ce,e463579d-c79e-44ce-87a0-404ef605b00f,kuang,Coordinate term
97c92baa-a143-4332-a982-73205a42b3ce,cc4998e8-3e7c-4695-a456-878bc55a6937,bänbän,Coordinate term
97c92baa-a143-4332-a982-73205a42b3ce,f94ee63b-b6f0-443b-ae71-24ee933ecf57,nge tikop,Coordinate term
97c92baa-a143-4332-a982-73205a42b3ce,e16f9397-5537-44a0-aa25-90f3541c3f98,nge popo,Coordinate term
97c92baa-a143-4332-a982-73205a42b3ce,7506fefa-27c6-4e83-8b72-49052a213346,sisi,Coordinate term
97c92baa-a143-4332-a982-73205a42b3ce,3118151a-0327-49c7-b6f1-32de50335cfb,gongglem,Coordinate term
97c92baa-a143-4332-a982-73205a42b3ce,0b9b7223-9f62-403a-8fc1-a38e10d61397,ttambällag,Coordinate term
97c92baa-a143-4332-a982-73205a42b3ce,6f0bd988-e147-4338-b8b6-fcce0663dbd4,tawekutt,Coordinate term
97c92baa-a143-4332-a982-73205a42b3ce,75b0dc1d-c3bb-4788-a0a4-4c8666812982,kokowang,Coordinate term
97c92baa-a143-4332-a982-73205a42b3ce,04cc8775-1962-4c8c-819b-f52930293119,nge dɨdɨr,Coordinate term
38e41083-91f1-440f-b38c-020511e8f181,fe1286ca-76be-4c3f-978e-967ae67f0aac,towall,Generic
9dbfaa4c-7878-4359-8e7a-1fa70280df04,31140e47-b069-482e-9b89-2a59ca2127a6,ttägäll,Generic
f0bd084f-bcee-4bf5-93de-311cedd812f0,49506762-3b30-4649-8027-08b22017c2cc,pɨnyapɨnye,Synonym
9be75d31-9b53-4c20-9b02-aa2a64b76d88,f0d6cf17-1865-4ae0-bcc7-cc772e57f766,lla gul,Synonym
9be75d31-9b53-4c20-9b02-aa2a64b76d88,a6311484-d139-46c6-9965-261da50ff3d9,gul,Synonym
fd45de6e-1c94-4e08-b2df-b9c671f4501c,f366db43-a945-4c40-978e-826a546d92cb,mit,Synonym
fd45de6e-1c94-4e08-b2df-b9c671f4501c,bb6fc557-59c3-4a7c-afc8-43aa74f2520b,pot,Synonym
ea981182-3d29-4e1f-b985-662b8810b082,7a5166c9-142c-4ea1-8f4b-7e2fd8cdcbf0,tine,Whole
283ae2f3-e4bd-4c7e-b9e6-ec25638ce00b,7a5166c9-142c-4ea1-8f4b-7e2fd8cdcbf0,tine,Whole
e1fab70b-9d40-4375-acfb-8318e0224add,7a5166c9-142c-4ea1-8f4b-7e2fd8cdcbf0,tine,Whole
d1156efa-0b58-41ec-9f50-81c559e13410,f145351a-c858-4ce8-b281-ecfe2e2586ee,källatolma,Synonym
d1156efa-0b58-41ec-9f50-81c559e13410,2a5a3ddb-92e2-41b2-9b15-948f932d563b,kumuddägaebe,Synonym
d1156efa-0b58-41ec-9f50-81c559e13410,709f96a4-3b0c-457a-963a-8762ac69c86c,tri,Synonym
2a5a3ddb-92e2-41b2-9b15-948f932d563b,709f96a4-3b0c-457a-963a-8762ac69c86c,tri,Synonym
2a5a3ddb-92e2-41b2-9b15-948f932d563b,f145351a-c858-4ce8-b281-ecfe2e2586ee,källatolma,Synonym
2a5a3ddb-92e2-41b2-9b15-948f932d563b,d1156efa-0b58-41ec-9f50-81c559e13410,kumuddäga,Synonym
1cd3d773-613f-45b3-af41-8c71d12f7295,43bfdb6a-e9ad-46cd-a73e-c27af93dcb9e,siks,Synonym
1cd3d773-613f-45b3-af41-8c71d12f7295,14d1f498-91e3-42cb-830b-9c87daddeab8,gabän,Synonym
1cd3d773-613f-45b3-af41-8c71d12f7295,164a319b-757e-4502-a6f1-b4ef9428083f,putt,Synonym
2ab7f2f1-841d-4bb8-b13e-c3f8bb703278,96ed26cf-a09e-4d29-ab6e-35353aa418ae,kambäg,Synonym
8a818aa0-eaa9-4385-9952-1499687b1d5a,04b16e46-6c22-4690-9b60-e5edffaaa3fd,sisor pazi,Coordinate term
8a818aa0-eaa9-4385-9952-1499687b1d5a,d8bf8771-f5ae-4ec6-993f-c2bef70aef67,täträp,Coordinate term
8a818aa0-eaa9-4385-9952-1499687b1d5a,bcc89d36-780f-44d4-b19d-afb7499a716d,däm ibenen,Coordinate term
8a818aa0-eaa9-4385-9952-1499687b1d5a,1dd89481-4eef-4054-8446-62b999cdd5d2,babaem,Coordinate term
8a818aa0-eaa9-4385-9952-1499687b1d5a,f46b19ee-32f9-4be9-8284-3bfdfa1d4d62,kokngal,Coordinate term
8a818aa0-eaa9-4385-9952-1499687b1d5a,bec3871b-c51a-40c2-a3b9-e52be9238f5e,beatururang,Coordinate term
8a818aa0-eaa9-4385-9952-1499687b1d5a,0122fb26-ab2a-4593-8ec1-5ccb876cc642,yäbäd,Coordinate term
8a818aa0-eaa9-4385-9952-1499687b1d5a,2b4d091b-babb-4938-a7f3-1ec9a276d311,tarme ballmenyang,Coordinate term
8a818aa0-eaa9-4385-9952-1499687b1d5a,06159197-a77b-4905-83f2-2e03f8030ac2,yäbäd bäng,Coordinate term
8a818aa0-eaa9-4385-9952-1499687b1d5a,0eb1fb30-2bd9-41dc-b06d-a9b5b84b54f8,bawa,Coordinate term
8a818aa0-eaa9-4385-9952-1499687b1d5a,490e8b03-8762-4689-834e-b80007993325,dadel,Coordinate term
8a818aa0-eaa9-4385-9952-1499687b1d5a,0c93f123-bbdb-452f-baa7-6788df398ea1,sis,Coordinate term
8a818aa0-eaa9-4385-9952-1499687b1d5a,9f03a581-50dd-4e94-8e6f-abf1cf8c8d0b,kämag,Coordinate term
8a818aa0-eaa9-4385-9952-1499687b1d5a,29369fd8-7de3-4ebe-bc46-ab590cddc09f,yäbäd ttänttämang,Coordinate term
8a818aa0-eaa9-4385-9952-1499687b1d5a,56b5e6a5-a0f7-4bae-8f5f-ff36482373a2,bawa minyminy,Coordinate term
1195806d-5898-47bc-a828-bee7a6c67fca,2e54db5a-3e5d-4b0b-88a8-559aee5cae42,biye,Generic
592a8e5a-8c9a-4695-ba87-765204df706d,28acdbdc-2d0d-40a6-9864-658cf0f2e3f8,kopek,Synonym
592a8e5a-8c9a-4695-ba87-765204df706d,a18389b2-0ccc-414d-b220-fe5fab64b5ca,pop,Synonym
d3d4999c-1a46-484e-9a0a-aeb9225ad0b6,4f523448-6c47-408e-b51b-a7d7940339d6,kopek,Synonym
badf443e-edfa-42a0-b919-c791fb11745d,44bb3616-9aa2-4347-8e23-910a5bff8471,mätta,Generic
eb11ddad-b3fa-4a81-a8f0-96f3e9455e3b,e71dc5dd-e81a-492a-adb2-aac3dc7696ba,tobäll,Generic
5ae34edd-bb02-4d62-b979-8b0a1f39cac9,fb3e4baa-a571-4502-88bf-da9a35543c6e,yogoll kutt,Synonym
5ae34edd-bb02-4d62-b979-8b0a1f39cac9,ae82669f-ac76-47f6-a811-5eb595edb06c,yogoll särem,Synonym
5ae34edd-bb02-4d62-b979-8b0a1f39cac9,3815c29b-11ec-49f3-8ee9-499c44b5d08f,ddapall käkan,Generic
48acbc92-93db-432d-a124-c2fe4d049915,44bb3616-9aa2-4347-8e23-910a5bff8471,mätta,Generic
630a0351-1355-4855-8cad-f3e61254ee62,e02df094-802f-4511-9ce0-236593155dba,lla gugu,Synonym
c618fe74-c572-4129-ad9b-344e8d0b8a58,023d9350-5958-4f0e-bd7f-b8656b27db08,galbe,Generic
876919f6-170d-44bf-ba07-eb38022178e8,3d4f33cc-963a-42d5-b8ec-a91ff03fc8d5,kep kutt,Synonym
3c7b0780-344d-4fd2-9a82-29e65e5a990c,42321e8a-370c-4faa-b742-8f0a4b3f588c,gullem,Generic
697fd639-6678-4a8e-9a31-4adfa122aa93,8a020708-16b9-4abe-b349-51c666c2d939,lläkäm,Generic
62ea8720-dcbc-4859-9f27-e10bed2eab02,3c3fd1fc-064f-4e96-b950-7bb77509cec1,petapeta,Near synonym
62ea8720-dcbc-4859-9f27-e10bed2eab02,0d8f7905-bec7-4d00-883d-1568a8777bf7,gullabgullab,Antonym
d5bbc9f7-5767-45c3-80ca-3154485f0191,2e54db5a-3e5d-4b0b-88a8-559aee5cae42,biye,Generic
b4815f64-3f5b-4a6f-a22c-5dab3a3c66d4,2b5c4971-a29b-4f81-9266-092174f99f26,wanpadam,Synonym
ff74bfa4-4845-4806-aaf6-944eb7571382,03c440da-e481-4d13-96f5-8872ac7b319a,ngädngäd,Synonym
ff74bfa4-4845-4806-aaf6-944eb7571382,35fe47c7-4a24-4dc0-9f13-f4e31e26ed7b,llädae,Synonym
e885aeec-b469-43c9-870b-8beefda28afb,51e11cdd-0ecb-4719-b1b9-4102f2773320,eka laem,Full phrase
06f8d652-4452-42eb-a9e7-52a2b109d64d,c85491ec-ccca-4546-aa5e-0c1a7a81501a,päpa,Synonym
63e2cc54-4e93-437d-b880-f72c4f497d46,8671fad4-b88a-4868-b56f-5fbffb93a665,Moli,Coordinate term
e5c483af-77e9-4bb2-b81e-44377f1f5b34,93dd0786-7d70-4526-be1f-57d870523de3,plenz,Synonym
f5baafcf-8a4d-4979-b776-f19edec335c8,ff9836ac-e968-488e-8ef8-55086ddf2577,poper,Synonym
f5baafcf-8a4d-4979-b776-f19edec335c8,53384339-62dd-4d7a-82fd-169c2b120c40,tikopmeny,Synonym
f5baafcf-8a4d-4979-b776-f19edec335c8,479c07d1-c6d5-4d6c-8cc5-6d9807337564,lelmeny,Antonym
479c07d1-c6d5-4d6c-8cc5-6d9807337564,f5baafcf-8a4d-4979-b776-f19edec335c8,lelang,Antonym
479c07d1-c6d5-4d6c-8cc5-6d9807337564,53384339-62dd-4d7a-82fd-169c2b120c40,tikopmeny,Antonym
61f16bf6-01c8-49c1-995d-cf0522b795ca,3837cdb5-fc5f-43bc-846c-dffb8e5f1ab6,itrell,Generic
adfb793c-fd72-49b7-9e4e-72d8302035a3,732c6027-6822-42d2-9ae6-ee3289526b1c,Ende,Whole
098b0d86-b4b9-499d-bc78-c5af47559511,653f7def-89c5-48a1-83bb-b732fd9b45c9,nge,Generic
182e10a0-fd78-477f-b184-02fa57da5fe2,8a020708-16b9-4abe-b349-51c666c2d939,lläkäm,Generic
1c9c901b-00ca-48d8-8994-a9ac9c0031e6,e9180679-f10e-4da3-b842-fb78f283c387,gogäle,Synonym
1c9c901b-00ca-48d8-8994-a9ac9c0031e6,bedaab4f-53a6-4f0f-97f8-db0c6b89b791,tatäraem,Synonym
42535986-82a5-4ab5-8725-5b69d0ebd56e,b69bcd02-fcf2-47b0-9dd1-d4bd60c1ae92,tulgoe,Synonym
8d997980-a92a-44fe-a19e-541a3eb13ae7,8e1727e4-1510-4fb8-b52e-2cd7c89e0faf,mälla,Coordinate term
d9246d9d-ec76-4b09-9ebb-77b586cbf110,c933c080-c6d9-414b-b2e1-67421c1ada8a,mälla,Coordinate term
d9246d9d-ec76-4b09-9ebb-77b586cbf110,483feea7-0c4f-407e-b740-84549c0a93ef,gullbe,Synonym
9cbae42d-0345-436d-8c50-3e35bfc16542,ff107bcc-cfca-4cf2-b555-0e522aa70d50,zaze,Synonym
8a23ff5c-97fe-4ce5-8884-fa574396f154,42321e8a-370c-4faa-b742-8f0a4b3f588c,gullem,Generic
e02df094-802f-4511-9ce0-236593155dba,630a0351-1355-4855-8cad-f3e61254ee62,kutt gugu,Synonym
f0d6cf17-1865-4ae0-bcc7-cc772e57f766,9be75d31-9b53-4c20-9b02-aa2a64b76d88,kullum,Synonym
0dc3b990-b4a0-4b4d-abbb-54eed9593b24,34908cb9-f1c9-48dc-ae99-7a1d72cb0ab9,ddaddällɨg,Synonym
edce7745-b87b-4b2c-b8a2-8f860a1dcfb0,3642aceb-648f-46c4-b27b-32cbc95937bf,kättkätt,Antonym
d8963d08-c861-4cb0-8ad7-488b770f5fe2,55933f45-f2fa-4913-8077-9c3983ef7a01,llɨg,Synonym
b698c9e2-cc93-4519-a55f-9fe89b9e58e6,4115f17a-fe1f-42ba-a4b1-4a268bce6fcb,mällause,Coordinate term
b698c9e2-cc93-4519-a55f-9fe89b9e58e6,1b02f083-1766-4b38-b299-93db4d21d6b3,ause,Coordinate term
b698c9e2-cc93-4519-a55f-9fe89b9e58e6,f2518f23-ef3e-42c2-9854-cb6ceeff85dc,llamda,Synonym
f2518f23-ef3e-42c2-9854-cb6ceeff85dc,4115f17a-fe1f-42ba-a4b1-4a268bce6fcb,mällause,Coordinate term
f2518f23-ef3e-42c2-9854-cb6ceeff85dc,1b02f083-1766-4b38-b299-93db4d21d6b3,ause,Coordinate term
f2518f23-ef3e-42c2-9854-cb6ceeff85dc,b698c9e2-cc93-4519-a55f-9fe89b9e58e6,llamäg,Synonym
952d2b97-7bd6-4e4e-bf8e-9775aa588382,480a6dcd-7100-45ec-a663-9bed9b1cdde3,känyär,Antonym
8166f266-6a8e-41c9-928d-c1340810b34d,d45447f4-a93b-40ab-8d5f-835cddb5d375,bun,Whole
d1809af2-fe67-4159-a321-6bd14104f316,a28b987a-b2ee-4199-bb46-77a318d2387a,ddel,Synonym
77cdb645-678a-48e0-bdb3-a2b09190c7fc,ff26b2ee-a036-4fd9-9564-1609f9e949b3,yurwe,Generic
8261172f-6ea7-4eb7-8561-8798d17f10de,d906c1bb-238b-498d-bde7-3f3f87ccce15,zigae,Synonym
8261172f-6ea7-4eb7-8561-8798d17f10de,f241bc08-1cf1-460c-a6a8-924d6099b585,kaen,Synonym
8261172f-6ea7-4eb7-8561-8798d17f10de,d668faec-69e7-423b-bc32-6516a2391697,tok,Synonym
de56806a-ef9c-4a51-894b-caee0c3ff6f1,3dcdb851-10c1-413a-86a5-26cf67418633,up,Generic
281a2af7-7f5e-445a-8457-4e455de3b1a2,c2784963-9bca-4c3b-9e4c-bd30df40b739,kaemne,Generic
ea443637-a87f-4a94-b651-cd33aae4597a,90434021-4894-400a-a0ea-f55f8683332f,lläpät,Not to be confused
35fe47c7-4a24-4dc0-9f13-f4e31e26ed7b,03c440da-e481-4d13-96f5-8872ac7b319a,ngädngäd,Synonym
35fe47c7-4a24-4dc0-9f13-f4e31e26ed7b,ff74bfa4-4845-4806-aaf6-944eb7571382,laem,Synonym
fab18296-11f1-4bf9-ba20-bcd4617e548b,43665917-5227-4aee-9d58-b445de128a58,ngällbän,Synonym
8a020708-16b9-4abe-b349-51c666c2d939,d72a13a6-b9a5-448f-a089-26e30305edea,mitoem,Specific
8a020708-16b9-4abe-b349-51c666c2d939,381bdab3-bb37-4c49-8479-85ee4807f001,ngamtep,Specific
8a020708-16b9-4abe-b349-51c666c2d939,6427e6ef-1888-49d3-8b80-e1adfe0b0068,pupulläkäm,Specific
8a020708-16b9-4abe-b349-51c666c2d939,f0572bac-2943-4161-b36d-3afe2deafa35,sanalläkäm,Specific
8a020708-16b9-4abe-b349-51c666c2d939,a6946a55-40bc-4665-a1f1-2b3e401fc473,täbe lläkäm,Specific
8a020708-16b9-4abe-b349-51c666c2d939,ac74ef56-0a7e-4f5d-bb80-4c1b4466cdf7,tae lläkäm,Specific
8a020708-16b9-4abe-b349-51c666c2d939,2fb1bd68-07cb-42d5-a1f7-8cb9905477b5,bamearoro,Specific
8a020708-16b9-4abe-b349-51c666c2d939,f0f07720-d50a-4dbd-845d-cec32463420c,bob lläkäm,Specific
8a020708-16b9-4abe-b349-51c666c2d939,8354799d-2dfe-4c71-9a95-e79b3e0de969,ddällpoyampoyam,Specific
8a020708-16b9-4abe-b349-51c666c2d939,7303c16c-3475-4157-ad6d-b1628da5f52a,kanken,Specific
8a020708-16b9-4abe-b349-51c666c2d939,14f1d7c6-447b-4a8d-a92b-448f29667a21,kapangmändär,Specific
8a020708-16b9-4abe-b349-51c666c2d939,61bec330-9619-4194-85e6-659530053396,kosrom,Specific
8a020708-16b9-4abe-b349-51c666c2d939,697fd639-6678-4a8e-9a31-4adfa122aa93,kwangka lläkäm,Specific
8a020708-16b9-4abe-b349-51c666c2d939,182e10a0-fd78-477f-b184-02fa57da5fe2,lizom,Specific
8a020708-16b9-4abe-b349-51c666c2d939,b063e789-5dcd-45ed-b441-9d1694993b09,pallkeakeya,Specific
1b03b3b3-c743-477a-9be3-f973c5c0a18b,42321e8a-370c-4faa-b742-8f0a4b3f588c,gullem,Generic
8524783d-3176-40a1-b42c-4d2d72d1f29a,941cb5db-c7bc-4d9f-a5fa-1d04209d71a8,umllang,Synonym
8524783d-3176-40a1-b42c-4d2d72d1f29a,34c6a4b9-881e-4d6c-aa04-6b16f3aa22ee,llɨtɨt,Synonym
9dc273d6-6757-4162-b20c-b49799e89b44,5cded717-8dcf-43fe-ab30-7d25a795ecea,ddokddok,Antonym
9dc273d6-6757-4162-b20c-b49799e89b44,8ce2dca4-9d00-41c0-bc55-485238f9015b,llängmeny,Antonym
8ce2dca4-9d00-41c0-bc55-485238f9015b,5cded717-8dcf-43fe-ab30-7d25a795ecea,ddokddok,Synonym
8ce2dca4-9d00-41c0-bc55-485238f9015b,9dc273d6-6757-4162-b20c-b49799e89b44,lläng,Antonym
90434021-4894-400a-a0ea-f55f8683332f,ea443637-a87f-4a94-b651-cd33aae4597a,lläbe,Not to be confused
7bd89bd0-b2fe-4486-9600-3a0fe4a792be,e1a22d6e-3dad-4541-9ea9-45375d652c6b,ngän,Synonym
7bd89bd0-b2fe-4486-9600-3a0fe4a792be,4a13e0c4-0ded-4985-a24d-f8a949ef814a,ngattong,Antonym
5083e33a-e28b-40dd-98de-50d1ab34fa3f,248bb614-81ae-4f0e-865d-c9fd93bdfb9f,ttamän,Synonym
5083e33a-e28b-40dd-98de-50d1ab34fa3f,d746492a-450a-4c4c-b2cf-069ea99fcb80,käbab,Synonym
5083e33a-e28b-40dd-98de-50d1ab34fa3f,3cfa5def-cd7d-4d58-a3df-8582e8ed6c1f,kam,Antonym
c377fffd-da6c-472b-89fc-bb8c1824b871,556f4237-d0a8-4e82-8b7f-b75ec873a00d,amtetmeny,Synonym
c377fffd-da6c-472b-89fc-bb8c1824b871,a0732d48-6b0d-4cf4-a533-2c4af1b34aa1,zämllazämllall,Synonym
2fcc1e47-9c42-46ce-b469-e406d4eefe26,a02cd89d-7f32-4999-a49f-2ab43601fe74,nying lläbe,Coordinate term
2fcc1e47-9c42-46ce-b469-e406d4eefe26,d8a5b83a-302a-4e4a-9690-906874d18b45,ttang,Whole
2fcc1e47-9c42-46ce-b469-e406d4eefe26,6c97268f-67fd-4a3f-81fb-fbacdb3f4d84,ttang lläbe,Near synonym
55933f45-f2fa-4913-8077-9c3983ef7a01,d8963d08-c861-4cb0-8ad7-488b770f5fe2,lla llɨg,Synonym
55933f45-f2fa-4913-8077-9c3983ef7a01,46977cef-de87-4c0a-b0ec-4b4ab6b14c9d,män,Coordinate term
70bc471e-3fce-437f-80ca-fa1422b8d663,1195b075-19a5-422d-a4e0-e8e36c818aa8,män,Coordinate term
3ceb96c7-ab2f-4449-827c-78d133d48421,672dfb78-e3f7-4003-8f0a-087063f7aae2,ddäma,Synonym
3ceb96c7-ab2f-4449-827c-78d133d48421,f5050836-5327-4c1a-ab7d-fda92b970809,käm,Synonym
34c6a4b9-881e-4d6c-aa04-6b16f3aa22ee,8524783d-3176-40a1-b42c-4d2d72d1f29a,lläntäg,Synonym
34c6a4b9-881e-4d6c-aa04-6b16f3aa22ee,941cb5db-c7bc-4d9f-a5fa-1d04209d71a8,umllang,Synonym
7bcdc739-4689-4e3f-8c01-88cb42c111a4,65b67d07-cc04-44e7-b286-c5863257d794,bänybäny,Synonym
7bcdc739-4689-4e3f-8c01-88cb42c111a4,85c27a09-5b66-4a05-a2e5-44c5cb93a80c,potpot,Synonym
7bcdc739-4689-4e3f-8c01-88cb42c111a4,a2aea3df-2146-4493-8d87-055a77985ce0,koko,Synonym
7bcdc739-4689-4e3f-8c01-88cb42c111a4,8c574b32-4dee-4ebd-9fa1-3f0e1b40992d,kam,Synonym
26930bdd-1ea6-44e9-8a67-4a09e1ec1781,2b440b01-298d-42d3-995e-f540c822f8f1,yu,Specific
2966403c-fde3-49d0-955e-837cb83e4d73,3e211df7-fa0e-4b30-9026-53c5683b1ab5,wap,Synonym
39883cad-52fa-4fee-b606-bc7b77bf5a90,17a8af3d-0853-4480-b119-317ab618c83a,kuddäkuddäll,Antonym
39883cad-52fa-4fee-b606-bc7b77bf5a90,f65a821a-9c98-4381-887f-746d967fa6fb,llokott,Synonym
97a24cf8-1d20-417f-ba25-c65ad32f908b,037518a9-b012-4754-bfe5-7453a53f73c9,kuddäkuddäll,Antonym
97a24cf8-1d20-417f-ba25-c65ad32f908b,90f2d8eb-7a92-43db-8fa1-77a3e851bec0,poapoa,Antonym
97a24cf8-1d20-417f-ba25-c65ad32f908b,d69ecb20-d68e-4737-88a9-95acc2eb8e6c,llokott,Synonym
f65a821a-9c98-4381-887f-746d967fa6fb,39883cad-52fa-4fee-b606-bc7b77bf5a90,llokollokott,Synonym
f65a821a-9c98-4381-887f-746d967fa6fb,17a8af3d-0853-4480-b119-317ab618c83a,kuddäkuddäll,Antonym
d69ecb20-d68e-4737-88a9-95acc2eb8e6c,037518a9-b012-4754-bfe5-7453a53f73c9,kuddäkuddäll,Antonym
d69ecb20-d68e-4737-88a9-95acc2eb8e6c,90f2d8eb-7a92-43db-8fa1-77a3e851bec0,poapoa,Antonym
d69ecb20-d68e-4737-88a9-95acc2eb8e6c,97a24cf8-1d20-417f-ba25-c65ad32f908b,llokollokott,Synonym
c2d95c9b-53e6-48f9-a9bb-9f02d51c5144,b1f811c9-a6a5-4f62-b2fe-c33f80d2f123,mängallmeny,Antonym
c2d95c9b-53e6-48f9-a9bb-9f02d51c5144,be27c6f2-6a86-4a99-8136-7f9ebec01a14,mängallang,Synonym
e36c7641-ffab-4910-9e66-a89b1a345492,57b8309e-131a-4635-b0e1-d3908c555636,ttäpen,Synonym
e36c7641-ffab-4910-9e66-a89b1a345492,2cc33574-1d4c-47d5-8362-71222fdeebe9,gällbän,Synonym
7328ea75-c3a2-4bed-8f9d-d522b8e547de,56e1a015-db05-4efc-95da-e91e094443e0,kädab,Synonym
7328ea75-c3a2-4bed-8f9d-d522b8e547de,a2e3a5f1-bb7e-4c75-9419-44374d8c195c,pällkam,Synonym
7328ea75-c3a2-4bed-8f9d-d522b8e547de,e986c71b-40c3-4bef-ac34-753b8dac1602,ttäkam,Synonym
7328ea75-c3a2-4bed-8f9d-d522b8e547de,4554729a-0e68-4f8f-86ff-c70f716a1970,ttäpen,Synonym
7328ea75-c3a2-4bed-8f9d-d522b8e547de,7f77a2f1-8ae8-4ebf-8771-2cfbebc4b469,ttängkag,Synonym
1faf2b05-2e0d-466d-bb9e-4b5c5659f7dc,923dab66-7e95-415f-b2a6-1f5838adecc8,pipllo,Generic
1faf2b05-2e0d-466d-bb9e-4b5c5659f7dc,599b101e-d6e5-405c-af4f-398cae1dcddf,täme,Generic
5fe74432-4f33-454a-8f2f-9e12810f3f67,e8aeb14b-9376-4847-82f8-4a3c433a55d3,llo pätt,Not to be confused
e8aeb14b-9376-4847-82f8-4a3c433a55d3,5fe74432-4f33-454a-8f2f-9e12810f3f67,llo patt,Not to be confused
b8351572-5e41-4038-b7e9-b60752d8adc5,d2db4ec9-f3c7-4f0c-9b04-4a847b84ab26,pimbyom,Specific
3eea66d8-2071-47ba-b92e-9a2f8278b4b8,c3e5cb8d-4c3e-45c5-ae2f-9460041dd6e0,moko,Antonym
3eea66d8-2071-47ba-b92e-9a2f8278b4b8,3fdc5ec7-0191-4beb-87bf-c3a2a7b846f4,käm,Antonym
3eea66d8-2071-47ba-b92e-9a2f8278b4b8,38f025ba-7e02-4131-847a-5bcf7fad1816,mäkan,Antonym
17047657-cb03-48b0-abeb-11c91a9585d4,522beab5-04df-449d-a37f-95f7909b6fe4,mokoang,Antonym
6e91e3bb-20ef-4cf9-ad3a-d6aed8797c33,779b5e65-bf22-4b11-a386-997fcd7a915a,ddage,Synonym
9127283e-aa77-4517-ba25-f670ee78f6fd,1979c16b-60d9-4b82-bf75-dbc698440eb3,ma kisin,Specific
9127283e-aa77-4517-ba25-f670ee78f6fd,4fad3fe3-5118-4be9-96ac-f7db626fa58d,katre ma,Specific
f24b22b2-a444-4499-930b-c11a27b091fc,84809c11-6ea9-4051-8f30-6c6c64407019,ttängäm,Synonym
8c096cd3-776e-4de2-91ef-bf217c534c25,cea19e47-1229-4005-adf6-337bcd8fe87b,kominiti,Synonym
26c75228-8e21-409b-942a-ceb6a9ffdeab,182b9857-9653-43db-bc38-6225948f37fd,mare,Specific
26c75228-8e21-409b-942a-ceb6a9ffdeab,ddcc70e1-6cbd-419c-ae46-695e42d571b0,miriwa,Specific
26c75228-8e21-409b-942a-ceb6a9ffdeab,9b53c453-eee1-4e0f-9b70-055bb12a9c23,poma,Specific
26c75228-8e21-409b-942a-ceb6a9ffdeab,c7b2d029-542c-4a86-819c-d8138d908a23,sakar,Specific
26c75228-8e21-409b-942a-ceb6a9ffdeab,22800371-9735-4045-8dd8-c98bddbad362,sisi,Specific
26c75228-8e21-409b-942a-ceb6a9ffdeab,e4f05aef-f7ca-46aa-8dc2-618f9ee93617,täpäll,Specific
26c75228-8e21-409b-942a-ceb6a9ffdeab,385f18b1-6025-4a00-bf99-379f5bb7d916,wizarab,Specific
26c75228-8e21-409b-942a-ceb6a9ffdeab,dc7933b4-ebd7-4331-b899-2122f1fc7e8e,bebe,Specific
26c75228-8e21-409b-942a-ceb6a9ffdeab,d8651b34-ff2e-4461-b6dd-85f14714419a,maiwa,Specific
26c75228-8e21-409b-942a-ceb6a9ffdeab,a20a2886-7516-4936-9f02-155cbdb3d045,domäll,Specific
26c75228-8e21-409b-942a-ceb6a9ffdeab,6c020940-9886-4902-bb32-65fe51292d12,gällall,Specific
26c75228-8e21-409b-942a-ceb6a9ffdeab,2e36ffe3-0459-45df-995d-425576f867c3,nängga,Specific
26c75228-8e21-409b-942a-ceb6a9ffdeab,8ab4dae7-7a89-4ad5-ab2b-acd573ee7456,yuru,Specific
26c75228-8e21-409b-942a-ceb6a9ffdeab,0aa30423-94d9-4ca4-a611-583b736abd7e,kud,Specific
26c75228-8e21-409b-942a-ceb6a9ffdeab,84bff745-6443-42d8-b2cb-bc7375ddfa3c,därängbun,Specific
6f1fe1a8-f127-410a-acfc-781508e0302e,f83f0cf4-dd91-4dbc-9f1c-7f19fc59502d,sana,Example
6f1fe1a8-f127-410a-acfc-781508e0302e,bcda6608-101d-4c9d-8749-e7618ec8290f,kalläg,Example
6f1fe1a8-f127-410a-acfc-781508e0302e,39b749d8-2e2f-45b1-b9fc-0e48147bcc96,bargae,Example
6f1fe1a8-f127-410a-acfc-781508e0302e,d6e3c823-1f8d-44e6-945e-c821fd5da137,tawe,Example
6f1fe1a8-f127-410a-acfc-781508e0302e,44bb3616-9aa2-4347-8e23-910a5bff8471,mätta,Example
6f1fe1a8-f127-410a-acfc-781508e0302e,6e343f5f-a84e-49f8-b817-6f649ab37456,däräng,Example
6f1fe1a8-f127-410a-acfc-781508e0302e,7a1ee00b-7685-4a01-9e9b-db11c43aa61a,bumrel,Example
6f1fe1a8-f127-410a-acfc-781508e0302e,3a809054-945c-466d-a36c-22c8a6fa7ff3,kottllam,Example
6f1fe1a8-f127-410a-acfc-781508e0302e,2b6752b1-57cb-45d5-a283-16994d97c23e,bunkuttang,Example
6f1fe1a8-f127-410a-acfc-781508e0302e,c0533c85-5aa9-404b-b988-c76fe57e36d3,kokeya moleg,Example
6f1fe1a8-f127-410a-acfc-781508e0302e,7c64d0c4-37b2-444b-852c-b1eae3b16129,sɨmell,Example
6f1fe1a8-f127-410a-acfc-781508e0302e,83916751-e8db-429c-aa13-60a8fda34e4a,yowa,Example
6f1fe1a8-f127-410a-acfc-781508e0302e,1319b9a2-70ab-4f13-9d7f-825e19643b67,ttall,Example
6f1fe1a8-f127-410a-acfc-781508e0302e,f9b3c06d-818f-4bb6-b844-07708a837c73,kämlla,Example
6f1fe1a8-f127-410a-acfc-781508e0302e,42321e8a-370c-4faa-b742-8f0a4b3f588c,gullem,Example
6f1fe1a8-f127-410a-acfc-781508e0302e,021f528e-08ea-42c1-af8f-7c70da774cca,inpiak,Example
6f1fe1a8-f127-410a-acfc-781508e0302e,65873cd3-9552-4d6c-acf9-59676fb472de,mätemäte,Example
6f1fe1a8-f127-410a-acfc-781508e0302e,fd70450e-2546-433c-8007-a1e785050154,käza,Example
6f1fe1a8-f127-410a-acfc-781508e0302e,f987de46-f283-4dac-aefc-fc269215d465,bikme,Example
6f1fe1a8-f127-410a-acfc-781508e0302e,1de3463f-6dd5-4acc-812f-d3f1eb7161bb,dirom,Example
6f1fe1a8-f127-410a-acfc-781508e0302e,9c9f9fab-c51b-4fdd-b1ec-335456ae34a7,tawar,Coordinate term
6f1fe1a8-f127-410a-acfc-781508e0302e,44f2e6cf-f652-4a0d-836c-c0117bae6edd,tän,Coordinate term
66c8d2e2-7798-4e67-9782-5275c3be93e7,43799393-6f47-43f9-9f04-baa88a4ded83,ttängäm,Synonym
45998579-5ad6-432e-ab0b-3213b99e3ffa,3dcdb851-10c1-413a-86a5-26cf67418633,up,Generic
83551b8a-27a7-467b-a311-cc7d71b4599e,7e8e0fa7-95e4-4d5f-9fee-9a6f9764d36d,=dae,Synonym
87785ec8-896e-42ff-b863-8e1e856acdac,2ff3507b-eb28-4b93-be95-50cea29891bb,=aebe,Synonym
87785ec8-896e-42ff-b863-8e1e856acdac,bd83d5e4-e73e-4312-91bb-0c9f67093f94,=daebe,Synonym
87785ec8-896e-42ff-b863-8e1e856acdac,ba2e4329-6545-4c9d-af49-810d851f9569,=ae,Synonym
de2307be-ddbe-41a7-bee5-f5ced2c5bd7a,e71dc5dd-e81a-492a-adb2-aac3dc7696ba,tobäll,Generic
5fc3496f-5aa8-4879-9421-b543d17ee1d0,f83f0cf4-dd91-4dbc-9f1c-7f19fc59502d,sana,Generic
a9a70399-0238-4793-8815-6a6240596a46,3dcdb851-10c1-413a-86a5-26cf67418633,up,Generic
85917f94-81a9-4d4f-9af7-280e8edef0e3,27537d8f-2a7e-42e2-bf6e-2e366bffcc3d,ttän maigag,Specific
d8651b34-ff2e-4461-b6dd-85f14714419a,26c75228-8e21-409b-942a-ceb6a9ffdeab,mab,Generic
1979c16b-60d9-4b82-bf75-dbc698440eb3,9127283e-aa77-4517-ba25-f670ee78f6fd,ma,Generic
1979c16b-60d9-4b82-bf75-dbc698440eb3,4fad3fe3-5118-4be9-96ac-f7db626fa58d,katre ma,Coordinate term
475c01bf-45b3-40db-852f-2281d58b66d2,4cbe5cc6-d5f1-49c6-8ddb-37de0510f128,ttope,Generic
cf20057c-de04-44cf-ba3d-3416d96e9188,f06e611b-ff3e-48d3-a453-02541ae8ea7c,ddone,Synonym
e54e6bea-6f3d-480c-b6fc-22b31116fdea,4ab33d2f-f424-4ef0-9a4a-f5fa79e9850d,mäg,Synonym
e54e6bea-6f3d-480c-b6fc-22b31116fdea,5f2417e2-5cf8-4f30-847a-c280581145c5,yae,Synonym
e54e6bea-6f3d-480c-b6fc-22b31116fdea,935f0a9d-1718-407b-afa4-420a4f4612a4,mami,Synonym
e54e6bea-6f3d-480c-b6fc-22b31116fdea,1f2d85e9-5052-4af8-a3df-848fd63a7587,mäda,Coordinate term
e54e6bea-6f3d-480c-b6fc-22b31116fdea,17ed3347-97a7-437c-a9e1-069fb02a7b5d,baba,Coordinate term
e54e6bea-6f3d-480c-b6fc-22b31116fdea,fdd884ea-2a4e-444f-aab2-189067ba907c,yaya,Coordinate term
e54e6bea-6f3d-480c-b6fc-22b31116fdea,a9a0679d-1df9-4249-88b4-642bea993740,dedi,Coordinate term
17e39aaf-2c8b-4c9e-860f-2a2e97d71920,337fe1bb-7e9e-46d3-bffe-f86624977247,mängal,Synonym
8972de18-3c7f-4614-a3dd-03a536f49d71,49be8308-41e1-4ca6-a7ac-053cd59716c9,ddänddängeny,Synonym
01ad45f1-2d63-4bba-bb35-261265d903ef,923dab66-7e95-415f-b2a6-1f5838adecc8,pipllo,Generic
01ad45f1-2d63-4bba-bb35-261265d903ef,599b101e-d6e5-405c-af4f-398cae1dcddf,täme,Generic
935f0a9d-1718-407b-afa4-420a4f4612a4,1f2d85e9-5052-4af8-a3df-848fd63a7587,mäda,Coordinate term
935f0a9d-1718-407b-afa4-420a4f4612a4,fdd884ea-2a4e-444f-aab2-189067ba907c,yaya,Coordinate term
935f0a9d-1718-407b-afa4-420a4f4612a4,a9a0679d-1df9-4249-88b4-642bea993740,dedi,Coordinate term
935f0a9d-1718-407b-afa4-420a4f4612a4,17ed3347-97a7-437c-a9e1-069fb02a7b5d,baba,Coordinate term
935f0a9d-1718-407b-afa4-420a4f4612a4,5f2417e2-5cf8-4f30-847a-c280581145c5,yae,Synonym
935f0a9d-1718-407b-afa4-420a4f4612a4,4ab33d2f-f424-4ef0-9a4a-f5fa79e9850d,mäg,Synonym
935f0a9d-1718-407b-afa4-420a4f4612a4,e54e6bea-6f3d-480c-b6fc-22b31116fdea,mama,Synonym
b106d9e4-6c16-46f4-a0d5-5a6e985c5626,3dcdb851-10c1-413a-86a5-26cf67418633,up,Generic
2c3d25ce-4cc1-43c0-9cae-896a6be6b924,6309c99a-770a-4367-8ba2-69f1f65a1ebe,rop,Synonym
2c3d25ce-4cc1-43c0-9cae-896a6be6b924,ad3c0ac7-55c8-4574-8b60-5c629d9c4afe,kab,Synonym
2c3d25ce-4cc1-43c0-9cae-896a6be6b924,a15d380a-5cc1-449a-8cc0-20001fa64224,tär,Synonym
0b3f68fd-827c-4429-a65f-2e4e3b847f70,e93bea97-70ba-4628-8701-d1557c5da644,käba,Specific
0b3f68fd-827c-4429-a65f-2e4e3b847f70,3fe13c25-594d-4684-8bfa-bc4bd2bfcccc,kokngal,Specific
98cd325c-7f85-493b-937f-d9b47fb13b8a,a9f4644a-fb0f-4336-b995-64a9048c8d53,sande,Coordinate term
98cd325c-7f85-493b-937f-d9b47fb13b8a,8a4f96bd-1d5a-4f5f-bfd1-237941814888,satade,Coordinate term
98cd325c-7f85-493b-937f-d9b47fb13b8a,2bcdf231-6162-4de4-86b8-83a9537f4570,tesde,Coordinate term
98cd325c-7f85-493b-937f-d9b47fb13b8a,961d29d4-ad4f-47b0-b252-f37d5d69b896,praedde,Coordinate term
98cd325c-7f85-493b-937f-d9b47fb13b8a,a1b6e748-05a3-4933-9e51-87c2ffe65b34,tusde,Coordinate term
98cd325c-7f85-493b-937f-d9b47fb13b8a,b0ebbd3a-618a-4b4e-8a0a-502de5ccfed2,winisde,Coordinate term
57aef13a-827c-428e-a554-bbb1052d5e78,61b354b0-0e50-4baf-adf6-aff5601c5cac,ttägäll käp,Synonym
57aef13a-827c-428e-a554-bbb1052d5e78,b3ef407b-5640-4a8d-8bba-918d33ce7f49,mani käp,Synonym
f7d5272c-0ae9-4970-a0c0-e94d2eb98c24,42d3ae48-ee3f-40d6-8616-440947798db2,kina,Synonym
3e8db7d2-6b32-4cb2-80bc-171ca42c8a02,18bcefd8-3f13-4663-acf7-524c9bdba496,sägäsägäd manika,Specific
b3ef407b-5640-4a8d-8bba-918d33ce7f49,61b354b0-0e50-4baf-adf6-aff5601c5cac,ttägäll käp,Synonym
b3ef407b-5640-4a8d-8bba-918d33ce7f49,57aef13a-827c-428e-a554-bbb1052d5e78,mani,Synonym
84efec9f-aaf1-4f2f-a385-1261b8f22c1d,f0074bb2-4868-4c47-92e4-0f1dcb337a45,ttäle,Whole
9a6121cb-9cc4-4b60-b1b3-3c7db7edf055,a15d380a-5cc1-449a-8cc0-20001fa64224,tär,Generic
3fce34f3-dc2f-4cb5-a3c2-3a616f25426b,e6cf57f8-fef3-4c8b-a153-ffeb76e572e9,män,Coordinate term
3457120c-cd1a-4164-ae14-cda92938f2b4,0d8b73fc-8f7e-4776-b5d9-fc9c7e561492,minggore manggo,Specific
3457120c-cd1a-4164-ae14-cda92938f2b4,52c35ba7-f03a-4be1-9802-954f2764a223,mupni,Specific
fd14d772-8813-4289-b158-48a1259b9461,e9f12541-0f85-4418-9d15-789c695f1287,imonzimonz,Near synonym
182b9857-9653-43db-bc38-6225948f37fd,26c75228-8e21-409b-942a-ceb6a9ffdeab,mab,Generic
167a3fc3-3355-419f-90ef-93ab06a41327,44bb3616-9aa2-4347-8e23-910a5bff8471,mätta,Generic
59d9d692-67da-466d-83a1-9363f96df514,aa083500-227c-4c55-ab30-b9d28d029b60,gabma,Synonym
7c77abca-b79b-47fb-89fa-d446fa09f2e0,20c49c32-3f09-448a-bee8-635f2606ae85,gabma,Synonym
7c77abca-b79b-47fb-89fa-d446fa09f2e0,184eed9e-6b6a-4e48-99f9-438d2910080d,pällämpälläm,Synonym
af1bdd59-ba22-40cd-865c-7f13b0f3179d,690fca44-e98a-4b5c-a627-8a9a53dff276,gän,Synonym
af1bdd59-ba22-40cd-865c-7f13b0f3179d,805ba82f-e1bd-4e9f-9954-6782031af317,gabma bägäl,Synonym
af1bdd59-ba22-40cd-865c-7f13b0f3179d,447bf372-d408-4699-a66b-d079712ba230,yu bägäl,Synonym
f46d2b30-bd94-4e4e-9fbd-fd325037b94f,da3510a5-0bc6-431f-b366-589a4bf79b49,bärät,Generic
f46d2b30-bd94-4e4e-9fbd-fd325037b94f,44bb3616-9aa2-4347-8e23-910a5bff8471,mätta,Generic
417b0432-5bc0-470a-b60e-dd37be88bed5,fcc36f77-798d-475c-a615-ac6ff43af148,Ingglis,Synonym
417b0432-5bc0-470a-b60e-dd37be88bed5,bee83640-01b5-4492-84ab-ac8c69227495,pällämpälläm eka,Synonym
29d9109e-f193-4eb2-849c-cf40ec3b219f,f187fe24-ce49-40c2-886a-aae4d96815fe,Bitur,Synonym
0827bb70-9684-43d8-9031-2bed5f69d8ad,fd7f5311-ec4f-429b-a770-111997844de9,kakak,Coordinate term
e8b5f678-2d1e-4b8d-8dad-373de695afe1,21d28183-9605-4c78-b757-4e2be805e6dc,kak,Coordinate term
bce03d2c-f06f-422b-9594-65f97c5eac25,5dde1cc2-670b-460b-b76d-39c3273d92ba,kak,Near synonym
e807cf8e-d74f-47eb-b23e-ac2aa31d2112,faa30463-1a82-4780-a3b7-90b25f862896,mänang,Near synonym
e807cf8e-d74f-47eb-b23e-ac2aa31d2112,1b1d7f8c-9826-47c9-9c57-799843cf7518,kak,Coordinate term
354dfbaf-94bc-4733-bb63-a13f8a73f3b7,13fcfe05-281d-4558-aef8-8402c0ad546a,mänang,Coordinate term
354dfbaf-94bc-4733-bb63-a13f8a73f3b7,24a06267-06c1-4223-a38f-cddf222fae38,kak,Near synonym
30dc3a2c-1adf-4da3-a129-0ba637693e63,d1dfb574-cba4-44e2-8e08-ea70243adaaa,ekaklle,Synonym
f5409d9e-3907-46ce-92cc-9d788d9a289e,0edd511e-3a13-4a1c-8387-3e79f6126209,ekaklle,Synonym
f5409d9e-3907-46ce-92cc-9d788d9a289e,6a6a6276-5329-46b7-88cf-8a7bf9a75ca4,igi,Synonym
f5409d9e-3907-46ce-92cc-9d788d9a289e,8d87a2d6-79f1-4da2-838d-36a89b90d686,käm,Synonym
f5409d9e-3907-46ce-92cc-9d788d9a289e,a726593d-1901-46e1-b6ee-a88491355a31,toko,Antonym
f5409d9e-3907-46ce-92cc-9d788d9a289e,2a81215e-3a60-4f21-965e-c45820005a08,tuk,Antonym
615b27b6-e7bd-4b47-9773-cd6adf42e542,2685c6c3-b079-4d4f-9a05-6c4498e8c956,menttäg,Synonym
dfeabf25-a127-42cb-b392-8f68e096dd7c,848d305e-137e-4ff7-8868-347057e75138,eit,Synonym
56b53b8d-226a-471b-85a2-fae7713cf5f1,52a5aa3f-e2cd-4f1a-9e68-391c145b422e,=alle,Synonym
56b53b8d-226a-471b-85a2-fae7713cf5f1,007bee6c-09f1-4a80-a808-6335008045e4,=att,Synonym
56b53b8d-226a-471b-85a2-fae7713cf5f1,007bee6c-09f1-4a80-a808-6335008045e4,=att,Synonym
a75e1e54-c6de-4ca0-90f3-4a5aaab99bed,f58f41aa-0f9d-4dbf-8c31-5fb6ec1ed44a,poddpodd,Synonym
19033274-9cce-42cc-9bb3-07cbcf60cc91,e4da7cdc-bd56-4c6d-8439-7cc9d1f3ed63,omäg,Synonym
19033274-9cce-42cc-9bb3-07cbcf60cc91,d64bfb1d-89f0-4aa5-9712-c941809f2ab9,muro,Synonym
1f2d85e9-5052-4af8-a3df-848fd63a7587,17ed3347-97a7-437c-a9e1-069fb02a7b5d,baba,Synonym
1f2d85e9-5052-4af8-a3df-848fd63a7587,a9a0679d-1df9-4249-88b4-642bea993740,dedi,Synonym
1f2d85e9-5052-4af8-a3df-848fd63a7587,fdd884ea-2a4e-444f-aab2-189067ba907c,yaya,Synonym
1f2d85e9-5052-4af8-a3df-848fd63a7587,4ab33d2f-f424-4ef0-9a4a-f5fa79e9850d,mäg,Coordinate term
1f2d85e9-5052-4af8-a3df-848fd63a7587,935f0a9d-1718-407b-afa4-420a4f4612a4,mami,Coordinate term
1f2d85e9-5052-4af8-a3df-848fd63a7587,5f2417e2-5cf8-4f30-847a-c280581145c5,yae,Coordinate term
1f2d85e9-5052-4af8-a3df-848fd63a7587,e54e6bea-6f3d-480c-b6fc-22b31116fdea,mama,Coordinate term
632268d9-6e2d-40d6-9a62-eb2744a2b7dd,c773fa54-c88e-47db-b419-9fb9363e5ed9,mällpa,Near synonym
632268d9-6e2d-40d6-9a62-eb2744a2b7dd,65427daa-64c1-4687-bdec-a6c0a10da57f,mäg ulle,Near synonym
632268d9-6e2d-40d6-9a62-eb2744a2b7dd,2396857f-1860-4053-b551-4627b9206dd0,mälla yae,Near synonym
632268d9-6e2d-40d6-9a62-eb2744a2b7dd,31fb39a9-35df-4fc6-a85b-eeb34b1f4bc7,nane,Near synonym
6e507aa2-faf5-44c7-85ff-f5c3456d2605,1ee9c605-e9ef-4e43-817d-413b6a0b1285,meyang,Near synonym
6e507aa2-faf5-44c7-85ff-f5c3456d2605,94af73e9-19e2-4c87-a4a6-832b93ca1be3,pope,Near synonym
47888587-ab80-419b-a19a-adef623a3fd8,f82afc96-368c-4407-b5fe-a4bcaaed1cc0,päzäg,Near synonym
47888587-ab80-419b-a19a-adef623a3fd8,3c4449ff-ff9e-48f1-8e7e-d60222988ebb,meyang,Near synonym
47888587-ab80-419b-a19a-adef623a3fd8,d49fccc7-7c59-4091-bdfa-529a79619e67,inbo,Near synonym
5f9d48d3-7971-4951-9ec5-37cd79345f71,175a6ce5-75ee-48e5-8885-9ac3c05fc10e,inbo,Near synonym
5f9d48d3-7971-4951-9ec5-37cd79345f71,727eae9d-372b-408f-87be-3eeb18defaf8,päzäg,Near synonym
4ab33d2f-f424-4ef0-9a4a-f5fa79e9850d,5f2417e2-5cf8-4f30-847a-c280581145c5,yae,Synonym
4ab33d2f-f424-4ef0-9a4a-f5fa79e9850d,935f0a9d-1718-407b-afa4-420a4f4612a4,mami,Synonym
4ab33d2f-f424-4ef0-9a4a-f5fa79e9850d,e54e6bea-6f3d-480c-b6fc-22b31116fdea,mama,Synonym
4ab33d2f-f424-4ef0-9a4a-f5fa79e9850d,1f2d85e9-5052-4af8-a3df-848fd63a7587,mäda,Coordinate term
4ab33d2f-f424-4ef0-9a4a-f5fa79e9850d,17ed3347-97a7-437c-a9e1-069fb02a7b5d,baba,Coordinate term
4ab33d2f-f424-4ef0-9a4a-f5fa79e9850d,fdd884ea-2a4e-444f-aab2-189067ba907c,yaya,Coordinate term
4ab33d2f-f424-4ef0-9a4a-f5fa79e9850d,a9a0679d-1df9-4249-88b4-642bea993740,dedi,Coordinate term
54d20bde-0808-4e5b-bfae-9d448a4cc53a,eb8ad8f6-553e-4de7-ad17-759dede16f40,mit,Synonym
b5208af9-1a36-455b-99ca-6d9f7096f7ac,f83f0cf4-dd91-4dbc-9f1c-7f19fc59502d,sana,Generic
d4d87982-f76f-43fb-89e3-ae90aa81ba32,36f12cdb-e11b-44c2-8d97-11c59f22ca6f,nag,Generic
c5c43da1-e050-4bc3-9ba1-6a03699a1ce5,77edd0b1-5c02-4a24-a03b-edde7927de2c,koko,Coordinate term
c5c43da1-e050-4bc3-9ba1-6a03699a1ce5,caec0b92-896a-4aed-b96c-19337deaa13f,nge,Whole
65427daa-64c1-4687-bdec-a6c0a10da57f,31fb39a9-35df-4fc6-a85b-eeb34b1f4bc7,nane,Near synonym
65427daa-64c1-4687-bdec-a6c0a10da57f,632268d9-6e2d-40d6-9a62-eb2744a2b7dd,mädaulle,Near synonym
65427daa-64c1-4687-bdec-a6c0a10da57f,c773fa54-c88e-47db-b419-9fb9363e5ed9,mällpa,Near synonym
6a042e7d-4955-469f-aebc-7db4b476a0c4,9eb8c04d-6411-4eb5-a67d-7a50ef372c9f,tomäll,Near synonym
896775f2-7f64-415b-b266-cfeda8ed7394,d45e2b45-a547-4332-ab4b-02002581faeb,yus,Synonym
38f025ba-7e02-4131-847a-5bcf7fad1816,3eea66d8-2071-47ba-b92e-9a2f8278b4b8,llowam,Antonym
38f025ba-7e02-4131-847a-5bcf7fad1816,c3e5cb8d-4c3e-45c5-ae2f-9460041dd6e0,moko,Synonym
bc2f90ce-eb6b-4064-8831-a14af4f30685,d4d52a7f-548d-4491-8fa4-ceeae92ce68d,Inpir,Synonym
f8b7489d-fa43-4840-852c-44fec2cad31b,cb9c2485-8269-422f-a804-1fa35b62a442,kängkäm,Synonym
8e1727e4-1510-4fb8-b52e-2cd7c89e0faf,8d997980-a92a-44fe-a19e-541a3eb13ae7,lla,Coordinate term
c933c080-c6d9-414b-b2e1-67421c1ada8a,d9246d9d-ec76-4b09-9ebb-77b586cbf110,lla,Coordinate term
c933c080-c6d9-414b-b2e1-67421c1ada8a,483feea7-0c4f-407e-b740-84549c0a93ef,gullbe,Coordinate term
c11b8f12-56f5-4ea2-bb66-cad49bcf2c24,ed4ca210-1e37-4fc6-be95-25236a51b998,spun,Coordinate term
9c97e472-2744-4c06-9bf4-e645325a86af,3bfe5b9c-9391-4989-a0c3-586a412adc52,ttotto,Synonym
4115f17a-fe1f-42ba-a4b1-4a268bce6fcb,1b02f083-1766-4b38-b299-93db4d21d6b3,ause,Synonym
4115f17a-fe1f-42ba-a4b1-4a268bce6fcb,b698c9e2-cc93-4519-a55f-9fe89b9e58e6,llamäg,Coordinate term
4115f17a-fe1f-42ba-a4b1-4a268bce6fcb,f2518f23-ef3e-42c2-9854-cb6ceeff85dc,llamda,Coordinate term
d6d01939-01ca-491a-a6ce-4a33ab834970,716ea718-ba44-4cfe-9149-35bb55ab5681,gullbog,Coordinate term
2396857f-1860-4053-b551-4627b9206dd0,632268d9-6e2d-40d6-9a62-eb2744a2b7dd,mädaulle,Near synonym
d975d721-a4bd-45e6-aaca-0e01dcc1e1ce,739b5ea3-5136-47cc-89ee-2fa67e46ea6c,ingoll,Whole
ebff0285-2359-48b8-b9b0-c7eecc95c80a,986d5c34-8959-43bc-97de-a1e57ff14e15,budar,Generic
4c862aca-5553-4ff7-8c45-11ccec846b4e,2e54db5a-3e5d-4b0b-88a8-559aee5cae42,biye,Generic
3e62bb45-f2d3-4e14-b716-8606697c2492,ccb2dc57-6e1d-4f0b-9a2f-9ce9c8034a45,duwel sära,Coordinate term
3e62bb45-f2d3-4e14-b716-8606697c2492,065d0702-7875-45ce-afde-26f9546ee749,ddageddage,Coordinate term
20f6cecc-8188-4056-a1b0-a609723d8b3b,42321e8a-370c-4faa-b742-8f0a4b3f588c,gullem,Generic
8a994e1e-0f20-4cf7-9acb-c1be8c9a358d,9a1bca58-2206-4d6b-90ad-eaf65db31b85,mällkam,Synonym
256c84a2-8cf4-47c2-8685-33730f122a46,42321e8a-370c-4faa-b742-8f0a4b3f588c,gullem,Generic
9a1bca58-2206-4d6b-90ad-eaf65db31b85,8a994e1e-0f20-4cf7-9acb-c1be8c9a358d,mällkae,Synonym
c773fa54-c88e-47db-b419-9fb9363e5ed9,31fb39a9-35df-4fc6-a85b-eeb34b1f4bc7,nane,Near synonym
c773fa54-c88e-47db-b419-9fb9363e5ed9,632268d9-6e2d-40d6-9a62-eb2744a2b7dd,mädaulle,Near synonym
c773fa54-c88e-47db-b419-9fb9363e5ed9,65427daa-64c1-4687-bdec-a6c0a10da57f,mäg ulle,Near synonym
1df45768-1155-4e05-a391-e7f7c5d211b6,023d9350-5958-4f0e-bd7f-b8656b27db08,galbe,Generic
46977cef-de87-4c0a-b0ec-4b4ab6b14c9d,55933f45-f2fa-4913-8077-9c3983ef7a01,llɨg,Coordinate term
e6cf57f8-fef3-4c8b-a153-ffeb76e572e9,3fce34f3-dc2f-4cb5-a3c2-3a616f25426b,mang,Coordinate term
1195b075-19a5-422d-a4e0-e8e36c818aa8,70bc471e-3fce-437f-80ca-fa1422b8d663,llɨg,Coordinate term
faa30463-1a82-4780-a3b7-90b25f862896,e807cf8e-d74f-47eb-b23e-ac2aa31d2112,masar,Near synonym
8b52b3e8-d9fe-47f4-887b-42497ceea2b3,1b1d7f8c-9826-47c9-9c57-799843cf7518,kak,Near synonym
13fcfe05-281d-4558-aef8-8402c0ad546a,354dfbaf-94bc-4733-bb63-a13f8a73f3b7,masar,Coordinate term
13fcfe05-281d-4558-aef8-8402c0ad546a,24a06267-06c1-4223-a38f-cddf222fae38,kak,Coordinate term
a29a13f4-d4da-40d6-b016-966c9bdc57eb,f82afc96-368c-4407-b5fe-a4bcaaed1cc0,päzäg,Near synonym
9e848729-3bf2-4190-891c-57ab0c075257,d3f6673d-c605-40cb-ac01-025ae3a7fd9c,ttang lläpät,Generic
9e848729-3bf2-4190-891c-57ab0c075257,413bf7b2-4ad3-4921-bf64-a979e98f745e,källatolma,Coordinate term
9e848729-3bf2-4190-891c-57ab0c075257,2ac19fe3-fd77-4b1d-98d3-8d60c00f2ad8,mätkin,Coordinate term
9e848729-3bf2-4190-891c-57ab0c075257,3d50e2a0-b3b3-4930-9c75-79f7ba153d67,tärangesa,Coordinate term
9e848729-3bf2-4190-891c-57ab0c075257,5acc0204-55ff-4e83-8dbe-4197c9013500,tupi,Coordinate term
c5b78824-b8f5-4cb6-b7d8-c0a861636ca8,476feb25-bd9a-4d6b-a01f-a036e7177f5c,paeb,Synonym
c5b78824-b8f5-4cb6-b7d8-c0a861636ca8,6290ebc7-291d-495d-bfba-692b37b5b8c8,komlla komlla ttongo dduma,Synonym
c5b78824-b8f5-4cb6-b7d8-c0a861636ca8,81492014-ecd6-4159-99ba-139057a00edb,ttang lläpät,Synonym
19e215d9-c8d4-44f0-908d-1600ff6fe817,d3a62eda-4526-4c46-88aa-84d4f366cfe3,ulle,Synonym
337fe1bb-7e9e-46d3-bffe-f86624977247,17e39aaf-2c8b-4c9e-860f-2a2e97d71920,mamall,Synonym
be27c6f2-6a86-4a99-8136-7f9ebec01a14,c2d95c9b-53e6-48f9-a9bb-9f02d51c5144,llokott,Synonym
b1f811c9-a6a5-4f62-b2fe-c33f80d2f123,c2d95c9b-53e6-48f9-a9bb-9f02d51c5144,llokott,Antonym
c6404855-d253-4c2c-b165-8842eb55169f,8cd65a94-393c-4d15-8693-c8c1073dd6c1,dada,Coordinate term
c6404855-d253-4c2c-b165-8842eb55169f,481e337b-33d6-454f-9441-0f26953f3d87,mosen,Coordinate term
a11511ce-ce54-428e-812d-1166dc69af30,54700f56-a245-42f1-b47d-1f79155b0d39,izig,Near synonym
a11511ce-ce54-428e-812d-1166dc69af30,8e1a53d9-5c06-4035-978f-e93687aab60c,kobeam,Near synonym
92302eba-b715-4ba0-979c-696535bf0bfb,bfe47332-27e1-4816-8c6e-48c415d0bee2,mosenmosen,Coordinate term
7797585a-eb32-4e2a-bd35-9dff204c909b,7fafdcbe-a10e-4a67-ba18-2136b169fc67,kollba,Generic
a389dbda-915f-42d6-8886-48ad61b2747a,12f157ac-a49f-4add-a41d-1a106103eb3f,ngänngän,Synonym
02622b67-2e22-416d-a667-abfa5a5ce688,724fcb1d-a3b6-42e1-8efe-6b99beac66c0,mer,Antonym
8e1fda10-3293-4986-aaf5-c993807a1f2d,74e57e6f-d001-4e81-b239-d5511272ef9e,känyärtto,Synonym
8e1fda10-3293-4986-aaf5-c993807a1f2d,1fe99453-75d3-4998-867e-ec23bf2a9aa5,känyär,Synonym
8e1fda10-3293-4986-aaf5-c993807a1f2d,e8aa0606-ee3e-4bbd-993d-1cb415243105,mikuttmeny,Synonym
8e1fda10-3293-4986-aaf5-c993807a1f2d,36481d0b-205f-45c2-9684-119f2b0b1637,muttbul,Synonym
65873cd3-9552-4d6c-acf9-59676fb472de,3dcdb851-10c1-413a-86a5-26cf67418633,up,Generic
394fd25d-fc5d-48ab-ad25-eb834e9c5829,42321e8a-370c-4faa-b742-8f0a4b3f588c,gullem,Generic
2ac19fe3-fd77-4b1d-98d3-8d60c00f2ad8,5acc0204-55ff-4e83-8dbe-4197c9013500,tupi,Coordinate term
2ac19fe3-fd77-4b1d-98d3-8d60c00f2ad8,3d50e2a0-b3b3-4930-9c75-79f7ba153d67,tärangesa,Coordinate term
2ac19fe3-fd77-4b1d-98d3-8d60c00f2ad8,9e848729-3bf2-4190-891c-57ab0c075257,mända,Coordinate term
2ac19fe3-fd77-4b1d-98d3-8d60c00f2ad8,413bf7b2-4ad3-4921-bf64-a979e98f745e,källatolma,Coordinate term
2ac19fe3-fd77-4b1d-98d3-8d60c00f2ad8,d3f6673d-c605-40cb-ac01-025ae3a7fd9c,ttang lläpät,Generic
82871073-7c72-4de4-b1da-a9d82c2abcbb,8a9deb58-ee60-4f4d-bfff-2f4454789139,tu,Synonym
82871073-7c72-4de4-b1da-a9d82c2abcbb,1896b8c8-fc0c-48f0-824a-4e18d68387ab,komllaebe,Synonym
82871073-7c72-4de4-b1da-a9d82c2abcbb,f0d51844-2a28-4b34-82ca-dc33713f00c7,komlla,Synonym
44bb3616-9aa2-4347-8e23-910a5bff8471,20d732a2-8861-43c7-bbb2-2c7f20cc62c7,bogobogo,Coordinate term
44bb3616-9aa2-4347-8e23-910a5bff8471,2094935d-3ecc-4b20-b162-f9fd5843e307,pongoll,Coordinate term
44bb3616-9aa2-4347-8e23-910a5bff8471,7f186e8e-555d-4804-8fbf-b10415899059,mutae,Coordinate term
44bb3616-9aa2-4347-8e23-910a5bff8471,f46d2b30-bd94-4e4e-9fbd-fd325037b94f,markaebärät,Specific
44bb3616-9aa2-4347-8e23-910a5bff8471,82435816-f627-43aa-a8ee-4e5f63a75b2d,ngolo,Specific
44bb3616-9aa2-4347-8e23-910a5bff8471,0f349b0b-70ff-4e30-9160-05fc8c027d8f,sawis,Specific
44bb3616-9aa2-4347-8e23-910a5bff8471,9448cbae-cdfd-4c2f-ab1d-6083d64b7183,pom,Specific
44bb3616-9aa2-4347-8e23-910a5bff8471,df075a71-022d-4bfd-8ae4-698dd1eeaee3,retam,Specific
44bb3616-9aa2-4347-8e23-910a5bff8471,f1f06205-e2c8-41ee-9389-74a359fe663d,saus,Specific
44bb3616-9aa2-4347-8e23-910a5bff8471,64e210d6-b275-43f9-bbe6-ac9726598bde,sipik,Specific
44bb3616-9aa2-4347-8e23-910a5bff8471,eff4a412-80c9-4b04-ac06-30a11eaead43,täbom,Specific
44bb3616-9aa2-4347-8e23-910a5bff8471,79124b6e-a322-4d62-9442-1f8ef21e77e0,tap,Specific
44bb3616-9aa2-4347-8e23-910a5bff8471,29d77a69-104c-43c4-903c-ca58ddc377d3,ttall mätta,Specific
44bb3616-9aa2-4347-8e23-910a5bff8471,b725a025-288b-444f-9122-c64a8604a894,ttattang,Specific
44bb3616-9aa2-4347-8e23-910a5bff8471,47e2411e-8567-41bd-8a2a-3488a55f8fa1,wawonai,Specific
44bb3616-9aa2-4347-8e23-910a5bff8471,77c6f0e4-5321-4ca5-be13-d3c9fb32631d,wod,Specific
44bb3616-9aa2-4347-8e23-910a5bff8471,2e1a3a9a-b4e4-4572-a118-9df38a103df3,yɨb,Specific
44bb3616-9aa2-4347-8e23-910a5bff8471,19829ffa-101e-46e3-9539-e9690c1e263b,yaru,Specific
44bb3616-9aa2-4347-8e23-910a5bff8471,316b30ee-ab7f-4622-b2e6-6adcbaabd1bc,yaryem,Specific
44bb3616-9aa2-4347-8e23-910a5bff8471,83b3baef-ae29-44bd-93f7-4f328edf236d,bab,Specific
44bb3616-9aa2-4347-8e23-910a5bff8471,da3510a5-0bc6-431f-b366-589a4bf79b49,bärät,Specific
44bb3616-9aa2-4347-8e23-910a5bff8471,55eb337b-fecb-411a-8b26-0a8e039b0621,bulwem,Specific
44bb3616-9aa2-4347-8e23-910a5bff8471,19cc0d03-c69b-4e34-b4d9-1247117439be,giritai,Specific
44bb3616-9aa2-4347-8e23-910a5bff8471,d11c8680-fc7d-4bc7-87cb-8757800d539c,dangkälmang,Specific
44bb3616-9aa2-4347-8e23-910a5bff8471,a65fbbbd-5c7f-43cb-a455-08b32ce7ed30,dirindi,Specific
44bb3616-9aa2-4347-8e23-910a5bff8471,3082d271-cf1a-4b24-aa86-c72dd05fd7a8,ewembe,Specific
44bb3616-9aa2-4347-8e23-910a5bff8471,f710b4c2-0fe6-4879-b693-dcae684eb2e3,kän,Specific
44bb3616-9aa2-4347-8e23-910a5bff8471,3aa29440-ca00-4ee4-a1c4-7fd311453ca7,keräma pudd,Specific
44bb3616-9aa2-4347-8e23-910a5bff8471,9b48dbfb-673c-4142-9688-df97fa7865e6,konzar,Specific
44bb3616-9aa2-4347-8e23-910a5bff8471,badf443e-edfa-42a0-b919-c791fb11745d,kuram,Specific
44bb3616-9aa2-4347-8e23-910a5bff8471,48acbc92-93db-432d-a124-c2fe4d049915,kutae,Specific
44bb3616-9aa2-4347-8e23-910a5bff8471,167a3fc3-3355-419f-90ef-93ab06a41327,maribärät,Specific
44bb3616-9aa2-4347-8e23-910a5bff8471,8a6a0cf2-440d-4b8a-be57-c7a6817ec903,apapi bärät,Specific
44bb3616-9aa2-4347-8e23-910a5bff8471,5173fc67-c2a2-4de4-b5d1-4a65a9116b9d,pägamän,Specific
44bb3616-9aa2-4347-8e23-910a5bff8471,c64fa6d1-182a-4a87-a49d-2d59b98acb68,girag dirindi,Specific
44bb3616-9aa2-4347-8e23-910a5bff8471,04c47ae3-126a-4390-98a4-8fa33eb27e81,säne,Specific
44bb3616-9aa2-4347-8e23-910a5bff8471,32d54ec7-8d6c-46cf-8902-5215b7cfcbf9,penganyäm,Specific
44bb3616-9aa2-4347-8e23-910a5bff8471,3d1e93f7-b74c-4ab2-b0ca-0bc5fa25bb5c,banggo,Specific
44bb3616-9aa2-4347-8e23-910a5bff8471,7c430ea7-8a00-466b-8a42-cfa45706db0d,sänd,Specific
44bb3616-9aa2-4347-8e23-910a5bff8471,12ac2a4f-c848-4e77-9f54-313a750fff4e,käpre,Specific
09834794-0478-40b5-b30d-79f0d74016c0,7d3181be-5a9a-4d2d-b07f-c2b8d825b76c,dadäräb,Synonym
09834794-0478-40b5-b30d-79f0d74016c0,fe85bc22-4128-4944-a371-59e60c761faa,dradre,Synonym
313efea0-2ca6-4e48-b49e-def19fb40568,3dcdb851-10c1-413a-86a5-26cf67418633,up,Generic
53ac09cd-bda4-4dd9-88d0-ae878db313af,00817f7c-c112-41be-ae23-d6797222f6ee,eroe,Synonym
53ac09cd-bda4-4dd9-88d0-ae878db313af,c1637e1a-f7c9-4e75-8a85-a167ee29f29a,pallall,Synonym
2685c6c3-b079-4d4f-9a05-6c4498e8c956,615b27b6-e7bd-4b47-9773-cd6adf42e542,matta,Synonym
c1a22f7c-a6e2-4b83-9261-9a5e8994b506,e71dc5dd-e81a-492a-adb2-aac3dc7696ba,tobäll,Generic
98baf822-ce7c-46e0-a59c-4c05ef426e9c,200aed8a-bbb3-4e9c-9be1-b67eb1775896,gagäll,Antonym
98baf822-ce7c-46e0-a59c-4c05ef426e9c,633456a4-8fb2-4406-be0b-8c487faddf0b,ai,Synonym
4600fe7c-fc8d-4647-9f3a-f444b0d18754,a09b5d5b-2746-4df5-9658-f220b133e701,täre,Synonym
724fcb1d-a3b6-42e1-8efe-6b99beac66c0,02622b67-2e22-416d-a667-abfa5a5ce688,märal,Antonym
aa2f96a2-e321-4ed5-aea2-e84c066fec88,bf959be5-5d16-4f78-a44a-f1dfe2d2a410,mullamulla,Synonym
09200aad-1ccb-4f3a-9b0c-901929405d7c,0a671452-9155-423e-a53b-ebcdf1d195fb,yuwoyuwog,Antonym
09200aad-1ccb-4f3a-9b0c-901929405d7c,2c9d5bf2-4a9c-4005-b5fe-fc23ab48334b,aiai,Synonym
549ec276-be91-4a23-90d5-25bc1b57caa9,023d9350-5958-4f0e-bd7f-b8656b27db08,galbe,Generic
744b232e-a9a5-42ca-b1e1-fb5cbbe320f6,6785c63a-b56e-4716-a109-6e2e1e55f5df,wabeb,Synonym
744b232e-a9a5-42ca-b1e1-fb5cbbe320f6,1c46b37a-5f8c-4d51-ae8b-3818131efa02,papa,Synonym
744b232e-a9a5-42ca-b1e1-fb5cbbe320f6,e5e350fe-8c14-4a4a-b033-d77ed8fe1012,gäz,Synonym
1ee9c605-e9ef-4e43-817d-413b6a0b1285,6e507aa2-faf5-44c7-85ff-f5c3456d2605,mädaulle,Near synonym
1ee9c605-e9ef-4e43-817d-413b6a0b1285,94af73e9-19e2-4c87-a4a6-832b93ca1be3,pope,Near synonym
3c4449ff-ff9e-48f1-8e7e-d60222988ebb,d49fccc7-7c59-4091-bdfa-529a79619e67,inbo,Near synonym
3c4449ff-ff9e-48f1-8e7e-d60222988ebb,47888587-ab80-419b-a19a-adef623a3fd8,mädaulle,Near synonym
3c4449ff-ff9e-48f1-8e7e-d60222988ebb,f82afc96-368c-4407-b5fe-a4bcaaed1cc0,päzäg,Near synonym
5c0a5369-f472-4242-a487-9953cae691cd,d0578e5c-cbef-45e6-94f5-2bd0d0409cdf,ddäddäg,Synonym
93ba413d-241f-4a33-b1a8-160b83b6c189,513e59d0-3091-4e36-9eb2-75e5b67acdb5,klloklloe,Synonym
e93e8c1d-fe07-46f1-8a40-9555caa39063,4359c7d7-7811-48bf-8a4c-7accb83f8381,tum,Synonym
e8aa0606-ee3e-4bbd-993d-1cb415243105,36481d0b-205f-45c2-9684-119f2b0b1637,muttbul,Synonym
e8aa0606-ee3e-4bbd-993d-1cb415243105,74e57e6f-d001-4e81-b239-d5511272ef9e,känyärtto,Synonym
e8aa0606-ee3e-4bbd-993d-1cb415243105,1fe99453-75d3-4998-867e-ec23bf2a9aa5,känyär,Synonym
e8aa0606-ee3e-4bbd-993d-1cb415243105,8e1fda10-3293-4986-aaf5-c993807a1f2d,mätaru,Synonym
b7c0d6e1-e3b9-466b-a34c-0f11f747e390,42321e8a-370c-4faa-b742-8f0a4b3f588c,gullem,Generic
0d8b73fc-8f7e-4776-b5d9-fc9c7e561492,3457120c-cd1a-4164-ae14-cda92938f2b4,manggo,Generic
ad2fcef7-b36a-4ed6-931a-3c9956db6d11,c042ee4c-87a1-48d1-8d62-33d95e04f3b4,bällkäp,Near synonym
ddcc70e1-6cbd-419c-ae46-695e42d571b0,26c75228-8e21-409b-942a-ceb6a9ffdeab,mab,Generic
0d1c0cd5-8983-4fb1-a377-54cd25654fb7,023d9350-5958-4f0e-bd7f-b8656b27db08,galbe,Generic
bb65552e-a29e-4a07-9360-31f271eeef5f,3dcdb851-10c1-413a-86a5-26cf67418633,up,Generic
f366db43-a945-4c40-978e-826a546d92cb,fd45de6e-1c94-4e08-b2df-b9c671f4501c,kum,Synonym
eb8ad8f6-553e-4de7-ad17-759dede16f40,54d20bde-0808-4e5b-bfae-9d448a4cc53a,mäg,Synonym
3b209c39-5451-40ac-94d2-aefecb2aa887,a7d833fc-b5a2-420c-aa65-f7476678dc8b,turik,Generic
9481d925-da97-4a8c-9c24-45dc5a040c90,d8ad14a4-19b7-47fc-a970-c03ecc222883,bälämbäl,Synonym
9481d925-da97-4a8c-9c24-45dc5a040c90,075f510a-05e7-41a5-bc0b-f4cd91244a62,gämoe,Synonym
d72a13a6-b9a5-448f-a089-26e30305edea,8a020708-16b9-4abe-b349-51c666c2d939,lläkäm,Generic
ff397106-9c52-4bff-aba1-b983bc7908ce,739b5ea3-5136-47cc-89ee-2fa67e46ea6c,ingoll,Whole
4e011734-4516-4d8d-84bc-efd58ddc2304,3dcdb851-10c1-413a-86a5-26cf67418633,up,Generic
21db91de-1d12-497d-ae25-7b8c62b6ca38,1122c4ea-2e4c-4728-b513-efafe109b097,parga,Synonym
775bb364-7ed7-45cb-afd2-c5c73803067d,4ccd3716-4998-4133-a3c5-defeda2d585b,gall gullem,Synonym
5f872ae6-2faa-4b18-a998-b9f336339ea3,65690f44-9cf9-4471-b95d-70bea97f26d6,yu torkomoll,Coordinate term
c11a79c1-d56c-4295-993b-0c3befc4cc77,2a68e856-27b9-42f4-a09b-bcddc4a9a9f8,batt,Synonym
c3e5cb8d-4c3e-45c5-ae2f-9460041dd6e0,3fdc5ec7-0191-4beb-87bf-c3a2a7b846f4,käm,Synonym
c3e5cb8d-4c3e-45c5-ae2f-9460041dd6e0,38f025ba-7e02-4131-847a-5bcf7fad1816,mäkan,Synonym
c3e5cb8d-4c3e-45c5-ae2f-9460041dd6e0,3eea66d8-2071-47ba-b92e-9a2f8278b4b8,llowam,Antonym
522beab5-04df-449d-a37f-95f7909b6fe4,17047657-cb03-48b0-abeb-11c91a9585d4,llowamang,Antonym
eb7cc332-936b-45ec-9e26-b9ec1be143dc,e6bddd64-bc9b-405f-a42b-cdc85b826b6e,nyäny,Synonym
1e3bd083-d885-4d3d-aed2-a6ae0406b752,986d5c34-8959-43bc-97de-a1e57ff14e15,budar,Generic
8671fad4-b88a-4868-b56f-5fbffb93a665,63e2cc54-4e93-437d-b880-f72c4f497d46,Lamlam,Coordinate term
d73ed679-e3bc-4fb8-a4fe-54d8de8d2fa9,0b73b576-2568-48e1-821d-8282bd4fe468,molle dungg,Near synonym
d73ed679-e3bc-4fb8-a4fe-54d8de8d2fa9,c406556d-89b3-45f5-83f2-e8ff9a550ea9,mollemolle,Near synonym
0b73b576-2568-48e1-821d-8282bd4fe468,c406556d-89b3-45f5-83f2-e8ff9a550ea9,mollemolle,Synonym
0b73b576-2568-48e1-821d-8282bd4fe468,d73ed679-e3bc-4fb8-a4fe-54d8de8d2fa9,molle dändär,Near synonym
c406556d-89b3-45f5-83f2-e8ff9a550ea9,0b73b576-2568-48e1-821d-8282bd4fe468,molle dungg,Synonym
c406556d-89b3-45f5-83f2-e8ff9a550ea9,d73ed679-e3bc-4fb8-a4fe-54d8de8d2fa9,molle dändär,Near synonym
b85b5645-d155-4f52-9497-b3c2e8a616e0,3dcdb851-10c1-413a-86a5-26cf67418633,up,Generic
4290cdcc-0b26-4493-acd9-220d8c1a3ace,3dcdb851-10c1-413a-86a5-26cf67418633,up,Generic
559a88bb-f476-4770-b35e-aaf08ee27c30,0630bad1-3a7c-4ec5-a0ce-7b0cca489cb1,inggol,Synonym
5e3c6cf9-a92f-4819-9cbc-73464666e51d,923dab66-7e95-415f-b2a6-1f5838adecc8,pipllo,Generic
5e3c6cf9-a92f-4819-9cbc-73464666e51d,599b101e-d6e5-405c-af4f-398cae1dcddf,täme,Generic
481e337b-33d6-454f-9441-0f26953f3d87,8cd65a94-393c-4d15-8693-c8c1073dd6c1,dada,Synonym
481e337b-33d6-454f-9441-0f26953f3d87,c6404855-d253-4c2c-b165-8842eb55169f,mänyan,Coordinate term
97141fc2-0f67-40c3-9063-4aaae227d7f2,d7875f78-968b-4679-a5d4-567d41895c2d,sära pot,Antonym
97141fc2-0f67-40c3-9063-4aaae227d7f2,49b77389-fbc7-4b99-86ae-a0b37216d39f,särapipi,Antonym
bfe47332-27e1-4816-8c6e-48c415d0bee2,92302eba-b715-4ba0-979c-696535bf0bfb,mänyanmänyan,Coordinate term
a742a70a-11f5-4680-bc3a-5b3ae3620abc,2e54db5a-3e5d-4b0b-88a8-559aee5cae42,biye,Generic
26e48ce8-949b-4db8-969b-d7e8bd8c1f1b,42321e8a-370c-4faa-b742-8f0a4b3f588c,gullem,Generic
dc59e452-112e-451a-a8e1-6810646f45f5,7fafdcbe-a10e-4a67-ba18-2136b169fc67,kollba,Generic
142f9436-fc17-464e-aab1-1cabd0b0b6e0,2e54db5a-3e5d-4b0b-88a8-559aee5cae42,biye,Generic
63901972-1206-446d-84ed-04acaa728e0d,206ad26d-4264-400d-941f-4bd6090986fa,ai,Synonym
bf959be5-5d16-4f78-a44a-f1dfe2d2a410,aa2f96a2-e321-4ed5-aea2-e84c066fec88,meresin,Synonym
52c35ba7-f03a-4be1-9802-954f2764a223,3457120c-cd1a-4164-ae14-cda92938f2b4,manggo,Generic
d64bfb1d-89f0-4aa5-9712-c941809f2ab9,19033274-9cce-42cc-9bb3-07cbcf60cc91,mawa,Synonym
d64bfb1d-89f0-4aa5-9712-c941809f2ab9,e4da7cdc-bd56-4c6d-8439-7cc9d1f3ed63,omäg,Synonym
7f186e8e-555d-4804-8fbf-b10415899059,20d732a2-8861-43c7-bbb2-2c7f20cc62c7,bogobogo,Coordinate term
7f186e8e-555d-4804-8fbf-b10415899059,023d9350-5958-4f0e-bd7f-b8656b27db08,galbe,Coordinate term
7f186e8e-555d-4804-8fbf-b10415899059,44bb3616-9aa2-4347-8e23-910a5bff8471,mätta,Coordinate term
7f186e8e-555d-4804-8fbf-b10415899059,2094935d-3ecc-4b20-b162-f9fd5843e307,pongoll,Coordinate term
7f186e8e-555d-4804-8fbf-b10415899059,c384042e-e7d4-4fab-b878-c48c68a78ea8,pap,Specific
7f186e8e-555d-4804-8fbf-b10415899059,18264f85-2f7b-4f11-ad7a-a37a27a75aa9,tamongle,Specific
39e08120-bae9-41a7-8c67-5438f8a15b78,6e3cecb6-3dd7-48b0-93e1-8bdd71149b24,ddage llätt,Synonym
39e08120-bae9-41a7-8c67-5438f8a15b78,7cf170b6-cb36-4138-b603-0a67835f5e40,walle mäg,Synonym
36481d0b-205f-45c2-9684-119f2b0b1637,74e57e6f-d001-4e81-b239-d5511272ef9e,känyärtto,Synonym
36481d0b-205f-45c2-9684-119f2b0b1637,1fe99453-75d3-4998-867e-ec23bf2a9aa5,känyär,Synonym
36481d0b-205f-45c2-9684-119f2b0b1637,e8aa0606-ee3e-4bbd-993d-1cb415243105,mikuttmeny,Synonym
36481d0b-205f-45c2-9684-119f2b0b1637,8e1fda10-3293-4986-aaf5-c993807a1f2d,mätaru,Synonym
26793bad-7f73-46d8-9663-8e062b463620,986d5c34-8959-43bc-97de-a1e57ff14e15,budar,Generic
8b412c57-0f1a-4836-966b-cc7d8a684b35,ee879507-c0b3-478f-8cd6-55593b539917,binang,Synonym
f6081511-6d2b-4c03-b686-5a54498458e7,9540040d-d006-4fef-9a6e-d3ebf7682f25,ngam,Synonym
905d2581-a8d0-49a9-a56c-68cb14e1daa8,ed71e238-812c-4d0c-9ccf-b23e95e14cf3,apte tärangesa,Synonym
36f12cdb-e11b-44c2-8d97-11c59f22ca6f,194cc7cc-c7f8-4c7c-9930-be0577e769f6,kapera,Specific
36f12cdb-e11b-44c2-8d97-11c59f22ca6f,f33fff5b-e9ef-4911-a556-57283fa4d174,omad,Specific
36f12cdb-e11b-44c2-8d97-11c59f22ca6f,b851a50a-e43f-400e-a688-c9cfd81d3d25,irwema,Specific
36f12cdb-e11b-44c2-8d97-11c59f22ca6f,355ca15e-da6c-4d52-8b8f-b79b31698476,upma,Specific
36f12cdb-e11b-44c2-8d97-11c59f22ca6f,f339e942-0c16-420e-a37f-28be96ebc73e,spallma,Specific
36f12cdb-e11b-44c2-8d97-11c59f22ca6f,d4d87982-f76f-43fb-89e3-ae90aa81ba32,mägällma,Specific
36f12cdb-e11b-44c2-8d97-11c59f22ca6f,f44278df-f6be-4a12-9f6b-6cb3ce9c4e17,kokallma,Specific
36f12cdb-e11b-44c2-8d97-11c59f22ca6f,d9ed7db3-b182-4792-8e2b-9a9f4d3b1e96,kämany,Specific
36f12cdb-e11b-44c2-8d97-11c59f22ca6f,cc4f4bc2-3478-4f0f-ab73-fe7552451e95,tarko,Specific
36f12cdb-e11b-44c2-8d97-11c59f22ca6f,d211b4a2-8673-4cfa-a888-08b9d0ca0979,kaeg,Specific
ce055bb1-a794-4645-be87-d1d5ddeca306,cd67ea67-ba58-4201-8983-26ff67271e72,kämag,Coordinate term
feb75194-67af-4c30-87ca-9fcd4b8da92e,4607baf7-7f49-4c6b-a598-076b1480cf21,pakos,Generic
feb75194-67af-4c30-87ca-9fcd4b8da92e,e71dc5dd-e81a-492a-adb2-aac3dc7696ba,tobäll,Generic
31fb39a9-35df-4fc6-a85b-eeb34b1f4bc7,65427daa-64c1-4687-bdec-a6c0a10da57f,mäg ulle,Near synonym
31fb39a9-35df-4fc6-a85b-eeb34b1f4bc7,632268d9-6e2d-40d6-9a62-eb2744a2b7dd,mädaulle,Near synonym
31fb39a9-35df-4fc6-a85b-eeb34b1f4bc7,c773fa54-c88e-47db-b419-9fb9363e5ed9,mällpa,Near synonym
13128b7b-cb0d-4c60-a73a-5188620fa3cf,e9d90d49-2695-427e-b735-c9f7792ff168,bällämbäll,Synonym
13128b7b-cb0d-4c60-a73a-5188620fa3cf,d5c31d2f-fa6b-435c-9a99-56db5ce58c9a,näkäpngon,Synonym
9795c7a2-3db0-4fac-86d2-64a05596c4f2,4684069c-adb8-466a-a5eb-74e1096384ce,näkäpmeny,Antonym
9795c7a2-3db0-4fac-86d2-64a05596c4f2,c08ddf59-4af2-4369-9573-4433016610d2,konkon,Antonym
9795c7a2-3db0-4fac-86d2-64a05596c4f2,8b440bb6-83fa-4549-9eda-d50e67741c20,bun pallkamatt,Synonym
9795c7a2-3db0-4fac-86d2-64a05596c4f2,8ceb95c6-3365-4f54-82a3-1ccd8cc862f5,kinekineang,Synonym
4684069c-adb8-466a-a5eb-74e1096384ce,9795c7a2-3db0-4fac-86d2-64a05596c4f2,näkäpang,Antonym
4684069c-adb8-466a-a5eb-74e1096384ce,8ceb95c6-3365-4f54-82a3-1ccd8cc862f5,kinekineang,Antonym
4684069c-adb8-466a-a5eb-74e1096384ce,8b440bb6-83fa-4549-9eda-d50e67741c20,bun pallkamatt,Antonym
4684069c-adb8-466a-a5eb-74e1096384ce,c08ddf59-4af2-4369-9573-4433016610d2,konkon,Synonym
d5c31d2f-fa6b-435c-9a99-56db5ce58c9a,e9d90d49-2695-427e-b735-c9f7792ff168,bällämbäll,Synonym
d5c31d2f-fa6b-435c-9a99-56db5ce58c9a,13128b7b-cb0d-4c60-a73a-5188620fa3cf,näkäp,Synonym
be00ae5d-adb5-4f86-88c3-700a1fb6cde5,b759c61a-c6d8-47ca-a09e-76c094cec220,imamalle,Antonym
2e36ffe3-0459-45df-995d-425576f867c3,26c75228-8e21-409b-942a-ceb6a9ffdeab,mab,Generic
5df9592f-4aae-40fb-8669-3c13bb9369bd,923dab66-7e95-415f-b2a6-1f5838adecc8,pipllo,Generic
ceda0761-7b90-4825-8b04-18087abf4e31,0f52f4c8-c043-4031-92d1-909cb3f023ab,erngazmäg,Generic
ceda0761-7b90-4825-8b04-18087abf4e31,19808827-c355-475a-a250-1ec273274d80,noponda,Coordinate term
19808827-c355-475a-a250-1ec273274d80,ceda0761-7b90-4825-8b04-18087abf4e31,nopmäg,Coordinate term
19808827-c355-475a-a250-1ec273274d80,5d72c783-6798-42fc-b0de-2211fb50ac92,erngazenda,Generic
df61f678-d6a8-4476-b6c9-6e5a0d862154,8060c97f-4822-43b0-b44f-fe518ac35264,ttoen,Synonym
df61f678-d6a8-4476-b6c9-6e5a0d862154,48d22565-4500-471e-9121-14c04bd48249,nyongo,Synonym
ff0773b7-785f-4b16-870a-b6ced43afde3,a4e3b15f-24f8-41f6-a33b-3589df94befb,za,Synonym
ff0773b7-785f-4b16-870a-b6ced43afde3,30f15741-94d7-4daa-b077-dc7a5ef814fa,ttoen,Synonym
9540040d-d006-4fef-9a6e-d3ebf7682f25,f6081511-6d2b-4c03-b686-5a54498458e7,naen,Synonym
381bdab3-bb37-4c49-8479-85ee4807f001,8a020708-16b9-4abe-b349-51c666c2d939,lläkäm,Generic
f6f1bebe-bbe7-4b89-9cbe-b544251bcaf1,23845226-8655-4074-b55f-372d27af7fb4,gumae,Synonym
0f1e0ca3-b123-4ebd-a967-54f92931b23c,fc8b4265-95e0-4380-9b9f-4bc62e62b34c,ngädngäd,Synonym
0f1e0ca3-b123-4ebd-a967-54f92931b23c,ef48541d-571d-48b4-ae80-2922d66ec3d3,ngämae,Synonym
d6e7fba1-366f-4e9b-8a5b-973e9210f6c7,4312fbf4-ee66-4cb6-b5c2-1d6c64b6bf89,da,Synonym
fc9d89ea-fee7-4e48-a7cd-745ab61a2bbc,b391ffca-6941-4357-b07a-ad5e7b439a6d,dade,Synonym
21c793a9-ba32-4519-8d2e-10f1c3813e17,4b5b1024-d82b-4bef-8df6-5577c4afa293,ngättäma,Synonym
21c793a9-ba32-4519-8d2e-10f1c3813e17,84809c11-6ea9-4051-8f30-6c6c64407019,ttängäm,Synonym
58009034-19f2-4b00-bdb7-c25a6adc86d6,380f73fa-5f98-4a71-a1b1-546a80604cee,pes,Synonym
236462f8-ca63-4b4e-ab26-41f16a02829b,37dd5f00-4c6b-4991-8233-4e1fbb6f7acf,imne,Antonym
4a13e0c4-0ded-4985-a24d-f8a949ef814a,7bd89bd0-b2fe-4486-9600-3a0fe4a792be,llätt,Antonym
18631217-83e7-4fe9-9b50-45941df6a621,e0d928a6-bd20-4ad5-a50a-019b9e68ec07,imne,Antonym
18631217-83e7-4fe9-9b50-45941df6a621,383979c1-49b0-4c5a-a2a1-8598f4002036,golloll,Antonym
18631217-83e7-4fe9-9b50-45941df6a621,ea0e25e8-997d-4c2f-abf3-21c39cd2e60b,ingoll,Synonym
e7c94533-ae20-4c73-9037-f91e364f9cdb,6f76e6dc-8b4f-416e-9183-f2fcdc8e98e3,imneimne,Antonym
fc8b4265-95e0-4380-9b9f-4bc62e62b34c,0f1e0ca3-b123-4ebd-a967-54f92931b23c,nganae,Synonym
03c440da-e481-4d13-96f5-8872ac7b319a,35fe47c7-4a24-4dc0-9f13-f4e31e26ed7b,llädae,Synonym
03c440da-e481-4d13-96f5-8872ac7b319a,ff74bfa4-4845-4806-aaf6-944eb7571382,laem,Synonym
2eee6b33-1792-45be-b1ba-47a2a83220f3,33affdf8-4a6f-4113-93cd-21d9ea1f7416,ttäkattäke,Synonym
c28258a3-06d5-4255-9d6a-a7ee809d317c,d13ade30-1408-4db6-82d4-dcf1a5face7e,gazen,Synonym
c28258a3-06d5-4255-9d6a-a7ee809d317c,11deb681-546d-4b75-9fac-0471b9791842,kängkäl,Synonym
c28258a3-06d5-4255-9d6a-a7ee809d317c,3f2e2379-f511-4656-b9d4-d954b6562513,pälengg,Antonym
c28258a3-06d5-4255-9d6a-a7ee809d317c,dcfd9cf2-862c-491e-93c6-ca028320adf1,spun,Antonym
f843b600-fd38-44cc-aa1a-f5df363da204,0ff946f6-283e-42c5-86a7-653f117026b0,pänongg,Synonym
819014b7-eeed-4492-a291-bf9882f2f984,0d82f67b-7ab0-4c75-b39d-0263d2a4be41,zizi,Synonym
819014b7-eeed-4492-a291-bf9882f2f984,81a58799-1032-4b56-856f-04691a075449,irängän,Synonym
43665917-5227-4aee-9d58-b445de128a58,fab18296-11f1-4bf9-ba20-bcd4617e548b,llädäd,Synonym
c827f58c-efdc-437c-9418-994b4dc4b1d3,563fccf5-4699-442c-9318-e8fe94d25e2c,pänongg,Synonym
ef48541d-571d-48b4-ae80-2922d66ec3d3,0f1e0ca3-b123-4ebd-a967-54f92931b23c,nganae,Synonym
bda672c5-fd78-46ca-8a7c-c2334231e876,b99cbd16-824e-4000-baf6-15f5ac6ae6d8,rullgoe,Synonym
22918c19-c198-4eb2-b5e8-5af4fedb2544,f3e4bdd4-1d85-4824-b0ee-6dcf25a00bac,ttängkamäll,Synonym
c3379d4b-112e-45b2-b0f1-633264e33ab0,c8d309c8-e5ec-4f8f-9350-548c702ba555,ibi,Near synonym
c3379d4b-112e-45b2-b0f1-633264e33ab0,c7e70354-2da5-42c2-9da3-0319138b482b,ngäna,Singular
e1a22d6e-3dad-4541-9ea9-45375d652c6b,7bd89bd0-b2fe-4486-9600-3a0fe4a792be,llätt,Synonym
c7e70354-2da5-42c2-9da3-0319138b482b,c3379d4b-112e-45b2-b0f1-633264e33ab0,ngämi,Nonsingular
c7e70354-2da5-42c2-9da3-0319138b482b,c8d309c8-e5ec-4f8f-9350-548c702ba555,ibi,Nonsingular
03cd2be0-0c5a-42be-a2e9-cf265b42bbd6,d448644e-4f95-4057-922f-090587a47a1c,=ingoll,Synonym
12f157ac-a49f-4add-a41d-1a106103eb3f,a389dbda-915f-42d6-8886-48ad61b2747a,märal,Synonym
d7c9f888-a2fb-4aaa-9e28-ec1c4cdc14a7,cc4af4f9-3201-4b2d-874e-55c2b52c11d3,ony,Synonym
d7c9f888-a2fb-4aaa-9e28-ec1c4cdc14a7,26b16ee7-4e5f-45b5-96fd-292f4eb8a6d9,kapu,Synonym
fbcbb86a-ff4d-4017-a5e3-79fa80b5ebed,db933bbc-f323-4016-8e2e-e7511b1a758a,pänaemeny,Synonym
4cade4f9-4928-437f-bf03-306a512b35e3,a72bb34a-fb31-4b5a-b573-0dfb165d0df7,ttängattänge,Synonym
4b5b1024-d82b-4bef-8df6-5577c4afa293,84809c11-6ea9-4051-8f30-6c6c64407019,ttängäm,Synonym
4b5b1024-d82b-4bef-8df6-5577c4afa293,21c793a9-ba32-4519-8d2e-10f1c3813e17,ngata,Synonym
653f7def-89c5-48a1-83bb-b732fd9b45c9,02162e65-097c-4c36-8e71-977289480a49,ttall nge,Specific
653f7def-89c5-48a1-83bb-b732fd9b45c9,fcdeac89-c3bd-483b-b52c-21c29b6c1e5e,gogo,Specific
653f7def-89c5-48a1-83bb-b732fd9b45c9,13432ad7-826a-4019-b1df-325a7cf83245,pall,Specific
653f7def-89c5-48a1-83bb-b732fd9b45c9,098b0d86-b4b9-499d-bc78-c5af47559511,linge,Specific
653f7def-89c5-48a1-83bb-b732fd9b45c9,4ff6b35e-d2ea-47ad-b09b-0fd2f61fb46d,kolem,Specific
653f7def-89c5-48a1-83bb-b732fd9b45c9,e1456342-a608-4743-8395-deda940dcdd2,bäbnge,Specific
653f7def-89c5-48a1-83bb-b732fd9b45c9,d6e3c823-1f8d-44e6-945e-c821fd5da137,tawe,Specific
653f7def-89c5-48a1-83bb-b732fd9b45c9,81a85975-5908-46cf-abfb-f55a0c21ba84,pall tawe,Specific
653f7def-89c5-48a1-83bb-b732fd9b45c9,7501f830-bf01-4b61-86b7-5efa2579605f,gae nge,Specific
653f7def-89c5-48a1-83bb-b732fd9b45c9,b0237901-a3a6-42d5-be73-13cdbd4dc9bb,uriar,Specific
653f7def-89c5-48a1-83bb-b732fd9b45c9,9bf66ceb-cdf4-4eb2-910c-bd1074320a77,iddnge,Specific
caec0b92-896a-4aed-b96c-19337deaa13f,c70f865a-2714-4d5c-ab26-3f87202c5f7d,nge ine,Part
caec0b92-896a-4aed-b96c-19337deaa13f,10b53205-ed25-4a04-b626-7d616d37d137,täma,Part
caec0b92-896a-4aed-b96c-19337deaa13f,c5c43da1-e050-4bc3-9ba1-6a03699a1ce5,mägda,Part
caec0b92-896a-4aed-b96c-19337deaa13f,a968a063-de16-4a4a-bfb6-e776429a3ffb,kakoll kutt,Part
caec0b92-896a-4aed-b96c-19337deaa13f,1a476158-e3ea-401a-bb4e-589338b37d83,utt,Part
caec0b92-896a-4aed-b96c-19337deaa13f,2de9a050-0523-4d50-a19f-1fbfb912105b,gongglem,Specific
caec0b92-896a-4aed-b96c-19337deaa13f,09a22296-48a8-4167-a96e-c6bad2d18d6e,tawekutt,Specific
caec0b92-896a-4aed-b96c-19337deaa13f,599401f4-abbf-45ff-ba34-bef827438c76,nge dɨdɨr,Specific
caec0b92-896a-4aed-b96c-19337deaa13f,2942a949-7a05-4a0e-98c6-35848a85af70,nge tikop,Specific
caec0b92-896a-4aed-b96c-19337deaa13f,7cdc51b0-373f-4687-bb64-2fdebe73e377,kukrub,Specific
599401f4-abbf-45ff-ba34-bef827438c76,caec0b92-896a-4aed-b96c-19337deaa13f,nge,Generic
04cc8775-1962-4c8c-819b-f52930293119,cc4998e8-3e7c-4695-a456-878bc55a6937,bänbän,Coordinate term
04cc8775-1962-4c8c-819b-f52930293119,3118151a-0327-49c7-b6f1-32de50335cfb,gongglem,Coordinate term
04cc8775-1962-4c8c-819b-f52930293119,97c92baa-a143-4332-a982-73205a42b3ce,kukrub,Coordinate term
04cc8775-1962-4c8c-819b-f52930293119,e16f9397-5537-44a0-aa25-90f3541c3f98,nge popo,Coordinate term
04cc8775-1962-4c8c-819b-f52930293119,0b9b7223-9f62-403a-8fc1-a38e10d61397,ttambällag,Coordinate term
04cc8775-1962-4c8c-819b-f52930293119,75b0dc1d-c3bb-4788-a0a4-4c8666812982,kokowang,Coordinate term
04cc8775-1962-4c8c-819b-f52930293119,6f0bd988-e147-4338-b8b6-fcce0663dbd4,tawekutt,Coordinate term
04cc8775-1962-4c8c-819b-f52930293119,e463579d-c79e-44ce-87a0-404ef605b00f,kuang,Coordinate term
04cc8775-1962-4c8c-819b-f52930293119,f94ee63b-b6f0-443b-ae71-24ee933ecf57,nge tikop,Coordinate term
04cc8775-1962-4c8c-819b-f52930293119,7506fefa-27c6-4e83-8b72-49052a213346,sisi,Coordinate term
c70f865a-2714-4d5c-ab26-3f87202c5f7d,caec0b92-896a-4aed-b96c-19337deaa13f,nge,Whole
e16f9397-5537-44a0-aa25-90f3541c3f98,75b0dc1d-c3bb-4788-a0a4-4c8666812982,kokowang,Coordinate term
e16f9397-5537-44a0-aa25-90f3541c3f98,97c92baa-a143-4332-a982-73205a42b3ce,kukrub,Coordinate term
e16f9397-5537-44a0-aa25-90f3541c3f98,04cc8775-1962-4c8c-819b-f52930293119,nge dɨdɨr,Coordinate term
e16f9397-5537-44a0-aa25-90f3541c3f98,3118151a-0327-49c7-b6f1-32de50335cfb,gongglem,Coordinate term
e16f9397-5537-44a0-aa25-90f3541c3f98,7506fefa-27c6-4e83-8b72-49052a213346,sisi,Coordinate term
e16f9397-5537-44a0-aa25-90f3541c3f98,6f0bd988-e147-4338-b8b6-fcce0663dbd4,tawekutt,Coordinate term
e16f9397-5537-44a0-aa25-90f3541c3f98,0b9b7223-9f62-403a-8fc1-a38e10d61397,ttambällag,Coordinate term
e16f9397-5537-44a0-aa25-90f3541c3f98,cc4998e8-3e7c-4695-a456-878bc55a6937,bänbän,Coordinate term
e16f9397-5537-44a0-aa25-90f3541c3f98,e463579d-c79e-44ce-87a0-404ef605b00f,kuang,Coordinate term
e16f9397-5537-44a0-aa25-90f3541c3f98,f94ee63b-b6f0-443b-ae71-24ee933ecf57,nge tikop,Coordinate term
df1738f5-e6e8-4dcc-a5bb-3c460ff68fb1,f7675600-570a-4417-af24-ee4f4a42da3a,nyärab,Antonym
df1738f5-e6e8-4dcc-a5bb-3c460ff68fb1,a959f025-e6aa-4d32-9bec-1e266dfa496d,ddänddäl,Antonym
df1738f5-e6e8-4dcc-a5bb-3c460ff68fb1,11deb681-546d-4b75-9fac-0471b9791842,kängkäl,Antonym
df1738f5-e6e8-4dcc-a5bb-3c460ff68fb1,b67421b7-a8fd-4c5c-86ba-15fb1cba7a68,dedre,Synonym
f5695d1e-ac44-4421-a2f9-637610c64b00,42321e8a-370c-4faa-b742-8f0a4b3f588c,gullem,Generic
2942a949-7a05-4a0e-98c6-35848a85af70,caec0b92-896a-4aed-b96c-19337deaa13f,nge,Generic
f94ee63b-b6f0-443b-ae71-24ee933ecf57,0b9b7223-9f62-403a-8fc1-a38e10d61397,ttambällag,Coordinate term
f94ee63b-b6f0-443b-ae71-24ee933ecf57,97c92baa-a143-4332-a982-73205a42b3ce,kukrub,Coordinate term
f94ee63b-b6f0-443b-ae71-24ee933ecf57,3118151a-0327-49c7-b6f1-32de50335cfb,gongglem,Coordinate term
f94ee63b-b6f0-443b-ae71-24ee933ecf57,04cc8775-1962-4c8c-819b-f52930293119,nge dɨdɨr,Coordinate term
f94ee63b-b6f0-443b-ae71-24ee933ecf57,e463579d-c79e-44ce-87a0-404ef605b00f,kuang,Coordinate term
f94ee63b-b6f0-443b-ae71-24ee933ecf57,6f0bd988-e147-4338-b8b6-fcce0663dbd4,tawekutt,Coordinate term
f94ee63b-b6f0-443b-ae71-24ee933ecf57,e16f9397-5537-44a0-aa25-90f3541c3f98,nge popo,Coordinate term
f94ee63b-b6f0-443b-ae71-24ee933ecf57,cc4998e8-3e7c-4695-a456-878bc55a6937,bänbän,Coordinate term
f94ee63b-b6f0-443b-ae71-24ee933ecf57,7506fefa-27c6-4e83-8b72-49052a213346,sisi,Coordinate term
f94ee63b-b6f0-443b-ae71-24ee933ecf57,75b0dc1d-c3bb-4788-a0a4-4c8666812982,kokowang,Coordinate term
eb2d0649-fea3-45ff-9514-5c694c9385be,cd4c0d1e-fd5b-4ea6-9d42-4c01d434e8cb,wangam,Synonym
cf1331d1-ba2e-48d5-bd63-fa9a00efa73f,e1116f06-83ac-4198-b774-d9d3f07b7308,pos,Generic
bbbc909b-1b56-46e8-954e-5965b5dd35b1,ad29370d-424b-492f-8001-c1d2eaaf092b,ankom,Generic
fea9857e-8981-47d5-abfa-235ff25a5c7e,0c0899bf-e1b4-41f2-8d59-3c569827776a,bod,Whole
8695e120-4be6-463b-8544-383413feea2e,c2bb6185-298b-4a62-9627-be61366d6daa,dumdum,Synonym
82435816-f627-43aa-a8ee-4e5f63a75b2d,44bb3616-9aa2-4347-8e23-910a5bff8471,mätta,Generic
09537e08-fb89-4895-abb7-7115ad1cba9c,011f2641-48d4-4cd7-831f-ae6d6fb517ab,waswes,Synonym
4931abed-14b4-464a-aa04-b3bc0a031fb5,f5191ff1-56b6-4900-b0e5-5f49746dfded,eka mu,Coordinate term
bdf75313-8716-4525-8bc5-5b6e1a02f7a0,a46425b8-5204-45d8-beca-538379ba9102,bälämbäl,Synonym
685ecdbc-6548-4ebc-9bb6-aca40cffe31d,8017a18c-1f8a-46ea-ab70-607a62a41b1e,ubemang,Antonym
38a7226d-831b-4c7b-8d82-c707ec497aef,54be296d-8061-4ba7-90a9-8983e8f7504c,erngazeg,Generic
89fb74d6-af2f-49d1-8d60-de96f8c8ff07,9526c055-2680-40ef-b517-39a5c86d33de,nyäng,Generic
9526c055-2680-40ef-b517-39a5c86d33de,89fb74d6-af2f-49d1-8d60-de96f8c8ff07,nyäkukub,Specific
9526c055-2680-40ef-b517-39a5c86d33de,7dcd4eb7-f8a0-417e-ae85-6a2149fc951b,nyukukum,Specific
9526c055-2680-40ef-b517-39a5c86d33de,c9f61695-c564-4e82-8f93-9071ccf592bb,säpalek,Specific
9526c055-2680-40ef-b517-39a5c86d33de,91ce90d1-9d88-4197-b387-b24742f9e24a,nyängkallddäb,Specific
9526c055-2680-40ef-b517-39a5c86d33de,64f56422-9f57-4778-8664-efcaee4c1c36,zazaba,Specific
9526c055-2680-40ef-b517-39a5c86d33de,b38b7091-e062-40a4-ae6a-6d55ea5e5292,nyängkallbidd,Specific
9526c055-2680-40ef-b517-39a5c86d33de,b0e1d342-a09c-4166-ae87-07fa482c116f,bod,Part
b38b7091-e062-40a4-ae6a-6d55ea5e5292,9526c055-2680-40ef-b517-39a5c86d33de,nyäng,Generic
91ce90d1-9d88-4197-b387-b24742f9e24a,9526c055-2680-40ef-b517-39a5c86d33de,nyäng,Generic
e6bddd64-bc9b-405f-a42b-cdc85b826b6e,eb7cc332-936b-45ec-9e26-b9ec1be143dc,mokon,Synonym
75911355-523e-4d32-a519-8a65176d3eed,d853a68b-e079-4d92-b3f2-d69ef569099e,kädab,Synonym
f7675600-570a-4417-af24-ee4f4a42da3a,11deb681-546d-4b75-9fac-0471b9791842,kängkäl,Synonym
f7675600-570a-4417-af24-ee4f4a42da3a,a959f025-e6aa-4d32-9bec-1e266dfa496d,ddänddäl,Synonym
f7675600-570a-4417-af24-ee4f4a42da3a,df1738f5-e6e8-4dcc-a5bb-3c460ff68fb1,ngetam,Antonym
f7675600-570a-4417-af24-ee4f4a42da3a,b67421b7-a8fd-4c5c-86ba-15fb1cba7a68,dedre,Antonym
0f8dc276-cf05-4e9b-a0c9-6905b4fa1c12,359a4449-91f6-497e-9356-0147ecce67a7,eka täp,Generic
033f2de4-f01b-4f23-84ed-bedfb4518829,f0074bb2-4868-4c47-92e4-0f1dcb337a45,ttäle,Whole
033f2de4-f01b-4f23-84ed-bedfb4518829,29297b35-1756-46a3-a838-a3b3473a5422,nying lläpät,Part
033f2de4-f01b-4f23-84ed-bedfb4518829,a02cd89d-7f32-4999-a49f-2ab43601fe74,nying lläbe,Part
033f2de4-f01b-4f23-84ed-bedfb4518829,f8622598-b0df-43bc-afd7-ff3ffb586813,ttäle koll,Part
033f2de4-f01b-4f23-84ed-bedfb4518829,616e2e22-ddbc-4206-ae50-42fb488094d1,ttäle kum,Part
033f2de4-f01b-4f23-84ed-bedfb4518829,0afba8ce-521f-418b-aadb-adf4cdf95611,gageb,Near synonym
a02cd89d-7f32-4999-a49f-2ab43601fe74,033f2de4-f01b-4f23-84ed-bedfb4518829,nying,Whole
a02cd89d-7f32-4999-a49f-2ab43601fe74,2fcc1e47-9c42-46ce-b469-e406d4eefe26,llimba,Coordinate term
29297b35-1756-46a3-a838-a3b3473a5422,033f2de4-f01b-4f23-84ed-bedfb4518829,nying,Whole
29297b35-1756-46a3-a838-a3b3473a5422,d3f6673d-c605-40cb-ac01-025ae3a7fd9c,ttang lläpät,Coordinate term
708801b6-eb7d-4f4e-971d-03800230d191,0cdf4166-a179-4ce5-84ae-41ddd96b6961,polle,Whole
65bf4683-0088-4b2b-90b3-2596281132d8,36e3a647-9343-4ab4-96bf-f4655bc6fc14,dämoe,Antonym
48d22565-4500-471e-9121-14c04bd48249,df61f678-d6a8-4476-b6c9-6e5a0d862154,ngalen,Synonym
2138386a-b0ae-499f-aa8e-8fcdccc55053,58c4d03e-8c8d-4e98-bc51-b8f112e599a1,gall ngattongag,Synonym
7dcd4eb7-f8a0-417e-ae85-6a2149fc951b,9526c055-2680-40ef-b517-39a5c86d33de,nyäng,Generic
24c7b2b6-a470-4f37-afa9-ff077090e273,29878400-040e-48f6-b787-ff8d96530a49,kire,Antonym
be8acfb0-efbe-417d-936e-369c8470903f,4073cf82-dbb8-4938-afc0-a0ebd379d60e,adawede,Synonym
4e057a09-4237-4cdf-be16-3c99f77eef47,63493bfd-de4b-4417-81d2-a2204c72c9e5,obazaga,Synonym
63493bfd-de4b-4417-81d2-a2204c72c9e5,4e057a09-4237-4cdf-be16-3c99f77eef47,obaoba,Synonym
91331cc5-8e4a-4218-b078-e114b361c3ed,2157cb2b-f86b-4244-b6d2-f1d7bdd78a44,obozaga,Synonym
2157cb2b-f86b-4244-b6d2-f1d7bdd78a44,91331cc5-8e4a-4218-b078-e114b361c3ed,oboobo,Synonym
2eaaea71-840c-4797-bdcf-d7d8d593e45f,7fafdcbe-a10e-4a67-ba18-2136b169fc67,kollba,Generic
e3b9a74f-8177-4816-8e90-0ade48a008b3,5d9dbf4a-9244-4755-b18c-b95d1efd868a,aidan,Synonym
c8bba5e7-8727-4e15-b193-954a79f31a3d,e124be53-27de-442c-bc61-3eac8a8fa46b,ballɨngg,Synonym
c8bba5e7-8727-4e15-b193-954a79f31a3d,aaa385fd-fd34-4826-8791-f8d72155756a,seborsebor,Synonym
da58167f-c57b-4606-9a06-b7c812594c73,f83f0cf4-dd91-4dbc-9f1c-7f19fc59502d,sana,Generic
2f3a511e-0c23-4c5b-9d0f-ffbc1fe80cc2,6b5b4a47-4109-4391-9454-3a236aedbf92,bolod,Specific
2f3a511e-0c23-4c5b-9d0f-ffbc1fe80cc2,24e2e182-3641-4c6d-b6bf-7b81a6129d9e,pitpit,Specific
c78933d1-8b55-4b2a-90c0-671806ed6e26,e8441c15-d109-4791-857b-d39085f4c521,trungg,Synonym
c78933d1-8b55-4b2a-90c0-671806ed6e26,ce44d6ef-8864-4d6b-a454-7df92a8abc1a,ttam,Synonym
fcc85214-df72-4f7b-97ed-3e01eb1262d1,c4a547fa-1a3b-445c-a10e-84baa6bb8432,=e,Synonym
0e31e3b1-4dcd-4757-9534-017d036f6dd8,6d9d837d-79f4-433c-8a43-03beb749bc3f,bomo,Specific
f33fff5b-e9ef-4911-a556-57283fa4d174,36f12cdb-e11b-44c2-8d97-11c59f22ca6f,nag,Generic
e4da7cdc-bd56-4c6d-8439-7cc9d1f3ed63,19033274-9cce-42cc-9bb3-07cbcf60cc91,mawa,Synonym
e4da7cdc-bd56-4c6d-8439-7cc9d1f3ed63,d64bfb1d-89f0-4aa5-9712-c941809f2ab9,muro,Synonym
48fb0414-969f-4135-adc0-7784675c61c2,ad29370d-424b-492f-8001-c1d2eaaf092b,ankom,Generic
48fb0414-969f-4135-adc0-7784675c61c2,5b91f572-910b-4b4d-861e-86772b37075f,budombudom,Synonym
49910924-4848-4135-8f0d-c175d28442be,68fdf256-572d-4bad-8862-3755b022c3ea,pedae,Synonym
285c677b-8d03-4231-90c6-718130586f91,923dab66-7e95-415f-b2a6-1f5838adecc8,pipllo,Generic
cc4af4f9-3201-4b2d-874e-55c2b52c11d3,d7c9f888-a2fb-4aaa-9e28-ec1c4cdc14a7,ngänttäg,Synonym
cc4af4f9-3201-4b2d-874e-55c2b52c11d3,d57bfb8d-7aa8-400b-8751-5fa1bb36e4a9,kangkäg,Synonym
cc4af4f9-3201-4b2d-874e-55c2b52c11d3,26b16ee7-4e5f-45b5-96fd-292f4eb8a6d9,kapu,Synonym
3f0cec3e-e425-42cc-8cef-700738bcf406,29d28c56-e73f-42a2-8a78-9984065f2d26,ullull,Synonym
3409b1d3-ba64-4b81-8577-3692e227cace,b6885a57-2b43-4fcd-a983-08c3c3da232e,walle,Generic
a023bfda-16ff-48e6-a7ff-0553ddcbde2d,94509952-3fbd-4599-b16a-ccc0bc6c2080,Wipi,Synonym
a023bfda-16ff-48e6-a7ff-0553ddcbde2d,d451dd78-ac2e-4eea-8bf9-5926ce58be29,Gidra,Synonym
613ca2a5-ed08-4fec-b6b3-76391cf492b3,62935b82-230f-4657-8de0-95f83a5413f4,tätäp,Synonym
613ca2a5-ed08-4fec-b6b3-76391cf492b3,cb197b53-dffd-4e39-a95f-7f744b36271e,ttattle,Synonym
613ca2a5-ed08-4fec-b6b3-76391cf492b3,80118d76-d567-4eaa-9ff1-cbbb285c5cd7,kakep,Synonym
8247f4a1-7a69-447b-82aa-844af23a7383,2e54db5a-3e5d-4b0b-88a8-559aee5cae42,biye,Generic
34263bd7-7285-467d-95bd-6cd1436e3917,290f6b14-1ac2-45ab-aab0-282bd9405b1d,duwem,Synonym
aa88974d-78bf-4258-8078-0b265791a7e4,6f50b115-30ff-41b6-9610-ddcbbd1a224d,duwem,Synonym
6a7aaaa5-c978-455a-8386-a6d44134f09e,d1c2dddd-3276-4231-8a88-e9f51949683b,ddäddäg,Specific
01e8e47d-82f1-48d8-999d-19697ed25359,40051260-a917-4239-b677-127998e5a0e4,kisin,Synonym
a608a630-01d1-444c-b44b-9c54ead2a8e8,1bba724b-2a19-41d8-b778-f1630f5d3d72,gi,Near synonym
6fa1cb5d-0e72-42b8-ab12-40d97192520c,3dcdb851-10c1-413a-86a5-26cf67418633,up,Generic
476feb25-bd9a-4d6b-a01f-a036e7177f5c,81492014-ecd6-4159-99ba-139057a00edb,ttang lläpät,Synonym
476feb25-bd9a-4d6b-a01f-a036e7177f5c,c5b78824-b8f5-4cb6-b7d8-c0a861636ca8,mända,Synonym
476feb25-bd9a-4d6b-a01f-a036e7177f5c,6290ebc7-291d-495d-bfba-692b37b5b8c8,komlla komlla ttongo dduma,Synonym
42992369-6564-41d7-98fe-ebf8a091dae7,724f1898-8d2d-42f9-950b-5ae9377f598e,solt,Synonym
42992369-6564-41d7-98fe-ebf8a091dae7,2c083442-e2ac-402e-b0f5-0892c21cf3d1,bile,Synonym
de9eeed2-8c4f-4faa-a515-0656c02c4ec8,42321e8a-370c-4faa-b742-8f0a4b3f588c,gullem,Generic
4607baf7-7f49-4c6b-a598-076b1480cf21,feb75194-67af-4c30-87ca-9fcd4b8da92e,nallib,Specific
4607baf7-7f49-4c6b-a598-076b1480cf21,e71dc5dd-e81a-492a-adb2-aac3dc7696ba,tobäll,Generic
13432ad7-826a-4019-b1df-325a7cf83245,653f7def-89c5-48a1-83bb-b732fd9b45c9,nge,Generic
13432ad7-826a-4019-b1df-325a7cf83245,81a85975-5908-46cf-abfb-f55a0c21ba84,pall tawe,Specific
13432ad7-826a-4019-b1df-325a7cf83245,fcdeac89-c3bd-483b-b52c-21c29b6c1e5e,gogo,Coordinate term
c1637e1a-f7c9-4e75-8a85-a167ee29f29a,53ac09cd-bda4-4dd9-88d0-ae878db313af,menae,Synonym
b063e789-5dcd-45ed-b441-9d1694993b09,8a020708-16b9-4abe-b349-51c666c2d939,lläkäm,Generic
d30b7c72-0b49-452b-baad-5b78684dff84,22d30600-e66e-41dd-a615-b25b91465a4d,tärpoll,Synonym
6f4c9709-45af-4887-a6fe-5f05fe2c9da2,3a809054-945c-466d-a36c-22c8a6fa7ff3,kottllam,Generic
9e334005-9014-4b44-ae7d-2ca963c78259,305c7a01-acdd-4904-ac89-30293e247b95,pobllem,Synonym
81a85975-5908-46cf-abfb-f55a0c21ba84,13432ad7-826a-4019-b1df-325a7cf83245,pall,Generic
81a85975-5908-46cf-abfb-f55a0c21ba84,653f7def-89c5-48a1-83bb-b732fd9b45c9,nge,Generic
81a85975-5908-46cf-abfb-f55a0c21ba84,d6e3c823-1f8d-44e6-945e-c821fd5da137,tawe,Generic
8735f3cd-34da-4b9c-b7be-c9dd7148fd36,8d0b9f9b-c50f-453f-a003-e99419121197,uk,Synonym
8735f3cd-34da-4b9c-b7be-c9dd7148fd36,1c62752f-286a-4843-94d5-85d9effdf732,allka,Synonym
8735f3cd-34da-4b9c-b7be-c9dd7148fd36,c9985f15-5908-44c1-b7dc-0b8a99f1dc45,erany,Synonym
cad92337-298b-443e-8929-61a26662d35a,023d9350-5958-4f0e-bd7f-b8656b27db08,galbe,Generic
c384042e-e7d4-4fab-b878-c48c68a78ea8,7f186e8e-555d-4804-8fbf-b10415899059,mutae,Generic
1c46b37a-5f8c-4d51-ae8b-3818131efa02,e5e350fe-8c14-4a4a-b033-d77ed8fe1012,gäz,Synonym
1c46b37a-5f8c-4d51-ae8b-3818131efa02,6785c63a-b56e-4716-a109-6e2e1e55f5df,wabeb,Synonym
1c46b37a-5f8c-4d51-ae8b-3818131efa02,744b232e-a9a5-42ca-b1e1-fb5cbbe320f6,metmäll,Synonym
3dfe535a-188b-428b-911f-a01e40e7a306,496acffb-a350-45f7-b024-b44c5539b779,ttatta,Synonym
3dfe535a-188b-428b-911f-a01e40e7a306,89820211-a0ee-4511-828d-da6d0bd141ad,ttäkoe,Synonym
3dfe535a-188b-428b-911f-a01e40e7a306,51258f7f-0818-4c07-897d-3ceb3e045261,po,Synonym
072a1111-6cff-4363-ac1f-cb96eb4543f0,89820211-a0ee-4511-828d-da6d0bd141ad,ttäkoe,Synonym
70a8fbd0-8fa9-406f-869e-76e62d82070c,6785c63a-b56e-4716-a109-6e2e1e55f5df,wabeb,Synonym
a03e5e15-a68a-43f8-8b5c-28e37ab47bde,ade47fbc-c0c4-4a36-80f8-566ef1d9b46f,dädäk,Synonym
a27fb798-7706-434a-ae3c-e37eac10e236,60df0615-30ba-4935-96fe-e2241fbdbc81,sae,Synonym
a27fb798-7706-434a-ae3c-e37eac10e236,52047b83-380d-4277-a9d5-bc41d7aed3ab,ttäbattäbe,Synonym
a27fb798-7706-434a-ae3c-e37eac10e236,3f4048bb-9c1e-43e8-9d4f-11100b4121d3,ttapeyam,Antonym
babcb6c5-caac-44d2-866a-c36d2c5e8efa,97718564-3fac-432b-a7a8-f4aecf4ee397,kättkätt,Synonym
368b18f9-c3f3-47f4-aed8-2cb9c343b8b2,a54e44e6-2a55-4b0e-9881-aa2db572d07b,pipllug,Doublet
3e6521d0-0404-425c-a255-1d9a53a14832,0fb2ae5e-a544-4600-83d2-0432b6e33d1a,dalab,Synonym
1122c4ea-2e4c-4728-b513-efafe109b097,21db91de-1d12-497d-ae25-7b8c62b6ca38,mo,Synonym
6ebea140-2f8d-4e1a-b6b2-76d230e4eb26,3a809054-945c-466d-a36c-22c8a6fa7ff3,kottllam,Generic
db658073-b932-48d7-befb-ee702670a27a,126aa959-1f83-4ede-bbc0-3c76a88d72fe,gullba,Generic
cc7c9819-f7b4-4c37-a697-142948beeb92,b4cc7bec-e6b7-4df4-a9cb-9f5d6cd227d1,ttu,Synonym
2a77cc2b-b251-4241-b18b-f79655510990,2e54db5a-3e5d-4b0b-88a8-559aee5cae42,biye,Generic
cd7aff81-ec60-43b2-911c-c659175ce5e3,6f95956d-bfc4-4df2-90b4-e02e76b2cf21,=pate,Coordinate term
cd7aff81-ec60-43b2-911c-c659175ce5e3,78e96e8d-eb82-4a9e-aee3-236e5ded2281,=patme,Coordinate term
cd7aff81-ec60-43b2-911c-c659175ce5e3,007bee6c-09f1-4a80-a808-6335008045e4,=att,Synonym
6f95956d-bfc4-4df2-90b4-e02e76b2cf21,c4a547fa-1a3b-445c-a10e-84baa6bb8432,=e,Synonym
6f95956d-bfc4-4df2-90b4-e02e76b2cf21,cd7aff81-ec60-43b2-911c-c659175ce5e3,=patatt,Coordinate term
6f95956d-bfc4-4df2-90b4-e02e76b2cf21,78e96e8d-eb82-4a9e-aee3-236e5ded2281,=patme,Coordinate term
4dcf0fb5-fef7-4938-940a-6562b34bac34,db8f8a69-b513-4b34-9a82-6db4c9bad557,täräk,Synonym
78e96e8d-eb82-4a9e-aee3-236e5ded2281,6f95956d-bfc4-4df2-90b4-e02e76b2cf21,=pate,Coordinate term
78e96e8d-eb82-4a9e-aee3-236e5ded2281,cd7aff81-ec60-43b2-911c-c659175ce5e3,=patatt,Coordinate term
4a390a85-55b9-4c23-9678-62c5094b824f,46ef342e-9091-4cea-bb82-1dd92b05768f,pätt,Not to be confused
d505e16c-0588-40be-8c99-38402be0d09f,814a9132-4772-4782-9023-da62f38748b9,alläp,Whole
10335854-e693-4918-9b3e-a32d6df2e870,dd98db3c-dc87-4ad9-8794-6c578eb54099,zuwoe,Synonym
f9f5ea5f-3fc9-4041-b552-6cd04c4b5821,5dc36362-7022-4e46-818c-84222764ce70,ttoengg,Synonym
f9f5ea5f-3fc9-4041-b552-6cd04c4b5821,44e89642-be36-4e51-970d-1763bb22229f,bällgae,Synonym
78c0bf36-90d1-4c94-8247-2e8040d68096,b4af4655-da91-4df5-9757-8faceab8e5c8,ibeny,Near synonym
f3faac91-8e83-4d57-8615-c415a4da6a34,c62cf406-0f12-443e-a45d-beddda8ce74b,päddpädd,Synonym
f3faac91-8e83-4d57-8615-c415a4da6a34,58576591-838e-4c86-a992-bc52fe1d87f3,pänyanz,Synonym
c62cf406-0f12-443e-a45d-beddda8ce74b,58576591-838e-4c86-a992-bc52fe1d87f3,pänyanz,Synonym
c62cf406-0f12-443e-a45d-beddda8ce74b,f3faac91-8e83-4d57-8615-c415a4da6a34,päddab,Synonym
5173fc67-c2a2-4de4-b5d1-4a65a9116b9d,da3510a5-0bc6-431f-b366-589a4bf79b49,bärät,Generic
5173fc67-c2a2-4de4-b5d1-4a65a9116b9d,44bb3616-9aa2-4347-8e23-910a5bff8471,mätta,Generic
3f2e2379-f511-4656-b9d4-d954b6562513,dcfd9cf2-862c-491e-93c6-ca028320adf1,spun,Synonym
3f2e2379-f511-4656-b9d4-d954b6562513,c28258a3-06d5-4255-9d6a-a7ee809d317c,ngällbän,Antonym
d235fcb7-72e8-4ab3-9236-4aad2f25e523,3dcdb851-10c1-413a-86a5-26cf67418633,up,Generic
790e115c-dcc3-4b1a-89e5-8f2e945f903d,b41530c4-aeb3-4794-bb5b-b8d70483418a,säremang,Antonym
790e115c-dcc3-4b1a-89e5-8f2e945f903d,5c737908-228d-4125-aa06-c3462347ab9a,bɨtbɨt,Antonym
184eed9e-6b6a-4e48-99f9-438d2910080d,20c49c32-3f09-448a-bee8-635f2606ae85,gabma,Synonym
184eed9e-6b6a-4e48-99f9-438d2910080d,7c77abca-b79b-47fb-89fa-d446fa09f2e0,markae,Synonym
bee83640-01b5-4492-84ab-ac8c69227495,fcc36f77-798d-475c-a615-ac6ff43af148,Ingglis,Synonym
bee83640-01b5-4492-84ab-ac8c69227495,417b0432-5bc0-470a-b60e-dd37be88bed5,markae eka,Synonym
00ba75fb-ded8-4b10-826f-32c3d348a672,ff26b2ee-a036-4fd9-9564-1609f9e949b3,yurwe,Generic
a2e3a5f1-bb7e-4c75-9419-44374d8c195c,7f77a2f1-8ae8-4ebf-8771-2cfbebc4b469,ttängkag,Synonym
a2e3a5f1-bb7e-4c75-9419-44374d8c195c,4554729a-0e68-4f8f-86ff-c70f716a1970,ttäpen,Synonym
a2e3a5f1-bb7e-4c75-9419-44374d8c195c,7328ea75-c3a2-4bed-8f9d-d522b8e547de,llollom,Synonym
a2e3a5f1-bb7e-4c75-9419-44374d8c195c,5dee18c6-c9be-4e01-9b01-9808dd4b1251,kalläntäg,Synonym
a2e3a5f1-bb7e-4c75-9419-44374d8c195c,51258f7f-0818-4c07-897d-3ceb3e045261,po,Synonym
a2e3a5f1-bb7e-4c75-9419-44374d8c195c,e986c71b-40c3-4bef-ac34-753b8dac1602,ttäkam,Synonym
ac12f4fd-9173-463e-aa55-c2d8c26ac5d4,d00a9bb7-62d9-496d-bdc3-3fa84a1cc8ef,kädakäde,Synonym
ac12f4fd-9173-463e-aa55-c2d8c26ac5d4,b884ae26-e6d8-4020-910e-38d24c714c1c,pisepise,Synonym
4131c0ba-30a3-4c83-a1c8-ba6dfad72e8a,d96d6881-7444-451d-b266-91066b04a1a8,koen,Synonym
1c3410ba-84a4-41d3-be9b-3806bed75acc,8e4b822b-246e-4abc-ae07-e066ecd2015c,yäbäd tuktuk,Coordinate term
db933bbc-f323-4016-8e2e-e7511b1a758a,fbcbb86a-ff4d-4017-a5e3-79fa80b5ebed,ngätae,Synonym
62c4aea5-2788-4d25-8668-89f75526e331,2e54db5a-3e5d-4b0b-88a8-559aee5cae42,biye,Generic
0ff946f6-283e-42c5-86a7-653f117026b0,f843b600-fd38-44cc-aa1a-f5df363da204,ngällbän,Synonym
563fccf5-4699-442c-9318-e8fe94d25e2c,c827f58c-efdc-437c-9418-994b4dc4b1d3,ngällbän,Synonym
8f02e234-e4bd-476c-9ae4-0bd29550d233,a232ced2-ef8f-490b-a651-2e987bff4722,daga,Coordinate term
8f02e234-e4bd-476c-9ae4-0bd29550d233,abb61a81-1cd9-41ce-a8a3-b8055f337350,buata,Coordinate term
943e52fc-89bf-49c8-a803-f9aecb6afc23,28f56863-a968-45dc-a816-afcfb5bb29c6,udab,Synonym
f9cc457d-6bf9-4983-9926-19620aa767e0,0926b670-ba06-41a8-bf65-c694cc1c7b48,gäbaeb,Synonym
f9cc457d-6bf9-4983-9926-19620aa767e0,10fdc32e-7c7f-4aa0-91b6-5261103d2274,gäbän,Synonym
58576591-838e-4c86-a992-bc52fe1d87f3,c62cf406-0f12-443e-a45d-beddda8ce74b,päddpädd,Synonym
58576591-838e-4c86-a992-bc52fe1d87f3,f3faac91-8e83-4d57-8615-c415a4da6a34,päddab,Synonym
c85491ec-ccca-4546-aa5e-0c1a7a81501a,06f8d652-4452-42eb-a9e7-52a2b109d64d,laen,Synonym
535440e8-d2f5-402c-890f-66332fe0689b,5ef6bdf2-3064-44b5-a73b-4791f7013f1e,säre,Singular
87f4d837-57ca-4d17-812a-808c84f5ff14,37164b87-d93a-47b3-af8b-6aa8c042f4e3,damona,Coordinate term
87f4d837-57ca-4d17-812a-808c84f5ff14,7c330ca5-f0b5-4040-aca3-77fca7039d74,taromba,Coordinate term
87f4d837-57ca-4d17-812a-808c84f5ff14,164a319b-757e-4502-a6f1-b4ef9428083f,putt,Coordinate term
87f4d837-57ca-4d17-812a-808c84f5ff14,4335542b-139a-4e16-9e3a-efcea8eb443e,waramakae,Coordinate term
46ef342e-9091-4cea-bb82-1dd92b05768f,e7c14e6d-945c-4cee-a7ba-c3a65da15d16,däm,Synonym
46ef342e-9091-4cea-bb82-1dd92b05768f,4a390a85-55b9-4c23-9678-62c5094b824f,patt,Not to be confused
caa45967-e10c-42ad-801a-0f88bf9c4e67,9f1fd842-b40b-4788-85bf-12600fd6ad00,puyem,Coordinate term
e14e7a7b-8302-4015-a37c-7ce61b8947f4,2b105dae-200a-4d5d-a770-cd0a75cbea7e,tubu,Synonym
e14e7a7b-8302-4015-a37c-7ce61b8947f4,19e414a0-4aec-4f69-afae-78e897677f32,tupi,Antonym
b1257e02-ba83-4db6-a346-ddd701f27d57,5a16def7-1b8d-488e-b9a0-c6221eaed747,am,Coordinate term
033bdb9f-868b-477b-a473-c584ff68efaa,ad182760-0f38-4d7c-97ea-034defc653f4,bägäl,Whole
f82afc96-368c-4407-b5fe-a4bcaaed1cc0,d49fccc7-7c59-4091-bdfa-529a79619e67,inbo,Near synonym
f82afc96-368c-4407-b5fe-a4bcaaed1cc0,47888587-ab80-419b-a19a-adef623a3fd8,mädaulle,Near synonym
f82afc96-368c-4407-b5fe-a4bcaaed1cc0,3c4449ff-ff9e-48f1-8e7e-d60222988ebb,meyang,Near synonym
f82afc96-368c-4407-b5fe-a4bcaaed1cc0,a29a13f4-d4da-40d6-b016-966c9bdc57eb,mänang,Near synonym
727eae9d-372b-408f-87be-3eeb18defaf8,175a6ce5-75ee-48e5-8885-9ac3c05fc10e,inbo,Near synonym
727eae9d-372b-408f-87be-3eeb18defaf8,5f9d48d3-7971-4951-9ec5-37cd79345f71,mädaulle,Near synonym
68fdf256-572d-4bad-8862-3755b022c3ea,49910924-4848-4135-8f0d-c175d28442be,omom,Synonym
b82280b3-82b5-41bf-a1ba-8c626024003b,ca2abfca-2d14-4b91-8f24-0fbc87489924,pentngeny,Synonym
f2331dbb-2594-4864-8873-615b12910945,d1ef1d91-d513-41a7-b07f-8ca452252da2,ttänttäm,Synonym
f2331dbb-2594-4864-8873-615b12910945,e040403d-6c3b-472e-a47d-e5bda3bb591a,wanyweny,Synonym
f2331dbb-2594-4864-8873-615b12910945,fe5acded-00cc-4335-907a-663cf85ce994,dangg,Synonym
6ec54f42-2d2e-4c08-b42c-867ae941fdda,a0ee16d8-aea1-4b4f-bdb6-efb3307e7c3c,gonagone,Synonym
6ec54f42-2d2e-4c08-b42c-867ae941fdda,949d857b-df34-4450-862c-f9f37b0d08a2,ttäm,Synonym
6ec54f42-2d2e-4c08-b42c-867ae941fdda,80fb942b-df2f-4ca4-9a9c-6678272b614a,udaude,Synonym
40d6ae15-adb8-47e5-9733-e39bdbd7db48,c02f76d1-f9d9-4225-aa8a-4bb00bb6458f,tonton,Synonym
ca2abfca-2d14-4b91-8f24-0fbc87489924,b82280b3-82b5-41bf-a1ba-8c626024003b,pendäg,Synonym
32d54ec7-8d6c-46cf-8902-5215b7cfcbf9,44bb3616-9aa2-4347-8e23-910a5bff8471,mätta,Generic
32d54ec7-8d6c-46cf-8902-5215b7cfcbf9,da3510a5-0bc6-431f-b366-589a4bf79b49,bärät,Generic
853cf50b-6745-4a84-8e68-db017dd04a7f,32285bea-fcca-4f9d-aefb-acd5674f6172,ttoen,Generic
853cf50b-6745-4a84-8e68-db017dd04a7f,4d6a434f-fd1b-4adb-9fd9-093e7bea1382,eka,Generic
2ab3c478-dae6-4120-b951-a16fec18d71c,3dcdb851-10c1-413a-86a5-26cf67418633,up,Generic
380f73fa-5f98-4a71-a1b1-546a80604cee,58009034-19f2-4b00-bdb7-c25a6adc86d6,ngattong,Synonym
3c3fd1fc-064f-4e96-b950-7bb77509cec1,d15957da-e06d-4bca-ae87-a7310bd8a177,pukong,Antonym
3c3fd1fc-064f-4e96-b950-7bb77509cec1,62ea8720-dcbc-4859-9f27-e10bed2eab02,kwaratang,Near synonym
0a8e63c0-ef6d-4ba8-acc0-3ef0de9fc012,6743d1d2-7dd0-4815-af2e-34979f47729d,teyateyar,Synonym
644d048f-124a-4e86-a7c6-cccb71d2e381,1f176407-bbf0-4c74-aef9-a21b9cdb24c2,kämbäg,Antonym
a55e61f1-14ae-4c36-ac67-cd045c1c0a40,157145c5-5dea-4495-ab82-81b04af7a56a,sana marmar,Coordinate term
a55e61f1-14ae-4c36-ac67-cd045c1c0a40,114dd5a4-622b-4a0d-bc77-dfb06fa156d6,sana budar,Coordinate term
b3556660-f791-4206-af25-c80ba619b678,708f50b8-c371-4122-97f5-8554c7a9a7be,kakoll,Synonym
d2db4ec9-f3c7-4f0c-9b04-4a847b84ab26,b8351572-5e41-4038-b7e9-b60752d8adc5,llo ttoe,Generic
7693c159-fdc2-4429-9abd-0fb1556a0fc8,95394eb8-8cea-4a52-a75c-095aa4483c02,pisam,Synonym
391c65bd-30db-4071-bb76-3735a513facb,dd98db3c-dc87-4ad9-8794-6c578eb54099,zuwoe,Synonym
391c65bd-30db-4071-bb76-3735a513facb,9cd5798c-febe-4d63-a236-8e58a4217fda,kolldän,Synonym
391c65bd-30db-4071-bb76-3735a513facb,ed4ca210-1e37-4fc6-be95-25236a51b998,spun,Synonym
391c65bd-30db-4071-bb76-3735a513facb,6b5ebc55-a935-4631-bdf6-746c72390561,timän,Synonym
923dab66-7e95-415f-b2a6-1f5838adecc8,5df9592f-4aae-40fb-8669-3c13bb9369bd,nongg,Specific
923dab66-7e95-415f-b2a6-1f5838adecc8,eeaa6827-68e1-4a5e-8939-a0902867013a,dongkäral,Specific
923dab66-7e95-415f-b2a6-1f5838adecc8,c0957f74-6a11-4f4f-b7f7-afcf05c3b01b,puikmetutu,Specific
923dab66-7e95-415f-b2a6-1f5838adecc8,43c191ca-93c1-4c86-aabd-72d082c3257c,boko,Specific
923dab66-7e95-415f-b2a6-1f5838adecc8,dc0b2a0d-dc15-4fa9-ba9e-87e034b674d0,kämgag,Specific
923dab66-7e95-415f-b2a6-1f5838adecc8,3492893f-4ab4-4850-ba08-f475a1fc8a70,turllo,Specific
923dab66-7e95-415f-b2a6-1f5838adecc8,285c677b-8d03-4231-90c6-718130586f91,onggall,Specific
923dab66-7e95-415f-b2a6-1f5838adecc8,599b101e-d6e5-405c-af4f-398cae1dcddf,täme,Specific
923dab66-7e95-415f-b2a6-1f5838adecc8,01ad45f1-2d63-4bba-bb35-261265d903ef,mambag,Specific
923dab66-7e95-415f-b2a6-1f5838adecc8,1faf2b05-2e0d-466d-bb9e-4b5c5659f7dc,llo patipati,Specific
923dab66-7e95-415f-b2a6-1f5838adecc8,5e3c6cf9-a92f-4819-9cbc-73464666e51d,mos,Specific
a54e44e6-2a55-4b0e-9881-aa2db572d07b,368b18f9-c3f3-47f4-aed8-2cb9c343b8b2,paplläg,Doublet
04adb11e-571e-4dc5-9821-a1482441f292,774e8a80-fb93-4425-8ba5-10ea6701695a,apte mända,Synonym
95394eb8-8cea-4a52-a75c-095aa4483c02,7693c159-fdc2-4429-9abd-0fb1556a0fc8,pinsäg,Synonym
6aadb98e-5aef-44a3-a9bd-5daf00dd87d8,3ec3648d-57c8-4d86-84f3-109391627193,ttättälläg,Near synonym
b884ae26-e6d8-4020-910e-38d24c714c1c,d00a9bb7-62d9-496d-bdc3-3fa84a1cc8ef,kädakäde,Synonym
b884ae26-e6d8-4020-910e-38d24c714c1c,ac12f4fd-9173-463e-aa55-c2d8c26ac5d4,pällkapällkae,Synonym
bb799f27-3edc-4693-906b-999dd91dd29c,c04c3806-2bee-4cc1-b305-941072b1ee75,sära,Specific
648e8ef1-208f-4229-bb76-da1bbdb675ff,cc45659a-e95e-484f-859a-bf4fb94189e3,pullkom,Synonym
c95d0608-674d-4ecc-9ab6-d1367871588e,fe9153b0-7659-4998-8b0b-a4f36aa905d6,tɨtɨrɨk,Synonym
24e2e182-3641-4c6d-b6bf-7b81a6129d9e,2f3a511e-0c23-4c5b-9d0f-ffbc1fe80cc2,oll,Generic
24e2e182-3641-4c6d-b6bf-7b81a6129d9e,6b5b4a47-4109-4391-9454-3a236aedbf92,bolod,Synonym
f0762aec-b6ae-497e-8b7b-7c9ceb354279,e71dc5dd-e81a-492a-adb2-aac3dc7696ba,tobäll,Whole
93fa30bd-df8d-429b-a34e-270d67aca604,7e5b7249-0855-42a1-87b4-756554276877,saomasaoma,Specific
06b047a3-444c-4466-b347-7d238e2e3de6,986d5c34-8959-43bc-97de-a1e57ff14e15,budar,Generic
c4597a75-c328-453d-aa7d-acdbeb3e4e0d,eb7b05bd-5ec8-40ba-9a13-643437aeca74,i,Synonym
115d2a65-863f-4a3f-a38f-81f471f3c6ad,fe5a6c9b-c6fd-4e0b-ba88-ce2b657b5956,piya ibeny,Synonym
fe5a6c9b-c6fd-4e0b-ba88-ce2b657b5956,115d2a65-863f-4a3f-a38f-81f471f3c6ad,piya gany,Synonym
fc456155-1d10-4993-8f8c-7705edeb523e,b22d33ca-807c-404e-9064-598baf4a1872,wa piye,Full phrase
c60fc2fc-a541-42ac-ad65-d736e966f582,986d5c34-8959-43bc-97de-a1e57ff14e15,budar,Generic
32b62243-936a-4737-adcb-5a710f974d80,2fef91fb-3bc2-4bba-bdd4-2a09beaab387,Tok pisin,Synonym
49506762-3b30-4649-8027-08b22017c2cc,f0bd084f-bcee-4bf5-93de-311cedd812f0,kullkull,Synonym
93dd0786-7d70-4526-be1f-57d870523de3,e5c483af-77e9-4bb2-b81e-44377f1f5b34,läpon,Synonym
52c9140b-6bd5-4641-8fdc-77d208f96fdc,dbf2ea33-d845-4a95-a221-c847f001fb08,kuddäll,Synonym
05c18e33-5790-4c53-a1b1-4cd6ea3ad602,496acffb-a350-45f7-b024-b44c5539b779,ttatta,Synonym
9c21edfd-59be-40eb-a486-bceff356bcfe,ccb2dc57-6e1d-4f0b-9a2f-9ce9c8034a45,duwel sära,Coordinate term
9c21edfd-59be-40eb-a486-bceff356bcfe,408c0a7c-7e5b-48de-ab7c-f9dca5739518,sana wuttang,Coordinate term
9c21edfd-59be-40eb-a486-bceff356bcfe,fac130ac-2733-4def-a182-a5a7d047e846,täp gazenatt,Coordinate term
9c21edfd-59be-40eb-a486-bceff356bcfe,bca070ec-562b-4daa-b00a-d36f7adb60d2,källamitang,Coordinate term
9c21edfd-59be-40eb-a486-bceff356bcfe,065d0702-7875-45ce-afde-26f9546ee749,ddageddage,Coordinate term
9c21edfd-59be-40eb-a486-bceff356bcfe,9353d19e-be61-43f3-833e-5e89d01e69c1,gwaga,Coordinate term
9c21edfd-59be-40eb-a486-bceff356bcfe,c889211d-3e1c-4cf5-be85-fd128e6db686,yɨdmeny,Synonym
51258f7f-0818-4c07-897d-3ceb3e045261,6a6ad3e4-5710-4daf-b635-0757068d42e5,ttalam,Synonym
51258f7f-0818-4c07-897d-3ceb3e045261,d853a68b-e079-4d92-b3f2-d69ef569099e,kädab,Synonym
51258f7f-0818-4c07-897d-3ceb3e045261,eea1f77e-65ca-4d66-9ac7-93bdb2e00b23,kakällät,Synonym
51258f7f-0818-4c07-897d-3ceb3e045261,a2e3a5f1-bb7e-4c75-9419-44374d8c195c,pällkam,Synonym
51258f7f-0818-4c07-897d-3ceb3e045261,6bf08043-22a2-43c2-bf07-273568a3214f,bällängg,Synonym
51258f7f-0818-4c07-897d-3ceb3e045261,3dfe535a-188b-428b-911f-a01e40e7a306,papälläk,Synonym
51258f7f-0818-4c07-897d-3ceb3e045261,5dee18c6-c9be-4e01-9b01-9808dd4b1251,kalläntäg,Synonym
4626d77e-d159-4ac9-9ed8-8f7eda92e8fb,717d360e-965d-4c66-aa6b-1fd89197e5ef,tupi,Synonym
4626d77e-d159-4ac9-9ed8-8f7eda92e8fb,fa54f9e6-a903-4fdd-8f87-f115772352d9,komlla komlla,Synonym
4626d77e-d159-4ac9-9ed8-8f7eda92e8fb,42b1d019-1724-42b3-bd1d-b164681b1181,komllaebekomllaebe,Synonym
93a45fac-c74c-45af-a10d-a8762ed4788b,dfc8285c-6702-4153-8f8d-9db174b713af,buddog,Antonym
a4af32a0-210d-4694-badc-4ac0ff4ec051,439284ea-6021-4cfd-99e2-341c046d3b41,indrang,Synonym
a4af32a0-210d-4694-badc-4ac0ff4ec051,b41530c4-aeb3-4794-bb5b-b8d70483418a,säremang,Antonym
90f2d8eb-7a92-43db-8fa1-77a3e851bec0,97a24cf8-1d20-417f-ba25-c65ad32f908b,llokollokott,Antonym
90f2d8eb-7a92-43db-8fa1-77a3e851bec0,d69ecb20-d68e-4737-88a9-95acc2eb8e6c,llokott,Antonym
90f2d8eb-7a92-43db-8fa1-77a3e851bec0,037518a9-b012-4754-bfe5-7453a53f73c9,kuddäkuddäll,Synonym
5ad22b66-5b81-4732-8c79-e49699b09eb9,5100c684-ade4-427a-9399-5587a7cd944f,ap,Synonym
5ad22b66-5b81-4732-8c79-e49699b09eb9,0538273d-bb07-4bb6-8443-88dc2a640b7c,awe,Synonym
305c7a01-acdd-4904-ac89-30293e247b95,7bf6ae24-3ce4-4ca5-b3bb-24a270a8d65f,tärpi,Synonym
305c7a01-acdd-4904-ac89-30293e247b95,9e334005-9014-4b44-ae7d-2ca963c78259,palltapallta,Synonym
f58f41aa-0f9d-4dbf-8c31-5fb6ec1ed44a,d4355d2e-142e-4b45-86ff-f86448d43654,enddäna,Synonym
f58f41aa-0f9d-4dbf-8c31-5fb6ec1ed44a,a75e1e54-c6de-4ca0-90f3-4a5aaab99bed,mattmett,Synonym
0cdf4166-a179-4ce5-84ae-41ddd96b6961,48754b8f-3888-464a-a1ce-cd7d0214401e,källa mit,Part
0cdf4166-a179-4ce5-84ae-41ddd96b6961,be1772d0-2e44-4eec-a0a9-59a5e937f5b3,kip papa,Part
0cdf4166-a179-4ce5-84ae-41ddd96b6961,10f95a76-a55f-41c5-9dc2-5ebb387d7780,polle bo,Part
0cdf4166-a179-4ce5-84ae-41ddd96b6961,708801b6-eb7d-4f4e-971d-03800230d191,nyingnying,Part
10f95a76-a55f-41c5-9dc2-5ebb387d7780,0cdf4166-a179-4ce5-84ae-41ddd96b6961,polle,Whole
74fcd792-2ab8-4885-8759-b55b9005fe50,ad9cf762-fe81-4ed2-bbdd-f889f59e12d3,sisor,Synonym
74fcd792-2ab8-4885-8759-b55b9005fe50,e6af3530-6ee5-4cec-9cd4-999947a064b3,gudne,Antonym
126068b6-6cd2-4054-a037-b65f55281011,2e54db5a-3e5d-4b0b-88a8-559aee5cae42,biye,Generic
9448cbae-cdfd-4c2f-ab1d-6083d64b7183,44bb3616-9aa2-4347-8e23-910a5bff8471,mätta,Generic
9b53c453-eee1-4e0f-9b70-055bb12a9c23,26c75228-8e21-409b-942a-ceb6a9ffdeab,mab,Generic
98a69094-8539-4453-91bc-629d1c006879,3287e17f-7d9f-4b3e-a69f-cf223be46939,tudi,Generic
fd453df7-1052-4fcb-963a-c9afdbecf49c,023d9350-5958-4f0e-bd7f-b8656b27db08,galbe,Generic
2094935d-3ecc-4b20-b162-f9fd5843e307,44bb3616-9aa2-4347-8e23-910a5bff8471,mätta,Coordinate term
2094935d-3ecc-4b20-b162-f9fd5843e307,023d9350-5958-4f0e-bd7f-b8656b27db08,galbe,Coordinate term
2094935d-3ecc-4b20-b162-f9fd5843e307,20d732a2-8861-43c7-bbb2-2c7f20cc62c7,bogobogo,Coordinate term
2094935d-3ecc-4b20-b162-f9fd5843e307,7f186e8e-555d-4804-8fbf-b10415899059,mutae,Coordinate term
a18389b2-0ccc-414d-b220-fe5fab64b5ca,592a8e5a-8c9a-4695-ba87-765204df706d,kup,Synonym
a18389b2-0ccc-414d-b220-fe5fab64b5ca,28acdbdc-2d0d-40a6-9864-658cf0f2e3f8,kopek,Synonym
94af73e9-19e2-4c87-a4a6-832b93ca1be3,1ee9c605-e9ef-4e43-817d-413b6a0b1285,meyang,Near synonym
94af73e9-19e2-4c87-a4a6-832b93ca1be3,6e507aa2-faf5-44c7-85ff-f5c3456d2605,mädaulle,Near synonym
25665779-c1b4-4fe5-bb5a-99149ce5df28,3dcdb851-10c1-413a-86a5-26cf67418633,up,Generic
ff9836ac-e968-488e-8ef8-55086ddf2577,f5baafcf-8a4d-4979-b776-f19edec335c8,lelang,Synonym
c9fca16b-34cd-4c32-b99b-f34380d72cdf,2c782bd9-21e1-4ce2-8491-4d5db781e2ab,bobllem,Ideophonic pair (voiced)
08c764ad-a1ce-41df-93ea-707693bdcdf1,0b9bb7ce-f69a-42f8-8cd1-f9130ea06e56,gädagäde,Synonym
e45a0856-6dd5-48de-823d-10aba5e7b66e,e71dc5dd-e81a-492a-adb2-aac3dc7696ba,tobäll,Generic
e1116f06-83ac-4198-b774-d9d3f07b7308,448c08f5-c13e-4723-a60b-779387b2995f,keta,Specific
e1116f06-83ac-4198-b774-d9d3f07b7308,4981cfe9-1e80-464c-97d7-22907afd05df,toto botta,Specific
e1116f06-83ac-4198-b774-d9d3f07b7308,cf1331d1-ba2e-48d5-bd63-fa9a00efa73f,ngoeang,Specific
e1116f06-83ac-4198-b774-d9d3f07b7308,8e2ac1d9-0f8e-450a-a8ad-d6ef00c23d96,dang toto,Specific
e1116f06-83ac-4198-b774-d9d3f07b7308,0bc7c914-7d82-4bcd-9431-56b24bae1973,toto,Specific
bb6fc557-59c3-4a7c-afc8-43aa74f2520b,46cedf9d-dcf4-4986-88b1-6ac07fba1984,pud,Synonym
bb6fc557-59c3-4a7c-afc8-43aa74f2520b,fd45de6e-1c94-4e08-b2df-b9c671f4501c,kum,Synonym
f8b862ed-263f-4061-8354-d67efea7de3b,83916751-e8db-429c-aa13-60a8fda34e4a,yowa,Generic
bea1f72a-5617-4eac-823d-e2d436a593ba,5173e2d5-cb86-4965-a0d3-578ff1e4e294,apte gabän,Synonym
85c27a09-5b66-4a05-a2e5-44c5cb93a80c,7bcdc739-4689-4e3f-8c01-88cb42c111a4,llɨtɨt,Synonym
85c27a09-5b66-4a05-a2e5-44c5cb93a80c,65b67d07-cc04-44e7-b286-c5863257d794,bänybäny,Synonym
85c27a09-5b66-4a05-a2e5-44c5cb93a80c,a2aea3df-2146-4493-8d87-055a77985ce0,koko,Synonym
85c27a09-5b66-4a05-a2e5-44c5cb93a80c,8c574b32-4dee-4ebd-9fa1-3f0e1b40992d,kam,Synonym
961d29d4-ad4f-47b0-b252-f37d5d69b896,8a4f96bd-1d5a-4f5f-bfd1-237941814888,satade,Coordinate term
961d29d4-ad4f-47b0-b252-f37d5d69b896,98cd325c-7f85-493b-937f-d9b47fb13b8a,mandde,Coordinate term
961d29d4-ad4f-47b0-b252-f37d5d69b896,2bcdf231-6162-4de4-86b8-83a9537f4570,tesde,Coordinate term
961d29d4-ad4f-47b0-b252-f37d5d69b896,b0ebbd3a-618a-4b4e-8a0a-502de5ccfed2,winisde,Coordinate term
961d29d4-ad4f-47b0-b252-f37d5d69b896,a1b6e748-05a3-4933-9e51-87c2ffe65b34,tusde,Coordinate term
961d29d4-ad4f-47b0-b252-f37d5d69b896,a9f4644a-fb0f-4336-b995-64a9048c8d53,sande,Coordinate term
72b36193-458a-49db-9d0b-3189e0456063,c58d6dea-f6fa-4a84-bd6c-7cc842b82d45,elementri skul,Synonym
72b36193-458a-49db-9d0b-3189e0456063,9518174c-42a9-4e4b-b1d9-51fe95677fc4,skul,Generic
f3f57e25-4f77-4e33-823b-866df3ac6c59,9518174c-42a9-4e4b-b1d9-51fe95677fc4,skul,Generic
e94c0ea4-2fc1-4836-88e8-5122ab8f3f79,a539e401-595a-4057-95cf-b177025f7e67,ttängäm,Generic
46cedf9d-dcf4-4986-88b1-6ac07fba1984,0f02a443-556f-46fb-87bc-c836af57f107,tubu,Synonym
46cedf9d-dcf4-4986-88b1-6ac07fba1984,bb6fc557-59c3-4a7c-afc8-43aa74f2520b,pot,Synonym
d049c554-024a-42ac-bfbc-59aff7ff73b9,1a476158-e3ea-401a-bb4e-589338b37d83,utt,Generic
d049c554-024a-42ac-bfbc-59aff7ff73b9,77edd0b1-5c02-4a24-a03b-edde7927de2c,koko,Generic
c0957f74-6a11-4f4f-b7f7-afcf05c3b01b,923dab66-7e95-415f-b2a6-1f5838adecc8,pipllo,Generic
d15957da-e06d-4bca-ae87-a7310bd8a177,3c3fd1fc-064f-4e96-b950-7bb77509cec1,petapeta,Antonym
e2f2e623-fd68-4631-963f-000e615f2f9a,e71dc5dd-e81a-492a-adb2-aac3dc7696ba,tobäll,Generic
cc45659a-e95e-484f-859a-bf4fb94189e3,648e8ef1-208f-4229-bb76-da1bbdb675ff,pite,Synonym
fb2b8fe4-cc83-450f-bdb0-648f8a2d59b6,f83f0cf4-dd91-4dbc-9f1c-7f19fc59502d,sana,Generic
6427e6ef-1888-49d3-8b80-e1adfe0b0068,8a020708-16b9-4abe-b349-51c666c2d939,lläkäm,Generic
164a319b-757e-4502-a6f1-b4ef9428083f,43bfdb6a-e9ad-46cd-a73e-c27af93dcb9e,siks,Synonym
164a319b-757e-4502-a6f1-b4ef9428083f,14d1f498-91e3-42cb-830b-9c87daddeab8,gabän,Synonym
164a319b-757e-4502-a6f1-b4ef9428083f,1cd3d773-613f-45b3-af41-8c71d12f7295,kumuddägakumuddäga,Synonym
164a319b-757e-4502-a6f1-b4ef9428083f,87f4d837-57ca-4d17-812a-808c84f5ff14,pärta,Coordinate term
164a319b-757e-4502-a6f1-b4ef9428083f,4335542b-139a-4e16-9e3a-efcea8eb443e,waramakae,Coordinate term
164a319b-757e-4502-a6f1-b4ef9428083f,37164b87-d93a-47b3-af8b-6aa8c042f4e3,damona,Coordinate term
164a319b-757e-4502-a6f1-b4ef9428083f,7c330ca5-f0b5-4040-aca3-77fca7039d74,taromba,Coordinate term
655eaca9-2768-4edb-a228-4d5492cbe67a,126aa959-1f83-4ede-bbc0-3c76a88d72fe,gullba,Generic
9f1fd842-b40b-4788-85bf-12600fd6ad00,caa45967-e10c-42ad-801a-0f88bf9c4e67,pättapätte,Coordinate term
94ebffd2-a666-476c-b180-d7e37d705e81,2831b119-8cfe-4b79-995c-2644e519b796,tot,Synonym
3d1af04e-6b46-4279-9201-a95e354f2945,7fafdcbe-a10e-4a67-ba18-2136b169fc67,kollba,Generic
df075a71-022d-4bfd-8ae4-698dd1eeaee3,44bb3616-9aa2-4347-8e23-910a5bff8471,mätta,Generic
6309c99a-770a-4367-8ba2-69f1f65a1ebe,2c3d25ce-4cc1-43c0-9cae-896a6be6b924,mamlla,Synonym
6309c99a-770a-4367-8ba2-69f1f65a1ebe,ad3c0ac7-55c8-4574-8b60-5c629d9c4afe,kab,Synonym
affe604b-1417-46b2-bb4e-948448a2d2be,023d9350-5958-4f0e-bd7f-b8656b27db08,galbe,Generic
b33f27fa-4163-49a8-ab09-f25857c8f9a6,e71dc5dd-e81a-492a-adb2-aac3dc7696ba,tobäll,Synonym
b99cbd16-824e-4000-baf6-15f5ac6ae6d8,bda672c5-fd78-46ca-8a7c-c2334231e876,ngämar,Synonym
2e1d1a41-ec59-4588-9cf5-5ebbb9af077b,d09087a2-0c66-4144-9311-c895e3c53d59,ttam,Generic
2d8af4e9-bc64-4113-a80d-ec5533d5e68f,0b4fc24f-f743-4436-bc58-10d6c1845d38,gwell,Synonym
60df0615-30ba-4935-96fe-e2241fbdbc81,3f4048bb-9c1e-43e8-9d4f-11100b4121d3,ttapeyam,Antonym
60df0615-30ba-4935-96fe-e2241fbdbc81,c4fceb2c-b6e0-41ea-9cd5-91c1f64c57f2,bänamb,Antonym
60df0615-30ba-4935-96fe-e2241fbdbc81,e8f90320-5f1f-4867-ad29-e9dd85e6c19d,tɨram,Antonym
60df0615-30ba-4935-96fe-e2241fbdbc81,a27fb798-7706-434a-ae3c-e37eac10e236,papek,Synonym
ceba885d-68b2-463a-bfd6-aba982526120,d9232dc2-d497-4c22-8161-665bca6cc07c,sɨs,Synonym
c7b2d029-542c-4a86-819c-d8138d908a23,26c75228-8e21-409b-942a-ceb6a9ffdeab,mab,Generic
8d8fc1fd-aee4-4db4-bfbe-0da3efd58ab4,3dcdb851-10c1-413a-86a5-26cf67418633,up,Generic
f83f0cf4-dd91-4dbc-9f1c-7f19fc59502d,84708902-1ff2-4a44-9a04-ec7a4a189c57,wɨtwɨt,Specific
f83f0cf4-dd91-4dbc-9f1c-7f19fc59502d,5fc3496f-5aa8-4879-9421-b543d17ee1d0,mai,Specific
f83f0cf4-dd91-4dbc-9f1c-7f19fc59502d,9dca7af6-f29e-4a47-af74-f1748fe7698e,bänzibänzi,Specific
f83f0cf4-dd91-4dbc-9f1c-7f19fc59502d,138ac4c4-bf86-42a7-9690-c0a75cd0fbcc,gaora,Specific
f83f0cf4-dd91-4dbc-9f1c-7f19fc59502d,b5208af9-1a36-455b-99ca-6d9f7096f7ac,mäga,Specific
f83f0cf4-dd91-4dbc-9f1c-7f19fc59502d,75aaf7f5-86da-4aea-9d7d-b5ad967cfa2d,bollga,Specific
f83f0cf4-dd91-4dbc-9f1c-7f19fc59502d,f0882f51-9c4c-4700-bd65-01404e4486ab,bisel,Specific
f83f0cf4-dd91-4dbc-9f1c-7f19fc59502d,022cb6c6-61a9-4960-96c0-ac0273ff1d43,allko wallägnewallägnen,Specific
f83f0cf4-dd91-4dbc-9f1c-7f19fc59502d,c03ef9e8-3b5c-43fc-8193-0200593e9f88,dem,Specific
f83f0cf4-dd91-4dbc-9f1c-7f19fc59502d,642012b8-6520-467f-adad-32e26c5db654,sɨmellkom,Specific
f83f0cf4-dd91-4dbc-9f1c-7f19fc59502d,003c27f3-7176-4650-8113-4a8fc0bb200e,sanasana,Specific
f83f0cf4-dd91-4dbc-9f1c-7f19fc59502d,e67bb1f4-38fb-449c-ba0c-eec0fb3ece43,sosoga,Specific
f83f0cf4-dd91-4dbc-9f1c-7f19fc59502d,ba0ad4a2-6c76-4a7b-bf0f-5f063b175835,tätkea,Specific
f83f0cf4-dd91-4dbc-9f1c-7f19fc59502d,6b4975a1-0e66-479b-a54c-fb9051465f68,ttɨp,Specific
f83f0cf4-dd91-4dbc-9f1c-7f19fc59502d,84327f1f-c4a0-4745-99ca-2ce03f0de43b,yure,Specific
f83f0cf4-dd91-4dbc-9f1c-7f19fc59502d,da58167f-c57b-4606-9a06-b7c812594c73,olmopäga,Specific
f83f0cf4-dd91-4dbc-9f1c-7f19fc59502d,fb2b8fe4-cc83-450f-bdb0-648f8a2d59b6,pumkak,Specific
f83f0cf4-dd91-4dbc-9f1c-7f19fc59502d,35c67c76-cd24-4b47-8ce4-fa785f7795c5,säs,Specific
f83f0cf4-dd91-4dbc-9f1c-7f19fc59502d,f9d3ad31-d4a2-45c7-9881-d7ccdb92d61f,uttang ttatta,Specific
f83f0cf4-dd91-4dbc-9f1c-7f19fc59502d,032f1c9d-b074-4e85-b039-93865061f4a8,käkpäl,Specific
f83f0cf4-dd91-4dbc-9f1c-7f19fc59502d,c2d73344-d187-4b01-8232-f7fa00f675d9,gwaga käp,Part
f83f0cf4-dd91-4dbc-9f1c-7f19fc59502d,a16794a8-618e-4c39-b311-bbdef7a945fe,bädmaol,Part
f83f0cf4-dd91-4dbc-9f1c-7f19fc59502d,714ef98b-6585-4685-899f-069e0e333624,täp,Part
f83f0cf4-dd91-4dbc-9f1c-7f19fc59502d,5db8893e-b696-4f6d-9f64-f99c1b25e3f9,kol,Part
f83f0cf4-dd91-4dbc-9f1c-7f19fc59502d,ebfded93-c302-461f-a31d-1b9ea400969f,sanateya,Part
f83f0cf4-dd91-4dbc-9f1c-7f19fc59502d,6e8376e2-2d85-4b03-8e9d-3c013876d5b2,käzabun,Part
114dd5a4-622b-4a0d-bc77-dfb06fa156d6,986d5c34-8959-43bc-97de-a1e57ff14e15,budar,Generic
114dd5a4-622b-4a0d-bc77-dfb06fa156d6,157145c5-5dea-4495-ab82-81b04af7a56a,sana marmar,Synonym
114dd5a4-622b-4a0d-bc77-dfb06fa156d6,a55e61f1-14ae-4c36-ac67-cd045c1c0a40,pidroll,Coordinate term
f0572bac-2943-4161-b36d-3afe2deafa35,8a020708-16b9-4abe-b349-51c666c2d939,lläkäm,Generic
157145c5-5dea-4495-ab82-81b04af7a56a,114dd5a4-622b-4a0d-bc77-dfb06fa156d6,sana budar,Synonym
157145c5-5dea-4495-ab82-81b04af7a56a,a55e61f1-14ae-4c36-ac67-cd045c1c0a40,pidroll,Coordinate term
157145c5-5dea-4495-ab82-81b04af7a56a,986d5c34-8959-43bc-97de-a1e57ff14e15,budar,Generic
003c27f3-7176-4650-8113-4a8fc0bb200e,f83f0cf4-dd91-4dbc-9f1c-7f19fc59502d,sana,Generic
41d1a72d-d27a-424d-a206-b95f58567c37,e71dc5dd-e81a-492a-adb2-aac3dc7696ba,tobäll,Generic
ebfded93-c302-461f-a31d-1b9ea400969f,f83f0cf4-dd91-4dbc-9f1c-7f19fc59502d,sana,Whole
ebfded93-c302-461f-a31d-1b9ea400969f,5db8893e-b696-4f6d-9f64-f99c1b25e3f9,kol,Synonym
408c0a7c-7e5b-48de-ab7c-f9dca5739518,bca070ec-562b-4daa-b00a-d36f7adb60d2,källamitang,Coordinate term
408c0a7c-7e5b-48de-ab7c-f9dca5739518,c889211d-3e1c-4cf5-be85-fd128e6db686,yɨdmeny,Coordinate term
408c0a7c-7e5b-48de-ab7c-f9dca5739518,9353d19e-be61-43f3-833e-5e89d01e69c1,gwaga,Coordinate term
408c0a7c-7e5b-48de-ab7c-f9dca5739518,fac130ac-2733-4def-a182-a5a7d047e846,täp gazenatt,Coordinate term
408c0a7c-7e5b-48de-ab7c-f9dca5739518,9c21edfd-59be-40eb-a486-bceff356bcfe,pllulleaga,Coordinate term
df9e1c6f-87f6-44ea-85c7-e42e83cd8bac,6ad9b064-8ae1-4df8-a87c-5122e564cff8,kito,Coordinate term
df9e1c6f-87f6-44ea-85c7-e42e83cd8bac,2dd06553-a4ed-42e1-850c-30fd1fd8e35b,so,Coordinate term
a9f4644a-fb0f-4336-b995-64a9048c8d53,98cd325c-7f85-493b-937f-d9b47fb13b8a,mandde,Coordinate term
a9f4644a-fb0f-4336-b995-64a9048c8d53,b0ebbd3a-618a-4b4e-8a0a-502de5ccfed2,winisde,Coordinate term
a9f4644a-fb0f-4336-b995-64a9048c8d53,a1b6e748-05a3-4933-9e51-87c2ffe65b34,tusde,Coordinate term
a9f4644a-fb0f-4336-b995-64a9048c8d53,2bcdf231-6162-4de4-86b8-83a9537f4570,tesde,Coordinate term
a9f4644a-fb0f-4336-b995-64a9048c8d53,961d29d4-ad4f-47b0-b252-f37d5d69b896,praedde,Coordinate term
a9f4644a-fb0f-4336-b995-64a9048c8d53,8a4f96bd-1d5a-4f5f-bfd1-237941814888,satade,Coordinate term
92b00087-e80b-4569-8816-1626a3b0b9a0,87e5efb4-5f12-44a6-8a76-c308676c89ed,wik,Synonym
c4630093-5c7f-4c67-8c15-bb23747acf0b,023d9350-5958-4f0e-bd7f-b8656b27db08,galbe,Generic
7e5b7249-0855-42a1-87b4-756554276877,93fa30bd-df8d-429b-a34e-270d67aca604,pitt,Generic
010c9ae2-4101-4603-b9cd-5cf0ffb21044,480a6dcd-7100-45ec-a663-9bed9b1cdde3,känyär,Synonym
aa4f493d-ac4b-42e5-a63b-d2212bb29c33,f0240feb-b495-45c8-a0f2-d22d2a9f7590,emaemae,Synonym
980771ea-f4be-4295-82aa-f55e405ee236,2e54db5a-3e5d-4b0b-88a8-559aee5cae42,biye,Generic
8207a7c5-f7da-44ba-82c6-dcb26297b2ba,2e54db5a-3e5d-4b0b-88a8-559aee5cae42,biye,Generic
08b55c7d-d72f-4d46-a9ab-8f0077ef22ad,65703c05-cdc4-4fcd-9a14-74e0791b5fb9,kandärmang,Synonym
8a4f96bd-1d5a-4f5f-bfd1-237941814888,2bcdf231-6162-4de4-86b8-83a9537f4570,tesde,Coordinate term
8a4f96bd-1d5a-4f5f-bfd1-237941814888,98cd325c-7f85-493b-937f-d9b47fb13b8a,mandde,Coordinate term
8a4f96bd-1d5a-4f5f-bfd1-237941814888,b0ebbd3a-618a-4b4e-8a0a-502de5ccfed2,winisde,Coordinate term
8a4f96bd-1d5a-4f5f-bfd1-237941814888,961d29d4-ad4f-47b0-b252-f37d5d69b896,praedde,Coordinate term
8a4f96bd-1d5a-4f5f-bfd1-237941814888,a1b6e748-05a3-4933-9e51-87c2ffe65b34,tusde,Coordinate term
8a4f96bd-1d5a-4f5f-bfd1-237941814888,a9f4644a-fb0f-4336-b995-64a9048c8d53,sande,Coordinate term
f1f06205-e2c8-41ee-9389-74a359fe663d,44bb3616-9aa2-4347-8e23-910a5bff8471,mätta,Generic
fdcb57a7-3112-43bb-a187-36d3e4c0758c,639a5585-2188-4d76-8fa1-33b188d25f96,ttätt,Antonym
0f349b0b-70ff-4e30-9160-05fc8c027d8f,44bb3616-9aa2-4347-8e23-910a5bff8471,mätta,Generic
0105b8f7-32d4-46b4-b6a4-28665e08951e,b0d132ac-c641-475a-a1fd-fbd3ce419653,sägäsägäd,Synonym
b0d132ac-c641-475a-a1fd-fbd3ce419653,0105b8f7-32d4-46b4-b6a4-28665e08951e,sägädag,Synonym
18bcefd8-3f13-4663-acf7-524c9bdba496,3e8db7d2-6b32-4cb2-80bc-171ca42c8a02,manika,Generic
32d2b1b4-347b-48cb-8ebf-086f1ff4a06a,d8af8b3c-96e6-47b1-85fd-2a98690ecb9d,gazen,Synonym
32d2b1b4-347b-48cb-8ebf-086f1ff4a06a,3a4aa9de-dffb-47cc-815b-4990000a6e9c,kän,Synonym
32d2b1b4-347b-48cb-8ebf-086f1ff4a06a,81a58799-1032-4b56-856f-04691a075449,irängän,Synonym
32d2b1b4-347b-48cb-8ebf-086f1ff4a06a,cfbaa234-e863-445e-9f2a-8ca45a2d68d9,zämae,Antonym
7c430ea7-8a00-466b-8a42-cfa45706db0d,44bb3616-9aa2-4347-8e23-910a5bff8471,mätta,Generic
04c47ae3-126a-4390-98a4-8fa33eb27e81,da3510a5-0bc6-431f-b366-589a4bf79b49,bärät,Generic
04c47ae3-126a-4390-98a4-8fa33eb27e81,44bb3616-9aa2-4347-8e23-910a5bff8471,mätta,Generic
c9f61695-c564-4e82-8f93-9071ccf592bb,9526c055-2680-40ef-b517-39a5c86d33de,nyäng,Generic
649d14a3-93da-4db0-aca8-f2c49142629e,ad182760-0f38-4d7c-97ea-034defc653f4,bägäl,Whole
c04c3806-2bee-4cc1-b305-941072b1ee75,bb799f27-3edc-4693-906b-999dd91dd29c,pite,Generic
49b77389-fbc7-4b99-86ae-a0b37216d39f,97141fc2-0f67-40c3-9063-4aaae227d7f2,mosen,Antonym
49b77389-fbc7-4b99-86ae-a0b37216d39f,d7875f78-968b-4679-a5d4-567d41895c2d,sära pot,Synonym
d7875f78-968b-4679-a5d4-567d41895c2d,97141fc2-0f67-40c3-9063-4aaae227d7f2,mosen,Antonym
d7875f78-968b-4679-a5d4-567d41895c2d,49b77389-fbc7-4b99-86ae-a0b37216d39f,särapipi,Synonym
5ef6bdf2-3064-44b5-a73b-4791f7013f1e,535440e8-d2f5-402c-890f-66332fe0689b,päre,Nonsingular
fd9d67d9-7e8f-40f0-bfd9-cb3bb031dd4c,f37d79f7-4a05-44a6-9963-63cbc7cf6f52,to,Antonym
fd9d67d9-7e8f-40f0-bfd9-cb3bb031dd4c,bd321943-a5c4-4dc8-bbd3-9b767db5ca78,indrang,Antonym
b41530c4-aeb3-4794-bb5b-b8d70483418a,790e115c-dcc3-4b1a-89e5-8f2e945f903d,pällämpälläm,Antonym
b41530c4-aeb3-4794-bb5b-b8d70483418a,a4af32a0-210d-4694-badc-4ac0ff4ec051,poapoa,Antonym
4c140f76-c232-43ac-8151-1a7d70fb876f,671ba75f-13d5-41c3-b587-3a7484b2b6f3,zel,Synonym
35c67c76-cd24-4b47-8ce4-fa785f7795c5,f83f0cf4-dd91-4dbc-9f1c-7f19fc59502d,sana,Generic
0f08f7d4-e781-4976-9397-288b3ae478d4,efa1f703-5a08-4ac0-b913-f282965651b1,ddone,Antonym
0f08f7d4-e781-4976-9397-288b3ae478d4,9faa3b56-4f29-4cc2-9108-995c94ba8b49,ka,Antonym
0f08f7d4-e781-4976-9397-288b3ae478d4,3dcd85cf-b6ec-4dec-8a12-60a11726782d,ao,Synonym
fcf10d19-809c-4d14-b811-f9d67dd7e9dd,77463906-beef-44c8-bdfb-539190d0b014,ttang kum,Synonym
60985b76-dd4c-4cc3-b727-b798ca57b6d1,18271e18-23f2-437f-accf-faa71fe082c9,apte kllatolma,Synonym
5d9f72e4-0770-47a4-bb6d-bb59b8c310f3,138a6c31-82bb-4945-a633-77166e8423f8,kilikili,Synonym
aaa385fd-fd34-4826-8791-f8d72155756a,c8bba5e7-8727-4e15-b193-954a79f31a3d,okokol,Synonym
aaa385fd-fd34-4826-8791-f8d72155756a,e124be53-27de-442c-bc61-3eac8a8fa46b,ballɨngg,Synonym
d02d108d-7364-4682-af58-e4703c97e663,e71dc5dd-e81a-492a-adb2-aac3dc7696ba,tobäll,Generic
d02d108d-7364-4682-af58-e4703c97e663,b6aec007-eaf3-4051-9c1e-d28cb538e871,dompa,Generic
d6e6937d-34ab-40c1-834f-ca9a05f98286,2e54db5a-3e5d-4b0b-88a8-559aee5cae42,biye,Generic
43bfdb6a-e9ad-46cd-a73e-c27af93dcb9e,1cd3d773-613f-45b3-af41-8c71d12f7295,kumuddägakumuddäga,Synonym
43bfdb6a-e9ad-46cd-a73e-c27af93dcb9e,164a319b-757e-4502-a6f1-b4ef9428083f,putt,Synonym
43bfdb6a-e9ad-46cd-a73e-c27af93dcb9e,14d1f498-91e3-42cb-830b-9c87daddeab8,gabän,Synonym
acfd95f9-685e-42f1-b836-8afef7eededa,86364bf2-a0f4-43cc-ac18-6ccb8fba672f,apte tupi,Synonym
53bfa038-afa7-40aa-8d33-e9e4624ef672,941dcf3c-fd90-4139-9389-97b1e9c600c0,ttonggttongg,Synonym
53bfa038-afa7-40aa-8d33-e9e4624ef672,59fcafc8-7b16-4736-bec8-e58dfc48ec80,ttonggmeny,Antonym
db8c4664-ac66-4789-b92c-c421c2c2e494,0b6af252-1d8e-4118-ad46-263eeffe45ca,ttongg,Synonym
db8c4664-ac66-4789-b92c-c421c2c2e494,83fdbb27-f23e-4f2f-8045-eb295ab4af9c,ttällam,Synonym
c673ffa9-2c53-45a7-bbad-86a157c21f9b,b2a4e72f-6bf9-4860-892a-977d110aa590,kllomokllomoll,Antonym
64e210d6-b275-43f9-bbe6-ac9726598bde,44bb3616-9aa2-4347-8e23-910a5bff8471,mätta,Generic
0c93f123-bbdb-452f-baa7-6788df398ea1,490e8b03-8762-4689-834e-b80007993325,dadel,Coordinate term
0c93f123-bbdb-452f-baa7-6788df398ea1,06159197-a77b-4905-83f2-2e03f8030ac2,yäbäd bäng,Coordinate term
0c93f123-bbdb-452f-baa7-6788df398ea1,bec3871b-c51a-40c2-a3b9-e52be9238f5e,beatururang,Coordinate term
0c93f123-bbdb-452f-baa7-6788df398ea1,bcc89d36-780f-44d4-b19d-afb7499a716d,däm ibenen,Coordinate term
0c93f123-bbdb-452f-baa7-6788df398ea1,2b4d091b-babb-4938-a7f3-1ec9a276d311,tarme ballmenyang,Coordinate term
0c93f123-bbdb-452f-baa7-6788df398ea1,0122fb26-ab2a-4593-8ec1-5ccb876cc642,yäbäd,Coordinate term
0c93f123-bbdb-452f-baa7-6788df398ea1,29369fd8-7de3-4ebe-bc46-ab590cddc09f,yäbäd ttänttämang,Coordinate term
0c93f123-bbdb-452f-baa7-6788df398ea1,9f03a581-50dd-4e94-8e6f-abf1cf8c8d0b,kämag,Coordinate term
0c93f123-bbdb-452f-baa7-6788df398ea1,d8bf8771-f5ae-4ec6-993f-c2bef70aef67,täträp,Coordinate term
0c93f123-bbdb-452f-baa7-6788df398ea1,f46b19ee-32f9-4be9-8284-3bfdfa1d4d62,kokngal,Coordinate term
0c93f123-bbdb-452f-baa7-6788df398ea1,1dd89481-4eef-4054-8446-62b999cdd5d2,babaem,Coordinate term
0c93f123-bbdb-452f-baa7-6788df398ea1,04b16e46-6c22-4690-9b60-e5edffaaa3fd,sisor pazi,Coordinate term
0c93f123-bbdb-452f-baa7-6788df398ea1,8a818aa0-eaa9-4385-9952-1499687b1d5a,kunun,Coordinate term
0cc93658-734a-42e6-a14a-ec08087469a4,ad29370d-424b-492f-8001-c1d2eaaf092b,ankom,Generic
22800371-9735-4045-8dd8-c98bddbad362,26c75228-8e21-409b-942a-ceb6a9ffdeab,mab,Generic
7506fefa-27c6-4e83-8b72-49052a213346,0b9b7223-9f62-403a-8fc1-a38e10d61397,ttambällag,Coordinate term
7506fefa-27c6-4e83-8b72-49052a213346,3118151a-0327-49c7-b6f1-32de50335cfb,gongglem,Coordinate term
7506fefa-27c6-4e83-8b72-49052a213346,6f0bd988-e147-4338-b8b6-fcce0663dbd4,tawekutt,Coordinate term
7506fefa-27c6-4e83-8b72-49052a213346,e463579d-c79e-44ce-87a0-404ef605b00f,kuang,Coordinate term
7506fefa-27c6-4e83-8b72-49052a213346,04cc8775-1962-4c8c-819b-f52930293119,nge dɨdɨr,Coordinate term
7506fefa-27c6-4e83-8b72-49052a213346,97c92baa-a143-4332-a982-73205a42b3ce,kukrub,Coordinate term
7506fefa-27c6-4e83-8b72-49052a213346,75b0dc1d-c3bb-4788-a0a4-4c8666812982,kokowang,Coordinate term
7506fefa-27c6-4e83-8b72-49052a213346,cc4998e8-3e7c-4695-a456-878bc55a6937,bänbän,Coordinate term
7506fefa-27c6-4e83-8b72-49052a213346,f94ee63b-b6f0-443b-ae71-24ee933ecf57,nge tikop,Coordinate term
7506fefa-27c6-4e83-8b72-49052a213346,e16f9397-5537-44a0-aa25-90f3541c3f98,nge popo,Coordinate term
59cb0d5c-2e59-4688-b1e5-a7d27aff725c,e6af3530-6ee5-4cec-9cd4-999947a064b3,gudne,Antonym
ad9cf762-fe81-4ed2-bbdd-f889f59e12d3,74fcd792-2ab8-4885-8759-b55b9005fe50,pollo,Synonym
ad9cf762-fe81-4ed2-bbdd-f889f59e12d3,e6af3530-6ee5-4cec-9cd4-999947a064b3,gudne,Antonym
04b16e46-6c22-4690-9b60-e5edffaaa3fd,490e8b03-8762-4689-834e-b80007993325,dadel,Coordinate term
04b16e46-6c22-4690-9b60-e5edffaaa3fd,56b5e6a5-a0f7-4bae-8f5f-ff36482373a2,bawa minyminy,Coordinate term
04b16e46-6c22-4690-9b60-e5edffaaa3fd,29369fd8-7de3-4ebe-bc46-ab590cddc09f,yäbäd ttänttämang,Coordinate term
04b16e46-6c22-4690-9b60-e5edffaaa3fd,bec3871b-c51a-40c2-a3b9-e52be9238f5e,beatururang,Coordinate term
04b16e46-6c22-4690-9b60-e5edffaaa3fd,06159197-a77b-4905-83f2-2e03f8030ac2,yäbäd bäng,Coordinate term
04b16e46-6c22-4690-9b60-e5edffaaa3fd,2b4d091b-babb-4938-a7f3-1ec9a276d311,tarme ballmenyang,Coordinate term
04b16e46-6c22-4690-9b60-e5edffaaa3fd,8a818aa0-eaa9-4385-9952-1499687b1d5a,kunun,Coordinate term
04b16e46-6c22-4690-9b60-e5edffaaa3fd,d8bf8771-f5ae-4ec6-993f-c2bef70aef67,täträp,Coordinate term
04b16e46-6c22-4690-9b60-e5edffaaa3fd,bcc89d36-780f-44d4-b19d-afb7499a716d,däm ibenen,Coordinate term
04b16e46-6c22-4690-9b60-e5edffaaa3fd,1dd89481-4eef-4054-8446-62b999cdd5d2,babaem,Coordinate term
04b16e46-6c22-4690-9b60-e5edffaaa3fd,9f03a581-50dd-4e94-8e6f-abf1cf8c8d0b,kämag,Coordinate term
04b16e46-6c22-4690-9b60-e5edffaaa3fd,0c93f123-bbdb-452f-baa7-6788df398ea1,sis,Coordinate term
04b16e46-6c22-4690-9b60-e5edffaaa3fd,0eb1fb30-2bd9-41dc-b06d-a9b5b84b54f8,bawa,Coordinate term
04b16e46-6c22-4690-9b60-e5edffaaa3fd,f46b19ee-32f9-4be9-8284-3bfdfa1d4d62,kokngal,Coordinate term
04b16e46-6c22-4690-9b60-e5edffaaa3fd,0122fb26-ab2a-4593-8ec1-5ccb876cc642,yäbäd,Coordinate term
30006196-23d2-4b69-9bac-d7c6e6d110ba,c67949c5-e35a-4b7b-a269-f41efc6bc888,ttongo iddob,Coordinate term
30006196-23d2-4b69-9bac-d7c6e6d110ba,c3f9738d-4eac-4189-9e6c-6e774e89c305,eddom,Coordinate term
30006196-23d2-4b69-9bac-d7c6e6d110ba,c9892ccd-486a-4f80-9dde-d7168156cb8e,tätäm,Coordinate term
30006196-23d2-4b69-9bac-d7c6e6d110ba,ec98fe8b-1439-4583-a289-803107258a2d,känazbag,Coordinate term
7c64d0c4-37b2-444b-852c-b1eae3b16129,859e4028-9666-48df-9316-d74fe752b17f,mimi,Colloquial term
ab40ca98-f204-4d6f-8244-cb42844cfbf9,a67a2595-1b68-4804-852d-4f580b6427d5,trak,Synonym
642012b8-6520-467f-adad-32e26c5db654,f83f0cf4-dd91-4dbc-9f1c-7f19fc59502d,sana,Generic
d9232dc2-d497-4c22-8161-665bca6cc07c,ceba885d-68b2-463a-bfd6-aba982526120,sae,Synonym
9518174c-42a9-4e4b-b1d9-51fe95677fc4,c58d6dea-f6fa-4a84-bd6c-7cc842b82d45,elementri skul,Specific
9518174c-42a9-4e4b-b1d9-51fe95677fc4,9aee98e2-af94-4b90-a75b-80ffdb027fa9,tuk skul,Specific
9518174c-42a9-4e4b-b1d9-51fe95677fc4,72b36193-458a-49db-9d0b-3189e0456063,praemari skul,Specific
9518174c-42a9-4e4b-b1d9-51fe95677fc4,9be90e96-eed7-40e6-8241-8d664a0ebabc,umllang bällanen ma skul,Specific
9518174c-42a9-4e4b-b1d9-51fe95677fc4,8d0a2ec8-e5bb-4f2d-aebe-0c1640e12de8,ai skul,Specific
9518174c-42a9-4e4b-b1d9-51fe95677fc4,33af3618-7f5e-4a57-b0d4-8b08e8b2a784,kame tameny ma skul,Specific
9518174c-42a9-4e4b-b1d9-51fe95677fc4,407d637d-32e3-48e2-8a3d-bd3b10a8279a,ttaepnenttaepnen ma skul,Specific
9518174c-42a9-4e4b-b1d9-51fe95677fc4,f3f57e25-4f77-4e33-823b-866df3ac6c59,prep,Specific
2dd06553-a4ed-42e1-850c-30fd1fd8e35b,6ad9b064-8ae1-4df8-a87c-5122e564cff8,kito,Coordinate term
2dd06553-a4ed-42e1-850c-30fd1fd8e35b,df9e1c6f-87f6-44ea-85c7-e42e83cd8bac,sandana,Coordinate term
724f1898-8d2d-42f9-950b-5ae9377f598e,42992369-6564-41d7-98fe-ebf8a091dae7,pag,Synonym
724f1898-8d2d-42f9-950b-5ae9377f598e,2c083442-e2ac-402e-b0f5-0892c21cf3d1,bile,Synonym
dd0c59af-a4b0-4157-96e6-09ca9d70e645,54a77ca3-8ffa-4982-9043-1bec0b331671,ikopse ma,Synonym
e67bb1f4-38fb-449c-ba0c-eec0fb3ece43,f83f0cf4-dd91-4dbc-9f1c-7f19fc59502d,sana,Generic
f339e942-0c16-420e-a37f-28be96ebc73e,36f12cdb-e11b-44c2-8d97-11c59f22ca6f,nag,Generic
dcfd9cf2-862c-491e-93c6-ca028320adf1,3f2e2379-f511-4656-b9d4-d954b6562513,pälengg,Synonym
dcfd9cf2-862c-491e-93c6-ca028320adf1,bcf4cf11-1faf-4183-8e4a-b2e4c1666b78,kälakäle,Synonym
dcfd9cf2-862c-491e-93c6-ca028320adf1,11deb681-546d-4b75-9fac-0471b9791842,kängkäl,Antonym
dcfd9cf2-862c-491e-93c6-ca028320adf1,d13ade30-1408-4db6-82d4-dcf1a5face7e,gazen,Antonym
dcfd9cf2-862c-491e-93c6-ca028320adf1,c28258a3-06d5-4255-9d6a-a7ee809d317c,ngällbän,Antonym
4f2edd63-10c4-4835-980b-6bd1bef61fa6,10fdc32e-7c7f-4aa0-91b6-5261103d2274,gäbän,Synonym
4f2edd63-10c4-4835-980b-6bd1bef61fa6,0926b670-ba06-41a8-bf65-c694cc1c7b48,gäbaeb,Synonym
ed4ca210-1e37-4fc6-be95-25236a51b998,9cd5798c-febe-4d63-a236-8e58a4217fda,kolldän,Synonym
ed4ca210-1e37-4fc6-be95-25236a51b998,391c65bd-30db-4071-bb76-3735a513facb,pipi,Synonym
ed4ca210-1e37-4fc6-be95-25236a51b998,6b5ebc55-a935-4631-bdf6-746c72390561,timän,Synonym
ed4ca210-1e37-4fc6-be95-25236a51b998,dd98db3c-dc87-4ad9-8794-6c578eb54099,zuwoe,Synonym
ed4ca210-1e37-4fc6-be95-25236a51b998,c11b8f12-56f5-4ea2-bb66-cad49bcf2c24,mällam,Coordinate term
2b349d4e-d54c-4322-9c3d-d0a48272096e,beb0c4af-016d-4a21-8926-362098ead489,gllaglle,Synonym
2b349d4e-d54c-4322-9c3d-d0a48272096e,c4c54cb8-2d12-4920-9bf7-77ad8a7cdd0e,kädkäd,Synonym
2a666a29-8b4b-4f61-a428-0db0f4e6eb75,32285bea-fcca-4f9d-aefb-acd5674f6172,ttoen,Synonym
2a666a29-8b4b-4f61-a428-0db0f4e6eb75,4d6a434f-fd1b-4adb-9fd9-093e7bea1382,eka,Synonym
ae71a939-12de-46d8-a19f-2126cfc7b0ec,7d2c2d69-9a4f-4b24-900c-e75d2c6f299f,känyär,Synonym
ae71a939-12de-46d8-a19f-2126cfc7b0ec,9f4c75ee-eaef-4efd-9d53-cb35e24550ee,gwell,Synonym
d874e0eb-76d5-4440-ad02-339cc10d0e6a,023d9350-5958-4f0e-bd7f-b8656b27db08,galbe,Generic
b242c217-7324-4c2e-be1e-fc0e732680b8,2e54db5a-3e5d-4b0b-88a8-559aee5cae42,biye,Generic
cbbcf95a-0082-4cc1-8b59-9b0ac5e226e3,17860f6d-a960-4333-b13e-53ea1348d97c,källa,Coordinate term
dbd4b18c-24a2-4d57-9640-91114f4884c8,986d5c34-8959-43bc-97de-a1e57ff14e15,budar,Generic
ac74ef56-0a7e-4f5d-bb80-4c1b4466cdf7,8a020708-16b9-4abe-b349-51c666c2d939,lläkäm,Generic
147e16d1-f2f5-48da-bba5-c7d6e5da8037,b24ce473-446b-46c2-a20b-6c797812cbbd,täräp,Synonym
21c28957-79c5-4a37-a39c-4300e27fbaa7,aff4945f-f89e-4794-a28f-d828782e96dc,indrang,Synonym
c84785b5-0295-41cc-bc8f-3e39710aff3d,157ccd0a-86da-41e2-a6e8-25151fb386c5,bawa pokallmäll,Synonym
4ed50461-12b1-4765-9639-6a9e3a81aafd,330bc5c7-f19c-49cd-9812-e3848c0424f8,Yao,Synonym
52aa525a-1b06-40a2-996d-b8fc72a7240f,1a0602fd-99f0-43da-9e40-ebdb2df170b3,eka tameny,Full phrase
3a3b51b7-f284-492d-a5a1-b24c92f946ad,f37f3859-0560-4886-bc1e-cf613210ba5c,eka tameny,Full phrase
4a410581-33dc-456b-b509-977ce7c0c759,986d5c34-8959-43bc-97de-a1e57ff14e15,budar,Generic
18264f85-2f7b-4f11-ad7a-a37a27a75aa9,7f186e8e-555d-4804-8fbf-b10415899059,mutae,Generic
cf8a43f4-c87f-4340-a6e0-6024e569e564,6f895108-7d23-4df3-9107-9fa4ed5c519e,kälakälae,Synonym
386d5adf-f237-43e1-a16b-945c530e64f3,a37da89f-2c25-48eb-980c-6b3c036a38f3,titi,Whole
386d5adf-f237-43e1-a16b-945c530e64f3,378e8633-dadf-4c39-87ab-e733bd7269bc,topoll,Whole
79124b6e-a322-4d62-9442-1f8ef21e77e0,44bb3616-9aa2-4347-8e23-910a5bff8471,mätta,Generic
57c90d74-be48-4b5d-b1e2-205f76e7bc6b,c4e52c02-a618-4e72-be0a-7be440fcc64f,kalokalo,Antonym
57c90d74-be48-4b5d-b1e2-205f76e7bc6b,7f2b16b7-4c7e-4ae7-ad24-70c36e71ed7d,kalmoe,Antonym
cc4f4bc2-3478-4f0f-ab73-fe7552451e95,36f12cdb-e11b-44c2-8d97-11c59f22ca6f,nag,Generic
2b4d091b-babb-4938-a7f3-1ec9a276d311,56b5e6a5-a0f7-4bae-8f5f-ff36482373a2,bawa minyminy,Coordinate term
2b4d091b-babb-4938-a7f3-1ec9a276d311,f46b19ee-32f9-4be9-8284-3bfdfa1d4d62,kokngal,Coordinate term
2b4d091b-babb-4938-a7f3-1ec9a276d311,04b16e46-6c22-4690-9b60-e5edffaaa3fd,sisor pazi,Coordinate term
2b4d091b-babb-4938-a7f3-1ec9a276d311,9f03a581-50dd-4e94-8e6f-abf1cf8c8d0b,kämag,Coordinate term
2b4d091b-babb-4938-a7f3-1ec9a276d311,1dd89481-4eef-4054-8446-62b999cdd5d2,babaem,Coordinate term
2b4d091b-babb-4938-a7f3-1ec9a276d311,0c93f123-bbdb-452f-baa7-6788df398ea1,sis,Coordinate term
2b4d091b-babb-4938-a7f3-1ec9a276d311,29369fd8-7de3-4ebe-bc46-ab590cddc09f,yäbäd ttänttämang,Coordinate term
2b4d091b-babb-4938-a7f3-1ec9a276d311,0122fb26-ab2a-4593-8ec1-5ccb876cc642,yäbäd,Coordinate term
2b4d091b-babb-4938-a7f3-1ec9a276d311,d8bf8771-f5ae-4ec6-993f-c2bef70aef67,täträp,Coordinate term
2b4d091b-babb-4938-a7f3-1ec9a276d311,06159197-a77b-4905-83f2-2e03f8030ac2,yäbäd bäng,Coordinate term
2b4d091b-babb-4938-a7f3-1ec9a276d311,bcc89d36-780f-44d4-b19d-afb7499a716d,däm ibenen,Coordinate term
2b4d091b-babb-4938-a7f3-1ec9a276d311,8a818aa0-eaa9-4385-9952-1499687b1d5a,kunun,Coordinate term
2b4d091b-babb-4938-a7f3-1ec9a276d311,490e8b03-8762-4689-834e-b80007993325,dadel,Coordinate term
2b4d091b-babb-4938-a7f3-1ec9a276d311,bec3871b-c51a-40c2-a3b9-e52be9238f5e,beatururang,Coordinate term
2b4d091b-babb-4938-a7f3-1ec9a276d311,0eb1fb30-2bd9-41dc-b06d-a9b5b84b54f8,bawa,Coordinate term
f52a383f-25a3-4040-ac6c-88341231cf0b,2e54db5a-3e5d-4b0b-88a8-559aee5cae42,biye,Generic
7c330ca5-f0b5-4040-aca3-77fca7039d74,87f4d837-57ca-4d17-812a-808c84f5ff14,pärta,Coordinate term
7c330ca5-f0b5-4040-aca3-77fca7039d74,164a319b-757e-4502-a6f1-b4ef9428083f,putt,Coordinate term
7c330ca5-f0b5-4040-aca3-77fca7039d74,4335542b-139a-4e16-9e3a-efcea8eb443e,waramakae,Coordinate term
7c330ca5-f0b5-4040-aca3-77fca7039d74,37164b87-d93a-47b3-af8b-6aa8c042f4e3,damona,Coordinate term
bedaab4f-53a6-4f0f-97f8-db0c6b89b791,1c9c901b-00ca-48d8-8994-a9ac9c0031e6,longgo,Synonym
bedaab4f-53a6-4f0f-97f8-db0c6b89b791,e9180679-f10e-4da3-b842-fb78f283c387,gogäle,Synonym
2c75e56e-0f82-41f4-b312-9c86f8641116,eca5bcce-f575-4051-ad0c-e9acc160e63c,tergony,Synonym
4188392a-d509-44d8-96ca-78215b953396,ad29370d-424b-492f-8001-c1d2eaaf092b,ankom,Generic
b6e68ac1-3d1f-496a-85bd-f889e7ccf4a5,16fa77f2-6744-4050-9d11-c92c11a0b20d,gänggälläm,Near synonym
85054838-cbb3-4ba6-a596-86e115903f9c,fce3a538-37ab-415c-bf57-4d45cbf53a69,karama,Synonym
9c9f9fab-c51b-4fdd-b1ec-335456ae34a7,6f1fe1a8-f127-410a-acfc-781508e0302e,mabun,Coordinate term
9c9f9fab-c51b-4fdd-b1ec-335456ae34a7,44f2e6cf-f652-4a0d-836c-c0117bae6edd,tän,Coordinate term
d6e3c823-1f8d-44e6-945e-c821fd5da137,653f7def-89c5-48a1-83bb-b732fd9b45c9,nge,Generic
d6e3c823-1f8d-44e6-945e-c821fd5da137,81a85975-5908-46cf-abfb-f55a0c21ba84,pall tawe,Specific
09a22296-48a8-4167-a96e-c6bad2d18d6e,caec0b92-896a-4aed-b96c-19337deaa13f,nge,Generic
6f0bd988-e147-4338-b8b6-fcce0663dbd4,0b9b7223-9f62-403a-8fc1-a38e10d61397,ttambällag,Coordinate term
6f0bd988-e147-4338-b8b6-fcce0663dbd4,04cc8775-1962-4c8c-819b-f52930293119,nge dɨdɨr,Coordinate term
6f0bd988-e147-4338-b8b6-fcce0663dbd4,75b0dc1d-c3bb-4788-a0a4-4c8666812982,kokowang,Coordinate term
6f0bd988-e147-4338-b8b6-fcce0663dbd4,3118151a-0327-49c7-b6f1-32de50335cfb,gongglem,Coordinate term
6f0bd988-e147-4338-b8b6-fcce0663dbd4,f94ee63b-b6f0-443b-ae71-24ee933ecf57,nge tikop,Coordinate term
6f0bd988-e147-4338-b8b6-fcce0663dbd4,e16f9397-5537-44a0-aa25-90f3541c3f98,nge popo,Coordinate term
6f0bd988-e147-4338-b8b6-fcce0663dbd4,97c92baa-a143-4332-a982-73205a42b3ce,kukrub,Coordinate term
6f0bd988-e147-4338-b8b6-fcce0663dbd4,7506fefa-27c6-4e83-8b72-49052a213346,sisi,Coordinate term
6f0bd988-e147-4338-b8b6-fcce0663dbd4,e463579d-c79e-44ce-87a0-404ef605b00f,kuang,Coordinate term
6f0bd988-e147-4338-b8b6-fcce0663dbd4,cc4998e8-3e7c-4695-a456-878bc55a6937,bänbän,Coordinate term
306b7518-3e96-4b9a-9c55-02508f708274,e71dc5dd-e81a-492a-adb2-aac3dc7696ba,tobäll,Generic
3210859e-f6a8-4b15-aedd-f01c3355f751,99ed97c7-c70c-4403-844d-0e969b97f54d,täbab,Full phrase
0a17f9d4-9f0b-45f6-bcb8-58af572cc6da,c2784963-9bca-4c3b-9e4c-bd30df40b739,kaemne,Generic
146245eb-c2bc-42bd-9507-1f0e608f0bfc,986d5c34-8959-43bc-97de-a1e57ff14e15,budar,Generic
a6946a55-40bc-4665-a1f1-2b3e401fc473,8a020708-16b9-4abe-b349-51c666c2d939,lläkäm,Generic
eff4a412-80c9-4b04-ac06-30a11eaead43,da3510a5-0bc6-431f-b366-589a4bf79b49,bärät,Generic
eff4a412-80c9-4b04-ac06-30a11eaead43,44bb3616-9aa2-4347-8e23-910a5bff8471,mätta,Generic
70ed9dda-2484-4db0-b7f0-f36f300e293a,fe1286ca-76be-4c3f-978e-967ae67f0aac,towall,Generic
10b53205-ed25-4a04-b626-7d616d37d137,caec0b92-896a-4aed-b96c-19337deaa13f,nge,Whole
e1626ef6-3624-43bf-b63f-756547bb83af,2e54db5a-3e5d-4b0b-88a8-559aee5cae42,biye,Generic
fe679bcf-1bf6-46b3-ac1a-b9a565003171,9e3d87e6-bcc9-410b-91c2-de1654ebcd33,bällam,Synonym
9a4fb506-d889-4b69-b2b9-ccf45b82b209,023d9350-5958-4f0e-bd7f-b8656b27db08,galbe,Generic
599b101e-d6e5-405c-af4f-398cae1dcddf,923dab66-7e95-415f-b2a6-1f5838adecc8,pipllo,Generic
599b101e-d6e5-405c-af4f-398cae1dcddf,1faf2b05-2e0d-466d-bb9e-4b5c5659f7dc,llo patipati,Specific
599b101e-d6e5-405c-af4f-398cae1dcddf,01ad45f1-2d63-4bba-bb35-261265d903ef,mambag,Specific
599b101e-d6e5-405c-af4f-398cae1dcddf,5e3c6cf9-a92f-4819-9cbc-73464666e51d,mos,Specific
6be41030-4474-47fc-a0f3-c3a76cbfb140,023d9350-5958-4f0e-bd7f-b8656b27db08,galbe,Generic
44e3d5b5-462f-4499-827f-787f8e0082c2,73b93a93-ff57-426e-92a8-b7a9ee0d039f,traeb,Synonym
44f2e6cf-f652-4a0d-836c-c0117bae6edd,6f1fe1a8-f127-410a-acfc-781508e0302e,mabun,Coordinate term
44f2e6cf-f652-4a0d-836c-c0117bae6edd,9c9f9fab-c51b-4fdd-b1ec-335456ae34a7,tawar,Coordinate term
44f2e6cf-f652-4a0d-836c-c0117bae6edd,faa875f3-0b95-49d2-98cf-1169b08a5cc2,Yamkong,Example
44f2e6cf-f652-4a0d-836c-c0117bae6edd,af4e0a7f-c3ae-44ee-8f72-94dfeef39f35,Izag,Example
44f2e6cf-f652-4a0d-836c-c0117bae6edd,37378e6c-00b7-4229-916d-dd16a927fa6e,kutkut,Example
44f2e6cf-f652-4a0d-836c-c0117bae6edd,72b7559d-fcd5-40b7-9c06-b475832063d8,Käballag,Example
2164ff72-71cb-42ba-8e00-ad55f2f8104f,e5d47b09-9c05-4eee-bada-51dcf7d8bac2,tängg,Full phrase
9e955dee-cd61-4619-8b2c-25f4df950c5d,a45910b6-0b47-4258-b2de-290f246cd918,gämäll tänggag,Full phrase
714ef98b-6585-4685-899f-069e0e333624,f83f0cf4-dd91-4dbc-9f1c-7f19fc59502d,sana,Whole
714ef98b-6585-4685-899f-069e0e333624,77edd0b1-5c02-4a24-a03b-edde7927de2c,koko,Generic
714ef98b-6585-4685-899f-069e0e333624,1a476158-e3ea-401a-bb4e-589338b37d83,utt,Generic
714ef98b-6585-4685-899f-069e0e333624,7c6fc21e-7e12-43b5-858c-e504703f3998,wariwari,Synonym
e4f05aef-f7ca-46aa-8dc2-618f9ee93617,26c75228-8e21-409b-942a-ceb6a9ffdeab,mab,Generic
d5d6f9bf-44a9-417f-8354-98e508519a4b,684a4be8-f4f2-4a6d-8ef4-732d8dc75383,ine källa,Synonym
d5d6f9bf-44a9-417f-8354-98e508519a4b,951dd57b-265a-41f6-b708-2fdc5fa9e336,wärpir,Synonym
fac130ac-2733-4def-a182-a5a7d047e846,bca070ec-562b-4daa-b00a-d36f7adb60d2,källamitang,Coordinate term
fac130ac-2733-4def-a182-a5a7d047e846,065d0702-7875-45ce-afde-26f9546ee749,ddageddage,Coordinate term
fac130ac-2733-4def-a182-a5a7d047e846,ccb2dc57-6e1d-4f0b-9a2f-9ce9c8034a45,duwel sära,Coordinate term
fac130ac-2733-4def-a182-a5a7d047e846,408c0a7c-7e5b-48de-ab7c-f9dca5739518,sana wuttang,Coordinate term
fac130ac-2733-4def-a182-a5a7d047e846,9c21edfd-59be-40eb-a486-bceff356bcfe,pllulleaga,Coordinate term
fac130ac-2733-4def-a182-a5a7d047e846,9353d19e-be61-43f3-833e-5e89d01e69c1,gwaga,Coordinate term
a15d380a-5cc1-449a-8cc0-20001fa64224,9a6121cb-9cc4-4b60-b1b3-3c7db7edf055,mantär,Specific
a15d380a-5cc1-449a-8cc0-20001fa64224,ad3c0ac7-55c8-4574-8b60-5c629d9c4afe,kab,Synonym
a15d380a-5cc1-449a-8cc0-20001fa64224,2c3d25ce-4cc1-43c0-9cae-896a6be6b924,mamlla,Synonym
87755da8-b79d-4551-ad28-fe35699411b8,8708684c-d0bd-449d-9dca-8b55fa06bc26,ttamän,Synonym
87755da8-b79d-4551-ad28-fe35699411b8,ea4c1e83-5c5c-4851-898c-fc65c3150410,kam,Antonym
10cc67b7-0502-4d58-ac39-eee7926858cf,2e2c9921-3481-440f-964e-3845da6b3851,gazen,Antonym
10cc67b7-0502-4d58-ac39-eee7926858cf,e440e1dd-9c47-4235-86b4-f48c4c46e1db,irängän,Antonym
10cc67b7-0502-4d58-ac39-eee7926858cf,da8740b9-f1fb-4adf-b8ea-5556b59f5e8f,zan,Synonym
4d5c7247-306c-4b0e-92d1-37ae85e6f479,d8af8b3c-96e6-47b1-85fd-2a98690ecb9d,gazen,Antonym
4d5c7247-306c-4b0e-92d1-37ae85e6f479,a0bc6c70-cfc5-4522-9a52-622e104eb136,zan,Synonym
1efa55a4-0c31-4cc7-a478-4d21786f74a9,ca28f590-d747-40f0-b2a7-61166f357e2f,trongg,Coordinate term
1efa55a4-0c31-4cc7-a478-4d21786f74a9,917dd137-c7a7-48f4-84ca-a5b3e62fa3af,kollmäll,Coordinate term
1efa55a4-0c31-4cc7-a478-4d21786f74a9,b76a58d0-0076-4bab-b7a3-bb4936cb02bc,därängg,Synonym
3d50e2a0-b3b3-4930-9c75-79f7ba153d67,2ac19fe3-fd77-4b1d-98d3-8d60c00f2ad8,mätkin,Coordinate term
3d50e2a0-b3b3-4930-9c75-79f7ba153d67,5acc0204-55ff-4e83-8dbe-4197c9013500,tupi,Coordinate term
3d50e2a0-b3b3-4930-9c75-79f7ba153d67,9e848729-3bf2-4190-891c-57ab0c075257,mända,Coordinate term
3d50e2a0-b3b3-4930-9c75-79f7ba153d67,413bf7b2-4ad3-4921-bf64-a979e98f745e,källatolma,Coordinate term
3d50e2a0-b3b3-4930-9c75-79f7ba153d67,d3f6673d-c605-40cb-ac01-025ae3a7fd9c,ttang lläpät,Generic
3c1322f4-24fd-45ee-a57e-71a666af5a1d,66c50a43-f7cc-46bc-83fe-a2a1249e2d28,wan,Synonym
3c1322f4-24fd-45ee-a57e-71a666af5a1d,ffe97ab8-1839-457e-850b-6c889e15bd38,ttongo,Synonym
3c1322f4-24fd-45ee-a57e-71a666af5a1d,9ecf12e9-d0ce-4fe2-9aa1-cba0639dd585,ttongdae,Synonym
6a7039a7-1fdb-431d-a81e-898d3a414ddd,9e3a729b-0e31-4a74-a36d-82fde8623ad9,käbab,Synonym
fcc91955-6593-4df2-b8e1-66d9757435d6,2c8c6a7f-9fed-49a2-b5b0-860652d46192,tɨt,Synonym
2c6e69f0-23aa-43ee-9a3e-9f0f92447f83,83f9749b-f0f0-4311-a537-ae8932754c50,tärämpmeny,Coordinate term
db8f8a69-b513-4b34-9a82-6db4c9bad557,4dcf0fb5-fef7-4938-940a-6562b34bac34,patkoll,Synonym
5c1f44bd-958d-41c4-b61e-df29ae7ddd67,021003d9-e5f0-44f4-a9e4-4c5b04eeeb87,ngänaeka täräm,Full phrase
83f9749b-f0f0-4311-a537-ae8932754c50,2c6e69f0-23aa-43ee-9a3e-9f0f92447f83,täräb,Coordinate term
b24ce473-446b-46c2-a20b-6c797812cbbd,147e16d1-f2f5-48da-bba5-c7d6e5da8037,taem,Synonym
a09b5d5b-2746-4df5-9658-f220b133e701,4600fe7c-fc8d-4647-9f3a-f444b0d18754,mer,Synonym
dd9f1435-b7bb-4fc2-b258-d1ca021432b9,fe1e1c10-b1e6-4f47-b48f-16b2f0138c5a,kok patar,Synonym
fc06ed7e-a4ae-42f9-b41b-e54692827934,7fafdcbe-a10e-4a67-ba18-2136b169fc67,kollba,Generic
672b47be-cee4-411d-ab0f-442482ba4146,aa103f2d-e3bc-47d0-9df4-9bfb233baa8d,kakab,Synonym
ec28fcbc-6736-4d69-93d9-aaa59a8592c0,023d9350-5958-4f0e-bd7f-b8656b27db08,galbe,Generic
7bf6ae24-3ce4-4ca5-b3bb-24a270a8d65f,305c7a01-acdd-4904-ac89-30293e247b95,pobllem,Synonym
22d30600-e66e-41dd-a615-b25b91465a4d,d30b7c72-0b49-452b-baad-5b78684dff84,pallkoll,Synonym
c9892ccd-486a-4f80-9dde-d7168156cb8e,c3f9738d-4eac-4189-9e6c-6e774e89c305,eddom,Coordinate term
c9892ccd-486a-4f80-9dde-d7168156cb8e,ec98fe8b-1439-4583-a289-803107258a2d,känazbag,Coordinate term
c9892ccd-486a-4f80-9dde-d7168156cb8e,c67949c5-e35a-4b7b-a269-f41efc6bc888,ttongo iddob,Coordinate term
c9892ccd-486a-4f80-9dde-d7168156cb8e,30006196-23d2-4b69-9bac-d7c6e6d110ba,sisri ebdo,Coordinate term
62935b82-230f-4657-8de0-95f83a5413f4,613ca2a5-ed08-4fec-b6b3-76391cf492b3,orwa,Synonym
62935b82-230f-4657-8de0-95f83a5413f4,80118d76-d567-4eaa-9ff1-cbbb285c5cd7,kakep,Synonym
62935b82-230f-4657-8de0-95f83a5413f4,cb197b53-dffd-4e39-a95f-7f744b36271e,ttattle,Synonym
f9582a34-6e22-4810-9127-a08712bfb5e8,a2aea3df-2146-4493-8d87-055a77985ce0,koko,Synonym
f9582a34-6e22-4810-9127-a08712bfb5e8,8c574b32-4dee-4ebd-9fa1-3f0e1b40992d,kam,Synonym
f9582a34-6e22-4810-9127-a08712bfb5e8,89820211-a0ee-4511-828d-da6d0bd141ad,ttäkoe,Synonym
f9582a34-6e22-4810-9127-a08712bfb5e8,74829a4d-d1a0-4a21-94cd-94bc3416b6b4,dädäräb,Ideophonic pair (voiced)
03b27441-94b0-43ed-b15a-ef4b9eb87ef1,d4355d2e-142e-4b45-86ff-f86448d43654,enddäna,Generic
4046d81b-f266-4fc6-846d-512ba7cbaf89,a242e941-77de-4a7c-9091-e2f449df6e4e,ttänttäm,Synonym
a71b1353-f44e-42dc-b52f-6aeb92325239,fe1286ca-76be-4c3f-978e-967ae67f0aac,towall,Generic
ba0ad4a2-6c76-4a7b-bf0f-5f063b175835,f83f0cf4-dd91-4dbc-9f1c-7f19fc59502d,sana,Generic
d8bf8771-f5ae-4ec6-993f-c2bef70aef67,8a818aa0-eaa9-4385-9952-1499687b1d5a,kunun,Coordinate term
d8bf8771-f5ae-4ec6-993f-c2bef70aef67,0eb1fb30-2bd9-41dc-b06d-a9b5b84b54f8,bawa,Coordinate term
d8bf8771-f5ae-4ec6-993f-c2bef70aef67,0122fb26-ab2a-4593-8ec1-5ccb876cc642,yäbäd,Coordinate term
d8bf8771-f5ae-4ec6-993f-c2bef70aef67,29369fd8-7de3-4ebe-bc46-ab590cddc09f,yäbäd ttänttämang,Coordinate term
d8bf8771-f5ae-4ec6-993f-c2bef70aef67,f46b19ee-32f9-4be9-8284-3bfdfa1d4d62,kokngal,Coordinate term
d8bf8771-f5ae-4ec6-993f-c2bef70aef67,0c93f123-bbdb-452f-baa7-6788df398ea1,sis,Coordinate term
d8bf8771-f5ae-4ec6-993f-c2bef70aef67,2b4d091b-babb-4938-a7f3-1ec9a276d311,tarme ballmenyang,Coordinate term
d8bf8771-f5ae-4ec6-993f-c2bef70aef67,1dd89481-4eef-4054-8446-62b999cdd5d2,babaem,Coordinate term
d8bf8771-f5ae-4ec6-993f-c2bef70aef67,490e8b03-8762-4689-834e-b80007993325,dadel,Coordinate term
d8bf8771-f5ae-4ec6-993f-c2bef70aef67,bec3871b-c51a-40c2-a3b9-e52be9238f5e,beatururang,Coordinate term
d8bf8771-f5ae-4ec6-993f-c2bef70aef67,bcc89d36-780f-44d4-b19d-afb7499a716d,däm ibenen,Coordinate term
d8bf8771-f5ae-4ec6-993f-c2bef70aef67,9f03a581-50dd-4e94-8e6f-abf1cf8c8d0b,kämag,Coordinate term
d8bf8771-f5ae-4ec6-993f-c2bef70aef67,06159197-a77b-4905-83f2-2e03f8030ac2,yäbäd bäng,Coordinate term
d8bf8771-f5ae-4ec6-993f-c2bef70aef67,56b5e6a5-a0f7-4bae-8f5f-ff36482373a2,bawa minyminy,Coordinate term
d8bf8771-f5ae-4ec6-993f-c2bef70aef67,04b16e46-6c22-4690-9b60-e5edffaaa3fd,sisor pazi,Coordinate term
c1782631-c6d0-4aa8-b221-b862748d0595,2ff447e6-7c39-428b-8cde-7b2867c0e8e1,ttatt kutt,Synonym
a7e74665-6f9b-4dfc-800d-effc1a34e114,e0acfe6d-2976-459a-90f2-13867a83e4f6,ddäll,Synonym
eca5bcce-f575-4051-ad0c-e9acc160e63c,2c75e56e-0f82-41f4-b312-9c86f8641116,tater,Synonym
2bcdf231-6162-4de4-86b8-83a9537f4570,b0ebbd3a-618a-4b4e-8a0a-502de5ccfed2,winisde,Coordinate term
2bcdf231-6162-4de4-86b8-83a9537f4570,8a4f96bd-1d5a-4f5f-bfd1-237941814888,satade,Coordinate term
2bcdf231-6162-4de4-86b8-83a9537f4570,a9f4644a-fb0f-4336-b995-64a9048c8d53,sande,Coordinate term
2bcdf231-6162-4de4-86b8-83a9537f4570,98cd325c-7f85-493b-937f-d9b47fb13b8a,mandde,Coordinate term
2bcdf231-6162-4de4-86b8-83a9537f4570,a1b6e748-05a3-4933-9e51-87c2ffe65b34,tusde,Coordinate term
2bcdf231-6162-4de4-86b8-83a9537f4570,961d29d4-ad4f-47b0-b252-f37d5d69b896,praedde,Coordinate term
b361a908-20a2-432e-bebe-ecd0e29291be,561194a1-2104-4a0a-9f00-ff8cc627ab46,apte ttang kum,Synonym
6743d1d2-7dd0-4815-af2e-34979f47729d,0a8e63c0-ef6d-4ba8-acc0-3ef0de9fc012,petapeta,Synonym
74bb6d86-584c-4b7d-b0a6-d2af90540c38,3837cdb5-fc5f-43bc-846c-dffb8e5f1ab6,itrell,Generic
73a95431-bb7d-467e-961a-75d0f5d61133,3dcdb851-10c1-413a-86a5-26cf67418633,up,Generic
271f0933-f1a7-40f2-b416-7fda59a131d8,42321e8a-370c-4faa-b742-8f0a4b3f588c,gullem,Generic
8e59c50c-1590-43fe-8fc9-64682b8a2d26,6f1442c6-a290-44a0-ab64-3a047f06a84b,käban,Generic
6dd49d9e-3eea-4934-862f-a4443e0952b7,1d374a30-f423-41e2-96e4-4a0ad27ff758,guwo,Synonym
53384339-62dd-4d7a-82fd-169c2b120c40,479c07d1-c6d5-4d6c-8cc5-6d9807337564,lelmeny,Antonym
53384339-62dd-4d7a-82fd-169c2b120c40,f5baafcf-8a4d-4979-b776-f19edec335c8,lelang,Synonym
6b5ebc55-a935-4631-bdf6-746c72390561,9cd5798c-febe-4d63-a236-8e58a4217fda,kolldän,Synonym
6b5ebc55-a935-4631-bdf6-746c72390561,ed4ca210-1e37-4fc6-be95-25236a51b998,spun,Synonym
6b5ebc55-a935-4631-bdf6-746c72390561,dd98db3c-dc87-4ad9-8794-6c578eb54099,zuwoe,Synonym
6b5ebc55-a935-4631-bdf6-746c72390561,391c65bd-30db-4071-bb76-3735a513facb,pipi,Synonym
440b03e7-d90c-4466-8e31-7b14c87ebba2,d09087a2-0c66-4144-9311-c895e3c53d59,ttam,Generic
7a5166c9-142c-4ea1-8f4b-7e2fd8cdcbf0,448c08f5-c13e-4723-a60b-779387b2995f,keta,Part
7a5166c9-142c-4ea1-8f4b-7e2fd8cdcbf0,283ae2f3-e4bd-4c7e-b9e6-ec25638ce00b,kumi kakälläp,Part
7a5166c9-142c-4ea1-8f4b-7e2fd8cdcbf0,e1fab70b-9d40-4375-acfb-8318e0224add,kumiye käp,Part
7a5166c9-142c-4ea1-8f4b-7e2fd8cdcbf0,ea981182-3d29-4e1f-b985-662b8810b082,kumi,Part
7a5166c9-142c-4ea1-8f4b-7e2fd8cdcbf0,99306e39-543e-4f8a-9c0a-ec06c90964bd,ttette,Part
7a5166c9-142c-4ea1-8f4b-7e2fd8cdcbf0,951c8847-e809-4da8-8177-db886afa4e0c,bengae,Generic
b0ee3f69-560e-4f1b-b8d2-6578395b823f,ad29370d-424b-492f-8001-c1d2eaaf092b,ankom,Generic
a37da89f-2c25-48eb-980c-6b3c036a38f3,386d5adf-f237-43e1-a16b-945c530e64f3,tanyib,Part
6e9f6c00-c13c-4701-b0a9-800d51a048f6,732c6027-6822-42d2-9ae6-ee3289526b1c,Ende,Whole
e8f90320-5f1f-4867-ad29-e9dd85e6c19d,60df0615-30ba-4935-96fe-e2241fbdbc81,sae,Antonym
e8f90320-5f1f-4867-ad29-e9dd85e6c19d,3f4048bb-9c1e-43e8-9d4f-11100b4121d3,ttapeyam,Synonym
1c65a91a-d017-401e-81e0-c5cb6d87ef0b,e883fbaa-5778-45bf-a543-9e4642ce8a2c,gädagäde,Synonym
2c8c6a7f-9fed-49a2-b5b0-860652d46192,fcc91955-6593-4df2-b8e1-66d9757435d6,täratäre,Synonym
fe9153b0-7659-4998-8b0b-a4f36aa905d6,c95d0608-674d-4ecc-9ab6-d1367871588e,pitkae,Synonym
f37d79f7-4a05-44a6-9963-63cbc7cf6f52,bd321943-a5c4-4dc8-bbd3-9b767db5ca78,indrang,Synonym
f37d79f7-4a05-44a6-9963-63cbc7cf6f52,fd9d67d9-7e8f-40f0-bfd9-cb3bb031dd4c,särem,Antonym
e71dc5dd-e81a-492a-adb2-aac3dc7696ba,3df8bb06-325c-4a48-a257-5468d6bb7c35,idoidog,Specific
e71dc5dd-e81a-492a-adb2-aac3dc7696ba,4607baf7-7f49-4c6b-a598-076b1480cf21,pakos,Specific
e71dc5dd-e81a-492a-adb2-aac3dc7696ba,031907b6-7913-4618-aa89-127c983281dd,bilod,Specific
e71dc5dd-e81a-492a-adb2-aac3dc7696ba,306b7518-3e96-4b9a-9c55-02508f708274,tawe ttäp,Specific
e71dc5dd-e81a-492a-adb2-aac3dc7696ba,79e1fc01-758d-4740-b826-9e4fda76d08f,waya,Specific
e71dc5dd-e81a-492a-adb2-aac3dc7696ba,b45832eb-fb98-4d8f-9884-a92eb68a6809,wup ttämbällag,Specific
e71dc5dd-e81a-492a-adb2-aac3dc7696ba,87af1dd3-05c5-44d5-9c2c-5dcb9deeee6b,baur,Specific
e71dc5dd-e81a-492a-adb2-aac3dc7696ba,d63bb0d1-4c0f-4753-b659-e3c22ba473d7,ddumbi,Specific
e71dc5dd-e81a-492a-adb2-aac3dc7696ba,8a151169-65c9-4bea-8d29-891cde83efea,benanbenan,Specific
e71dc5dd-e81a-492a-adb2-aac3dc7696ba,32643cdd-acf2-4f0e-a13c-294f2b56e1df,bormop,Specific
e71dc5dd-e81a-492a-adb2-aac3dc7696ba,b3714d4e-def1-43a2-9bee-bc3ebfb1389c,dabit,Specific
e71dc5dd-e81a-492a-adb2-aac3dc7696ba,cca0fcfa-ad1c-4c08-b1b0-4faadc2b8a08,ebagal,Specific
e71dc5dd-e81a-492a-adb2-aac3dc7696ba,601b0903-0e2c-4924-a3d6-62297d82d658,ddangol,Specific
e71dc5dd-e81a-492a-adb2-aac3dc7696ba,5a3684f5-fee3-4cb0-b12b-f8b008c4b49e,karado,Specific
e71dc5dd-e81a-492a-adb2-aac3dc7696ba,09282baf-6265-4b91-979c-7e35397b1ac1,ddokddok,Specific
e71dc5dd-e81a-492a-adb2-aac3dc7696ba,578425e6-8558-4c02-8db5-8309401c9664,diaba,Specific
e71dc5dd-e81a-492a-adb2-aac3dc7696ba,b6aec007-eaf3-4051-9c1e-d28cb538e871,dompa,Specific
e71dc5dd-e81a-492a-adb2-aac3dc7696ba,f38a2f60-0558-4fe0-99f7-1248bf95079a,dompadompa,Specific
e71dc5dd-e81a-492a-adb2-aac3dc7696ba,048980b1-3a67-4d6b-80e9-93b8b9c82cf7,galib,Specific
e71dc5dd-e81a-492a-adb2-aac3dc7696ba,6d3ea8fa-4643-4c6b-b478-9dc8c4208aa6,gullme käpang,Specific
e71dc5dd-e81a-492a-adb2-aac3dc7696ba,f24ccfa0-db78-4600-9bfb-6d9ae279d439,käg bänbänang,Specific
e71dc5dd-e81a-492a-adb2-aac3dc7696ba,a0beca8c-a2be-49af-bec8-ae2e94a2662b,kaltakaltamang,Specific
e71dc5dd-e81a-492a-adb2-aac3dc7696ba,60571204-b494-42e0-a8b4-5d485913c58c,kämser käpang,Specific
e71dc5dd-e81a-492a-adb2-aac3dc7696ba,3e1adcbf-67b9-400b-a8dd-9c05dcc82aee,klak,Specific
e71dc5dd-e81a-492a-adb2-aac3dc7696ba,26a4a7e4-9858-46f7-88ce-decae7bbc67c,kukiny,Specific
e71dc5dd-e81a-492a-adb2-aac3dc7696ba,eb11ddad-b3fa-4a81-a8f0-96f3e9455e3b,kurmirang,Specific
e71dc5dd-e81a-492a-adb2-aac3dc7696ba,de2307be-ddbe-41a7-bee5-f5ced2c5bd7a,maebo,Specific
e71dc5dd-e81a-492a-adb2-aac3dc7696ba,c1a22f7c-a6e2-4b83-9261-9a5e8994b506,mer,Specific
e71dc5dd-e81a-492a-adb2-aac3dc7696ba,feb75194-67af-4c30-87ca-9fcd4b8da92e,nallib,Specific
e71dc5dd-e81a-492a-adb2-aac3dc7696ba,e2f2e623-fd68-4631-963f-000e615f2f9a,puku,Specific
e71dc5dd-e81a-492a-adb2-aac3dc7696ba,41d1a72d-d27a-424d-a206-b95f58567c37,sana tätäkang,Specific
e71dc5dd-e81a-492a-adb2-aac3dc7696ba,d02d108d-7364-4682-af58-e4703c97e663,sidompa,Specific
e71dc5dd-e81a-492a-adb2-aac3dc7696ba,043b9bec-dae1-43f6-90aa-c895abf1b098,tobäll abal,Specific
e71dc5dd-e81a-492a-adb2-aac3dc7696ba,bc6b6ef1-3e6c-4d8e-8456-7e1166edee83,tubi,Specific
e71dc5dd-e81a-492a-adb2-aac3dc7696ba,00af7a87-8eaf-40f6-938f-b25e84dcba41,tupol,Specific
e71dc5dd-e81a-492a-adb2-aac3dc7696ba,4260d436-b05f-42ad-bb2f-bb0b5a767dc5,kanas,Specific
e71dc5dd-e81a-492a-adb2-aac3dc7696ba,e45a0856-6dd5-48de-823d-10aba5e7b66e,porak,Specific
e71dc5dd-e81a-492a-adb2-aac3dc7696ba,eb0d2245-a569-4bcd-9013-111dcc9f3566,tobäll käp,Part
e71dc5dd-e81a-492a-adb2-aac3dc7696ba,f0762aec-b6ae-497e-8b7b-7c9ceb354279,pitt,Part
e71dc5dd-e81a-492a-adb2-aac3dc7696ba,b33f27fa-4163-49a8-ab09-f25857c8f9a6,rubi,Synonym
e71dc5dd-e81a-492a-adb2-aac3dc7696ba,ad182760-0f38-4d7c-97ea-034defc653f4,bägäl,Coordinate term
043b9bec-dae1-43f6-90aa-c895abf1b098,e71dc5dd-e81a-492a-adb2-aac3dc7696ba,tobäll,Generic
eb0d2245-a569-4bcd-9013-111dcc9f3566,e71dc5dd-e81a-492a-adb2-aac3dc7696ba,tobäll,Whole
fc52369b-87a5-4906-b112-e9699a42cd50,72e0d010-23ce-44a7-b370-975c49733542,källama kup,Synonym
6b73c67a-e87a-4acf-897e-ea604002e003,17a26cb0-933d-490d-9665-7a941871d823,walle ddage,Whole
6b73c67a-e87a-4acf-897e-ea604002e003,7fd159e2-c7cc-4f2a-aabf-5853888c30d2,bun,Near synonym
d668faec-69e7-423b-bc32-6516a2391697,f241bc08-1cf1-460c-a6a8-924d6099b585,kaen,Synonym
d668faec-69e7-423b-bc32-6516a2391697,d906c1bb-238b-498d-bde7-3f3f87ccce15,zigae,Synonym
d668faec-69e7-423b-bc32-6516a2391697,8261172f-6ea7-4eb7-8561-8798d17f10de,llatat,Synonym
a726593d-1901-46e1-b6ee-a88491355a31,6a6a6276-5329-46b7-88cf-8a7bf9a75ca4,igi,Antonym
a726593d-1901-46e1-b6ee-a88491355a31,f5409d9e-3907-46ce-92cc-9d788d9a289e,matu,Antonym
a726593d-1901-46e1-b6ee-a88491355a31,8d87a2d6-79f1-4da2-838d-36a89b90d686,käm,Antonym
a726593d-1901-46e1-b6ee-a88491355a31,2a81215e-3a60-4f21-965e-c45820005a08,tuk,Synonym
a7c6fe33-d3d3-4980-b821-f5e5f051e306,206450c2-b067-4439-9224-5cd604ef36ac,kupull,Example
a7c6fe33-d3d3-4980-b821-f5e5f051e306,1335119b-e5c1-4207-9b61-1574776e562c,kok,Example
2fef91fb-3bc2-4bba-bdd4-2a09beaab387,32b62243-936a-4737-adcb-5a710f974d80,Pizin,Synonym
172f968d-acca-4520-afd4-6f65442cdf54,d1168039-1f75-4867-9da4-21171e3225b7,ddamba,Synonym
9dc49db7-2322-49c8-91b8-d02c02ba9b3b,dd49582b-5c99-4346-af8e-a41233f7dd75,ddamba mit,Synonym
9eb8c04d-6411-4eb5-a67d-7a50ef372c9f,6a042e7d-4955-469f-aebc-7db4b476a0c4,mäka,Near synonym
1d50c70f-61ae-41e2-80e1-c39b10fe3fd9,1d2a8d36-405a-4aa9-b301-1675b0477394,koepang,Synonym
1d50c70f-61ae-41e2-80e1-c39b10fe3fd9,e5ccf8e5-9029-4b90-bdee-7e1dd520c6db,dɨl,Synonym
821619de-4547-4696-a49b-0c1c85024331,7fbf9f1f-357f-4e0b-92c2-16e432d6a12a,ttagbeag,Antonym
c02f76d1-f9d9-4225-aa8a-4bb00bb6458f,40d6ae15-adb8-47e5-9733-e39bdbd7db48,pentapentae,Synonym
db69b379-0b40-43ba-95c8-145cb37a190c,3136cb20-0217-4a1b-b95a-caef06e3626b,gara,Specific
378e8633-dadf-4c39-87ab-e733bd7269bc,386d5adf-f237-43e1-a16b-945c530e64f3,tanyib,Part
2831b119-8cfe-4b79-995c-2644e519b796,94ebffd2-a666-476c-b180-d7e37d705e81,rabis,Synonym
0bc7c914-7d82-4bcd-9431-56b24bae1973,e1116f06-83ac-4198-b774-d9d3f07b7308,pos,Generic
ee5657ed-ec32-4c8c-aa2c-8f1ae7e91db1,74270408-2ede-49db-9af3-24e44e2d8d08,ag,Coordinate term
ee5657ed-ec32-4c8c-aa2c-8f1ae7e91db1,47bdf737-45b6-4fcf-b5ac-345a35ec6c9f,awi,Coordinate term
ee5657ed-ec32-4c8c-aa2c-8f1ae7e91db1,42cf0871-beb9-4cb0-bece-4d29505fbbca,ebdo,Coordinate term
ee5657ed-ec32-4c8c-aa2c-8f1ae7e91db1,f7edbbda-1632-449c-aa60-00719d51a602,iddob,Coordinate term
4981cfe9-1e80-464c-97d7-22907afd05df,e1116f06-83ac-4198-b774-d9d3f07b7308,pos,Generic
a8401de3-8c90-41f7-abcb-7ead61390911,cbc95a16-834b-4dfa-afa4-5c9322cfdf86,ag duwem,Coordinate term
a8401de3-8c90-41f7-abcb-7ead61390911,e85a930f-2445-43d6-ab9a-850f698f7977,yäbäd tuktuk duwem,Coordinate term
fe1286ca-76be-4c3f-978e-967ae67f0aac,a71b1353-f44e-42dc-b52f-6aeb92325239,tätärpeyam,Specific
fe1286ca-76be-4c3f-978e-967ae67f0aac,db78e414-267c-4a88-9585-ed428f543696,yaedidib,Specific
fe1286ca-76be-4c3f-978e-967ae67f0aac,70ed9dda-2484-4db0-b7f0-f36f300e293a,tältäl,Specific
fe1286ca-76be-4c3f-978e-967ae67f0aac,94acc0f4-9bc9-43be-9699-29bd5341b177,apapun,Specific
fe1286ca-76be-4c3f-978e-967ae67f0aac,378c52f2-1d8d-4a40-a022-5e56092fb8f1,ita,Specific
fe1286ca-76be-4c3f-978e-967ae67f0aac,b956db6b-e8a7-4ae0-bf44-176667045e34,wandana,Specific
fe1286ca-76be-4c3f-978e-967ae67f0aac,c9a68a1e-c217-4e8e-8940-b395ad0320c6,kukiny,Specific
fe1286ca-76be-4c3f-978e-967ae67f0aac,6efe2833-a87a-424a-bf82-2ae261daa3d5,darkukiny,Specific
fe1286ca-76be-4c3f-978e-967ae67f0aac,e630afe0-06f3-4fe6-8cc2-dd4a217c4158,esam,Specific
fe1286ca-76be-4c3f-978e-967ae67f0aac,38e41083-91f1-440f-b38c-020511e8f181,kuku,Specific
fe1286ca-76be-4c3f-978e-967ae67f0aac,86d267ee-2aa4-4216-9793-84f96b34d5e2,yäbäyäbäd,Specific
fe1286ca-76be-4c3f-978e-967ae67f0aac,9c148f9a-3191-4790-b473-f7873fb36a1d,kabag,Specific
40fa2322-243c-4080-99aa-4251708dc000,42321e8a-370c-4faa-b742-8f0a4b3f588c,gullem,Generic
73b93a93-ff57-426e-92a8-b7a9ee0d039f,44e3d5b5-462f-4499-827f-787f8e0082c2,tän,Synonym
a67a2595-1b68-4804-852d-4f580b6427d5,ab40ca98-f204-4d6f-8244-cb42844cfbf9,sɨmell,Synonym
709f96a4-3b0c-457a-963a-8762ac69c86c,2a5a3ddb-92e2-41b2-9b15-948f932d563b,kumuddägaebe,Synonym
709f96a4-3b0c-457a-963a-8762ac69c86c,f145351a-c858-4ce8-b281-ecfe2e2586ee,källatolma,Synonym
709f96a4-3b0c-457a-963a-8762ac69c86c,d1156efa-0b58-41ec-9f50-81c559e13410,kumuddäga,Synonym
ca28f590-d747-40f0-b2a7-61166f357e2f,1efa55a4-0c31-4cc7-a478-4d21786f74a9,täram,Coordinate term
ca28f590-d747-40f0-b2a7-61166f357e2f,b76a58d0-0076-4bab-b7a3-bb4936cb02bc,därängg,Coordinate term
ca28f590-d747-40f0-b2a7-61166f357e2f,917dd137-c7a7-48f4-84ca-a5b3e62fa3af,kollmäll,Synonym
e8441c15-d109-4791-857b-d39085f4c521,c78933d1-8b55-4b2a-90c0-671806ed6e26,olle,Synonym
e8441c15-d109-4791-857b-d39085f4c521,ce44d6ef-8864-4d6b-a454-7df92a8abc1a,ttam,Synonym
8a9deb58-ee60-4f4d-bfff-2f4454789139,1896b8c8-fc0c-48f0-824a-4e18d68387ab,komllaebe,Synonym
8a9deb58-ee60-4f4d-bfff-2f4454789139,f0d51844-2a28-4b34-82ca-dc33713f00c7,komlla,Synonym
8a9deb58-ee60-4f4d-bfff-2f4454789139,82871073-7c72-4de4-b1da-a9d82c2abcbb,mätkin,Synonym
bc6b6ef1-3e6c-4d8e-8456-7e1166edee83,e71dc5dd-e81a-492a-adb2-aac3dc7696ba,tobäll,Generic
2b105dae-200a-4d5d-a770-cd0a75cbea7e,19e414a0-4aec-4f69-afae-78e897677f32,tupi,Antonym
2b105dae-200a-4d5d-a770-cd0a75cbea7e,5b60d845-fc21-4675-b339-5b9739ee8c8c,tupi,Antonym
2b105dae-200a-4d5d-a770-cd0a75cbea7e,e14e7a7b-8302-4015-a37c-7ce61b8947f4,pättäk,Synonym
0f02a443-556f-46fb-87bc-c836af57f107,46cedf9d-dcf4-4986-88b1-6ac07fba1984,pud,Synonym
6867e7a3-b98b-4ce5-b1f1-7217203eae2a,f0074bb2-4868-4c47-92e4-0f1dcb337a45,ttäle,Whole
6867e7a3-b98b-4ce5-b1f1-7217203eae2a,89b21da4-97a6-49fe-999f-5102f90ea570,ttang kum,Coordinate term
135bd981-da56-4eec-8e88-fe66797f432f,a45346d9-54a6-483f-be49-713a99974610,ttangkumttangkum,Synonym
3287e17f-7d9f-4b3e-a69f-cf223be46939,98a69094-8539-4453-91bc-629d1c006879,pomana,Specific
3287e17f-7d9f-4b3e-a69f-cf223be46939,c6557d9a-be92-41ec-8e8a-6caa7dfaa124,tudi ittaenen,Specific
c6557d9a-be92-41ec-8e8a-6caa7dfaa124,3287e17f-7d9f-4b3e-a69f-cf223be46939,tudi,Generic
2a81215e-3a60-4f21-965e-c45820005a08,8d87a2d6-79f1-4da2-838d-36a89b90d686,käm,Antonym
2a81215e-3a60-4f21-965e-c45820005a08,6a6a6276-5329-46b7-88cf-8a7bf9a75ca4,igi,Antonym
2a81215e-3a60-4f21-965e-c45820005a08,f5409d9e-3907-46ce-92cc-9d788d9a289e,matu,Antonym
2a81215e-3a60-4f21-965e-c45820005a08,a726593d-1901-46e1-b6ee-a88491355a31,toko,Synonym
b371d64f-dbe1-4ac6-a385-bc42eebef075,9bc52877-5f17-441e-9e6d-0671a14e0369,ddän,Synonym
b371d64f-dbe1-4ac6-a385-bc42eebef075,a25b3970-3d55-48f4-8c57-708ddbc9217a,ttotto,Synonym
b371d64f-dbe1-4ac6-a385-bc42eebef075,5cb7d204-2136-464e-8884-e1fcf8808ad0,tumtum,Synonym
9aee98e2-af94-4b90-a75b-80ffdb027fa9,9518174c-42a9-4e4b-b1d9-51fe95677fc4,skul,Generic
b69bcd02-fcf2-47b0-9dd1-d4bd60c1ae92,42535986-82a5-4ab5-8725-5b69d0ebd56e,lulu,Synonym
4359c7d7-7811-48bf-8a4c-7accb83f8381,e93e8c1d-fe07-46f1-8a40-9555caa39063,mikutt,Synonym
c138a496-d060-4616-984f-a684349b18d7,91874006-87a6-4412-a7bd-fedb8e49018e,ttongottongoalle,Antonym
c138a496-d060-4616-984f-a684349b18d7,b6e86a93-8183-4f8b-9d4c-305d7df2444f,aolidae,Antonym
c138a496-d060-4616-984f-a684349b18d7,544d202d-b1c6-434a-a83b-956d1ed3d3d0,kälae,Antonym
c138a496-d060-4616-984f-a684349b18d7,b8271fa1-2f61-483d-b4d9-5e0cbf72616f,ai,Synonym
c138a496-d060-4616-984f-a684349b18d7,b1525d84-ca8c-47e3-bd7c-9fb8735dcd99,gollaeb,Synonym
c138a496-d060-4616-984f-a684349b18d7,f9c922af-add0-4c6c-91dd-6b3bf01ce261,gudae,Synonym
c138a496-d060-4616-984f-a684349b18d7,95bae930-cdde-4154-b988-6edc91e6cadf,kemibi,Synonym
c138a496-d060-4616-984f-a684349b18d7,5a03b409-4e92-44a4-82b3-5db16fbf932d,yuwog,Synonym
c8813b89-52ac-4a9e-a729-ffd8baf2113d,d45447f4-a93b-40ab-8d5f-835cddb5d375,bun,Whole
5cb7d204-2136-464e-8884-e1fcf8808ad0,9bc52877-5f17-441e-9e6d-0671a14e0369,ddän,Synonym
5cb7d204-2136-464e-8884-e1fcf8808ad0,513e59d0-3091-4e36-9eb2-75e5b67acdb5,klloklloe,Synonym
5cb7d204-2136-464e-8884-e1fcf8808ad0,feae7328-04db-49f7-b2dd-da6472cc544c,umaem,Synonym
5cb7d204-2136-464e-8884-e1fcf8808ad0,33bbabf2-b18c-4567-b5bb-2f4bb0eda131,umaem,Synonym
5cb7d204-2136-464e-8884-e1fcf8808ad0,a25b3970-3d55-48f4-8c57-708ddbc9217a,ttotto,Synonym
5cb7d204-2136-464e-8884-e1fcf8808ad0,0e3153b9-65d4-4f1d-a9ba-a093703d29f4,klloklloe,Synonym
5cb7d204-2136-464e-8884-e1fcf8808ad0,b371d64f-dbe1-4ac6-a385-bc42eebef075,tukpi,Synonym
19e414a0-4aec-4f69-afae-78e897677f32,2b105dae-200a-4d5d-a770-cd0a75cbea7e,tubu,Antonym
19e414a0-4aec-4f69-afae-78e897677f32,e14e7a7b-8302-4015-a37c-7ce61b8947f4,pättäk,Antonym
19e414a0-4aec-4f69-afae-78e897677f32,082c87c0-8354-41bc-9337-5be2f0aac244,ulle,Synonym
5b60d845-fc21-4675-b339-5b9739ee8c8c,082c87c0-8354-41bc-9337-5be2f0aac244,ulle,Synonym
5b60d845-fc21-4675-b339-5b9739ee8c8c,2b105dae-200a-4d5d-a770-cd0a75cbea7e,tubu,Antonym
5acc0204-55ff-4e83-8dbe-4197c9013500,2ac19fe3-fd77-4b1d-98d3-8d60c00f2ad8,mätkin,Coordinate term
5acc0204-55ff-4e83-8dbe-4197c9013500,413bf7b2-4ad3-4921-bf64-a979e98f745e,källatolma,Coordinate term
5acc0204-55ff-4e83-8dbe-4197c9013500,3d50e2a0-b3b3-4930-9c75-79f7ba153d67,tärangesa,Coordinate term
5acc0204-55ff-4e83-8dbe-4197c9013500,9e848729-3bf2-4190-891c-57ab0c075257,mända,Coordinate term
5acc0204-55ff-4e83-8dbe-4197c9013500,d3f6673d-c605-40cb-ac01-025ae3a7fd9c,ttang lläpät,Generic
717d360e-965d-4c66-aa6b-1fd89197e5ef,42b1d019-1724-42b3-bd1d-b164681b1181,komllaebekomllaebe,Synonym
717d360e-965d-4c66-aa6b-1fd89197e5ef,fa54f9e6-a903-4fdd-8f87-f115772352d9,komlla komlla,Synonym
717d360e-965d-4c66-aa6b-1fd89197e5ef,4626d77e-d159-4ac9-9ed8-8f7eda92e8fb,po,Synonym
00af7a87-8eaf-40f6-938f-b25e84dcba41,e71dc5dd-e81a-492a-adb2-aac3dc7696ba,tobäll,Generic
a7d833fc-b5a2-420c-aa65-f7476678dc8b,3b209c39-5451-40ac-94d2-aefecb2aa887,mitmit,Specific
3492893f-4ab4-4850-ba08-f475a1fc8a70,923dab66-7e95-415f-b2a6-1f5838adecc8,pipllo,Generic
a1b6e748-05a3-4933-9e51-87c2ffe65b34,a9f4644a-fb0f-4336-b995-64a9048c8d53,sande,Coordinate term
a1b6e748-05a3-4933-9e51-87c2ffe65b34,98cd325c-7f85-493b-937f-d9b47fb13b8a,mandde,Coordinate term
a1b6e748-05a3-4933-9e51-87c2ffe65b34,2bcdf231-6162-4de4-86b8-83a9537f4570,tesde,Coordinate term
a1b6e748-05a3-4933-9e51-87c2ffe65b34,b0ebbd3a-618a-4b4e-8a0a-502de5ccfed2,winisde,Coordinate term
a1b6e748-05a3-4933-9e51-87c2ffe65b34,961d29d4-ad4f-47b0-b252-f37d5d69b896,praedde,Coordinate term
a1b6e748-05a3-4933-9e51-87c2ffe65b34,8a4f96bd-1d5a-4f5f-bfd1-237941814888,satade,Coordinate term
abb8308f-d107-400d-a564-5ac91710b97c,d1dfb574-cba4-44e2-8e08-ea70243adaaa,ekaklle,Synonym
abb8308f-d107-400d-a564-5ac91710b97c,b070e5f1-58ad-43d5-a634-95c302548b6b,ekaklle,Synonym
37dc828e-4e4b-4cc5-8265-42723238618c,2e54db5a-3e5d-4b0b-88a8-559aee5cae42,biye,Generic
a8ffbffb-9a77-4991-a463-b8b42db4fc67,91c6cad1-6df8-4a4e-932e-9bf75f069c77,ddoddollem,Generic
a8ffbffb-9a77-4991-a463-b8b42db4fc67,1931a606-817c-4292-9eb1-3f2a84f7ec19,ekaeka,Generic
a8ffbffb-9a77-4991-a463-b8b42db4fc67,d65cce92-583d-4824-8a4a-cc97c8c3d165,ttällallem,Coordinate term
4da8ac0b-b71d-4441-acc4-c3be211e8637,39475b54-3864-43c8-bd46-5f53c4dc0838,komlla putt,Synonym
4da8ac0b-b71d-4441-acc4-c3be211e8637,165246ef-67fd-4142-9747-9ed3b7735661,apte matta,Synonym
407d637d-32e3-48e2-8a3d-bd3b10a8279a,9518174c-42a9-4e4b-b1d9-51fe95677fc4,skul,Generic
7fbf9f1f-357f-4e0b-92c2-16e432d6a12a,821619de-4547-4696-a49b-0c1c85024331,tonang,Antonym
6a6ad3e4-5710-4daf-b635-0757068d42e5,51258f7f-0818-4c07-897d-3ceb3e045261,po,Synonym
00bec61f-7bcd-4843-87e6-a51f65458b3e,7bf79077-f869-4511-8a2a-e11e1f2029f0,ttapeyamttapeyam,Synonym
c995d610-6239-4ba0-af80-6283aa194710,3addc475-a80d-4243-aa48-6f54482768b6,kitar,Coordinate term
c995d610-6239-4ba0-af80-6283aa194710,0f2a8609-fda2-4e5c-8c9d-3a6c20c1708d,kapalla,Coordinate term
29d77a69-104c-43c4-903c-ca58ddc377d3,44bb3616-9aa2-4347-8e23-910a5bff8471,mätta,Generic
02162e65-097c-4c36-8e71-977289480a49,653f7def-89c5-48a1-83bb-b732fd9b45c9,nge,Generic
ce44d6ef-8864-4d6b-a454-7df92a8abc1a,e8441c15-d109-4791-857b-d39085f4c521,trungg,Synonym
ce44d6ef-8864-4d6b-a454-7df92a8abc1a,c78933d1-8b55-4b2a-90c0-671806ed6e26,olle,Synonym
d09087a2-0c66-4144-9311-c895e3c53d59,440b03e7-d90c-4466-8e31-7b14c87ebba2,tine,Specific
d09087a2-0c66-4144-9311-c895e3c53d59,ff268ec8-a419-4570-a9d6-9e5e2459de51,ttättäp,Specific
d09087a2-0c66-4144-9311-c895e3c53d59,17b0f039-5b0e-4de1-803f-4dc233296852,käkäm,Specific
d09087a2-0c66-4144-9311-c895e3c53d59,5289a235-4ba2-4bed-a67e-f99e639a5f99,ttattep,Specific
d09087a2-0c66-4144-9311-c895e3c53d59,2e1d1a41-ec59-4588-9cf5-5ebbb9af077b,rupi,Specific
be7d7695-6548-4ba7-8b5b-7da495f100a6,02609fa4-cc4f-4426-b25f-88c4a62eb4c1,kuddäll,Antonym
be7d7695-6548-4ba7-8b5b-7da495f100a6,1a31aa0b-38d9-4199-9cca-8aa646356727,giddoll,Synonym
3e578bbf-117b-4b26-995f-81760a2ac801,8804f8b6-4a1c-418e-9fa5-41361ac9ae8b,kuddäll,Antonym
248bb614-81ae-4f0e-865d-c9fd93bdfb9f,3cfa5def-cd7d-4d58-a3df-8582e8ed6c1f,kam,Antonym
248bb614-81ae-4f0e-865d-c9fd93bdfb9f,5083e33a-e28b-40dd-98de-50d1ab34fa3f,llätt,Synonym
8708684c-d0bd-449d-9dca-8b55fa06bc26,ea4c1e83-5c5c-4851-898c-fc65c3150410,kam,Antonym
8708684c-d0bd-449d-9dca-8b55fa06bc26,87755da8-b79d-4551-ad28-fe35699411b8,tära,Synonym
0b9b7223-9f62-403a-8fc1-a38e10d61397,7506fefa-27c6-4e83-8b72-49052a213346,sisi,Coordinate term
0b9b7223-9f62-403a-8fc1-a38e10d61397,f94ee63b-b6f0-443b-ae71-24ee933ecf57,nge tikop,Coordinate term
0b9b7223-9f62-403a-8fc1-a38e10d61397,75b0dc1d-c3bb-4788-a0a4-4c8666812982,kokowang,Coordinate term
0b9b7223-9f62-403a-8fc1-a38e10d61397,3118151a-0327-49c7-b6f1-32de50335cfb,gongglem,Coordinate term
0b9b7223-9f62-403a-8fc1-a38e10d61397,04cc8775-1962-4c8c-819b-f52930293119,nge dɨdɨr,Coordinate term
0b9b7223-9f62-403a-8fc1-a38e10d61397,e16f9397-5537-44a0-aa25-90f3541c3f98,nge popo,Coordinate term
0b9b7223-9f62-403a-8fc1-a38e10d61397,97c92baa-a143-4332-a982-73205a42b3ce,kukrub,Coordinate term
0b9b7223-9f62-403a-8fc1-a38e10d61397,6f0bd988-e147-4338-b8b6-fcce0663dbd4,tawekutt,Coordinate term
0b9b7223-9f62-403a-8fc1-a38e10d61397,cc4998e8-3e7c-4695-a456-878bc55a6937,bänbän,Coordinate term
0b9b7223-9f62-403a-8fc1-a38e10d61397,e463579d-c79e-44ce-87a0-404ef605b00f,kuang,Coordinate term
d8a5b83a-302a-4e4a-9690-906874d18b45,9545e916-b640-4072-bdf2-10c1164670b5,ttang koll,Part
d8a5b83a-302a-4e4a-9690-906874d18b45,d4803db7-b342-4f37-adb7-fceab621cea9,ttang päk,Part
d8a5b83a-302a-4e4a-9690-906874d18b45,d3f6673d-c605-40cb-ac01-025ae3a7fd9c,ttang lläpät,Part
d8a5b83a-302a-4e4a-9690-906874d18b45,2fcc1e47-9c42-46ce-b469-e406d4eefe26,llimba,Part
5abe6fd5-2f73-4b84-b763-eab10c18b6cf,f0074bb2-4868-4c47-92e4-0f1dcb337a45,ttäle,Coordinate term
5abe6fd5-2f73-4b84-b763-eab10c18b6cf,89b21da4-97a6-49fe-999f-5102f90ea570,ttang kum,Part
9545e916-b640-4072-bdf2-10c1164670b5,d4803db7-b342-4f37-adb7-fceab621cea9,ttang päk,Synonym
9545e916-b640-4072-bdf2-10c1164670b5,d8a5b83a-302a-4e4a-9690-906874d18b45,ttang,Whole
89b21da4-97a6-49fe-999f-5102f90ea570,5abe6fd5-2f73-4b84-b763-eab10c18b6cf,ttang,Whole
89b21da4-97a6-49fe-999f-5102f90ea570,6867e7a3-b98b-4ce5-b1f1-7217203eae2a,tubu,Coordinate term
77463906-beef-44c8-bdfb-539190d0b014,fcf10d19-809c-4d14-b811-f9d67dd7e9dd,seben,Synonym
a45346d9-54a6-483f-be49-713a99974610,135bd981-da56-4eec-8e88-fe66797f432f,tubutubu,Synonym
6c97268f-67fd-4a3f-81fb-fbacdb3f4d84,2fcc1e47-9c42-46ce-b469-e406d4eefe26,llimba,Near synonym
d3f6673d-c605-40cb-ac01-025ae3a7fd9c,9e848729-3bf2-4190-891c-57ab0c075257,mända,Specific
d3f6673d-c605-40cb-ac01-025ae3a7fd9c,3d50e2a0-b3b3-4930-9c75-79f7ba153d67,tärangesa,Specific
d3f6673d-c605-40cb-ac01-025ae3a7fd9c,2ac19fe3-fd77-4b1d-98d3-8d60c00f2ad8,mätkin,Specific
d3f6673d-c605-40cb-ac01-025ae3a7fd9c,413bf7b2-4ad3-4921-bf64-a979e98f745e,källatolma,Specific
d3f6673d-c605-40cb-ac01-025ae3a7fd9c,5acc0204-55ff-4e83-8dbe-4197c9013500,tupi,Specific
d3f6673d-c605-40cb-ac01-025ae3a7fd9c,29297b35-1756-46a3-a838-a3b3473a5422,nying lläpät,Coordinate term
d3f6673d-c605-40cb-ac01-025ae3a7fd9c,d8a5b83a-302a-4e4a-9690-906874d18b45,ttang,Whole
81492014-ecd6-4159-99ba-139057a00edb,476feb25-bd9a-4d6b-a01f-a036e7177f5c,paeb,Synonym
81492014-ecd6-4159-99ba-139057a00edb,6290ebc7-291d-495d-bfba-692b37b5b8c8,komlla komlla ttongo dduma,Synonym
81492014-ecd6-4159-99ba-139057a00edb,c5b78824-b8f5-4cb6-b7d8-c0a861636ca8,mända,Synonym
d4803db7-b342-4f37-adb7-fceab621cea9,9545e916-b640-4072-bdf2-10c1164670b5,ttang koll,Synonym
d4803db7-b342-4f37-adb7-fceab621cea9,d8a5b83a-302a-4e4a-9690-906874d18b45,ttang,Whole
8b58f71e-c438-4166-8c6a-d73b8a95f3ff,02082bdb-20c1-482a-bdb1-b3002ed2d111,kallkäll sod,Synonym
78228573-7ae8-4d7a-a600-6386709fc7f2,7fafdcbe-a10e-4a67-ba18-2136b169fc67,kollba,Generic
3f4048bb-9c1e-43e8-9d4f-11100b4121d3,60df0615-30ba-4935-96fe-e2241fbdbc81,sae,Antonym
3f4048bb-9c1e-43e8-9d4f-11100b4121d3,a27fb798-7706-434a-ae3c-e37eac10e236,papek,Antonym
3f4048bb-9c1e-43e8-9d4f-11100b4121d3,e8f90320-5f1f-4867-ad29-e9dd85e6c19d,tɨram,Synonym
3f4048bb-9c1e-43e8-9d4f-11100b4121d3,c4fceb2c-b6e0-41ea-9cd5-91c1f64c57f2,bänamb,Synonym
7bf79077-f869-4511-8a2a-e11e1f2029f0,00bec61f-7bcd-4843-87e6-a51f65458b3e,ttalamttalam,Synonym
8c1d3335-08fd-47e2-9b0c-dd7bd42ff224,739b5ea3-5136-47cc-89ee-2fa67e46ea6c,ingoll,Whole
4bccc41c-ada1-4f9c-b414-16cb3a2933e3,4484d22b-e8fd-480c-bcad-5d354aec1874,kowa,Coordinate term
4bccc41c-ada1-4f9c-b414-16cb3a2933e3,9e59dada-57b9-4f9d-9b0c-d12f61f8bb4f,ddäg,Whole
496acffb-a350-45f7-b024-b44c5539b779,05c18e33-5790-4c53-a1b1-4cd6ea3ad602,plengg,Synonym
496acffb-a350-45f7-b024-b44c5539b779,89820211-a0ee-4511-828d-da6d0bd141ad,ttäkoe,Synonym
496acffb-a350-45f7-b024-b44c5539b779,3dfe535a-188b-428b-911f-a01e40e7a306,papälläk,Synonym
b725a025-288b-444f-9122-c64a8604a894,44bb3616-9aa2-4347-8e23-910a5bff8471,mätta,Generic
5289a235-4ba2-4bed-a67e-f99e639a5f99,d09087a2-0c66-4144-9311-c895e3c53d59,ttam,Generic
5289a235-4ba2-4bed-a67e-f99e639a5f99,ff268ec8-a419-4570-a9d6-9e5e2459de51,ttättäp,Coordinate term
5289a235-4ba2-4bed-a67e-f99e639a5f99,17b0f039-5b0e-4de1-803f-4dc233296852,käkäm,Coordinate term
2ff447e6-7c39-428b-8cde-7b2867c0e8e1,c1782631-c6d0-4aa8-b221-b862748d0595,teb,Synonym
0d3ec87f-d0f6-401e-9ec1-4bdfcfedc98e,814a9132-4772-4782-9023-da62f38748b9,alläp,Whole
cb197b53-dffd-4e39-a95f-7f744b36271e,613ca2a5-ed08-4fec-b6b3-76391cf492b3,orwa,Synonym
cb197b53-dffd-4e39-a95f-7f744b36271e,80118d76-d567-4eaa-9ff1-cbbb285c5cd7,kakep,Synonym
cb197b53-dffd-4e39-a95f-7f744b36271e,62935b82-230f-4657-8de0-95f83a5413f4,tätäp,Synonym
52047b83-380d-4277-a9d5-bc41d7aed3ab,a27fb798-7706-434a-ae3c-e37eac10e236,papek,Synonym
37e7f63a-da09-40c7-8e09-c0e6a563a0ec,927bf293-1c4d-4a95-868a-9048f70220f2,dägäldägäl,Whole
31140e47-b069-482e-9b89-2a59ca2127a6,18ced8fa-6b31-4064-9ae8-a5a66e5c7652,däkna,Specific
31140e47-b069-482e-9b89-2a59ca2127a6,9dbfaa4c-7878-4359-8e7a-1fa70280df04,kulläb,Specific
9aceabf1-3676-416b-8315-a29c58dd0b2e,38d486cf-79cb-4c75-b865-27b815a7131a,ugug,Coordinate term
7bdfe6a5-a3e4-40d4-96a7-56b981c2abc5,16ea6e0a-67c2-4ad1-8091-d5ce4c312636,dädär,Synonym
7bdfe6a5-a3e4-40d4-96a7-56b981c2abc5,59759d7b-171b-471f-83b1-60c06f9b9bb8,boser,Synonym
61b354b0-0e50-4baf-adf6-aff5601c5cac,57aef13a-827c-428e-a554-bbb1052d5e78,mani,Synonym
61b354b0-0e50-4baf-adf6-aff5601c5cac,b3ef407b-5640-4a8d-8bba-918d33ce7f49,mani käp,Synonym
e986c71b-40c3-4bef-ac34-753b8dac1602,7328ea75-c3a2-4bed-8f9d-d522b8e547de,llollom,Synonym
e986c71b-40c3-4bef-ac34-753b8dac1602,a2e3a5f1-bb7e-4c75-9419-44374d8c195c,pällkam,Synonym
e986c71b-40c3-4bef-ac34-753b8dac1602,4554729a-0e68-4f8f-86ff-c70f716a1970,ttäpen,Synonym
e986c71b-40c3-4bef-ac34-753b8dac1602,7f77a2f1-8ae8-4ebf-8771-2cfbebc4b469,ttängkag,Synonym
e986c71b-40c3-4bef-ac34-753b8dac1602,56e1a015-db05-4efc-95da-e91e094443e0,kädab,Synonym
33affdf8-4a6f-4113-93cd-21d9ea1f7416,2eee6b33-1792-45be-b1ba-47a2a83220f3,ngädngäd,Synonym
89820211-a0ee-4511-828d-da6d0bd141ad,496acffb-a350-45f7-b024-b44c5539b779,ttatta,Synonym
89820211-a0ee-4511-828d-da6d0bd141ad,f9582a34-6e22-4810-9127-a08712bfb5e8,tätäräp,Synonym
89820211-a0ee-4511-828d-da6d0bd141ad,3dfe535a-188b-428b-911f-a01e40e7a306,papälläk,Synonym
89820211-a0ee-4511-828d-da6d0bd141ad,072a1111-6cff-4363-ac1f-cb96eb4543f0,pape,Synonym
89820211-a0ee-4511-828d-da6d0bd141ad,74829a4d-d1a0-4a21-94cd-94bc3416b6b4,dädäräb,Synonym
f0074bb2-4868-4c47-92e4-0f1dcb337a45,033f2de4-f01b-4f23-84ed-bedfb4518829,nying,Part
f0074bb2-4868-4c47-92e4-0f1dcb337a45,6867e7a3-b98b-4ce5-b1f1-7217203eae2a,tubu,Part
f0074bb2-4868-4c47-92e4-0f1dcb337a45,84efec9f-aaf1-4f2f-a385-1261b8f22c1d,mankäp,Part
f0074bb2-4868-4c47-92e4-0f1dcb337a45,a1975c3a-4a9f-454f-b088-099f5392bb05,bäll,Part
f0074bb2-4868-4c47-92e4-0f1dcb337a45,dd24d104-d0d5-46e2-8515-df4fcc763984,anggog,Part
f0074bb2-4868-4c47-92e4-0f1dcb337a45,5abe6fd5-2f73-4b84-b763-eab10c18b6cf,ttang,Coordinate term
f0074bb2-4868-4c47-92e4-0f1dcb337a45,0afba8ce-521f-418b-aadb-adf4cdf95611,gageb,Near synonym
f8622598-b0df-43bc-afd7-ff3ffb586813,033f2de4-f01b-4f23-84ed-bedfb4518829,nying,Whole
616e2e22-ddbc-4206-ae50-42fb488094d1,033f2de4-f01b-4f23-84ed-bedfb4518829,nying,Whole
d64b42dc-c0b7-4720-9577-72d8448f7131,0afba8ce-521f-418b-aadb-adf4cdf95611,gageb,Synonym
d65cce92-583d-4824-8a4a-cc97c8c3d165,a8ffbffb-9a77-4991-a463-b8b42db4fc67,tuyem,Coordinate term
d65cce92-583d-4824-8a4a-cc97c8c3d165,91c6cad1-6df8-4a4e-932e-9bf75f069c77,ddoddollem,Generic
d65cce92-583d-4824-8a4a-cc97c8c3d165,1931a606-817c-4292-9eb1-3f2a84f7ec19,ekaeka,Generic
83fdbb27-f23e-4f2f-8045-eb295ab4af9c,db8c4664-ac66-4789-b92c-c421c2c2e494,singoll,Synonym
83fdbb27-f23e-4f2f-8045-eb295ab4af9c,0b6af252-1d8e-4118-ad46-263eeffe45ca,ttongg,Synonym
c6bef52e-9f79-493f-8d1a-bff67a22b59f,42321e8a-370c-4faa-b742-8f0a4b3f588c,gullem,Generic
949d857b-df34-4450-862c-f9f37b0d08a2,6ec54f42-2d2e-4c08-b42c-867ae941fdda,penongg,Synonym
949d857b-df34-4450-862c-f9f37b0d08a2,a0ee16d8-aea1-4b4f-bdb6-efb3307e7c3c,gonagone,Synonym
949d857b-df34-4450-862c-f9f37b0d08a2,23948dc6-a54b-47c3-8eeb-b7b1947c0bf1,yu,Synonym
27537d8f-2a7e-42e2-bf6e-2e366bffcc3d,85917f94-81a9-4d4f-9af7-280e8edef0e3,maigag,Generic
a242e941-77de-4a7c-9091-e2f449df6e4e,104cdba7-b076-419f-8f5b-972e76d50981,kallkäll,Antonym
a242e941-77de-4a7c-9091-e2f449df6e4e,7689bd3e-8b8d-4f5a-be4d-4e896f91eace,kädkäd,Antonym
a242e941-77de-4a7c-9091-e2f449df6e4e,4046d81b-f266-4fc6-846d-512ba7cbaf89,tätäräp,Synonym
d1ef1d91-d513-41a7-b07f-8ca452252da2,f2331dbb-2594-4864-8873-615b12910945,penongg,Synonym
d1ef1d91-d513-41a7-b07f-8ca452252da2,fe5acded-00cc-4335-907a-663cf85ce994,dangg,Synonym
a72bb34a-fb31-4b5a-b573-0dfb165d0df7,4cade4f9-4928-437f-bf03-306a512b35e3,ngättangätte,Synonym
a72bb34a-fb31-4b5a-b573-0dfb165d0df7,e67fa5aa-0b90-43a7-a1c7-5b09c0faf17a,dadäräb,Coordinate term
43799393-6f47-43f9-9f04-baa88a4ded83,66c8d2e2-7798-4e67-9782-5275c3be93e7,maduma,Synonym
a539e401-595a-4057-95cf-b177025f7e67,ed725923-dd56-4d2a-8192-0d5bcd91b64d,bunmat,Part
a539e401-595a-4057-95cf-b177025f7e67,2d50aabd-8523-432f-911d-d565d783fc87,witara,Specific
a539e401-595a-4057-95cf-b177025f7e67,6b200d5e-b965-453b-b625-feead1434a46,goeg,Specific
a539e401-595a-4057-95cf-b177025f7e67,e94c0ea4-2fc1-4836-88e8-5122ab8f3f79,pu,Specific
84809c11-6ea9-4051-8f30-6c6c64407019,4b5b1024-d82b-4bef-8df6-5577c4afa293,ngättäma,Synonym
84809c11-6ea9-4051-8f30-6c6c64407019,21c793a9-ba32-4519-8d2e-10f1c3813e17,ngata,Synonym
84809c11-6ea9-4051-8f30-6c6c64407019,f24b22b2-a444-4499-930b-c11a27b091fc,ma,Synonym
7f77a2f1-8ae8-4ebf-8771-2cfbebc4b469,56e1a015-db05-4efc-95da-e91e094443e0,kädab,Synonym
7f77a2f1-8ae8-4ebf-8771-2cfbebc4b469,a2e3a5f1-bb7e-4c75-9419-44374d8c195c,pällkam,Synonym
7f77a2f1-8ae8-4ebf-8771-2cfbebc4b469,e986c71b-40c3-4bef-ac34-753b8dac1602,ttäkam,Synonym
7f77a2f1-8ae8-4ebf-8771-2cfbebc4b469,4554729a-0e68-4f8f-86ff-c70f716a1970,ttäpen,Synonym
7f77a2f1-8ae8-4ebf-8771-2cfbebc4b469,7328ea75-c3a2-4bed-8f9d-d522b8e547de,llollom,Synonym
f3e4bdd4-1d85-4824-b0ee-6dcf25a00bac,22918c19-c198-4eb2-b5e8-5af4fedb2544,ngämen,Synonym
57b8309e-131a-4635-b0e1-d3908c555636,e36c7641-ffab-4910-9e66-a89b1a345492,llollom,Synonym
4554729a-0e68-4f8f-86ff-c70f716a1970,a2e3a5f1-bb7e-4c75-9419-44374d8c195c,pällkam,Synonym
4554729a-0e68-4f8f-86ff-c70f716a1970,7328ea75-c3a2-4bed-8f9d-d522b8e547de,llollom,Synonym
4554729a-0e68-4f8f-86ff-c70f716a1970,e986c71b-40c3-4bef-ac34-753b8dac1602,ttäkam,Synonym
4554729a-0e68-4f8f-86ff-c70f716a1970,56e1a015-db05-4efc-95da-e91e094443e0,kädab,Synonym
4554729a-0e68-4f8f-86ff-c70f716a1970,7f77a2f1-8ae8-4ebf-8771-2cfbebc4b469,ttängkag,Synonym
639a5585-2188-4d76-8fa1-33b188d25f96,fdcb57a7-3112-43bb-a187-36d3e4c0758c,sawe,Antonym
3ec3648d-57c8-4d86-84f3-109391627193,6aadb98e-5aef-44a3-a9bd-5daf00dd87d8,pisam,Near synonym
ff268ec8-a419-4570-a9d6-9e5e2459de51,d09087a2-0c66-4144-9311-c895e3c53d59,ttam,Generic
ff268ec8-a419-4570-a9d6-9e5e2459de51,5289a235-4ba2-4bed-a67e-f99e639a5f99,ttattep,Coordinate term
ff268ec8-a419-4570-a9d6-9e5e2459de51,17b0f039-5b0e-4de1-803f-4dc233296852,käkäm,Synonym
123f2721-101c-4224-84bd-1f68163d902e,06a143ec-416e-431f-b851-9796ead44c6a,imomdae,Synonym
99306e39-543e-4f8a-9c0a-ec06c90964bd,7a5166c9-142c-4ea1-8f4b-7e2fd8cdcbf0,tine,Whole
6b4975a1-0e66-479b-a54c-fb9051465f68,f83f0cf4-dd91-4dbc-9f1c-7f19fc59502d,sana,Generic
4b6792b7-e2fb-4ec8-a078-47411646d911,023d9350-5958-4f0e-bd7f-b8656b27db08,galbe,Generic
3b321dc4-f812-4aaf-a06d-11c7dd641636,b8351572-5e41-4038-b7e9-b60752d8adc5,llo ttoe,Full phrase
32285bea-fcca-4f9d-aefb-acd5674f6172,2a666a29-8b4b-4f61-a428-0db0f4e6eb75,stori,Synonym
32285bea-fcca-4f9d-aefb-acd5674f6172,4d6a434f-fd1b-4adb-9fd9-093e7bea1382,eka,Synonym
32285bea-fcca-4f9d-aefb-acd5674f6172,853cf50b-6745-4a84-8e68-db017dd04a7f,pepeb,Specific
30f15741-94d7-4daa-b077-dc7a5ef814fa,a4e3b15f-24f8-41f6-a33b-3589df94befb,za,Synonym
30f15741-94d7-4daa-b077-dc7a5ef814fa,ff0773b7-785f-4b16-870a-b6ced43afde3,ngalen,Synonym
8060c97f-4822-43b0-b44f-fe518ac35264,df61f678-d6a8-4476-b6c9-6e5a0d862154,ngalen,Synonym
5dc36362-7022-4e46-818c-84222764ce70,44e89642-be36-4e51-970d-1763bb22229f,bällgae,Synonym
5dc36362-7022-4e46-818c-84222764ce70,f9f5ea5f-3fc9-4041-b552-6cd04c4b5821,pädrall,Synonym
1c949cb8-83c4-4da4-9bc3-1eb7a87f1448,42321e8a-370c-4faa-b742-8f0a4b3f588c,gullem,Generic
56c9373d-c281-4cb8-bc78-b7a91c2bd39e,00fdddbc-9ebb-4d8c-ac38-13005e4e054f,ikop songgorag,Coordinate term
9ecf12e9-d0ce-4fe2-9aa1-cba0639dd585,66c50a43-f7cc-46bc-83fe-a2a1249e2d28,wan,Synonym
9ecf12e9-d0ce-4fe2-9aa1-cba0639dd585,3c1322f4-24fd-45ee-a57e-71a666af5a1d,tärangesa,Synonym
9ecf12e9-d0ce-4fe2-9aa1-cba0639dd585,ffe97ab8-1839-457e-850b-6c889e15bd38,ttongo,Synonym
0b6af252-1d8e-4118-ad46-263eeffe45ca,db8c4664-ac66-4789-b92c-c421c2c2e494,singoll,Synonym
0b6af252-1d8e-4118-ad46-263eeffe45ca,83fdbb27-f23e-4f2f-8045-eb295ab4af9c,ttällam,Synonym
59fcafc8-7b16-4736-bec8-e58dfc48ec80,941dcf3c-fd90-4139-9389-97b1e9c600c0,ttonggttongg,Antonym
59fcafc8-7b16-4736-bec8-e58dfc48ec80,53bfa038-afa7-40aa-8d33-e9e4624ef672,sinensinen,Antonym
941dcf3c-fd90-4139-9389-97b1e9c600c0,59fcafc8-7b16-4736-bec8-e58dfc48ec80,ttonggmeny,Antonym
941dcf3c-fd90-4139-9389-97b1e9c600c0,53bfa038-afa7-40aa-8d33-e9e4624ef672,sinensinen,Synonym
361cb7c2-20df-44f3-80ae-5726eabb141c,814a9132-4772-4782-9023-da62f38748b9,alläp,Whole
ffe97ab8-1839-457e-850b-6c889e15bd38,3c1322f4-24fd-45ee-a57e-71a666af5a1d,tärangesa,Synonym
ffe97ab8-1839-457e-850b-6c889e15bd38,9ecf12e9-d0ce-4fe2-9aa1-cba0639dd585,ttongdae,Synonym
ffe97ab8-1839-457e-850b-6c889e15bd38,66c50a43-f7cc-46bc-83fe-a2a1249e2d28,wan,Synonym
27a2943f-0870-401e-ad05-3772942ac4e1,5771d190-e806-434b-93dd-3c1efbce026a,de,Synonym
c67949c5-e35a-4b7b-a269-f41efc6bc888,ec98fe8b-1439-4583-a289-803107258a2d,känazbag,Coordinate term
c67949c5-e35a-4b7b-a269-f41efc6bc888,c3f9738d-4eac-4189-9e6c-6e774e89c305,eddom,Coordinate term
c67949c5-e35a-4b7b-a269-f41efc6bc888,c9892ccd-486a-4f80-9dde-d7168156cb8e,tätäm,Coordinate term
c67949c5-e35a-4b7b-a269-f41efc6bc888,30006196-23d2-4b69-9bac-d7c6e6d110ba,sisri ebdo,Coordinate term
91874006-87a6-4412-a7bd-fedb8e49018e,c138a496-d060-4616-984f-a684349b18d7,tumang,Antonym
91874006-87a6-4412-a7bd-fedb8e49018e,95bae930-cdde-4154-b988-6edc91e6cadf,kemibi,Antonym
91874006-87a6-4412-a7bd-fedb8e49018e,b1525d84-ca8c-47e3-bd7c-9fb8735dcd99,gollaeb,Antonym
91874006-87a6-4412-a7bd-fedb8e49018e,5a03b409-4e92-44a4-82b3-5db16fbf932d,yuwog,Antonym
91874006-87a6-4412-a7bd-fedb8e49018e,f9c922af-add0-4c6c-91dd-6b3bf01ce261,gudae,Antonym
91874006-87a6-4412-a7bd-fedb8e49018e,b6e86a93-8183-4f8b-9d4c-305d7df2444f,aolidae,Synonym
91874006-87a6-4412-a7bd-fedb8e49018e,544d202d-b1c6-434a-a83b-956d1ed3d3d0,kälae,Synonym
4cbe5cc6-d5f1-49c6-8ddb-37de0510f128,1c854510-0eeb-4e3c-8b38-f03883377a55,kättapun,Specific
4cbe5cc6-d5f1-49c6-8ddb-37de0510f128,475c01bf-45b3-40db-852f-2281d58b66d2,malonäbe,Specific
3bfe5b9c-9391-4989-a0c3-586a412adc52,9c97e472-2744-4c06-9bf4-e645325a86af,mällamälla,Synonym
a25b3970-3d55-48f4-8c57-708ddbc9217a,5cb7d204-2136-464e-8884-e1fcf8808ad0,tumtum,Synonym
a25b3970-3d55-48f4-8c57-708ddbc9217a,33bbabf2-b18c-4567-b5bb-2f4bb0eda131,umaem,Synonym
a25b3970-3d55-48f4-8c57-708ddbc9217a,b371d64f-dbe1-4ac6-a385-bc42eebef075,tukpi,Synonym
a25b3970-3d55-48f4-8c57-708ddbc9217a,9bc52877-5f17-441e-9e6d-0671a14e0369,ddän,Synonym
b4cc7bec-e6b7-4df4-a9cb-9f5d6cd227d1,cc7c9819-f7b4-4c37-a697-142948beeb92,pasis,Synonym
8017a18c-1f8a-46ea-ab70-607a62a41b1e,685ecdbc-6548-4ebc-9bb6-aca40cffe31d,ngowangowe,Antonym
b302aea3-5a48-443a-9ead-115d8d17c5a8,2136ec6e-0315-44dd-b28e-c1431deff379,bogo,Singular
a23dd552-a420-423f-84e6-de5d52369416,c2784963-9bca-4c3b-9e4c-bd30df40b739,kaemne,Generic
3f21e369-72bc-45be-863d-684597aa76b7,023d9350-5958-4f0e-bd7f-b8656b27db08,galbe,Generic
28f56863-a968-45dc-a816-afcfb5bb29c6,943e52fc-89bf-49c8-a803-f9aecb6afc23,pängän,Synonym
80fb942b-df2f-4ca4-9a9c-6678272b614a,6ec54f42-2d2e-4c08-b42c-867ae941fdda,penongg,Synonym
38d486cf-79cb-4c75-b865-27b815a7131a,9aceabf1-3676-416b-8315-a29c58dd0b2e,ttägäll,Coordinate term
8d0b9f9b-c50f-453f-a003-e99419121197,8735f3cd-34da-4b9c-b7be-c9dd7148fd36,pameny,Synonym
8d0b9f9b-c50f-453f-a003-e99419121197,1c62752f-286a-4843-94d5-85d9effdf732,allka,Synonym
8d0b9f9b-c50f-453f-a003-e99419121197,c9985f15-5908-44c1-b7dc-0b8a99f1dc45,erany,Synonym
2dba1178-ced2-4f16-96a7-7d9de4fd39b4,dd62379e-c2c3-4ec8-9d8d-bbdf2f82c2ee,kälsäre,Antonym
2dba1178-ced2-4f16-96a7-7d9de4fd39b4,20a55a43-5147-49bf-a035-ce887d2371a3,kälae,Antonym
082c87c0-8354-41bc-9337-5be2f0aac244,5b60d845-fc21-4675-b339-5b9739ee8c8c,tupi,Synonym
082c87c0-8354-41bc-9337-5be2f0aac244,19e414a0-4aec-4f69-afae-78e897677f32,tupi,Synonym
13551630-a090-41ae-a414-dddfbfdd9e77,544d202d-b1c6-434a-a83b-956d1ed3d3d0,kälae,Antonym
13551630-a090-41ae-a414-dddfbfdd9e77,5a03b409-4e92-44a4-82b3-5db16fbf932d,yuwog,Coordinate term
d3a62eda-4526-4c46-88aa-84d4f366cfe3,19e215d9-c8d4-44f0-908d-1600ff6fe817,mändmänd,Synonym
f42f461d-c2de-41c1-9a6d-e69de57c533f,6becef04-5f8e-4478-af45-cee9c3cac817,zizag,Synonym
52475f02-32f5-4a1f-8be1-a42304c5fa67,3a809054-945c-466d-a36c-22c8a6fa7ff3,kottllam,Generic
0560ec94-1e72-4514-8740-91cc5b9d1737,3735edb2-f3d3-45a4-ab47-65e699c17012,kälepalle,Antonym
29d28c56-e73f-42a2-8a78-9984065f2d26,3f0cec3e-e425-42cc-8cef-700738bcf406,opap,Synonym
feae7328-04db-49f7-b2dd-da6472cc544c,5cb7d204-2136-464e-8884-e1fcf8808ad0,tumtum,Synonym
feae7328-04db-49f7-b2dd-da6472cc544c,0e3153b9-65d4-4f1d-a9ba-a093703d29f4,klloklloe,Synonym
33bbabf2-b18c-4567-b5bb-2f4bb0eda131,513e59d0-3091-4e36-9eb2-75e5b67acdb5,klloklloe,Synonym
33bbabf2-b18c-4567-b5bb-2f4bb0eda131,a25b3970-3d55-48f4-8c57-708ddbc9217a,ttotto,Synonym
33bbabf2-b18c-4567-b5bb-2f4bb0eda131,5cb7d204-2136-464e-8884-e1fcf8808ad0,tumtum,Synonym
33bbabf2-b18c-4567-b5bb-2f4bb0eda131,9bc52877-5f17-441e-9e6d-0671a14e0369,ddän,Synonym
a4588977-e86d-4240-bb05-4bca5ea837a7,0c0899bf-e1b4-41f2-8d59-3c569827776a,bod,Synonym
399144d6-b626-48f4-9ae1-dd3052a9d5e7,7702ac90-293f-46d8-a956-97c0e8f5fd62,kame,Antonym
941cb5db-c7bc-4d9f-a5fa-1d04209d71a8,34c6a4b9-881e-4d6c-aa04-6b16f3aa22ee,llɨtɨt,Synonym
941cb5db-c7bc-4d9f-a5fa-1d04209d71a8,8524783d-3176-40a1-b42c-4d2d72d1f29a,lläntäg,Synonym
9be90e96-eed7-40e6-8241-8d664a0ebabc,9518174c-42a9-4e4b-b1d9-51fe95677fc4,skul,Generic
3dcdb851-10c1-413a-86a5-26cf67418633,a9a70399-0238-4793-8815-6a6240596a46,maigag,Specific
3dcdb851-10c1-413a-86a5-26cf67418633,b85b5645-d155-4f52-9497-b3c2e8a616e0,mollok,Specific
3dcdb851-10c1-413a-86a5-26cf67418633,4290cdcc-0b26-4493-acd9-220d8c1a3ace,momolltätän,Specific
3dcdb851-10c1-413a-86a5-26cf67418633,313efea0-2ca6-4e48-b49e-def19fb40568,mekewa,Specific
3dcdb851-10c1-413a-86a5-26cf67418633,4e011734-4516-4d8d-84bc-efd58ddc2304,mɨka,Specific
3dcdb851-10c1-413a-86a5-26cf67418633,bb65552e-a29e-4a07-9360-31f271eeef5f,mislok,Specific
3dcdb851-10c1-413a-86a5-26cf67418633,6fa1cb5d-0e72-42b8-ab12-40d97192520c,padiem,Specific
3dcdb851-10c1-413a-86a5-26cf67418633,2ab3c478-dae6-4120-b951-a16fec18d71c,pepeb wup,Specific
3dcdb851-10c1-413a-86a5-26cf67418633,25665779-c1b4-4fe5-bb5a-99149ce5df28,popell,Specific
3dcdb851-10c1-413a-86a5-26cf67418633,8d8fc1fd-aee4-4db4-bfbe-0da3efd58ab4,samoa,Specific
3dcdb851-10c1-413a-86a5-26cf67418633,bf6aa8bd-fa13-44cc-ac61-5af95bf35c01,zib mäka,Specific
3dcdb851-10c1-413a-86a5-26cf67418633,d235fcb7-72e8-4ab3-9236-4aad2f25e523,pälläk,Specific
3dcdb851-10c1-413a-86a5-26cf67418633,73a95431-bb7d-467e-961a-75d0f5d61133,tibra,Specific
3dcdb851-10c1-413a-86a5-26cf67418633,1c0bd7c0-905a-447c-9e1b-710364a532fe,wakata,Specific
3dcdb851-10c1-413a-86a5-26cf67418633,39ab9fbe-12b1-40df-8305-c96143f380cf,wana,Specific
3dcdb851-10c1-413a-86a5-26cf67418633,6d1c45f8-d344-4186-8805-ec5d660328f2,wirog,Specific
3dcdb851-10c1-413a-86a5-26cf67418633,3c564c97-7fc9-4326-b14d-b635fa3f9e67,as,Specific
3dcdb851-10c1-413a-86a5-26cf67418633,8b972b64-038a-4e70-9678-d12bfde1a317,asip,Specific
3dcdb851-10c1-413a-86a5-26cf67418633,ff9b6da3-6ae1-4f5a-bf5c-1aac2cb174a1,bälläg,Specific
3dcdb851-10c1-413a-86a5-26cf67418633,325b0188-93f7-4661-a126-0171579b2ad8,buwo,Specific
3dcdb851-10c1-413a-86a5-26cf67418633,1e22f448-1e65-486e-95a1-833c978f0567,dauma,Specific
3dcdb851-10c1-413a-86a5-26cf67418633,f14ffbf6-efb3-4a7b-b06a-c24dd6e5fc38,därmir,Specific
3dcdb851-10c1-413a-86a5-26cf67418633,a21dfd19-e142-4149-aa72-3b8a88435fb5,karita,Specific
3dcdb851-10c1-413a-86a5-26cf67418633,fb08074c-b13e-4963-9ada-c6b1ad3b0306,kokol,Specific
3dcdb851-10c1-413a-86a5-26cf67418633,de56806a-ef9c-4a51-894b-caee0c3ff6f1,lla up,Specific
3dcdb851-10c1-413a-86a5-26cf67418633,45998579-5ad6-432e-ab0b-3213b99e3ffa,madura,Specific
3dcdb851-10c1-413a-86a5-26cf67418633,b106d9e4-6c16-46f4-a0d5-5a6e985c5626,mamkiel,Specific
3dcdb851-10c1-413a-86a5-26cf67418633,65873cd3-9552-4d6c-acf9-59676fb472de,mätemäte,Specific
80cd18fd-e6bd-41ea-9897-c5b2a8b4fe07,2318f046-6494-4f6f-bec4-d00af67e0d02,guwo,Antonym
80cd18fd-e6bd-41ea-9897-c5b2a8b4fe07,b34f6c84-026b-4eef-acc2-6f966efad93c,ik,Antonym
80cd18fd-e6bd-41ea-9897-c5b2a8b4fe07,7e7fea48-52ab-43fb-a2ee-25e9692a298c,ddäg,Synonym
355ca15e-da6c-4d52-8b8f-b79b31698476,36f12cdb-e11b-44c2-8d97-11c59f22ca6f,nag,Generic
b0237901-a3a6-42d5-be73-13cdbd4dc9bb,653f7def-89c5-48a1-83bb-b732fd9b45c9,nge,Generic
3c6dd2e0-f7ee-4c31-aedf-5c9a93097570,4e385d54-8061-4d49-9c3b-9681ea24fd5f,wiya,Coordinate term
3c6dd2e0-f7ee-4c31-aedf-5c9a93097570,68c217a4-9c49-4a64-9ec0-6f007f55dd4d,aba,Synonym
3c6dd2e0-f7ee-4c31-aedf-5c9a93097570,58ba4b9f-7523-43d4-8586-e9a2f519ab1e,ibi,Synonym
a7f25595-56c4-49f8-9118-acf9b2115be9,71644bcd-93aa-487d-91e3-28d3fc89c027,dowae,Antonym
1a476158-e3ea-401a-bb4e-589338b37d83,0af565d1-598c-488f-8d6d-3de1ebdfd4a8,wänkäm molle,Part
1a476158-e3ea-401a-bb4e-589338b37d83,d049c554-024a-42ac-bfbc-59aff7ff73b9,pudd,Specific
1a476158-e3ea-401a-bb4e-589338b37d83,7c6fc21e-7e12-43b5-858c-e504703f3998,wariwari,Specific
1a476158-e3ea-401a-bb4e-589338b37d83,714ef98b-6585-4685-899f-069e0e333624,täp,Specific
1a476158-e3ea-401a-bb4e-589338b37d83,77edd0b1-5c02-4a24-a03b-edde7927de2c,koko,Synonym
1a476158-e3ea-401a-bb4e-589338b37d83,caec0b92-896a-4aed-b96c-19337deaa13f,nge,Whole
a18478e1-95bf-432d-9e1e-82ee322464bb,d8bd3fc7-fbd3-410a-bd0d-4f2faf0739f3,ali,Synonym
f9d3ad31-d4a2-45c7-9881-d7ccdb92d61f,f83f0cf4-dd91-4dbc-9f1c-7f19fc59502d,sana,Generic
d2754114-31ef-4514-ab37-1f05436f4b53,3a809054-945c-466d-a36c-22c8a6fa7ff3,kottllam,Generic
38244b5d-09db-4d5f-bd96-5b8838d5b239,f3ee55f9-433a-495f-855e-383876ca5691,dindu,Synonym
a4971ad5-d84c-44bc-b0c8-f899fa92f7d3,b7a111d9-28c7-4841-aac2-2f3476f8fc71,dompa,Colloquial term
a4971ad5-d84c-44bc-b0c8-f899fa92f7d3,83916751-e8db-429c-aa13-60a8fda34e4a,yowa,Coordinate term
6785c63a-b56e-4716-a109-6e2e1e55f5df,744b232e-a9a5-42ca-b1e1-fb5cbbe320f6,metmäll,Synonym
6785c63a-b56e-4716-a109-6e2e1e55f5df,e5e350fe-8c14-4a4a-b033-d77ed8fe1012,gäz,Synonym
6785c63a-b56e-4716-a109-6e2e1e55f5df,70a8fbd0-8fa9-406f-869e-76e62d82070c,pape,Synonym
6785c63a-b56e-4716-a109-6e2e1e55f5df,1c46b37a-5f8c-4d51-ae8b-3818131efa02,papa,Synonym
21066bae-3b58-4434-b037-0221e11a0e42,720869ae-01d8-4597-b246-3a5585656863,yoko,Specific
21066bae-3b58-4434-b037-0221e11a0e42,d4555288-084c-432a-b504-aba92adf7c65,yorko,Specific
be006d8e-679c-40f8-a9f4-b4a7c9b5bea2,ad182760-0f38-4d7c-97ea-034defc653f4,bägäl,Whole
fd9b7cfc-2089-4f9a-a827-13a282178527,42321e8a-370c-4faa-b742-8f0a4b3f588c,gullem,Generic
ffc6cdc9-6ed6-4493-8994-92a1f0cb91de,2e54db5a-3e5d-4b0b-88a8-559aee5cae42,biye,Generic
592a1172-98ee-4471-b943-8bfae08834d5,fac4ae80-b2b8-4137-b7f1-75058ad2b66a,bandra,Generic
1c0bd7c0-905a-447c-9e1b-710364a532fe,3dcdb851-10c1-413a-86a5-26cf67418633,up,Generic
b6885a57-2b43-4fcd-a983-08c3c3da232e,92099373-79a3-466e-9e72-d7105a00c90f,ine,Near synonym
b6885a57-2b43-4fcd-a983-08c3c3da232e,2efd0717-4176-44b3-8ca1-12825d9c3f32,bem,Specific
b6885a57-2b43-4fcd-a983-08c3c3da232e,6cd29feb-2df2-4f65-95ac-4c14bc093da6,källäm,Specific
b6885a57-2b43-4fcd-a983-08c3c3da232e,17a26cb0-933d-490d-9665-7a941871d823,walle ddage,Specific
b6885a57-2b43-4fcd-a983-08c3c3da232e,3409b1d3-ba64-4b81-8577-3692e227cace,orbam,Specific
17a26cb0-933d-490d-9665-7a941871d823,b6885a57-2b43-4fcd-a983-08c3c3da232e,walle,Generic
17a26cb0-933d-490d-9665-7a941871d823,7fd159e2-c7cc-4f2a-aabf-5853888c30d2,bun,Part
17a26cb0-933d-490d-9665-7a941871d823,6b73c67a-e87a-4acf-897e-ea604002e003,toengg,Part
17a26cb0-933d-490d-9665-7a941871d823,a9ffa17e-42ac-4850-be50-df2d7367af42,guem,Part
17a26cb0-933d-490d-9665-7a941871d823,7cf170b6-cb36-4138-b603-0a67835f5e40,walle mäg,Part
17a26cb0-933d-490d-9665-7a941871d823,a9ffa17e-42ac-4850-be50-df2d7367af42,guem,Part
7cf170b6-cb36-4138-b603-0a67835f5e40,39e08120-bae9-41a7-8c67-5438f8a15b78,mutt,Synonym
7cf170b6-cb36-4138-b603-0a67835f5e40,6e3cecb6-3dd7-48b0-93e1-8bdd71149b24,ddage llätt,Synonym
7cf170b6-cb36-4138-b603-0a67835f5e40,17a26cb0-933d-490d-9665-7a941871d823,walle ddage,Whole
2359e9d2-b379-4c40-9d22-03c87d4c949a,4db6aeac-39e1-4284-9baf-f4a2f036b2ed,gallgall,Synonym
66c50a43-f7cc-46bc-83fe-a2a1249e2d28,ffe97ab8-1839-457e-850b-6c889e15bd38,ttongo,Synonym
66c50a43-f7cc-46bc-83fe-a2a1249e2d28,9ecf12e9-d0ce-4fe2-9aa1-cba0639dd585,ttongdae,Synonym
66c50a43-f7cc-46bc-83fe-a2a1249e2d28,3c1322f4-24fd-45ee-a57e-71a666af5a1d,tärangesa,Synonym
39ab9fbe-12b1-40df-8305-c96143f380cf,3dcdb851-10c1-413a-86a5-26cf67418633,up,Generic
b956db6b-e8a7-4ae0-bf44-176667045e34,fe1286ca-76be-4c3f-978e-967ae67f0aac,towall,Generic
2b5c4971-a29b-4f81-9266-092174f99f26,b4815f64-3f5b-4a6f-a22c-5dab3a3c66d4,labalaba,Synonym
df17b8d9-91c4-4a9c-ba94-fea488d6810a,b9de2cf5-a793-4962-95f6-65c91214f05a,däba,Synonym
cd4c0d1e-fd5b-4ea6-9d42-4c01d434e8cb,eb2d0649-fea3-45ff-9514-5c694c9385be,ngllongg,Synonym
e040403d-6c3b-472e-a47d-e5bda3bb591a,f2331dbb-2594-4864-8873-615b12910945,penongg,Synonym
e040403d-6c3b-472e-a47d-e5bda3bb591a,fe5acded-00cc-4335-907a-663cf85ce994,dangg,Synonym
3e211df7-fa0e-4b30-9026-53c5683b1ab5,2966403c-fde3-49d0-955e-837cb83e4d73,llo batt,Synonym
4335542b-139a-4e16-9e3a-efcea8eb443e,37164b87-d93a-47b3-af8b-6aa8c042f4e3,damona,Coordinate term
4335542b-139a-4e16-9e3a-efcea8eb443e,164a319b-757e-4502-a6f1-b4ef9428083f,putt,Coordinate term
4335542b-139a-4e16-9e3a-efcea8eb443e,7c330ca5-f0b5-4040-aca3-77fca7039d74,taromba,Coordinate term
4335542b-139a-4e16-9e3a-efcea8eb443e,87f4d837-57ca-4d17-812a-808c84f5ff14,pärta,Coordinate term
7c6fc21e-7e12-43b5-858c-e504703f3998,77edd0b1-5c02-4a24-a03b-edde7927de2c,koko,Generic
7c6fc21e-7e12-43b5-858c-e504703f3998,1a476158-e3ea-401a-bb4e-589338b37d83,utt,Generic
7c6fc21e-7e12-43b5-858c-e504703f3998,714ef98b-6585-4685-899f-069e0e333624,täp,Synonym
ce5cfff5-fda8-4b7c-8ce8-cbfc28ced2a3,3a809054-945c-466d-a36c-22c8a6fa7ff3,kottllam,Generic
011f2641-48d4-4cd7-831f-ae6d6fb517ab,09537e08-fb89-4895-abb7-7115ad1cba9c,ngonoe,Synonym
47e2411e-8567-41bd-8a2a-3488a55f8fa1,44bb3616-9aa2-4347-8e23-910a5bff8471,mätta,Generic
79e1fc01-758d-4740-b826-9e4fda76d08f,e71dc5dd-e81a-492a-adb2-aac3dc7696ba,tobäll,Generic
9ef50e50-3986-4603-a1c8-0f01dda8901f,42321e8a-370c-4faa-b742-8f0a4b3f588c,gullem,Generic
0af565d1-598c-488f-8d6d-3de1ebdfd4a8,1a476158-e3ea-401a-bb4e-589338b37d83,utt,Whole
41948f56-e8a7-4b88-a4d3-60108cad7dbf,2e54db5a-3e5d-4b0b-88a8-559aee5cae42,biye,Generic
951dd57b-265a-41f6-b708-2fdc5fa9e336,d5d6f9bf-44a9-417f-8354-98e508519a4b,täpe,Synonym
951dd57b-265a-41f6-b708-2fdc5fa9e336,684a4be8-f4f2-4a6d-8ef4-732d8dc75383,ine källa,Synonym
98399edd-e0cf-47cc-af5a-afbb8d36c32f,0932660e-5285-4bd8-879a-eb2f6b93f1e0,kabkab,Generic
c3d0e4c7-1ace-4470-b71e-719ccc7c36e8,2e54db5a-3e5d-4b0b-88a8-559aee5cae42,biye,Generic
87e5efb4-5f12-44a6-8a76-c308676c89ed,92b00087-e80b-4569-8816-1626a3b0b9a0,sande,Synonym
b0ebbd3a-618a-4b4e-8a0a-502de5ccfed2,98cd325c-7f85-493b-937f-d9b47fb13b8a,mandde,Coordinate term
b0ebbd3a-618a-4b4e-8a0a-502de5ccfed2,961d29d4-ad4f-47b0-b252-f37d5d69b896,praedde,Coordinate term
b0ebbd3a-618a-4b4e-8a0a-502de5ccfed2,a9f4644a-fb0f-4336-b995-64a9048c8d53,sande,Coordinate term
b0ebbd3a-618a-4b4e-8a0a-502de5ccfed2,a1b6e748-05a3-4933-9e51-87c2ffe65b34,tusde,Coordinate term
b0ebbd3a-618a-4b4e-8a0a-502de5ccfed2,8a4f96bd-1d5a-4f5f-bfd1-237941814888,satade,Coordinate term
b0ebbd3a-618a-4b4e-8a0a-502de5ccfed2,2bcdf231-6162-4de4-86b8-83a9537f4570,tesde,Coordinate term
94509952-3fbd-4599-b16a-ccc0bc6c2080,a023bfda-16ff-48e6-a7ff-0553ddcbde2d,Orpmang,Synonym
94509952-3fbd-4599-b16a-ccc0bc6c2080,d451dd78-ac2e-4eea-8bf9-5926ce58be29,Gidra,Synonym
94509952-3fbd-4599-b16a-ccc0bc6c2080,77720c44-a5c1-43e3-bdab-0de840f33ae2,Wipim,Doublet
77720c44-a5c1-43e3-bdab-0de840f33ae2,94509952-3fbd-4599-b16a-ccc0bc6c2080,Wipi,Doublet
6d1c45f8-d344-4186-8805-ec5d660328f2,3dcdb851-10c1-413a-86a5-26cf67418633,up,Generic
2d50aabd-8523-432f-911d-d565d783fc87,a539e401-595a-4057-95cf-b177025f7e67,ttängäm,Generic
4e385d54-8061-4d49-9c3b-9681ea24fd5f,93407efc-f4df-49c6-85e8-9dfff28195e5,es,Synonym
4e385d54-8061-4d49-9c3b-9681ea24fd5f,3c6dd2e0-f7ee-4c31-aedf-5c9a93097570,uta,Coordinate term
385f18b1-6025-4a00-bf99-379f5bb7d916,26c75228-8e21-409b-942a-ceb6a9ffdeab,mab,Generic
6096d201-38da-4c99-af10-5c3dee047f9f,61f56bd0-9f02-4f79-bf85-3cf454ca8d51,au,Synonym
84708902-1ff2-4a44-9a04-ec7a4a189c57,f83f0cf4-dd91-4dbc-9f1c-7f19fc59502d,sana,Generic
07082f4e-1ad1-4a5c-a5ac-743920491076,7fafdcbe-a10e-4a67-ba18-2136b169fc67,kollba,Generic
77c6f0e4-5321-4ca5-be13-d3c9fb32631d,44bb3616-9aa2-4347-8e23-910a5bff8471,mätta,Generic
b45832eb-fb98-4d8f-9884-a92eb68a6809,e71dc5dd-e81a-492a-adb2-aac3dc7696ba,tobäll,Generic
5f2417e2-5cf8-4f30-847a-c280581145c5,4ab33d2f-f424-4ef0-9a4a-f5fa79e9850d,mäg,Synonym
5f2417e2-5cf8-4f30-847a-c280581145c5,935f0a9d-1718-407b-afa4-420a4f4612a4,mami,Synonym
5f2417e2-5cf8-4f30-847a-c280581145c5,e54e6bea-6f3d-480c-b6fc-22b31116fdea,mama,Synonym
5f2417e2-5cf8-4f30-847a-c280581145c5,fdd884ea-2a4e-444f-aab2-189067ba907c,yaya,Coordinate term
5f2417e2-5cf8-4f30-847a-c280581145c5,1f2d85e9-5052-4af8-a3df-848fd63a7587,mäda,Coordinate term
5f2417e2-5cf8-4f30-847a-c280581145c5,17ed3347-97a7-437c-a9e1-069fb02a7b5d,baba,Coordinate term
5f2417e2-5cf8-4f30-847a-c280581145c5,a9a0679d-1df9-4249-88b4-642bea993740,dedi,Coordinate term
db78e414-267c-4a88-9585-ed428f543696,fe1286ca-76be-4c3f-978e-967ae67f0aac,towall,Generic
330bc5c7-f19c-49cd-9812-e3848c0424f8,4ed50461-12b1-4765-9639-6a9e3a81aafd,Tame,Synonym
19829ffa-101e-46e3-9539-e9690c1e263b,44bb3616-9aa2-4347-8e23-910a5bff8471,mätta,Generic
316b30ee-ab7f-4622-b2e6-6adcbaabd1bc,44bb3616-9aa2-4347-8e23-910a5bff8471,mätta,Generic
83002229-838d-4217-bb59-0f838c51e5c6,05bed576-61aa-4bf9-bec5-72d49f7fb702,dagal,Antonym
a70ac289-3024-4cbd-a80f-4f55ca98bcd4,023d9350-5958-4f0e-bd7f-b8656b27db08,galbe,Generic
fdd884ea-2a4e-444f-aab2-189067ba907c,4ab33d2f-f424-4ef0-9a4a-f5fa79e9850d,mäg,Coordinate term
fdd884ea-2a4e-444f-aab2-189067ba907c,5f2417e2-5cf8-4f30-847a-c280581145c5,yae,Coordinate term
fdd884ea-2a4e-444f-aab2-189067ba907c,e54e6bea-6f3d-480c-b6fc-22b31116fdea,mama,Coordinate term
fdd884ea-2a4e-444f-aab2-189067ba907c,935f0a9d-1718-407b-afa4-420a4f4612a4,mami,Coordinate term
fdd884ea-2a4e-444f-aab2-189067ba907c,1f2d85e9-5052-4af8-a3df-848fd63a7587,mäda,Synonym
fdd884ea-2a4e-444f-aab2-189067ba907c,a9a0679d-1df9-4249-88b4-642bea993740,dedi,Synonym
fdd884ea-2a4e-444f-aab2-189067ba907c,17ed3347-97a7-437c-a9e1-069fb02a7b5d,baba,Synonym
e09187b1-3aa6-4a94-a222-e2dbb772d171,93de2dae-cb36-4fe8-8139-5d80fd118025,kok,Coordinate term
0122fb26-ab2a-4593-8ec1-5ccb876cc642,490e8b03-8762-4689-834e-b80007993325,dadel,Coordinate term
0122fb26-ab2a-4593-8ec1-5ccb876cc642,29369fd8-7de3-4ebe-bc46-ab590cddc09f,yäbäd ttänttämang,Coordinate term
0122fb26-ab2a-4593-8ec1-5ccb876cc642,0c93f123-bbdb-452f-baa7-6788df398ea1,sis,Coordinate term
0122fb26-ab2a-4593-8ec1-5ccb876cc642,d8bf8771-f5ae-4ec6-993f-c2bef70aef67,täträp,Coordinate term
0122fb26-ab2a-4593-8ec1-5ccb876cc642,8a818aa0-eaa9-4385-9952-1499687b1d5a,kunun,Coordinate term
0122fb26-ab2a-4593-8ec1-5ccb876cc642,bec3871b-c51a-40c2-a3b9-e52be9238f5e,beatururang,Coordinate term
0122fb26-ab2a-4593-8ec1-5ccb876cc642,f46b19ee-32f9-4be9-8284-3bfdfa1d4d62,kokngal,Coordinate term
0122fb26-ab2a-4593-8ec1-5ccb876cc642,56b5e6a5-a0f7-4bae-8f5f-ff36482373a2,bawa minyminy,Coordinate term
0122fb26-ab2a-4593-8ec1-5ccb876cc642,06159197-a77b-4905-83f2-2e03f8030ac2,yäbäd bäng,Coordinate term
0122fb26-ab2a-4593-8ec1-5ccb876cc642,2b4d091b-babb-4938-a7f3-1ec9a276d311,tarme ballmenyang,Coordinate term
0122fb26-ab2a-4593-8ec1-5ccb876cc642,04b16e46-6c22-4690-9b60-e5edffaaa3fd,sisor pazi,Coordinate term
0122fb26-ab2a-4593-8ec1-5ccb876cc642,0eb1fb30-2bd9-41dc-b06d-a9b5b84b54f8,bawa,Coordinate term
0122fb26-ab2a-4593-8ec1-5ccb876cc642,bcc89d36-780f-44d4-b19d-afb7499a716d,däm ibenen,Coordinate term
0122fb26-ab2a-4593-8ec1-5ccb876cc642,1dd89481-4eef-4054-8446-62b999cdd5d2,babaem,Coordinate term
0122fb26-ab2a-4593-8ec1-5ccb876cc642,9f03a581-50dd-4e94-8e6f-abf1cf8c8d0b,kämag,Coordinate term
06159197-a77b-4905-83f2-2e03f8030ac2,0c93f123-bbdb-452f-baa7-6788df398ea1,sis,Coordinate term
06159197-a77b-4905-83f2-2e03f8030ac2,04b16e46-6c22-4690-9b60-e5edffaaa3fd,sisor pazi,Coordinate term
06159197-a77b-4905-83f2-2e03f8030ac2,bec3871b-c51a-40c2-a3b9-e52be9238f5e,beatururang,Coordinate term
06159197-a77b-4905-83f2-2e03f8030ac2,29369fd8-7de3-4ebe-bc46-ab590cddc09f,yäbäd ttänttämang,Coordinate term
06159197-a77b-4905-83f2-2e03f8030ac2,f46b19ee-32f9-4be9-8284-3bfdfa1d4d62,kokngal,Coordinate term
06159197-a77b-4905-83f2-2e03f8030ac2,8a818aa0-eaa9-4385-9952-1499687b1d5a,kunun,Coordinate term
06159197-a77b-4905-83f2-2e03f8030ac2,0122fb26-ab2a-4593-8ec1-5ccb876cc642,yäbäd,Coordinate term
06159197-a77b-4905-83f2-2e03f8030ac2,0eb1fb30-2bd9-41dc-b06d-a9b5b84b54f8,bawa,Coordinate term
06159197-a77b-4905-83f2-2e03f8030ac2,1dd89481-4eef-4054-8446-62b999cdd5d2,babaem,Coordinate term
06159197-a77b-4905-83f2-2e03f8030ac2,56b5e6a5-a0f7-4bae-8f5f-ff36482373a2,bawa minyminy,Coordinate term
06159197-a77b-4905-83f2-2e03f8030ac2,d8bf8771-f5ae-4ec6-993f-c2bef70aef67,täträp,Coordinate term
06159197-a77b-4905-83f2-2e03f8030ac2,9f03a581-50dd-4e94-8e6f-abf1cf8c8d0b,kämag,Coordinate term
06159197-a77b-4905-83f2-2e03f8030ac2,2b4d091b-babb-4938-a7f3-1ec9a276d311,tarme ballmenyang,Coordinate term
06159197-a77b-4905-83f2-2e03f8030ac2,490e8b03-8762-4689-834e-b80007993325,dadel,Coordinate term
06159197-a77b-4905-83f2-2e03f8030ac2,bcc89d36-780f-44d4-b19d-afb7499a716d,däm ibenen,Coordinate term
65308ee9-c4ea-492a-af84-dc5b9ff83a3c,2e54db5a-3e5d-4b0b-88a8-559aee5cae42,biye,Generic
8e4b822b-246e-4abc-ae07-e066ecd2015c,1c3410ba-84a4-41d3-be9b-3806bed75acc,pänae,Coordinate term
8e4b822b-246e-4abc-ae07-e066ecd2015c,42cf0871-beb9-4cb0-bece-4d29505fbbca,ebdo,Whole
e85a930f-2445-43d6-ab9a-850f698f7977,a8401de3-8c90-41f7-abcb-7ead61390911,toto duwem,Coordinate term
e85a930f-2445-43d6-ab9a-850f698f7977,cbc95a16-834b-4dfa-afa4-5c9322cfdf86,ag duwem,Coordinate term
e85a930f-2445-43d6-ab9a-850f698f7977,f5a0502d-97d9-41bd-b77e-7e53c0ea051c,ebdo duwem,Synonym
29369fd8-7de3-4ebe-bc46-ab590cddc09f,1dd89481-4eef-4054-8446-62b999cdd5d2,babaem,Coordinate term
29369fd8-7de3-4ebe-bc46-ab590cddc09f,bcc89d36-780f-44d4-b19d-afb7499a716d,däm ibenen,Coordinate term
29369fd8-7de3-4ebe-bc46-ab590cddc09f,0122fb26-ab2a-4593-8ec1-5ccb876cc642,yäbäd,Coordinate term
29369fd8-7de3-4ebe-bc46-ab590cddc09f,bec3871b-c51a-40c2-a3b9-e52be9238f5e,beatururang,Coordinate term
29369fd8-7de3-4ebe-bc46-ab590cddc09f,04b16e46-6c22-4690-9b60-e5edffaaa3fd,sisor pazi,Coordinate term
29369fd8-7de3-4ebe-bc46-ab590cddc09f,9f03a581-50dd-4e94-8e6f-abf1cf8c8d0b,kämag,Coordinate term
29369fd8-7de3-4ebe-bc46-ab590cddc09f,06159197-a77b-4905-83f2-2e03f8030ac2,yäbäd bäng,Coordinate term
29369fd8-7de3-4ebe-bc46-ab590cddc09f,0c93f123-bbdb-452f-baa7-6788df398ea1,sis,Coordinate term
29369fd8-7de3-4ebe-bc46-ab590cddc09f,d8bf8771-f5ae-4ec6-993f-c2bef70aef67,täträp,Coordinate term
29369fd8-7de3-4ebe-bc46-ab590cddc09f,2b4d091b-babb-4938-a7f3-1ec9a276d311,tarme ballmenyang,Coordinate term
29369fd8-7de3-4ebe-bc46-ab590cddc09f,56b5e6a5-a0f7-4bae-8f5f-ff36482373a2,bawa minyminy,Coordinate term
29369fd8-7de3-4ebe-bc46-ab590cddc09f,f46b19ee-32f9-4be9-8284-3bfdfa1d4d62,kokngal,Coordinate term
29369fd8-7de3-4ebe-bc46-ab590cddc09f,8a818aa0-eaa9-4385-9952-1499687b1d5a,kunun,Coordinate term
29369fd8-7de3-4ebe-bc46-ab590cddc09f,490e8b03-8762-4689-834e-b80007993325,dadel,Coordinate term
29369fd8-7de3-4ebe-bc46-ab590cddc09f,0eb1fb30-2bd9-41dc-b06d-a9b5b84b54f8,bawa,Coordinate term
86d267ee-2aa4-4216-9793-84f96b34d5e2,fe1286ca-76be-4c3f-978e-967ae67f0aac,towall,Generic
770dce42-0e1d-4950-83a6-99ca7f477e67,d45447f4-a93b-40ab-8d5f-835cddb5d375,bun,Whole
2e1a3a9a-b4e4-4572-a118-9df38a103df3,44bb3616-9aa2-4347-8e23-910a5bff8471,mätta,Generic
c889211d-3e1c-4cf5-be85-fd128e6db686,9c21edfd-59be-40eb-a486-bceff356bcfe,pllulleaga,Synonym
c889211d-3e1c-4cf5-be85-fd128e6db686,ccb2dc57-6e1d-4f0b-9a2f-9ce9c8034a45,duwel sära,Coordinate term
c889211d-3e1c-4cf5-be85-fd128e6db686,065d0702-7875-45ce-afde-26f9546ee749,ddageddage,Coordinate term
c889211d-3e1c-4cf5-be85-fd128e6db686,9353d19e-be61-43f3-833e-5e89d01e69c1,gwaga,Coordinate term
c889211d-3e1c-4cf5-be85-fd128e6db686,408c0a7c-7e5b-48de-ab7c-f9dca5739518,sana wuttang,Coordinate term
c889211d-3e1c-4cf5-be85-fd128e6db686,bca070ec-562b-4daa-b00a-d36f7adb60d2,källamitang,Coordinate term
fb3e4baa-a571-4502-88bf-da9a35543c6e,3815c29b-11ec-49f3-8ee9-499c44b5d08f,ddapall käkan,Generic
fb3e4baa-a571-4502-88bf-da9a35543c6e,5ae34edd-bb02-4d62-b979-8b0a1f39cac9,kut,Synonym
fb3e4baa-a571-4502-88bf-da9a35543c6e,ae82669f-ac76-47f6-a811-5eb595edb06c,yogoll särem,Synonym
ae82669f-ac76-47f6-a811-5eb595edb06c,fb3e4baa-a571-4502-88bf-da9a35543c6e,yogoll kutt,Synonym
ae82669f-ac76-47f6-a811-5eb595edb06c,5ae34edd-bb02-4d62-b979-8b0a1f39cac9,kut,Synonym
ae82669f-ac76-47f6-a811-5eb595edb06c,3815c29b-11ec-49f3-8ee9-499c44b5d08f,ddapall käkan,Generic
720869ae-01d8-4597-b246-3a5585656863,21066bae-3b58-4434-b037-0221e11a0e42,wadär,Generic
d4555288-084c-432a-b504-aba92adf7c65,21066bae-3b58-4434-b037-0221e11a0e42,wadär,Generic
32880aac-aa2f-4ff9-bc4b-af41e7d1f795,9d635e72-584d-4aad-ab15-c7537114a4a8,itbonmäll,Synonym
32880aac-aa2f-4ff9-bc4b-af41e7d1f795,371bcc9f-c393-4a33-8904-a22ee55fcc18,kot,Synonym
e7447080-04e1-47b3-b65e-94f14ddabfc6,78f377f1-e8ce-4afa-b34a-9ab3e9caeaa8,kotang,Synonym
e7447080-04e1-47b3-b65e-94f14ddabfc6,5c8d2658-dce6-45f0-a420-f58e00262749,iräpang,Synonym
e7447080-04e1-47b3-b65e-94f14ddabfc6,b90330a1-f956-43e8-9e9b-ad4b6540cd38,kotmeny,Antonym
988fb25c-2c9f-4457-a6d1-306129691bb8,c2784963-9bca-4c3b-9e4c-bd30df40b739,kaemne,Generic
83916751-e8db-429c-aa13-60a8fda34e4a,f8b862ed-263f-4061-8354-d67efea7de3b,pot,Specific
83916751-e8db-429c-aa13-60a8fda34e4a,080aab91-542e-4d2e-94c4-5cccacdaebbd,kätt,Colloquial term
83916751-e8db-429c-aa13-60a8fda34e4a,a4971ad5-d84c-44bc-b0c8-f899fa92f7d3,wa,Coordinate term
83916751-e8db-429c-aa13-60a8fda34e4a,39bdffea-6660-4566-9977-5946f64c58f4,zawatt,Synonym
2b440b01-298d-42d3-995e-f540c822f8f1,7c073559-0ae9-449f-bf66-df7e2f09670c,yu kire,Synonym
2b440b01-298d-42d3-995e-f540c822f8f1,8269381d-4e0d-45a4-95ed-e80a42487081,yu ttätta,Specific
2b440b01-298d-42d3-995e-f540c822f8f1,26930bdd-1ea6-44e9-8a67-4a09e1ec1781,llo,Generic
23948dc6-a54b-47c3-8eeb-b7b1947c0bf1,949d857b-df34-4450-862c-f9f37b0d08a2,ttäm,Synonym
23948dc6-a54b-47c3-8eeb-b7b1947c0bf1,fa8300c6-b62d-4d3d-96f6-6de56f24a510,gonagone,Synonym
447bf372-d408-4699-a66b-d079712ba230,690fca44-e98a-4b5c-a627-8a9a53dff276,gän,Synonym
447bf372-d408-4699-a66b-d079712ba230,805ba82f-e1bd-4e9f-9954-6782031af317,gabma bägäl,Synonym
447bf372-d408-4699-a66b-d079712ba230,af1bdd59-ba22-40cd-865c-7f13b0f3179d,markae bägäl,Synonym
7c073559-0ae9-449f-bf66-df7e2f09670c,2b440b01-298d-42d3-995e-f540c822f8f1,yu,Synonym
84327f1f-c4a0-4745-99ca-2ce03f0de43b,f83f0cf4-dd91-4dbc-9f1c-7f19fc59502d,sana,Generic
8ab4dae7-7a89-4ad5-ab2b-acd573ee7456,26c75228-8e21-409b-942a-ceb6a9ffdeab,mab,Generic
ff26b2ee-a036-4fd9-9564-1609f9e949b3,00ba75fb-ded8-4b10-826f-32c3d348a672,pällämpälläm yurwe,Specific
ff26b2ee-a036-4fd9-9564-1609f9e949b3,77cdb645-678a-48e0-bdb3-a2b09190c7fc,llapuyurwe,Specific
d45e2b45-a547-4332-ab4b-02002581faeb,896775f2-7f64-415b-b266-cfeda8ed7394,mäkamäke,Synonym
65690f44-9cf9-4471-b95d-70bea97f26d6,5f872ae6-2faa-4b18-a998-b9f336339ea3,moep,Coordinate term
5f2dd90f-cf4f-4fcb-8489-fdd1584c9ea8,33923b81-a161-4dd7-9358-f9be2ed0a5f4,ddapall ma,Antonym
5f2dd90f-cf4f-4fcb-8489-fdd1584c9ea8,a3a2109a-aee9-46e4-a654-59810701b4b6,ddapall,Antonym
8269381d-4e0d-45a4-95ed-e80a42487081,2b440b01-298d-42d3-995e-f540c822f8f1,yu,Generic
5a03b409-4e92-44a4-82b3-5db16fbf932d,95bae930-cdde-4154-b988-6edc91e6cadf,kemibi,Synonym
5a03b409-4e92-44a4-82b3-5db16fbf932d,f9c922af-add0-4c6c-91dd-6b3bf01ce261,gudae,Synonym
5a03b409-4e92-44a4-82b3-5db16fbf932d,b1525d84-ca8c-47e3-bd7c-9fb8735dcd99,gollaeb,Synonym
5a03b409-4e92-44a4-82b3-5db16fbf932d,b8271fa1-2f61-483d-b4d9-5e0cbf72616f,ai,Synonym
5a03b409-4e92-44a4-82b3-5db16fbf932d,c138a496-d060-4616-984f-a684349b18d7,tumang,Synonym
5a03b409-4e92-44a4-82b3-5db16fbf932d,544d202d-b1c6-434a-a83b-956d1ed3d3d0,kälae,Antonym
5a03b409-4e92-44a4-82b3-5db16fbf932d,b6e86a93-8183-4f8b-9d4c-305d7df2444f,aolidae,Antonym
5a03b409-4e92-44a4-82b3-5db16fbf932d,91874006-87a6-4412-a7bd-fedb8e49018e,ttongottongoalle,Antonym
5a03b409-4e92-44a4-82b3-5db16fbf932d,13551630-a090-41ae-a414-dddfbfdd9e77,ulle,Coordinate term
0a671452-9155-423e-a53b-ebcdf1d195fb,09200aad-1ccb-4f3a-9b0c-901929405d7c,mermer,Antonym
0a671452-9155-423e-a53b-ebcdf1d195fb,2c9d5bf2-4a9c-4005-b5fe-fc23ab48334b,aiai,Antonym
a4e3b15f-24f8-41f6-a33b-3589df94befb,ff0773b7-785f-4b16-870a-b6ced43afde3,ngalen,Synonym
a4e3b15f-24f8-41f6-a33b-3589df94befb,30f15741-94d7-4daa-b077-dc7a5ef814fa,ttoen,Synonym
da8740b9-f1fb-4adf-b8ea-5556b59f5e8f,2e2c9921-3481-440f-964e-3845da6b3851,gazen,Antonym
da8740b9-f1fb-4adf-b8ea-5556b59f5e8f,e28c4848-0517-401c-976b-d5bfc256cc43,kän,Antonym
da8740b9-f1fb-4adf-b8ea-5556b59f5e8f,e440e1dd-9c47-4235-86b4-f48c4c46e1db,irängän,Antonym
da8740b9-f1fb-4adf-b8ea-5556b59f5e8f,8dc100e9-1e84-4a4e-9c36-bf49972f651b,kakal,Synonym
da8740b9-f1fb-4adf-b8ea-5556b59f5e8f,10cc67b7-0502-4d58-ac39-eee7926858cf,tärak,Synonym
a0bc6c70-cfc5-4522-9a52-622e104eb136,cfbaa234-e863-445e-9f2a-8ca45a2d68d9,zämae,Synonym
a0bc6c70-cfc5-4522-9a52-622e104eb136,4d5c7247-306c-4b0e-92d1-37ae85e6f479,tärak,Synonym
a0bc6c70-cfc5-4522-9a52-622e104eb136,81a58799-1032-4b56-856f-04691a075449,irängän,Antonym
a0bc6c70-cfc5-4522-9a52-622e104eb136,d8af8b3c-96e6-47b1-85fd-2a98690ecb9d,gazen,Antonym
a0bc6c70-cfc5-4522-9a52-622e104eb136,3a4aa9de-dffb-47cc-815b-4990000a6e9c,kän,Antonym
9d531c77-fc0d-45b3-8b2f-539ba8498110,023d9350-5958-4f0e-bd7f-b8656b27db08,galbe,Generic
39bdffea-6660-4566-9977-5946f64c58f4,83916751-e8db-429c-aa13-60a8fda34e4a,yowa,Synonym
64f56422-9f57-4778-8664-efcaee4c1c36,9526c055-2680-40ef-b517-39a5c86d33de,nyäng,Generic
ff107bcc-cfca-4cf2-b555-0e522aa70d50,9cbae42d-0345-436d-8c50-3e35bfc16542,lla bombllo,Synonym
cfbaa234-e863-445e-9f2a-8ca45a2d68d9,a0bc6c70-cfc5-4522-9a52-622e104eb136,zan,Synonym
cfbaa234-e863-445e-9f2a-8ca45a2d68d9,32d2b1b4-347b-48cb-8ebf-086f1ff4a06a,sänasäne,Antonym
cfbaa234-e863-445e-9f2a-8ca45a2d68d9,d8af8b3c-96e6-47b1-85fd-2a98690ecb9d,gazen,Antonym
a0732d48-6b0d-4cf4-a533-2c4af1b34aa1,556f4237-d0a8-4e82-8b7f-b75ec873a00d,amtetmeny,Synonym
a0732d48-6b0d-4cf4-a533-2c4af1b34aa1,c377fffd-da6c-472b-89fc-bb8c1824b871,llättmeny,Synonym
671ba75f-13d5-41c3-b587-3a7484b2b6f3,4c140f76-c232-43ac-8151-1a7d70fb876f,säremang ma,Synonym
bf6aa8bd-fa13-44cc-ac61-5af95bf35c01,3dcdb851-10c1-413a-86a5-26cf67418633,up,Generic
d906c1bb-238b-498d-bde7-3f3f87ccce15,d668faec-69e7-423b-bc32-6516a2391697,tok,Synonym
d906c1bb-238b-498d-bde7-3f3f87ccce15,f241bc08-1cf1-460c-a6a8-924d6099b585,kaen,Synonym
d906c1bb-238b-498d-bde7-3f3f87ccce15,8261172f-6ea7-4eb7-8561-8798d17f10de,llatat,Synonym
c9649b1e-2eb9-46f3-bc32-1685cd053189,ad29370d-424b-492f-8001-c1d2eaaf092b,ankom,Specific
6becef04-5f8e-4478-af45-cee9c3cac817,134fbca5-0e81-40e8-a96c-47eed810dad2,bun,Synonym
6becef04-5f8e-4478-af45-cee9c3cac817,f42f461d-c2de-41c1-9a6d-e69de57c533f,ulle binang,Synonym
0d82f67b-7ab0-4c75-b39d-0263d2a4be41,819014b7-eeed-4492-a291-bf9882f2f984,ngällbän,Synonym
0d82f67b-7ab0-4c75-b39d-0263d2a4be41,a5f1fb6b-0bd1-4d33-aaf5-f4f71a36c227,konakone,Antonym
dd98db3c-dc87-4ad9-8794-6c578eb54099,10335854-e693-4918-9b3e-a32d6df2e870,paya,Synonym
dd98db3c-dc87-4ad9-8794-6c578eb54099,391c65bd-30db-4071-bb76-3735a513facb,pipi,Synonym
dd98db3c-dc87-4ad9-8794-6c578eb54099,6b5ebc55-a935-4631-bdf6-746c72390561,timän,Synonym
dd98db3c-dc87-4ad9-8794-6c578eb54099,9cd5798c-febe-4d63-a236-8e58a4217fda,kolldän,Synonym
dd98db3c-dc87-4ad9-8794-6c578eb54099,ed4ca210-1e37-4fc6-be95-25236a51b998,spun,Synonym
